# This file uses centimeters as units for non-parametric coordinates.

mtllib bot.mtl
g default
v 0.011882 -0.020580 -0.018411
v 0.020362 -0.011729 -0.018411
v 0.023281 0.000177 -0.018411
v 0.019855 0.011947 -0.018411
v 0.011004 0.020427 -0.018411
v -0.000902 0.023346 -0.018411
v -0.012671 0.019920 -0.018411
v -0.021152 0.011069 -0.018411
v -0.024070 -0.000837 -0.018411
v -0.020645 -0.012607 -0.018411
v -0.011793 -0.021087 -0.018411
v 0.000112 -0.024006 -0.018411
v 0.020926 -0.035497 -0.022372
v 0.035653 -0.020125 -0.022372
v 0.040721 0.000551 -0.022372
v 0.034772 0.020990 -0.022372
v 0.019401 0.035717 -0.022372
v -0.001275 0.040786 -0.022372
v -0.021715 0.034837 -0.022372
v -0.036442 0.019465 -0.022372
v -0.041510 -0.001210 -0.022372
v -0.035561 -0.021650 -0.022372
v -0.020190 -0.036377 -0.022372
v 0.000486 -0.041445 -0.022372
v 0.025419 -0.042908 -0.027209
v 0.043250 -0.024297 -0.027209
v 0.049386 0.000736 -0.027209
v 0.042184 0.025484 -0.027209
v 0.023572 0.043315 -0.027209
v -0.001461 0.049451 -0.027209
v -0.026208 0.042249 -0.027209
v -0.044039 0.023637 -0.027209
v -0.050176 -0.001396 -0.027209
v -0.042973 -0.026144 -0.027209
v -0.024362 -0.043975 -0.027209
v 0.000672 -0.050111 -0.027209
v 0.025082 -0.042352 -0.010457
v 0.042679 -0.023984 -0.010457
v 0.048735 0.000722 -0.010457
v 0.041627 0.025146 -0.010457
v 0.023259 0.042744 -0.010457
v -0.001447 0.048800 -0.010457
v -0.025871 0.041692 -0.010457
v -0.043469 0.023324 -0.010457
v -0.049525 -0.001382 -0.010457
v -0.042416 -0.025806 -0.010457
v -0.024049 -0.043404 -0.010457
v 0.000658 -0.049460 -0.010457
v 0.016589 -0.028345 -0.010457
v 0.028321 -0.016099 -0.010457
v 0.032359 0.000371 -0.010457
v 0.027620 0.016654 -0.010457
v 0.015375 0.028386 -0.010457
v -0.001096 0.032423 -0.010457
v -0.017379 0.027685 -0.010457
v -0.029111 0.015439 -0.010457
v -0.033148 -0.001031 -0.010457
v -0.028409 -0.017314 -0.010457
v -0.016164 -0.029046 -0.010457
v 0.000307 -0.033083 -0.010457
v 0.008097 -0.014337 -0.010457
v 0.013963 -0.008214 -0.010457
v 0.015982 0.000021 -0.010457
v 0.013613 0.008162 -0.010457
v 0.007490 0.014028 -0.010457
v -0.000745 0.016047 -0.010457
v -0.008887 0.013677 -0.010457
v -0.014753 0.007555 -0.010457
v -0.016771 -0.000681 -0.010457
v -0.014402 -0.008822 -0.010457
v -0.008279 -0.014688 -0.010457
v -0.000044 -0.016707 -0.010457
v -0.000395 -0.000330 -0.021233
v -0.000395 -0.000330 -0.010457
v 0.032815 -0.055108 -0.022372
v 0.033574 -0.056359 -0.020837
v 0.055755 -0.031164 -0.022372
v 0.057037 -0.031868 -0.020837
v 0.063649 0.001042 -0.022372
v 0.065112 0.001073 -0.020837
v 0.054383 0.032880 -0.022372
v 0.055634 0.033638 -0.020837
v 0.030440 0.055819 -0.022372
v 0.031144 0.057102 -0.020837
v -0.001766 0.063714 -0.022372
v -0.001797 0.065177 -0.020837
v -0.033604 0.054448 -0.022372
v -0.034363 0.055699 -0.020837
v -0.056544 0.030504 -0.022372
v -0.057827 0.031209 -0.020837
v -0.064439 -0.001701 -0.022372
v -0.065901 -0.001733 -0.020837
v -0.055173 -0.033540 -0.022372
v -0.056424 -0.034298 -0.020837
v -0.031229 -0.056479 -0.022372
v -0.031933 -0.057762 -0.020837
v 0.000977 -0.064374 -0.022372
v 0.001008 -0.065837 -0.020837
v 0.033574 -0.056359 -0.011992
v 0.032815 -0.055108 -0.010457
v 0.057037 -0.031868 -0.011992
v 0.055755 -0.031164 -0.010457
v 0.065112 0.001073 -0.011992
v 0.063649 0.001042 -0.010457
v 0.055634 0.033638 -0.011992
v 0.054383 0.032880 -0.010457
v 0.031144 0.057102 -0.011992
v 0.030440 0.055819 -0.010457
v -0.001797 0.065177 -0.011992
v -0.001766 0.063714 -0.010457
v -0.034363 0.055699 -0.011992
v -0.033604 0.054448 -0.010457
v -0.057827 0.031209 -0.011992
v -0.056544 0.030504 -0.010457
v -0.065901 -0.001733 -0.011992
v -0.064439 -0.001701 -0.010457
v -0.056424 -0.034298 -0.011992
v -0.055173 -0.033540 -0.010457
v -0.031933 -0.057762 -0.011992
v -0.031229 -0.056479 -0.010457
v 0.001008 -0.065837 -0.011992
v 0.000977 -0.064374 -0.010457
v 0.057088 0.000901 -0.026415
v 0.050002 -0.028005 -0.026415
v 0.029413 -0.049496 -0.026415
v 0.000836 -0.057813 -0.026415
v -0.028070 -0.050727 -0.026415
v -0.049561 -0.030137 -0.026415
v -0.057878 -0.001561 -0.026415
v -0.050792 0.027345 -0.026415
v -0.030202 0.048836 -0.026415
v -0.001626 0.057153 -0.026415
v 0.027281 0.050067 -0.026415
v 0.048771 0.029477 -0.026415
vt 0.449049 0.717150
vt 0.447376 0.718072
vt 0.445396 0.716163
vt 0.448327 0.714545
vt 0.446406 0.719675
vt 0.443699 0.718974
vt 0.446399 0.721529
vt 0.443691 0.722225
vt 0.447358 0.723139
vt 0.445374 0.725043
vt 0.449024 0.724072
vt 0.448296 0.726675
vt 0.450952 0.724078
vt 0.451675 0.726683
vt 0.452626 0.723156
vt 0.454606 0.725065
vt 0.453596 0.721554
vt 0.456302 0.722254
vt 0.453602 0.719699
vt 0.456310 0.719004
vt 0.452644 0.718089
vt 0.454628 0.716185
vt 0.450977 0.717157
vt 0.451706 0.714553
vt 0.444297 0.715110
vt 0.447922 0.713105
vt 0.442200 0.718591
vt 0.442194 0.722614
vt 0.444279 0.726100
vt 0.447897 0.728117
vt 0.452080 0.728123
vt 0.455705 0.726118
vt 0.457801 0.722637
vt 0.457808 0.718615
vt 0.455723 0.715128
vt 0.452104 0.713111
vt 0.493514 0.679453
vt 0.496796 0.682748
vt 0.494118 0.684163
vt 0.491930 0.681966
vt 0.497926 0.687181
vt 0.494871 0.687118
vt 0.496600 0.691563
vt 0.493987 0.690039
vt 0.493174 0.694720
vt 0.491703 0.692144
vt 0.488565 0.695807
vt 0.488631 0.692869
vt 0.484009 0.694531
vt 0.485594 0.692018
vt 0.480727 0.691236
vt 0.483405 0.689821
vt 0.479597 0.686803
vt 0.482652 0.686866
vt 0.480923 0.682421
vt 0.483536 0.683945
vt 0.484349 0.679264
vt 0.485820 0.681840
vt 0.488958 0.678178
vt 0.488892 0.681116
vt 0.491440 0.685578
vt 0.490346 0.684479
vt 0.491816 0.687055
vt 0.491374 0.688516
vt 0.490232 0.689568
vt 0.488696 0.689930
vt 0.487178 0.689505
vt 0.486083 0.688407
vt 0.485707 0.686929
vt 0.486149 0.685469
vt 0.487291 0.684416
vt 0.488827 0.684054
vt 0.450001 0.720614
vt 0.488762 0.686992
vt 0.447291 0.710839
vt 0.447206 0.710531
vt 0.452822 0.710538
vt 0.452735 0.710846
vt 0.442573 0.713452
vt 0.442339 0.713226
vt 0.439845 0.717984
vt 0.439525 0.717901
vt 0.439839 0.723220
vt 0.439518 0.723302
vt 0.442555 0.727758
vt 0.442320 0.727983
vt 0.447266 0.730382
vt 0.447180 0.730690
vt 0.452711 0.730389
vt 0.452796 0.730697
vt 0.457429 0.727776
vt 0.457663 0.728002
vt 0.460157 0.723244
vt 0.460476 0.723327
vt 0.460163 0.718008
vt 0.460483 0.717926
vt 0.457447 0.713470
vt 0.457682 0.713245
vt 0.446855 0.709297
vt 0.446773 0.709010
vt 0.453238 0.709012
vt 0.453159 0.709300
vt 0.441393 0.712326
vt 0.441174 0.712117
vt 0.438238 0.717576
vt 0.437939 0.717500
vt 0.438235 0.723640
vt 0.437936 0.723718
vt 0.441384 0.728893
vt 0.441166 0.729105
vt 0.446843 0.731928
vt 0.446764 0.732216
vt 0.453147 0.731931
vt 0.453229 0.732218
vt 0.458609 0.728902
vt 0.458829 0.729111
vt 0.461764 0.723652
vt 0.462063 0.723727
vt 0.461767 0.717588
vt 0.462065 0.717509
vt 0.458617 0.712335
vt 0.458835 0.712123
vt 0.443432 0.714276
vt 0.447607 0.711966
vt 0.441017 0.718284
vt 0.441009 0.722917
vt 0.443411 0.726933
vt 0.447579 0.729255
vt 0.452395 0.729262
vt 0.456570 0.726952
vt 0.458985 0.722944
vt 0.458992 0.718311
vt 0.456590 0.714295
vt 0.452423 0.711973
vt 0.494956 0.677164
vt 0.499235 0.681460
vt 0.500708 0.687238
vt 0.498979 0.692950
vt 0.494513 0.697066
vt 0.488506 0.698483
vt 0.482567 0.696820
vt 0.478288 0.692524
vt 0.476815 0.686746
vt 0.478544 0.681034
vt 0.483010 0.676918
vt 0.489017 0.675502
vn -0.069938 0.115359 -0.990859
vn -0.118248 0.064935 -0.990859
vn -0.317470 0.174337 -0.932105
vn -0.187770 0.309717 -0.932104
vn -0.134872 -0.002888 -0.990859
vn -0.362105 -0.007754 -0.932105
vn -0.115360 -0.069938 -0.990859
vn -0.309715 -0.187768 -0.932105
vn -0.064936 -0.118247 -0.990859
vn -0.174339 -0.317471 -0.932104
vn 0.002889 -0.134874 -0.990859
vn 0.007755 -0.362107 -0.932104
vn 0.069938 -0.115359 -0.990859
vn 0.187769 -0.309715 -0.932105
vn 0.118249 -0.064935 -0.990859
vn 0.317470 -0.174335 -0.932105
vn 0.134872 0.002888 -0.990859
vn 0.362105 0.007755 -0.932105
vn 0.115360 0.069937 -0.990859
vn 0.309717 0.187767 -0.932105
vn 0.064935 0.118247 -0.990859
vn 0.174338 0.317471 -0.932104
vn -0.002888 0.134874 -0.990859
vn -0.007754 0.362107 -0.932104
vn -0.146032 0.080193 -0.986024
vn -0.086372 0.142467 -0.986024
vn -0.166566 -0.003567 -0.986024
vn -0.142465 -0.086371 -0.986024
vn -0.080194 -0.146034 -0.986024
vn 0.003567 -0.166566 -0.986024
vn 0.086370 -0.142464 -0.986024
vn 0.146032 -0.080193 -0.986024
vn 0.166561 0.003567 -0.986025
vn 0.142465 0.086370 -0.986024
vn 0.080193 0.146033 -0.986024
vn -0.003567 0.166565 -0.986024
vn -0.000000 0.000000 1.000000
vn -0.000000 0.000000 1.000000
vn -0.000000 0.000000 1.000000
vn 0.000000 0.000000 1.000000
vn -0.000000 0.000000 1.000000
vn -0.000000 0.000000 1.000000
vn -0.000000 0.000000 1.000000
vn 0.000000 0.000000 1.000000
vn -0.000000 0.000000 1.000000
vn 0.000000 0.000000 1.000000
vn -0.000000 0.000000 1.000000
vn -0.000000 0.000000 1.000000
vn -0.000000 0.000000 1.000000
vn -0.000000 0.000000 1.000000
vn -0.000000 0.000000 1.000000
vn -0.000000 0.000000 1.000000
vn -0.000000 0.000000 1.000000
vn -0.000000 0.000000 1.000000
vn 0.000000 0.000000 1.000000
vn 0.000000 0.000000 1.000000
vn -0.000000 0.000000 1.000000
vn 0.000000 0.000000 1.000000
vn -0.000000 0.000000 1.000000
vn 0.000000 0.000000 1.000000
vn 0.000000 0.000000 1.000000
vn 0.000000 0.000000 1.000000
vn 0.000000 0.000000 1.000000
vn -0.000000 0.000000 1.000000
vn 0.000000 0.000000 1.000000
vn 0.000000 0.000000 1.000000
vn -0.000000 0.000000 1.000000
vn 0.000000 0.000000 1.000000
vn -0.000000 0.000000 1.000000
vn -0.000000 0.000000 1.000000
vn -0.000000 0.000000 1.000000
vn 0.000000 0.000000 1.000000
vn 0.000000 -0.000000 -1.000000
vn -0.000000 0.000000 1.000000
vn 0.302411 -0.498806 -0.812244
vn 0.514377 -0.848437 -0.124786
vn 0.021242 -0.991955 -0.124792
vn 0.012488 -0.583180 -0.812247
vn 0.511299 -0.280777 -0.812242
vn 0.869680 -0.477582 -0.124786
vn 0.583183 0.012489 -0.812245
vn 0.991956 0.021243 -0.124792
vn 0.498807 0.302408 -0.812245
vn 0.848438 0.514374 -0.124791
vn 0.280779 0.511293 -0.812245
vn 0.477582 0.869680 -0.124790
vn -0.012489 0.583182 -0.812246
vn -0.021243 0.991955 -0.124793
vn -0.302409 0.498806 -0.812245
vn -0.514373 0.848438 -0.124791
vn -0.511296 0.280777 -0.812244
vn -0.869680 0.477581 -0.124789
vn -0.583185 -0.012487 -0.812244
vn -0.991956 -0.021243 -0.124790
vn -0.498806 -0.302410 -0.812244
vn -0.848438 -0.514374 -0.124790
vn -0.280775 -0.511294 -0.812246
vn -0.477581 -0.869680 -0.124792
vn 0.514377 -0.848437 0.124786
vn 0.070347 -0.116031 0.990751
vn 0.002905 -0.135659 0.990751
vn 0.021242 -0.991955 0.124792
vn 0.869680 -0.477582 0.124786
vn 0.118937 -0.065314 0.990751
vn 0.991956 0.021243 0.124792
vn 0.135660 0.002905 0.990751
vn 0.848438 0.514374 0.124791
vn 0.116031 0.070346 0.990751
vn 0.477582 0.869680 0.124790
vn 0.065315 0.118936 0.990751
vn -0.021243 0.991955 0.124793
vn -0.002906 0.135658 0.990751
vn -0.514373 0.848438 0.124791
vn -0.070346 0.116032 0.990751
vn -0.869680 0.477581 0.124789
vn -0.118937 0.065314 0.990751
vn -0.991956 -0.021243 0.124790
vn -0.135658 -0.002905 0.990751
vn -0.848438 -0.514374 0.124789
vn -0.116032 -0.070346 0.990751
vn -0.477581 -0.869680 0.124792
vn -0.065313 -0.118937 0.990751
vn 0.322010 -0.176830 -0.930076
vn 0.190453 -0.314144 -0.930076
vn 0.367286 0.007865 -0.930075
vn 0.314146 0.190453 -0.930075
vn 0.176831 0.322010 -0.930076
vn -0.007865 0.367284 -0.930076
vn -0.190453 0.314146 -0.930075
vn -0.322010 0.176831 -0.930076
vn -0.367284 -0.007867 -0.930076
vn -0.314144 -0.190454 -0.930076
vn -0.176829 -0.322011 -0.930076
vn 0.007865 -0.367284 -0.930076
s 1
g shoulder_plate_back_left arm_up_left
usemtl head_plateSG
f 1/1/1 2/2/2 14/3/3 13/4/4
f 2/2/2 3/5/5 15/6/6 14/3/3
f 3/5/5 4/7/7 16/8/8 15/6/6
f 4/7/7 5/9/9 17/10/10 16/8/8
f 5/9/9 6/11/11 18/12/12 17/10/10
f 6/11/11 7/13/13 19/14/14 18/12/12
f 7/13/13 8/15/15 20/16/16 19/14/14
f 8/15/15 9/17/17 21/18/18 20/16/16
f 9/17/17 10/19/19 22/20/20 21/18/18
f 10/19/19 11/21/21 23/22/22 22/20/20
f 11/21/21 12/23/23 24/24/24 23/22/22
f 12/23/23 1/1/1 13/4/4 24/24/24
f 13/4/4 14/3/3 26/25/25 25/26/26
f 14/3/3 15/6/6 27/27/27 26/25/25
f 15/6/6 16/8/8 28/28/28 27/27/27
f 16/8/8 17/10/10 29/29/29 28/28/28
f 17/10/10 18/12/12 30/30/30 29/29/29
f 18/12/12 19/14/14 31/31/31 30/30/30
f 19/14/14 20/16/16 32/32/32 31/31/31
f 20/16/16 21/18/18 33/33/33 32/32/32
f 21/18/18 22/20/20 34/34/34 33/33/33
f 22/20/20 23/22/22 35/35/35 34/34/34
f 23/22/22 24/24/24 36/36/36 35/35/35
f 24/24/24 13/4/4 25/26/26 36/36/36
f 37/37/37 38/38/38 50/39/39 49/40/40
f 38/38/38 39/41/41 51/42/42 50/39/39
f 39/41/41 40/43/43 52/44/44 51/42/42
f 40/43/43 41/45/45 53/46/46 52/44/44
f 41/45/45 42/47/47 54/48/48 53/46/46
f 42/47/47 43/49/49 55/50/50 54/48/48
f 43/49/49 44/51/51 56/52/52 55/50/50
f 44/51/51 45/53/53 57/54/54 56/52/52
f 45/53/53 46/55/55 58/56/56 57/54/54
f 46/55/55 47/57/57 59/58/58 58/56/56
f 47/57/57 48/59/59 60/60/60 59/58/58
f 48/59/59 37/37/37 49/40/40 60/60/60
f 49/40/40 50/39/39 62/61/61 61/62/62
f 50/39/39 51/42/42 63/63/63 62/61/61
f 51/42/42 52/44/44 64/64/64 63/63/63
f 52/44/44 53/46/46 65/65/65 64/64/64
f 53/46/46 54/48/48 66/66/66 65/65/65
f 54/48/48 55/50/50 67/67/67 66/66/66
f 55/50/50 56/52/52 68/68/68 67/67/67
f 56/52/52 57/54/54 69/69/69 68/68/68
f 57/54/54 58/56/56 70/70/70 69/69/69
f 58/56/56 59/58/58 71/71/71 70/70/70
f 59/58/58 60/60/60 72/72/72 71/71/71
f 60/60/60 49/40/40 61/62/62 72/72/72
f 2/2/2 1/1/1 73/73/73
f 3/5/5 2/2/2 73/73/73
f 4/7/7 3/5/5 73/73/73
f 5/9/9 4/7/7 73/73/73
f 6/11/11 5/9/9 73/73/73
f 7/13/13 6/11/11 73/73/73
f 8/15/15 7/13/13 73/73/73
f 9/17/17 8/15/15 73/73/73
f 10/19/19 9/17/17 73/73/73
f 11/21/21 10/19/19 73/73/73
f 12/23/23 11/21/21 73/73/73
f 1/1/1 12/23/23 73/73/73
f 61/62/62 62/61/61 74/74/74
f 62/61/61 63/63/63 74/74/74
f 63/63/63 64/64/64 74/74/74
f 64/64/64 65/65/65 74/74/74
f 65/65/65 66/66/66 74/74/74
f 66/66/66 67/67/67 74/74/74
f 67/67/67 68/68/68 74/74/74
f 68/68/68 69/69/69 74/74/74
f 69/69/69 70/70/70 74/74/74
f 70/70/70 71/71/71 74/74/74
f 71/71/71 72/72/72 74/74/74
f 72/72/72 61/62/62 74/74/74
f 75/75/75 76/76/76 98/77/77 97/78/78
f 76/76/76 75/75/75 77/79/79 78/80/80
f 78/80/80 77/79/79 79/81/81 80/82/82
f 80/82/82 79/81/81 81/83/83 82/84/84
f 82/84/84 81/83/83 83/85/85 84/86/86
f 84/86/86 83/85/85 85/87/87 86/88/88
f 86/88/88 85/87/87 87/89/89 88/90/90
f 88/90/90 87/89/89 89/91/91 90/92/92
f 90/92/92 89/91/91 91/93/93 92/94/94
f 92/94/94 91/93/93 93/95/95 94/96/96
f 94/96/96 93/95/95 95/97/97 96/98/98
f 96/98/98 95/97/97 97/78/78 98/77/77
f 99/99/99 100/100/100 122/101/101 121/102/102
f 100/100/100 99/99/99 101/103/103 102/104/104
f 102/104/104 101/103/103 103/105/105 104/106/106
f 104/106/106 103/105/105 105/107/107 106/108/108
f 106/108/108 105/107/107 107/109/109 108/110/110
f 108/110/110 107/109/109 109/111/111 110/112/112
f 110/112/112 109/111/111 111/113/113 112/114/114
f 112/114/114 111/113/113 113/115/115 114/116/116
f 114/116/116 113/115/115 115/117/117 116/118/118
f 116/118/118 115/117/117 117/119/119 118/120/120
f 118/120/120 117/119/119 119/121/121 120/122/122
f 120/122/122 119/121/121 121/102/102 122/101/101
f 25/26/26 26/25/25 124/123/123 125/124/124
f 26/25/25 27/27/27 123/125/125 124/123/123
f 27/27/27 28/28/28 134/126/126 123/125/125
f 28/28/28 29/29/29 133/127/127 134/126/126
f 29/29/29 30/30/30 132/128/128 133/127/127
f 30/30/30 31/31/31 131/129/129 132/128/128
f 31/31/31 32/32/32 130/130/130 131/129/129
f 32/32/32 33/33/33 129/131/131 130/130/130
f 33/33/33 34/34/34 128/132/132 129/131/131
f 34/34/34 35/35/35 127/133/133 128/132/132
f 35/35/35 36/36/36 126/134/134 127/133/133
f 36/36/36 25/26/26 125/124/124 126/134/134
f 76/76/76 78/80/80 101/103/103 99/99/99
f 78/80/80 80/82/82 103/105/105 101/103/103
f 80/82/82 82/84/84 105/107/107 103/105/105
f 82/84/84 84/86/86 107/109/109 105/107/107
f 84/86/86 86/88/88 109/111/111 107/109/109
f 86/88/88 88/90/90 111/113/113 109/111/111
f 88/90/90 90/92/92 113/115/115 111/113/113
f 90/92/92 92/94/94 115/117/117 113/115/115
f 92/94/94 94/96/96 117/119/119 115/117/117
f 94/96/96 96/98/98 119/121/121 117/119/119
f 96/98/98 98/77/77 121/102/102 119/121/121
f 98/77/77 76/76/76 99/99/99 121/102/102
f 100/135/100 102/136/104 38/38/38 37/37/37
f 102/136/104 104/137/106 39/41/41 38/38/38
f 104/137/106 106/138/108 40/43/43 39/41/41
f 106/138/108 108/139/110 41/45/45 40/43/43
f 108/139/110 110/140/112 42/47/47 41/45/45
f 110/140/112 112/141/114 43/49/49 42/47/47
f 112/141/114 114/142/116 44/51/51 43/49/49
f 114/142/116 116/143/118 45/53/53 44/51/51
f 116/143/118 118/144/120 46/55/55 45/53/53
f 118/144/120 120/145/122 47/57/57 46/55/55
f 120/145/122 122/146/101 48/59/59 47/57/57
f 122/146/101 100/135/100 37/37/37 48/59/59
f 124/123/123 123/125/125 79/81/81 77/79/79
f 125/124/124 124/123/123 77/79/79 75/75/75
f 126/134/134 125/124/124 75/75/75 97/78/78
f 127/133/133 126/134/134 97/78/78 95/97/97
f 128/132/132 127/133/133 95/97/97 93/95/95
f 129/131/131 128/132/132 93/95/95 91/93/93
f 130/130/130 129/131/131 91/93/93 89/91/91
f 131/129/129 130/130/130 89/91/91 87/89/89
f 132/128/128 131/129/129 87/89/89 85/87/87
f 133/127/127 132/128/128 85/87/87 83/85/85
f 134/126/126 133/127/127 83/85/85 81/83/83
f 123/125/125 134/126/126 81/83/83 79/81/81
g default
v 0.011004 0.020427 0.019282
v 0.019855 0.011947 0.019282
v 0.023281 0.000177 0.019282
v 0.020362 -0.011729 0.019282
v 0.011882 -0.020580 0.019282
v 0.000112 -0.024006 0.019282
v -0.011793 -0.021087 0.019282
v -0.020645 -0.012607 0.019282
v -0.024070 -0.000837 0.019282
v -0.021152 0.011069 0.019282
v -0.012671 0.019920 0.019282
v -0.000902 0.023346 0.019282
v 0.019401 0.035717 0.023243
v 0.034772 0.020990 0.023243
v 0.040721 0.000551 0.023243
v 0.035653 -0.020125 0.023243
v 0.020926 -0.035497 0.023243
v 0.000486 -0.041445 0.023243
v -0.020190 -0.036377 0.023243
v -0.035561 -0.021650 0.023243
v -0.041510 -0.001210 0.023243
v -0.036442 0.019465 0.023243
v -0.021715 0.034837 0.023243
v -0.001275 0.040785 0.023243
v 0.023572 0.043315 0.028079
v 0.042184 0.025484 0.028079
v 0.049386 0.000736 0.028079
v 0.043250 -0.024297 0.028079
v 0.025419 -0.042909 0.028079
v 0.000672 -0.050111 0.028079
v -0.024362 -0.043975 0.028079
v -0.042973 -0.026144 0.028079
v -0.050176 -0.001396 0.028079
v -0.044039 0.023637 0.028079
v -0.026208 0.042249 0.028079
v -0.001461 0.049451 0.028079
v 0.023259 0.042744 0.011328
v 0.041627 0.025146 0.011328
v 0.048735 0.000722 0.011328
v 0.042679 -0.023984 0.011328
v 0.025082 -0.042352 0.011328
v 0.000658 -0.049460 0.011328
v -0.024049 -0.043404 0.011328
v -0.042416 -0.025806 0.011328
v -0.049525 -0.001382 0.011328
v -0.043469 0.023324 0.011328
v -0.025871 0.041692 0.011328
v -0.001447 0.048800 0.011328
v 0.015375 0.028386 0.011328
v 0.027620 0.016654 0.011328
v 0.032359 0.000371 0.011328
v 0.028321 -0.016099 0.011328
v 0.016589 -0.028345 0.011328
v 0.000307 -0.033083 0.011328
v -0.016164 -0.029046 0.011328
v -0.028409 -0.017314 0.011328
v -0.033148 -0.001031 0.011328
v -0.029111 0.015439 0.011328
v -0.017379 0.027685 0.011328
v -0.001096 0.032423 0.011328
v 0.007490 0.014028 0.011328
v 0.013613 0.008162 0.011328
v 0.015982 0.000021 0.011328
v 0.013963 -0.008214 0.011328
v 0.008097 -0.014337 0.011328
v -0.000044 -0.016707 0.011328
v -0.008279 -0.014688 0.011328
v -0.014402 -0.008822 0.011328
v -0.016771 -0.000681 0.011328
v -0.014753 0.007555 0.011328
v -0.008887 0.013677 0.011328
v -0.000745 0.016047 0.011328
v -0.000395 -0.000330 0.022103
v -0.000395 -0.000330 0.011328
v 0.030440 0.055819 0.023243
v 0.031144 0.057102 0.021708
v 0.054383 0.032880 0.023243
v 0.055634 0.033638 0.021708
v 0.063649 0.001042 0.023243
v 0.065112 0.001073 0.021708
v 0.055755 -0.031164 0.023243
v 0.057037 -0.031868 0.021708
v 0.032815 -0.055108 0.023243
v 0.033574 -0.056359 0.021708
v 0.000977 -0.064374 0.023243
v 0.001008 -0.065837 0.021708
v -0.031229 -0.056479 0.023243
v -0.031933 -0.057762 0.021708
v -0.055173 -0.033540 0.023243
v -0.056424 -0.034298 0.021708
v -0.064439 -0.001701 0.023243
v -0.065901 -0.001733 0.021708
v -0.056544 0.030504 0.023243
v -0.057827 0.031209 0.021708
v -0.033604 0.054448 0.023243
v -0.034363 0.055699 0.021708
v -0.001766 0.063714 0.023243
v -0.001797 0.065177 0.021708
v 0.031144 0.057102 0.012863
v 0.030440 0.055819 0.011328
v 0.055634 0.033638 0.012863
v 0.054383 0.032880 0.011328
v 0.065112 0.001073 0.012863
v 0.063649 0.001042 0.011328
v 0.057037 -0.031868 0.012863
v 0.055755 -0.031164 0.011328
v 0.033574 -0.056359 0.012863
v 0.032815 -0.055108 0.011328
v 0.001008 -0.065837 0.012863
v 0.000977 -0.064374 0.011328
v -0.031933 -0.057762 0.012863
v -0.031229 -0.056479 0.011328
v -0.056424 -0.034298 0.012863
v -0.055173 -0.033540 0.011328
v -0.065901 -0.001733 0.012863
v -0.064439 -0.001701 0.011328
v -0.057827 0.031209 0.012863
v -0.056544 0.030504 0.011328
v -0.034363 0.055699 0.012863
v -0.033604 0.054448 0.011328
v -0.001797 0.065177 0.012863
v -0.001766 0.063714 0.011328
v 0.057088 0.000901 0.027286
v 0.048771 0.029477 0.027286
v 0.027281 0.050067 0.027286
v -0.001626 0.057153 0.027286
v -0.030202 0.048836 0.027286
v -0.050792 0.027345 0.027286
v -0.057878 -0.001561 0.027286
v -0.049561 -0.030137 0.027286
v -0.028070 -0.050727 0.027286
v 0.000836 -0.057813 0.027286
v 0.029413 -0.049496 0.027286
v 0.050002 -0.028005 0.027286
vt 0.413805 0.721601
vt 0.414665 0.719923
vt 0.417440 0.720448
vt 0.415935 0.723390
vt 0.414539 0.718056
vt 0.417215 0.717176
vt 0.413458 0.716500
vt 0.415318 0.714451
vt 0.411714 0.715672
vt 0.412259 0.713003
vt 0.409772 0.715794
vt 0.408857 0.713220
vt 0.408154 0.716833
vt 0.406024 0.715044
vt 0.407294 0.718511
vt 0.404519 0.717987
vt 0.407420 0.720378
vt 0.404745 0.721259
vt 0.408501 0.721934
vt 0.406641 0.723984
vt 0.410245 0.722763
vt 0.409700 0.725432
vt 0.412187 0.722641
vt 0.413102 0.725214
vt 0.418977 0.720734
vt 0.417117 0.724377
vt 0.418694 0.716685
vt 0.416344 0.713314
vt 0.412556 0.711525
vt 0.408346 0.711797
vt 0.404842 0.714058
vt 0.402982 0.717701
vt 0.403265 0.721750
vt 0.405615 0.725121
vt 0.409403 0.726910
vt 0.413612 0.726637
vt 0.169895 0.890020
vt 0.165108 0.890026
vt 0.165901 0.887161
vt 0.169093 0.887157
vt 0.160958 0.887729
vt 0.163135 0.885630
vt 0.158559 0.883745
vt 0.161536 0.882973
vt 0.158553 0.879140
vt 0.161532 0.879904
vt 0.160941 0.875149
vt 0.163124 0.877243
vt 0.165083 0.872842
vt 0.165885 0.875705
vt 0.169871 0.872835
vt 0.169077 0.875700
vt 0.174020 0.875132
vt 0.171843 0.877232
vt 0.176419 0.879117
vt 0.173442 0.879888
vt 0.176425 0.883721
vt 0.173447 0.882958
vt 0.174037 0.887712
vt 0.171855 0.885618
vt 0.166695 0.884296
vt 0.168291 0.884294
vt 0.165312 0.883530
vt 0.164512 0.882202
vt 0.164510 0.880667
vt 0.165306 0.879337
vt 0.166687 0.878568
vt 0.168283 0.878566
vt 0.169666 0.879331
vt 0.170466 0.880659
vt 0.170468 0.882194
vt 0.169672 0.883525
vt 0.410980 0.719217
vt 0.167489 0.881431
vt 0.418971 0.725932
vt 0.419223 0.726143
vt 0.414518 0.729180
vt 0.414411 0.728875
vt 0.421391 0.721189
vt 0.421719 0.721251
vt 0.421021 0.715917
vt 0.421337 0.715814
vt 0.417960 0.711530
vt 0.418180 0.711288
vt 0.413029 0.709203
vt 0.413094 0.708888
vt 0.407548 0.709559
vt 0.407441 0.709255
vt 0.402987 0.712503
vt 0.402736 0.712292
vt 0.400568 0.717247
vt 0.400240 0.717184
vt 0.400938 0.722518
vt 0.400622 0.722622
vt 0.403999 0.726905
vt 0.403779 0.727147
vt 0.408930 0.729232
vt 0.408866 0.729547
vt 0.420240 0.726986
vt 0.420476 0.727183
vt 0.415064 0.730683
vt 0.414961 0.730399
vt 0.423038 0.721492
vt 0.423344 0.721548
vt 0.422605 0.715388
vt 0.422900 0.715289
vt 0.419057 0.710310
vt 0.419261 0.710083
vt 0.413344 0.707619
vt 0.413403 0.707324
vt 0.406998 0.708036
vt 0.406895 0.707752
vt 0.401719 0.711449
vt 0.401482 0.711253
vt 0.398921 0.716943
vt 0.398614 0.716887
vt 0.399355 0.723047
vt 0.399060 0.723146
vt 0.402903 0.728125
vt 0.402699 0.728352
vt 0.408615 0.730816
vt 0.408556 0.731111
vt 0.420190 0.720964
vt 0.418048 0.725160
vt 0.419864 0.716301
vt 0.417158 0.712419
vt 0.412796 0.710358
vt 0.407947 0.710672
vt 0.403911 0.713275
vt 0.401769 0.717471
vt 0.402095 0.722134
vt 0.404802 0.726016
vt 0.409163 0.728076
vt 0.414012 0.727763
vt 0.170625 0.892627
vt 0.164385 0.892635
vt 0.158976 0.889641
vt 0.155849 0.884447
vt 0.155840 0.878445
vt 0.158953 0.873242
vt 0.164353 0.870234
vt 0.170593 0.870226
vt 0.176002 0.873220
vt 0.179130 0.878415
vt 0.179138 0.884417
vt 0.176025 0.889619
vn -0.064940 -0.118254 0.990858
vn -0.115367 -0.069942 0.990857
vn -0.309720 -0.187771 0.932103
vn -0.174341 -0.317475 0.932102
vn -0.134880 -0.002888 0.990858
vn -0.362111 -0.007755 0.932103
vn -0.118256 0.064939 0.990858
vn -0.317475 0.174340 0.932103
vn -0.069943 0.115366 0.990858
vn -0.187773 0.309721 0.932102
vn -0.002888 0.134881 0.990858
vn -0.007754 0.362113 0.932102
vn 0.064939 0.118254 0.990858
vn 0.174341 0.317476 0.932102
vn 0.115367 0.069942 0.990858
vn 0.309722 0.187770 0.932102
vn 0.134880 0.002888 0.990858
vn 0.362111 0.007755 0.932103
vn 0.118256 -0.064939 0.990857
vn 0.317475 -0.174338 0.932103
vn 0.069942 -0.115366 0.990858
vn 0.187773 -0.309721 0.932102
vn 0.002888 -0.134883 0.990857
vn 0.007755 -0.362112 0.932102
vn -0.142464 -0.086371 0.986024
vn -0.080193 -0.146033 0.986024
vn -0.166566 -0.003567 0.986024
vn -0.146032 0.080193 0.986024
vn -0.086372 0.142467 0.986024
vn -0.003567 0.166566 0.986024
vn 0.080194 0.146033 0.986024
vn 0.142466 0.086370 0.986024
vn 0.166562 0.003567 0.986025
vn 0.146032 -0.080193 0.986024
vn 0.086371 -0.142465 0.986024
vn 0.003567 -0.166565 0.986024
vn -0.000000 0.000000 -1.000000
vn 0.000000 0.000000 -1.000000
vn -0.000000 0.000000 -1.000000
vn -0.000000 0.000000 -1.000000
vn 0.000000 0.000000 -1.000000
vn -0.000000 0.000000 -1.000000
vn 0.000000 0.000000 -1.000000
vn -0.000000 0.000000 -1.000000
vn -0.000000 0.000000 -1.000000
vn -0.000000 0.000000 -1.000000
vn -0.000000 0.000000 -1.000000
vn -0.000000 0.000000 -1.000000
vn 0.000000 0.000000 -1.000000
vn -0.000000 0.000000 -1.000000
vn 0.000000 0.000000 -1.000000
vn -0.000000 0.000000 -1.000000
vn -0.000000 0.000000 -1.000000
vn 0.000000 0.000000 -1.000000
vn -0.000000 0.000000 -1.000000
vn 0.000000 0.000000 -1.000000
vn -0.000000 0.000000 -1.000000
vn -0.000000 0.000000 -1.000000
vn -0.000000 0.000000 -1.000000
vn -0.000000 0.000000 -1.000000
vn -0.000000 0.000000 -1.000000
vn 0.000000 0.000000 -1.000000
vn -0.000000 0.000000 -1.000000
vn -0.000000 0.000000 -1.000000
vn 0.000000 0.000000 -1.000000
vn 0.000000 0.000000 -1.000000
vn -0.000000 0.000000 -1.000000
vn 0.000000 0.000000 -1.000000
vn 0.000000 0.000000 -1.000000
vn -0.000000 0.000000 -1.000000
vn -0.000000 0.000000 -1.000000
vn -0.000000 0.000000 -1.000000
vn 0.000000 -0.000000 1.000000
vn 0.000000 0.000000 -1.000000
vn 0.280780 0.511297 0.812242
vn 0.477583 0.869680 0.124784
vn -0.021241 0.991956 0.124786
vn -0.012489 0.583185 0.812243
vn 0.498808 0.302408 0.812244
vn 0.848437 0.514375 0.124789
vn 0.583183 0.012489 0.812245
vn 0.991956 0.021243 0.124792
vn 0.511299 -0.280777 0.812242
vn 0.869680 -0.477582 0.124786
vn 0.302411 -0.498806 0.812244
vn 0.514377 -0.848437 0.124786
vn 0.012488 -0.583180 0.812247
vn 0.021242 -0.991955 0.124792
vn -0.280775 -0.511295 0.812246
vn -0.477581 -0.869680 0.124792
vn -0.498807 -0.302410 0.812244
vn -0.848438 -0.514374 0.124789
vn -0.583185 -0.012487 0.812243
vn -0.991956 -0.021243 0.124789
vn -0.511296 0.280777 0.812244
vn -0.869680 0.477581 0.124789
vn -0.302410 0.498806 0.812244
vn -0.514374 0.848439 0.124788
vn 0.477583 0.869680 -0.124784
vn 0.065314 0.118936 -0.990752
vn -0.002905 0.135657 -0.990752
vn -0.021241 0.991956 -0.124786
vn 0.848437 0.514375 -0.124789
vn 0.116031 0.070345 -0.990752
vn 0.991956 0.021243 -0.124792
vn 0.135659 0.002905 -0.990751
vn 0.869680 -0.477582 -0.124786
vn 0.118936 -0.065313 -0.990752
vn 0.514377 -0.848437 -0.124786
vn 0.070347 -0.116031 -0.990751
vn 0.021242 -0.991956 -0.124792
vn 0.002905 -0.135658 -0.990751
vn -0.477581 -0.869680 -0.124792
vn -0.065313 -0.118936 -0.990751
vn -0.848438 -0.514374 -0.124789
vn -0.116031 -0.070346 -0.990751
vn -0.991956 -0.021243 -0.124790
vn -0.135658 -0.002905 -0.990752
vn -0.869681 0.477581 -0.124789
vn -0.118936 0.065314 -0.990751
vn -0.514374 0.848439 -0.124788
vn -0.070346 0.116030 -0.990752
vn 0.314145 0.190453 0.930076
vn 0.176830 0.322009 0.930076
vn 0.367286 0.007865 0.930075
vn 0.322010 -0.176830 0.930076
vn 0.190453 -0.314144 0.930076
vn 0.007865 -0.367284 0.930076
vn -0.176829 -0.322011 0.930076
vn -0.314144 -0.190454 0.930076
vn -0.367283 -0.007867 0.930076
vn -0.322009 0.176830 0.930076
vn -0.190452 0.314144 0.930076
vn -0.007865 0.367282 0.930076
s 1
g arm_up_left shoulder_plate_front_left
usemtl head_plateSG
f 135/147/135 136/148/136 148/149/137 147/150/138
f 136/148/136 137/151/139 149/152/140 148/149/137
f 137/151/139 138/153/141 150/154/142 149/152/140
f 138/153/141 139/155/143 151/156/144 150/154/142
f 139/155/143 140/157/145 152/158/146 151/156/144
f 140/157/145 141/159/147 153/160/148 152/158/146
f 141/159/147 142/161/149 154/162/150 153/160/148
f 142/161/149 143/163/151 155/164/152 154/162/150
f 143/163/151 144/165/153 156/166/154 155/164/152
f 144/165/153 145/167/155 157/168/156 156/166/154
f 145/167/155 146/169/157 158/170/158 157/168/156
f 146/169/157 135/147/135 147/150/138 158/170/158
f 147/150/138 148/149/137 160/171/159 159/172/160
f 148/149/137 149/152/140 161/173/161 160/171/159
f 149/152/140 150/154/142 162/174/162 161/173/161
f 150/154/142 151/156/144 163/175/163 162/174/162
f 151/156/144 152/158/146 164/176/164 163/175/163
f 152/158/146 153/160/148 165/177/165 164/176/164
f 153/160/148 154/162/150 166/178/166 165/177/165
f 154/162/150 155/164/152 167/179/167 166/178/166
f 155/164/152 156/166/154 168/180/168 167/179/167
f 156/166/154 157/168/156 169/181/169 168/180/168
f 157/168/156 158/170/158 170/182/170 169/181/169
f 158/170/158 147/150/138 159/172/160 170/182/170
f 171/183/171 172/184/172 184/185/173 183/186/174
f 172/184/172 173/187/175 185/188/176 184/185/173
f 173/187/175 174/189/177 186/190/178 185/188/176
f 174/189/177 175/191/179 187/192/180 186/190/178
f 175/191/179 176/193/181 188/194/182 187/192/180
f 176/193/181 177/195/183 189/196/184 188/194/182
f 177/195/183 178/197/185 190/198/186 189/196/184
f 178/197/185 179/199/187 191/200/188 190/198/186
f 179/199/187 180/201/189 192/202/190 191/200/188
f 180/201/189 181/203/191 193/204/192 192/202/190
f 181/203/191 182/205/193 194/206/194 193/204/192
f 182/205/193 171/183/171 183/186/174 194/206/194
f 183/186/174 184/185/173 196/207/195 195/208/196
f 184/185/173 185/188/176 197/209/197 196/207/195
f 185/188/176 186/190/178 198/210/198 197/209/197
f 186/190/178 187/192/180 199/211/199 198/210/198
f 187/192/180 188/194/182 200/212/200 199/211/199
f 188/194/182 189/196/184 201/213/201 200/212/200
f 189/196/184 190/198/186 202/214/202 201/213/201
f 190/198/186 191/200/188 203/215/203 202/214/202
f 191/200/188 192/202/190 204/216/204 203/215/203
f 192/202/190 193/204/192 205/217/205 204/216/204
f 193/204/192 194/206/194 206/218/206 205/217/205
f 194/206/194 183/186/174 195/208/196 206/218/206
f 136/148/136 135/147/135 207/219/207
f 137/151/139 136/148/136 207/219/207
f 138/153/141 137/151/139 207/219/207
f 139/155/143 138/153/141 207/219/207
f 140/157/145 139/155/143 207/219/207
f 141/159/147 140/157/145 207/219/207
f 142/161/149 141/159/147 207/219/207
f 143/163/151 142/161/149 207/219/207
f 144/165/153 143/163/151 207/219/207
f 145/167/155 144/165/153 207/219/207
f 146/169/157 145/167/155 207/219/207
f 135/147/135 146/169/157 207/219/207
f 195/208/196 196/207/195 208/220/208
f 196/207/195 197/209/197 208/220/208
f 197/209/197 198/210/198 208/220/208
f 198/210/198 199/211/199 208/220/208
f 199/211/199 200/212/200 208/220/208
f 200/212/200 201/213/201 208/220/208
f 201/213/201 202/214/202 208/220/208
f 202/214/202 203/215/203 208/220/208
f 203/215/203 204/216/204 208/220/208
f 204/216/204 205/217/205 208/220/208
f 205/217/205 206/218/206 208/220/208
f 206/218/206 195/208/196 208/220/208
f 209/221/209 210/222/210 232/223/211 231/224/212
f 210/222/210 209/221/209 211/225/213 212/226/214
f 212/226/214 211/225/213 213/227/215 214/228/216
f 214/228/216 213/227/215 215/229/217 216/230/218
f 216/230/218 215/229/217 217/231/219 218/232/220
f 218/232/220 217/231/219 219/233/221 220/234/222
f 220/234/222 219/233/221 221/235/223 222/236/224
f 222/236/224 221/235/223 223/237/225 224/238/226
f 224/238/226 223/237/225 225/239/227 226/240/228
f 226/240/228 225/239/227 227/241/229 228/242/230
f 228/242/230 227/241/229 229/243/231 230/244/232
f 230/244/232 229/243/231 231/224/212 232/223/211
f 233/245/233 234/246/234 256/247/235 255/248/236
f 234/246/234 233/245/233 235/249/237 236/250/238
f 236/250/238 235/249/237 237/251/239 238/252/240
f 238/252/240 237/251/239 239/253/241 240/254/242
f 240/254/242 239/253/241 241/255/243 242/256/244
f 242/256/244 241/255/243 243/257/245 244/258/246
f 244/258/246 243/257/245 245/259/247 246/260/248
f 246/260/248 245/259/247 247/261/249 248/262/250
f 248/262/250 247/261/249 249/263/251 250/264/252
f 250/264/252 249/263/251 251/265/253 252/266/254
f 252/266/254 251/265/253 253/267/255 254/268/256
f 254/268/256 253/267/255 255/248/236 256/247/235
f 159/172/160 160/171/159 258/269/257 259/270/258
f 160/171/159 161/173/161 257/271/259 258/269/257
f 161/173/161 162/174/162 268/272/260 257/271/259
f 162/174/162 163/175/163 267/273/261 268/272/260
f 163/175/163 164/176/164 266/274/262 267/273/261
f 164/176/164 165/177/165 265/275/263 266/274/262
f 165/177/165 166/178/166 264/276/264 265/275/263
f 166/178/166 167/179/167 263/277/265 264/276/264
f 167/179/167 168/180/168 262/278/266 263/277/265
f 168/180/168 169/181/169 261/279/267 262/278/266
f 169/181/169 170/182/170 260/280/268 261/279/267
f 170/182/170 159/172/160 259/270/258 260/280/268
f 210/222/210 212/226/214 235/249/237 233/245/233
f 212/226/214 214/228/216 237/251/239 235/249/237
f 214/228/216 216/230/218 239/253/241 237/251/239
f 216/230/218 218/232/220 241/255/243 239/253/241
f 218/232/220 220/234/222 243/257/245 241/255/243
f 220/234/222 222/236/224 245/259/247 243/257/245
f 222/236/224 224/238/226 247/261/249 245/259/247
f 224/238/226 226/240/228 249/263/251 247/261/249
f 226/240/228 228/242/230 251/265/253 249/263/251
f 228/242/230 230/244/232 253/267/255 251/265/253
f 230/244/232 232/223/211 255/248/236 253/267/255
f 232/223/211 210/222/210 233/245/233 255/248/236
f 234/281/234 236/282/238 172/184/172 171/183/171
f 236/282/238 238/283/240 173/187/175 172/184/172
f 238/283/240 240/284/242 174/189/177 173/187/175
f 240/284/242 242/285/244 175/191/179 174/189/177
f 242/285/244 244/286/246 176/193/181 175/191/179
f 244/286/246 246/287/248 177/195/183 176/193/181
f 246/287/248 248/288/250 178/197/185 177/195/183
f 248/288/250 250/289/252 179/199/187 178/197/185
f 250/289/252 252/290/254 180/201/189 179/199/187
f 252/290/254 254/291/256 181/203/191 180/201/189
f 254/291/256 256/292/235 182/205/193 181/203/191
f 256/292/235 234/281/234 171/183/171 182/205/193
f 258/269/257 257/271/259 213/227/215 211/225/213
f 259/270/258 258/269/257 211/225/213 209/221/209
f 260/280/268 259/270/258 209/221/209 231/224/212
f 261/279/267 260/280/268 231/224/212 229/243/231
f 262/278/266 261/279/267 229/243/231 227/241/229
f 263/277/265 262/278/266 227/241/229 225/239/227
f 264/276/264 263/277/265 225/239/227 223/237/225
f 265/275/263 264/276/264 223/237/225 221/235/223
f 266/274/262 265/275/263 221/235/223 219/233/221
f 267/273/261 266/274/262 219/233/221 217/231/219
f 268/272/260 267/273/261 217/231/219 215/229/217
f 257/271/259 268/272/260 215/229/217 213/227/215
g default
v 0.052387 0.000621 -0.010728
v 0.047654 0.017878 -0.010728
v 0.037611 0.032800 -0.010728
v 0.023341 0.043865 -0.010728
v 0.006307 0.049968 -0.010728
v -0.011811 0.050547 -0.010728
v -0.029212 0.045487 -0.010728
v -0.044191 0.035295 -0.010728
v -0.055281 0.020959 -0.010728
v -0.061413 0.003955 -0.010728
v -0.061934 -0.014051 -0.010728
v -0.056732 -0.031177 -0.010728
v -0.046266 -0.045553 -0.010728
v -0.032894 -0.054570 -0.010728
v -0.018037 -0.061723 -0.010728
v -0.004333 -0.056454 -0.010728
v 0.015216 -0.048445 -0.010728
v 0.033546 -0.039397 -0.010728
v 0.046193 -0.032308 -0.010728
v 0.051069 -0.015934 -0.010728
v 0.052007 0.000677 0.001613
v 0.047490 0.017903 0.001202
v 0.037553 0.032817 0.001010
v 0.023321 0.043877 0.000954
v 0.006300 0.049973 0.000951
v -0.011816 0.050549 0.000954
v -0.029214 0.045487 0.000960
v -0.044192 0.035293 0.000965
v -0.055281 0.020957 0.000968
v -0.061414 0.003951 0.000967
v -0.061946 -0.014063 0.000924
v -0.056775 -0.031216 0.000776
v -0.046375 -0.045658 0.000452
v -0.032977 -0.054833 0.000045
v -0.017878 -0.061879 0.000740
v 0.046389 -0.031605 0.001123
v 0.050562 -0.015509 0.002046
v 0.051869 0.000648 0.009831
v 0.047440 0.017889 0.009831
v 0.037540 0.032813 0.009831
v 0.023319 0.043877 0.009831
v 0.006300 0.049974 0.009831
v -0.011817 0.050549 0.009831
v -0.029215 0.045485 0.009831
v -0.044194 0.035288 0.009831
v -0.055282 0.020948 0.009831
v -0.061418 0.003925 0.009831
v -0.061970 -0.014125 0.009831
v -0.056856 -0.031369 0.009831
v -0.046563 -0.046005 0.009831
v -0.032965 -0.055510 0.009831
v -0.017225 -0.062165 0.009831
v -0.004554 -0.055016 0.009831
v 0.013623 -0.045080 0.009832
v 0.032806 -0.036610 0.009831
v 0.046344 -0.031364 0.009831
v 0.050301 -0.015408 0.009831
v 0.062885 -0.163204 0.026718
v 0.063699 -0.164288 0.025894
v 0.050513 -0.169325 0.020076
v 0.051717 -0.170213 0.019472
v 0.042862 -0.173202 0.007228
v 0.044295 -0.173971 0.007026
v 0.042355 -0.173605 -0.007570
v 0.043800 -0.174359 -0.007319
v 0.049840 -0.170066 -0.019778
v 0.051055 -0.170932 -0.019144
v 0.062090 -0.164143 -0.026901
v 0.062927 -0.165195 -0.026040
v 0.076110 -0.157283 -0.026963
v 0.076509 -0.158553 -0.026092
v 0.088525 -0.151139 -0.020188
v 0.088534 -0.152605 -0.019521
v 0.096178 -0.147265 -0.007340
v 0.095930 -0.148862 -0.007081
v 0.096687 -0.146867 0.007459
v 0.096417 -0.148479 0.007236
v 0.089152 -0.150430 0.019532
v 0.089124 -0.151927 0.018926
v 0.076862 -0.156368 0.026570
v 0.077230 -0.157673 0.025744
v 0.093873 -0.152168 0.006286
v 0.094103 -0.150802 0.006476
v 0.087597 -0.155138 0.016343
v 0.087623 -0.153869 0.016858
v 0.077362 -0.160091 0.022206
v 0.077053 -0.158985 0.022907
v 0.065722 -0.165790 0.022328
v 0.065035 -0.164871 0.023027
v 0.055417 -0.170893 0.016796
v 0.054398 -0.170139 0.017309
v 0.049044 -0.174122 0.006094
v 0.047831 -0.173469 0.006267
v 0.048620 -0.174455 -0.006234
v 0.047396 -0.173814 -0.006447
v 0.054856 -0.171508 -0.016403
v 0.053827 -0.170773 -0.016940
v 0.065060 -0.166574 -0.022336
v 0.064353 -0.165681 -0.023065
v 0.076738 -0.160858 -0.022388
v 0.076402 -0.159781 -0.023125
v 0.087078 -0.155736 -0.016744
v 0.087074 -0.154493 -0.017308
v 0.093450 -0.152504 -0.006042
v 0.093662 -0.151151 -0.006260
v 0.006488 -0.067669 -0.009948
v 0.019413 -0.062794 -0.011286
v 0.031612 -0.056135 -0.011040
v 0.040394 -0.050397 -0.009476
v 0.041948 -0.049497 -0.000544
v 0.042074 -0.049268 0.007418
v 0.033696 -0.053222 0.009603
v 0.021372 -0.059069 0.010864
v 0.008893 -0.065176 0.010603
v -0.000647 -0.069678 0.008988
v -0.002203 -0.070228 0.001639
v -0.002423 -0.070190 -0.007832
v 0.012296 -0.079208 -0.012159
v 0.021630 -0.075183 -0.015977
v 0.031476 -0.069734 -0.016032
v 0.039918 -0.064870 -0.012287
v 0.044039 -0.062954 -0.003836
v 0.044586 -0.062702 0.005495
v 0.038702 -0.065684 0.012096
v 0.029542 -0.070082 0.015915
v 0.019460 -0.074810 0.015951
v 0.010721 -0.078996 0.012205
v 0.006660 -0.081093 0.004130
v 0.006117 -0.081325 -0.005574
v -0.005442 -0.006252 0.009831
v -0.012375 0.008866 0.009832
v 0.001120 -0.020839 0.009831
v -0.019059 0.023311 0.009831
v -0.027342 -0.035554 0.009831
v -0.035958 -0.021080 0.009832
v -0.041715 -0.004822 0.009831
v -0.044103 0.011748 0.009831
v -0.042944 0.027184 0.009831
v -0.024943 0.035992 0.009832
v 0.030887 -0.007824 0.009831
v 0.025746 0.008123 0.009832
v 0.017166 0.022976 0.009832
v 0.006051 0.035401 0.009831
v -0.006504 0.044347 0.009831
v -0.016843 -0.046384 0.009831
v 0.006980 -0.033394 0.009831
v 0.032270 -0.022353 0.009831
v -0.004463 -0.006774 -0.010728
v -0.011995 0.008367 -0.010728
v -0.018873 0.022851 -0.010728
v -0.024868 0.035759 -0.010728
v 0.003526 -0.021655 -0.010729
v 0.010076 -0.034951 -0.010728
v 0.034461 -0.023931 -0.010728
v 0.032473 -0.008472 -0.010728
v 0.026374 0.007735 -0.010728
v 0.017375 0.022641 -0.010728
v 0.006130 0.035106 -0.010728
v -0.006481 0.044198 -0.010728
v -0.015209 -0.046393 -0.010728
v -0.025818 -0.035605 -0.010728
v -0.035276 -0.021168 -0.010728
v -0.041411 -0.004999 -0.010728
v -0.043935 0.011546 -0.010728
v -0.042866 0.027078 -0.010728
v 0.056072 -0.065974 -0.008192
v 0.054714 -0.064926 -0.007853
v 0.048050 -0.069843 -0.020814
v 0.046988 -0.068637 -0.020124
v 0.035463 -0.076025 -0.027228
v 0.034735 -0.074703 -0.026346
v 0.021467 -0.082919 -0.026761
v 0.021064 -0.081460 -0.025886
v 0.009429 -0.088845 -0.019288
v 0.009272 -0.087218 -0.018675
v 0.002297 -0.092380 -0.006869
v 0.002249 -0.090635 -0.006749
v 0.003244 -0.092001 0.007909
v 0.003153 -0.090285 0.007593
v 0.011268 -0.088135 0.020530
v 0.010839 -0.086579 0.019839
v 0.023830 -0.082021 0.026812
v 0.023103 -0.080653 0.025987
v 0.037788 -0.075166 0.026261
v 0.036777 -0.073961 0.025490
v 0.049850 -0.069189 0.018872
v 0.048589 -0.068099 0.018339
v 0.057013 -0.065585 0.006586
v 0.055601 -0.064547 0.006488
v 0.049166 0.000335 -0.007892
v 0.044736 0.016556 -0.007858
v 0.043570 0.016135 0.001155
v 0.047723 0.000310 0.001511
v 0.035280 0.030628 -0.007840
v 0.034405 0.029887 0.000997
v 0.021810 0.041078 -0.007833
v 0.021250 0.040107 0.000952
v 0.005713 0.046847 -0.007830
v 0.005497 0.045748 0.000952
v -0.011413 0.047393 -0.007832
v -0.011277 0.046282 0.000955
v -0.027857 0.042611 -0.007831
v -0.027380 0.041596 0.000960
v -0.042013 0.032979 -0.007832
v -0.041244 0.032161 0.000964
v -0.052495 0.019428 -0.007831
v -0.051511 0.018887 0.000967
v -0.058289 0.003362 -0.007833
v -0.057189 0.003147 0.000968
v -0.058782 -0.013631 -0.007833
v -0.057682 -0.013501 0.000939
v -0.053884 -0.029765 -0.007830
v -0.052915 -0.029320 0.000829
v -0.044057 -0.043277 -0.007824
v -0.043364 -0.042588 0.000566
v -0.031362 -0.051895 -0.007729
v -0.030853 -0.051095 0.000170
v -0.016740 -0.059001 -0.007661
v -0.015998 -0.058011 0.000721
v 0.043278 -0.031472 -0.007678
v 0.047939 -0.015365 -0.007834
v 0.046327 -0.014765 0.001928
v 0.042231 -0.030505 0.001128
v 0.044540 0.016593 0.006931
v 0.048713 0.000394 0.006920
v 0.035209 0.030650 0.006935
v 0.021787 0.041091 0.006936
v 0.005706 0.046852 0.006934
v -0.011419 0.047395 0.006935
v -0.027860 0.042610 0.006935
v -0.042015 0.032973 0.006935
v -0.052496 0.019418 0.006933
v -0.058294 0.003331 0.006936
v -0.058808 -0.013708 0.006945
v -0.053973 -0.029957 0.006969
v -0.044284 -0.043692 0.007011
v -0.031407 -0.052721 0.006952
v -0.015946 -0.059445 0.006756
v 0.047273 -0.014887 0.006822
v 0.043417 -0.030583 0.006779
v -0.006481 0.044198 -0.006428
v -0.042944 0.027184 0.005531
v 0.063164 -0.161767 0.022674
v 0.062803 -0.161097 0.023153
v 0.075206 -0.155043 0.023008
v 0.075430 -0.155773 0.022559
v 0.052399 -0.167048 0.016953
v 0.051851 -0.166460 0.017376
v 0.045802 -0.170343 0.005933
v 0.045064 -0.169829 0.006158
v 0.045335 -0.170699 -0.006490
v 0.044576 -0.170186 -0.006624
v 0.051772 -0.167707 -0.016746
v 0.051158 -0.167114 -0.017166
v 0.062475 -0.162584 -0.022911
v 0.062045 -0.161911 -0.023406
v 0.074768 -0.156583 -0.022937
v 0.074497 -0.155842 -0.023428
v 0.085556 -0.151215 -0.017078
v 0.085453 -0.150405 -0.017481
v 0.092115 -0.147848 -0.006053
v 0.092154 -0.146973 -0.006266
v 0.092578 -0.147477 0.006345
v 0.092624 -0.146609 0.006451
v 0.086147 -0.150556 0.016458
v 0.086062 -0.149754 0.016828
v 0.089749 -0.152595 0.005140
v 0.090501 -0.148555 0.005792
v 0.084616 -0.151444 0.014967
v 0.084610 -0.155133 0.013249
v 0.089362 -0.152937 -0.004779
v 0.090041 -0.148944 -0.005545
v 0.074986 -0.156155 0.020412
v 0.075931 -0.159394 0.018210
v 0.064007 -0.161528 0.020523
v 0.065964 -0.164281 0.018308
v 0.054274 -0.166268 0.015440
v 0.057226 -0.168541 0.013682
v 0.048250 -0.169258 0.005503
v 0.051896 -0.171175 0.004799
v 0.047756 -0.169569 -0.005858
v 0.051475 -0.171433 -0.005133
v 0.053691 -0.166854 -0.015173
v 0.056667 -0.169073 -0.013355
v 0.063334 -0.162248 -0.020683
v 0.065339 -0.164937 -0.018369
v 0.074352 -0.156879 -0.020701
v 0.075329 -0.160062 -0.018403
v 0.084062 -0.152021 -0.015487
v 0.084067 -0.155681 -0.013674
v -0.004281 -0.056149 -0.006439
v 0.015254 -0.048451 -0.006428
v 0.019967 -0.063395 -0.007063
v 0.007366 -0.067313 -0.005753
v 0.033397 -0.039342 -0.006431
v 0.031491 -0.056790 -0.006791
v 0.037544 -0.050361 -0.006255
v 0.037674 -0.049252 -0.000127
v 0.038753 -0.049145 0.004688
v 0.032609 -0.036523 0.005536
v 0.032941 -0.053726 0.005399
v 0.013633 -0.045163 0.005532
v 0.021516 -0.059873 0.006641
v -0.004478 -0.054961 0.005531
v 0.009531 -0.065554 0.006366
v 0.001280 -0.067656 0.005718
v 0.000460 -0.066884 0.001167
v -0.000364 -0.067540 -0.005143
v 0.023343 -0.077534 -0.012809
v 0.014785 -0.080693 -0.008981
v 0.032371 -0.072400 -0.012777
v 0.038973 -0.067864 -0.009347
v 0.041201 -0.066027 -0.002834
v 0.042332 -0.065978 0.003856
v 0.038316 -0.068528 0.008893
v 0.030278 -0.072724 0.012602
v 0.021056 -0.076916 0.012558
v 0.013711 -0.079888 0.009245
v 0.010805 -0.080648 0.003072
v 0.010102 -0.081390 -0.003958
v -0.024943 0.035992 0.005531
v -0.006504 0.044347 0.005531
v -0.027342 -0.035554 0.005531
v -0.035958 -0.021080 0.005531
v 0.001120 -0.020839 0.005531
v 0.030887 -0.007824 0.005531
v 0.025746 0.008123 0.005531
v -0.005442 -0.006252 0.005531
v -0.041715 -0.004822 0.005531
v 0.017166 0.022976 0.005531
v -0.012375 0.008866 0.005531
v -0.016843 -0.046384 0.005531
v 0.006980 -0.033394 0.005531
v 0.032270 -0.022353 0.005531
v -0.044103 0.011748 0.005531
v 0.006051 0.035401 0.005531
v -0.019059 0.023311 0.005531
v -0.024868 0.035759 -0.006428
v -0.042866 0.027078 -0.006428
v 0.032473 -0.008472 -0.006428
v 0.026374 0.007735 -0.006428
v -0.025818 -0.035605 -0.006428
v -0.035276 -0.021168 -0.006428
v -0.004463 -0.006774 -0.006428
v 0.003526 -0.021655 -0.006428
v 0.017375 0.022641 -0.006428
v -0.041411 -0.004999 -0.006428
v -0.011995 0.008367 -0.006428
v 0.006130 0.035106 -0.006428
v -0.043935 0.011546 -0.006428
v -0.018873 0.022851 -0.006428
v 0.034461 -0.023931 -0.006428
v -0.015209 -0.046393 -0.006428
v 0.010076 -0.034951 -0.006428
v 0.052963 -0.068604 -0.006808
v 0.053119 -0.068775 -0.006784
v 0.053987 -0.068435 0.005606
v 0.053825 -0.068270 0.005525
v 0.046093 -0.071931 -0.017603
v 0.046368 -0.072085 -0.017630
v 0.035184 -0.077356 -0.023147
v 0.035508 -0.077610 -0.023272
v 0.022925 -0.083425 -0.022746
v 0.023093 -0.083797 -0.022899
v 0.012429 -0.088504 -0.016225
v 0.012447 -0.088785 -0.016232
v 0.006356 -0.091422 -0.005818
v 0.006361 -0.091520 -0.005851
v 0.007196 -0.091044 0.006509
v 0.007222 -0.091065 0.006437
v 0.014061 -0.087779 0.017280
v 0.013946 -0.087929 0.017190
v 0.024981 -0.082547 0.022701
v 0.024879 -0.082831 0.022731
v 0.037250 -0.076574 0.022233
v 0.037290 -0.076863 0.022357
v 0.047755 -0.071346 0.015797
v 0.047883 -0.071559 0.015883
v 0.119906 -0.207001 -0.005531
v 0.119471 -0.208279 -0.005213
v 0.113533 -0.210230 -0.016234
v 0.113360 -0.211376 -0.015476
v 0.103192 -0.215350 -0.021877
v 0.103410 -0.216304 -0.020906
v 0.091513 -0.221065 -0.021825
v 0.092144 -0.221819 -0.020856
v 0.081309 -0.225999 -0.015892
v 0.082320 -0.226570 -0.015144
v 0.075074 -0.228946 -0.005723
v 0.076369 -0.229383 -0.005439
v 0.075497 -0.228612 0.006604
v 0.076772 -0.229065 0.006302
v 0.081870 -0.225383 0.017306
v 0.082881 -0.225968 0.016562
v 0.092176 -0.220283 0.022839
v 0.092792 -0.221061 0.021884
v 0.103818 -0.214586 0.022717
v 0.104027 -0.215561 0.021766
v 0.114054 -0.209636 0.016854
v 0.113887 -0.210792 0.016118
v 0.120330 -0.206667 0.006797
v 0.119874 -0.207960 0.006524
v 0.116360 -0.208710 -0.004246
v 0.117632 -0.209165 -0.004554
v 0.112073 -0.211986 -0.013853
v 0.111063 -0.211400 -0.013109
v 0.102954 -0.216505 -0.018749
v 0.102335 -0.215728 -0.017796
v 0.092614 -0.221571 -0.018723
v 0.092403 -0.220595 -0.017771
v 0.083631 -0.225918 -0.013516
v 0.083794 -0.224763 -0.012781
v 0.078144 -0.228516 -0.004881
v 0.078603 -0.227222 -0.004608
v 0.078610 -0.228179 0.005642
v 0.079042 -0.226902 0.005319
v 0.084160 -0.225362 0.014939
v 0.084328 -0.224218 0.014175
v 0.093237 -0.220865 0.019724
v 0.093010 -0.219914 0.018752
v 0.103557 -0.215810 0.019624
v 0.102927 -0.215055 0.018656
v 0.112585 -0.211440 0.014479
v 0.111587 -0.210862 0.013722
v 0.118108 -0.208822 0.005960
v 0.116809 -0.208387 0.005667
vt 0.260584 0.981469
vt 0.261963 0.981480
vt 0.261748 0.983455
vt 0.260584 0.983376
vt 0.261603 0.985387
vt 0.260421 0.985276
vt 0.261459 0.987335
vt 0.260276 0.987187
vt 0.261316 0.989330
vt 0.260093 0.989116
vt 0.261159 0.991483
vt 0.259804 0.991128
vt 0.260980 0.993910
vt 0.259134 0.993046
vt 0.257312 0.995677
vt 0.256523 0.994275
vt 0.253539 0.995996
vt 0.253475 0.994422
vt 0.249989 0.994886
vt 0.250539 0.993418
vt 0.247146 0.992552
vt 0.248131 0.991433
vt 0.245244 0.989419
vt 0.246603 0.988689
vt 0.244600 0.985745
vt 0.246084 0.985517
vt 0.245233 0.982237
vt 0.246672 0.982472
vt 0.246799 0.978753
vt 0.248146 0.979306
vt 0.260395 0.977749
vt 0.262178 0.977796
vt 0.262179 0.979780
vt 0.260557 0.979677
vt 0.262743 0.981635
vt 0.262493 0.983545
vt 0.262397 0.985451
vt 0.262273 0.987376
vt 0.262160 0.989335
vt 0.262078 0.991423
vt 0.262340 0.993407
vt 0.264997 0.994992
vt 0.264336 0.995895
vt 0.268107 0.995527
vt 0.267911 0.996602
vt 0.271246 0.994874
vt 0.271492 0.995934
vt 0.273952 0.993102
vt 0.274579 0.993996
vt 0.275840 0.990453
vt 0.276767 0.991074
vt 0.276707 0.987274
vt 0.277840 0.987551
vt 0.276452 0.984094
vt 0.277716 0.984070
vt 0.275188 0.980655
vt 0.276340 0.980490
vt 0.263292 0.978037
vt 0.262988 0.979937
vt 0.259398 0.990380
vt 0.266154 0.994681
vt 0.270873 0.953718
vt 0.268558 0.953431
vt 0.268576 0.953264
vt 0.270878 0.953543
vt 0.273159 0.953812
vt 0.273178 0.953989
vt 0.275563 0.953947
vt 0.275566 0.954143
vt 0.248960 0.952438
vt 0.251189 0.952679
vt 0.251153 0.952857
vt 0.248926 0.952640
vt 0.253329 0.952671
vt 0.253318 0.952857
vt 0.255601 0.952627
vt 0.255606 0.952808
vt 0.257901 0.952603
vt 0.257913 0.952778
vt 0.260124 0.952650
vt 0.260133 0.952815
vt 0.262302 0.952744
vt 0.262302 0.952906
vt 0.264326 0.952892
vt 0.264317 0.953043
vt 0.266352 0.953037
vt 0.266335 0.953199
vt 0.264387 0.951660
vt 0.266388 0.951815
vt 0.266402 0.952540
vt 0.264366 0.952400
vt 0.262318 0.952244
vt 0.262378 0.951536
vt 0.268556 0.952007
vt 0.268582 0.952768
vt 0.270752 0.952213
vt 0.270814 0.953002
vt 0.272855 0.952408
vt 0.273010 0.953238
vt 0.274890 0.952487
vt 0.275237 0.953316
vt 0.249782 0.951018
vt 0.251639 0.951222
vt 0.251370 0.952072
vt 0.249315 0.951806
vt 0.253624 0.951277
vt 0.253480 0.952085
vt 0.255801 0.951308
vt 0.255698 0.952083
vt 0.258037 0.951348
vt 0.257949 0.952099
vt 0.260220 0.951421
vt 0.260143 0.952152
vt 0.250521 0.977890
vt 0.251832 0.974863
vt 0.254957 0.974344
vt 0.254757 0.976789
vt 0.258247 0.974361
vt 0.258776 0.976791
vt 0.260138 0.975082
vt 0.261962 0.975204
vt 0.263409 0.975385
vt 0.265144 0.975052
vt 0.265149 0.977594
vt 0.268294 0.975411
vt 0.269000 0.978269
vt 0.271327 0.975985
vt 0.272906 0.979388
vt 0.273094 0.976759
vt 0.274039 0.976832
vt 0.249132 0.975372
vt 0.250270 0.975720
vt 0.252520 0.972081
vt 0.254773 0.971889
vt 0.257174 0.971861
vt 0.259355 0.972022
vt 0.261383 0.972214
vt 0.263399 0.972312
vt 0.265323 0.972339
vt 0.267726 0.972549
vt 0.270019 0.972937
vt 0.271900 0.973339
vt 0.273239 0.973699
vt 0.249460 0.972366
vt 0.250948 0.972322
vt 0.263757 0.992736
vt 0.262597 0.990737
vt 0.273081 0.988673
vt 0.273986 0.985489
vt 0.269473 0.983197
vt 0.269002 0.986030
vt 0.264996 0.984091
vt 0.265224 0.981662
vt 0.271358 0.991495
vt 0.267692 0.988786
vt 0.264489 0.986529
vt 0.273894 0.982429
vt 0.269484 0.980704
vt 0.265282 0.979607
vt 0.268940 0.993593
vt 0.265881 0.991092
vt 0.263644 0.988797
vt 0.255431 0.993806
vt 0.257887 0.992161
vt 0.258045 0.983489
vt 0.258241 0.980985
vt 0.249055 0.983714
vt 0.253893 0.981753
vt 0.253805 0.984760
vt 0.249498 0.987032
vt 0.258175 0.985973
vt 0.254670 0.987699
vt 0.250809 0.990013
vt 0.258673 0.988323
vt 0.256085 0.990225
vt 0.252880 0.992365
vt 0.258577 0.978821
vt 0.254325 0.979171
vt 0.249539 0.980729
vt 0.261243 0.969810
vt 0.263381 0.969881
vt 0.263390 0.969925
vt 0.261250 0.969855
vt 0.259041 0.969835
vt 0.259017 0.969781
vt 0.256871 0.969827
vt 0.256843 0.969758
vt 0.254659 0.969917
vt 0.254646 0.969850
vt 0.252469 0.970188
vt 0.252474 0.970140
vt 0.250397 0.970419
vt 0.250390 0.970402
vt 0.248225 0.970510
vt 0.248208 0.970504
vt 0.274234 0.971834
vt 0.271988 0.971413
vt 0.271962 0.971389
vt 0.274228 0.971821
vt 0.269846 0.970865
vt 0.269825 0.970821
vt 0.267648 0.970400
vt 0.267643 0.970348
vt 0.265448 0.970105
vt 0.265453 0.970057
vt 0.356656 0.976393
vt 0.356497 0.978436
vt 0.355009 0.978380
vt 0.354952 0.976356
vt 0.356494 0.980414
vt 0.355011 0.980441
vt 0.356492 0.982412
vt 0.355003 0.982500
vt 0.356543 0.984429
vt 0.354997 0.984622
vt 0.356730 0.986512
vt 0.354989 0.986898
vt 0.357336 0.988498
vt 0.355012 0.989478
vt 0.359738 0.989889
vt 0.358623 0.991588
vt 0.362715 0.990267
vt 0.362465 0.992227
vt 0.365691 0.989573
vt 0.366154 0.991399
vt 0.368238 0.987822
vt 0.369350 0.989441
vt 0.370048 0.985291
vt 0.371637 0.986423
vt 0.370909 0.982199
vt 0.372732 0.982733
vt 0.370672 0.979153
vt 0.372547 0.979129
vt 0.369711 0.975989
vt 0.371561 0.975630
vt 0.357358 0.972755
vt 0.356910 0.974612
vt 0.354856 0.974464
vt 0.355022 0.972539
vt 0.353941 0.978442
vt 0.353814 0.976448
vt 0.353899 0.980442
vt 0.353880 0.982474
vt 0.353831 0.984522
vt 0.353712 0.986676
vt 0.353216 0.988631
vt 0.351431 0.991338
vt 0.350582 0.990011
vt 0.347650 0.991849
vt 0.347473 0.990328
vt 0.343991 0.990949
vt 0.344421 0.989489
vt 0.340910 0.988795
vt 0.341845 0.987593
vt 0.338775 0.985691
vt 0.340092 0.984885
vt 0.337794 0.982020
vt 0.339348 0.981686
vt 0.338006 0.978500
vt 0.339700 0.978552
vt 0.339340 0.975090
vt 0.340954 0.975329
vt 0.353615 0.974700
vt 0.353340 0.972820
vt 0.357528 0.985604
vt 0.349261 0.989200
vt 0.346969 0.949562
vt 0.347024 0.949271
vt 0.349615 0.949354
vt 0.349585 0.949633
vt 0.344357 0.949449
vt 0.344457 0.949142
vt 0.341671 0.949082
vt 0.341860 0.948740
vt 0.372062 0.949352
vt 0.372233 0.949716
vt 0.369672 0.950096
vt 0.369595 0.949776
vt 0.367179 0.950110
vt 0.367135 0.949806
vt 0.364598 0.950044
vt 0.364572 0.949757
vt 0.361993 0.949956
vt 0.361980 0.949679
vt 0.359448 0.949894
vt 0.359444 0.949625
vt 0.356926 0.949831
vt 0.356929 0.949568
vt 0.354519 0.949789
vt 0.354529 0.949527
vt 0.352127 0.949703
vt 0.352145 0.949434
vt 0.354540 0.948785
vt 0.354533 0.949008
vt 0.352149 0.948923
vt 0.352162 0.948697
vt 0.356953 0.948831
vt 0.356949 0.949055
vt 0.349665 0.948843
vt 0.349692 0.948608
vt 0.347150 0.948715
vt 0.347202 0.948470
vt 0.344690 0.948523
vt 0.344783 0.948258
vt 0.342334 0.948072
vt 0.342498 0.947802
vt 0.371526 0.948349
vt 0.371664 0.948631
vt 0.369406 0.949080
vt 0.369328 0.948798
vt 0.367009 0.949187
vt 0.366962 0.948931
vt 0.364499 0.949194
vt 0.364470 0.948954
vt 0.361956 0.949162
vt 0.361943 0.948930
vt 0.359456 0.949111
vt 0.359453 0.948886
vt 0.367307 0.974418
vt 0.363445 0.972910
vt 0.363695 0.970708
vt 0.366708 0.971516
vt 0.359626 0.972318
vt 0.360483 0.970282
vt 0.357992 0.970428
vt 0.355488 0.970217
vt 0.353300 0.970384
vt 0.350980 0.972617
vt 0.351026 0.970281
vt 0.347249 0.973305
vt 0.347890 0.970706
vt 0.343521 0.974287
vt 0.344906 0.971209
vt 0.342741 0.971834
vt 0.341291 0.971806
vt 0.368563 0.972442
vt 0.370252 0.972281
vt 0.364230 0.968753
vt 0.366609 0.969210
vt 0.361715 0.968489
vt 0.359157 0.968326
vt 0.356470 0.968222
vt 0.353739 0.968129
vt 0.351185 0.968174
vt 0.348626 0.968344
vt 0.346176 0.968623
vt 0.343975 0.968963
vt 0.342198 0.969345
vt 0.368662 0.969638
vt 0.370566 0.969931
vt 0.351518 0.987530
vt 0.352903 0.985753
vt 0.342454 0.980005
vt 0.343183 0.983038
vt 0.346820 0.977961
vt 0.351002 0.976566
vt 0.351135 0.978945
vt 0.347188 0.980667
vt 0.344656 0.985783
vt 0.351493 0.981379
vt 0.348255 0.983375
vt 0.342605 0.977127
vt 0.346823 0.975597
vt 0.350926 0.974573
vt 0.346773 0.987922
vt 0.352116 0.983700
vt 0.349752 0.985732
vt 0.358961 0.987369
vt 0.361051 0.989087
vt 0.359382 0.976399
vt 0.359288 0.978850
vt 0.367856 0.980069
vt 0.367103 0.983132
vt 0.363229 0.980520
vt 0.363497 0.977676
vt 0.358928 0.981280
vt 0.365604 0.985808
vt 0.362169 0.983242
vt 0.358299 0.983573
vt 0.363497 0.987859
vt 0.360690 0.985571
vt 0.359411 0.974282
vt 0.367772 0.977222
vt 0.363459 0.975197
vt 0.356784 0.966006
vt 0.356764 0.966307
vt 0.354096 0.966222
vt 0.354129 0.965916
vt 0.359469 0.966161
vt 0.359440 0.966457
vt 0.362023 0.966364
vt 0.361994 0.966639
vt 0.364533 0.966698
vt 0.364502 0.966970
vt 0.366993 0.967174
vt 0.366946 0.967461
vt 0.369411 0.967606
vt 0.369309 0.967897
vt 0.371904 0.967960
vt 0.371750 0.968277
vt 0.341558 0.967603
vt 0.341429 0.967276
vt 0.343992 0.966781
vt 0.344019 0.967081
vt 0.346480 0.966352
vt 0.346477 0.966637
vt 0.349011 0.966056
vt 0.349002 0.966339
vt 0.351580 0.965937
vt 0.351569 0.966235
vt 0.357154 0.938330
vt 0.357155 0.938093
vt 0.359292 0.938121
vt 0.359298 0.938358
vt 0.355106 0.938267
vt 0.355122 0.938031
vt 0.361432 0.938095
vt 0.361445 0.938332
vt 0.363601 0.938028
vt 0.363621 0.938266
vt 0.365723 0.937883
vt 0.365758 0.938119
vt 0.367728 0.937622
vt 0.367800 0.937848
vt 0.369668 0.936979
vt 0.369827 0.937196
vt 0.344546 0.936687
vt 0.344699 0.936469
vt 0.346741 0.937142
vt 0.346665 0.937366
vt 0.348831 0.937490
vt 0.348786 0.937724
vt 0.350978 0.937731
vt 0.350945 0.937965
vt 0.353104 0.937896
vt 0.353077 0.938133
vt 0.263088 0.940007
vt 0.263098 0.939758
vt 0.265034 0.939854
vt 0.265014 0.940106
vt 0.261020 0.939907
vt 0.261028 0.939658
vt 0.258928 0.939828
vt 0.258937 0.939582
vt 0.256798 0.939741
vt 0.256810 0.939490
vt 0.254737 0.939648
vt 0.254747 0.939402
vt 0.252851 0.939569
vt 0.252842 0.939316
vt 0.250987 0.939635
vt 0.250911 0.939394
vt 0.275151 0.940874
vt 0.275049 0.941109
vt 0.273108 0.940818
vt 0.273148 0.940569
vt 0.271095 0.940637
vt 0.271120 0.940389
vt 0.268996 0.940457
vt 0.269020 0.940208
vt 0.266925 0.940276
vt 0.266950 0.940032
vt 0.357159 0.937733
vt 0.359281 0.937758
vt 0.361413 0.937726
vt 0.363570 0.937655
vt 0.365666 0.937515
vt 0.367617 0.937294
vt 0.369405 0.936677
vt 0.344960 0.936161
vt 0.346862 0.936796
vt 0.348904 0.937119
vt 0.351029 0.937366
vt 0.353145 0.937528
vt 0.355144 0.937688
vn -0.456043 -0.032468 0.889365
vn -0.995221 -0.092758 -0.030527
vn -0.911078 -0.411999 -0.013913
vn -0.371874 -0.167074 0.913124
vn -0.731548 -0.681779 -0.003778
vn -0.304565 -0.292538 0.906456
vn -0.481016 -0.876712 -0.000151
vn -0.234202 -0.459096 0.856960
vn -0.186542 -0.982447 0.000647
vn -0.106526 -0.719533 0.686239
vn 0.125305 -0.992118 0.000602
vn 0.081460 -0.873987 0.479073
vn 0.426248 -0.904606 0.000443
vn 0.352055 -0.746556 0.564545
vn 0.685317 -0.728245 0.000268
vn 0.623273 -0.620143 0.476397
vn 0.876394 -0.481594 0.000191
vn 0.629214 -0.379892 0.678065
vn 0.982330 -0.187155 0.000942
vn 0.508786 -0.113088 0.853433
vn 0.991468 0.130269 0.004559
vn 0.416877 0.047861 0.907702
vn 0.897482 0.440799 0.014891
vn 0.344715 0.169475 0.923282
vn 0.704631 0.708837 0.032320
vn 0.271429 0.285149 0.919248
vn 0.493807 0.868950 0.032875
vn 0.225025 0.423913 0.877303
vn 0.444473 0.895772 0.005957
vn 0.263348 0.566165 0.781092
vn -0.670427 0.200156 0.714468
vn -0.967694 0.252123 -0.001362
vn -0.984251 0.173904 -0.031728
vn -0.565339 0.119665 0.816132
vn -0.243342 -0.014539 -0.969832
vn -0.222016 -0.100390 -0.969861
vn -0.194459 -0.191192 -0.962098
vn -0.154846 -0.318374 -0.935233
vn -0.069438 -0.560037 -0.825553
vn 0.055904 -0.761217 -0.646083
vn 0.290705 -0.616097 -0.732062
vn 0.552179 -0.527752 -0.645427
vn 0.480247 -0.305538 -0.822198
vn 0.349329 -0.084200 -0.933209
vn 0.282446 0.029915 -0.958817
vn 0.244999 0.120751 -0.961974
vn 0.212983 0.228014 -0.950078
vn 0.183965 0.363702 -0.913169
vn 0.205004 0.454929 -0.866610
vn -0.434515 0.126941 -0.891674
vn -0.293484 0.065893 -0.953690
vn 0.000193 0.068331 0.997663
vn -0.054001 0.044046 -0.997569
vn 0.184459 0.082529 -0.979369
vn -0.219912 -0.116618 -0.968524
vn -0.443170 0.896192 -0.020986
vn -0.424999 0.905003 -0.018593
vn -0.424976 0.905195 0.004133
vn 0.582530 0.278204 -0.763716
vn -0.443742 0.896121 0.007745
vn 0.849950 0.409584 -0.331399
vn -0.456749 0.889382 -0.019510
vn 0.868611 0.418058 0.265975
vn -0.435367 0.899779 -0.029208
vn 0.599022 0.285956 0.747932
vn -0.430282 0.902528 -0.017364
vn 0.225110 0.103337 0.968838
vn -0.439610 0.898102 -0.012507
vn -0.185097 -0.096888 0.977932
vn -0.439455 0.897900 -0.025609
vn -0.577613 -0.289197 0.763366
vn -0.426799 0.903985 -0.025570
vn -0.843430 -0.420006 0.334995
vn -0.419330 0.907833 0.001069
vn -0.862427 -0.431072 -0.265324
vn -0.446605 0.894731 0.000649
vn -0.587706 -0.297264 -0.752487
vn -0.882586 -0.378667 -0.278664
vn -0.597547 -0.249717 -0.761958
vn -0.696422 0.557746 -0.451571
vn -0.839184 0.519986 -0.159328
vn -0.843445 0.508282 0.173924
vn -0.870872 -0.369988 0.323558
vn -0.228007 -0.073798 -0.970859
vn -0.477746 0.651915 -0.588868
vn 0.175817 0.122230 -0.976805
vn -0.237025 0.772770 -0.588767
vn 0.570258 0.318963 -0.757013
vn -0.028987 0.900196 -0.434518
vn 0.831150 0.451978 -0.323892
vn 0.090940 0.979250 -0.181106
vn 0.841283 0.465435 0.274978
vn 0.072881 0.988187 0.134814
vn 0.565226 0.331012 0.755613
vn -0.036322 0.909613 0.413866
vn 0.190232 0.148992 0.970368
vn -0.236227 0.796199 0.557013
vn -0.219449 -0.050982 0.974291
vn -0.473780 0.670914 0.570445
vn -0.610749 -0.241147 0.754211
vn -0.701059 0.569852 0.428702
vn -0.008957 0.011878 0.999889
vn 0.154601 0.014021 0.987878
vn 0.116433 -0.124888 0.985315
vn 0.008457 -0.002637 0.999961
vn 0.021894 -0.142817 0.989507
vn 0.018479 -0.002438 0.999826
vn -0.685115 0.002104 0.728432
vn -0.993723 0.057353 0.096046
vn -0.700382 0.007307 -0.713731
vn -0.094047 -0.124058 -0.987808
vn 0.007774 0.002774 -0.999966
vn 0.031120 -0.167345 -0.985407
vn 0.002755 -0.019021 -0.999815
vn 0.110266 -0.115897 -0.987122
vn -0.004329 -0.027130 -0.999623
vn 0.391241 0.359880 -0.847005
vn 0.624427 0.775599 -0.092400
vn 0.491341 0.639613 0.591168
vn 0.528432 -0.366496 0.765794
vn 0.382192 -0.526126 0.759685
vn 0.227217 -0.600521 0.766647
vn -0.188514 -0.720576 0.667257
vn -0.660778 -0.712931 0.234738
vn -0.478081 -0.804153 -0.353239
vn -0.050770 -0.644204 -0.763167
vn 0.161533 -0.588312 -0.792335
vn 0.336786 -0.485626 -0.806686
vn 0.666250 -0.246288 -0.703884
vn 0.961784 0.130335 -0.240801
vn 0.938052 -0.012784 0.346259
vn -0.025709 0.054394 -0.998189
vn 0.000200 0.069275 -0.997598
vn -0.026718 -0.013151 -0.999557
vn -0.024590 -0.021888 -0.999458
vn -0.000002 0.000004 -1.000000
vn -0.000002 0.000006 -1.000000
vn 0.025942 0.011676 -0.999595
vn 0.029287 0.004631 -0.999560
vn -0.030769 -0.005427 -0.999512
vn 0.000004 -0.000002 -1.000000
vn 0.023293 0.019840 -0.999532
vn -0.022504 -0.031470 -0.999251
vn 0.000045 -0.000052 -1.000000
vn 0.033655 -0.001722 -0.999432
vn -0.039923 0.004701 -0.999192
vn 0.000003 -0.000003 -1.000000
vn 0.021559 0.033286 -0.999213
vn -0.053425 0.043573 0.997621
vn -0.025080 0.053081 0.998275
vn 0.026357 0.012072 0.999580
vn 0.031812 0.005174 0.999480
vn -0.021780 -0.019483 0.999573
vn -0.000000 -0.000000 1.000000
vn 0.000002 -0.000003 1.000000
vn -0.025431 -0.012832 0.999594
vn 0.023269 0.019822 0.999533
vn 0.000000 0.000000 1.000000
vn -0.030309 -0.005485 0.999526
vn 0.021436 0.032838 0.999231
vn -0.000000 0.000000 1.000000
vn -0.039592 0.004490 0.999206
vn 0.038961 -0.002964 0.999236
vn 0.000014 -0.000119 1.000000
vn -0.020053 -0.026567 0.999446
vn -0.845935 -0.413672 0.336555
vn -0.866177 -0.425432 -0.262193
vn -0.136545 -0.977291 -0.162043
vn -0.151800 -0.968864 0.195600
vn 0.078084 -0.892076 0.445088
vn -0.580556 -0.282113 0.763785
vn 0.337094 -0.805758 0.486952
vn -0.187864 -0.089466 0.978112
vn 0.483089 -0.743570 0.462309
vn 0.224407 0.111635 0.968080
vn 0.640808 -0.617854 0.455655
vn 0.599197 0.294130 0.744614
vn 0.885009 -0.426909 0.185764
vn 0.867021 0.424730 0.260535
vn 0.897733 -0.375396 -0.230548
vn 0.846547 0.414742 -0.333688
vn 0.668894 -0.533881 -0.517254
vn 0.579236 0.283954 -0.764105
vn 0.423061 -0.706150 -0.567777
vn 0.181152 0.088426 -0.979472
vn 0.246513 -0.814482 -0.525215
vn -0.224389 -0.111233 -0.968130
vn 0.060270 -0.891231 -0.449527
vn -0.592531 -0.292212 -0.750679
vn 0.551041 0.051254 -0.832903
vn 0.464481 0.209546 -0.860435
vn 0.911210 0.411785 0.011368
vn 0.995329 0.093327 0.024696
vn 0.382845 0.356288 -0.852343
vn 0.731631 0.681694 0.003223
vn 0.290497 0.528929 -0.797399
vn 0.481099 0.876666 0.000377
vn 0.142911 0.751992 -0.643494
vn 0.186568 0.982442 -0.000191
vn -0.107147 0.848727 -0.517863
vn -0.125322 0.992116 -0.000146
vn -0.340063 0.721776 -0.602823
vn -0.426249 0.904606 -0.000003
vn -0.587079 0.623904 -0.515832
vn -0.685307 0.728254 0.000148
vn -0.675123 0.370981 -0.637638
vn -0.876409 0.481567 0.000210
vn -0.597149 0.113680 -0.794034
vn -0.982342 0.187091 -0.000358
vn -0.515959 -0.068003 -0.853910
vn -0.991474 -0.130267 -0.003277
vn -0.437968 -0.215784 -0.872709
vn -0.897544 -0.440771 -0.011660
vn -0.351718 -0.354295 -0.866470
vn -0.705324 -0.708433 -0.025318
vn -0.278720 -0.488441 -0.826886
vn -0.493107 -0.869514 -0.028112
vn -0.284556 -0.593715 -0.752683
vn -0.438153 -0.898897 0.002598
vn 0.678859 -0.194007 -0.708175
vn 0.629107 -0.114366 -0.768860
vn 0.984323 -0.174110 0.028176
vn 0.966087 -0.258206 -0.002573
vn 0.353476 0.159540 0.921738
vn 0.392748 0.036700 0.918914
vn 0.305766 0.284865 0.908493
vn 0.241265 0.439654 0.865156
vn 0.126273 0.664995 0.736095
vn -0.098741 0.781605 0.615908
vn -0.305179 0.647586 0.698211
vn -0.540294 0.574031 0.615281
vn -0.596185 0.327433 0.733043
vn -0.497725 0.094568 0.862164
vn -0.425617 -0.056230 0.903155
vn -0.373713 -0.183853 0.909141
vn -0.321151 -0.323462 0.890076
vn -0.259152 -0.464301 0.846915
vn -0.246897 -0.525601 0.814116
vn 0.440182 -0.076720 0.894625
vn 0.542173 -0.146961 0.827316
vn -0.000001 0.000006 -1.000000
vn -0.000004 -0.000005 1.000000
vn -0.180337 -0.097313 0.978779
vn 0.249738 -0.790962 0.558578
vn 0.480389 -0.673042 0.562353
vn 0.228242 0.104011 0.968033
vn -0.578622 -0.293819 0.760833
vn 0.045088 -0.907549 0.417518
vn -0.844696 -0.425144 0.325179
vn -0.071788 -0.982401 0.172436
vn -0.861872 -0.433301 -0.263489
vn -0.071639 -0.988529 -0.132963
vn -0.597418 -0.303190 -0.742406
vn 0.056530 -0.919037 -0.390096
vn -0.220028 -0.118356 -0.968287
vn 0.248594 -0.811341 -0.529081
vn 0.193536 0.083823 -0.977506
vn 0.477404 -0.692266 -0.541159
vn 0.587416 0.276610 -0.760545
vn 0.697113 -0.586097 -0.412946
vn 0.852522 0.406973 -0.327993
vn 0.835679 -0.523767 -0.165256
vn 0.869933 0.417212 0.262967
vn 0.840290 -0.518498 0.158343
vn 0.600814 0.286715 0.746202
vn 0.692581 -0.578831 0.430450
vn 0.870299 0.408161 0.275651
vn 0.772381 -0.621841 0.129389
vn 0.661732 -0.656952 0.361283
vn 0.593525 0.279825 0.754603
vn 0.861025 0.398821 -0.315558
vn 0.775582 -0.616741 -0.134546
vn 0.486893 -0.733472 0.474294
vn 0.217394 0.100043 0.970944
vn 0.294200 -0.830884 0.472311
vn -0.191602 -0.098426 0.976525
vn 0.129123 -0.928977 0.346885
vn -0.586907 -0.293434 0.754610
vn 0.036645 -0.988950 0.143651
vn -0.847930 -0.425239 0.316521
vn 0.048003 -0.993463 -0.103567
vn -0.857635 -0.436217 -0.272354
vn 0.136313 -0.936735 -0.322406
vn -0.586127 -0.307410 -0.749636
vn 0.294266 -0.848181 -0.440450
vn -0.204793 -0.123537 -0.970978
vn 0.483846 -0.748928 -0.452769
vn 0.209704 0.077927 -0.974655
vn 0.663743 -0.666203 -0.340028
vn 0.601485 0.269509 -0.752051
vn -0.010095 -0.049126 -0.998742
vn -0.007671 0.000977 -0.999970
vn -0.105718 0.109490 -0.988350
vn -0.158165 -0.061181 -0.985516
vn 0.023321 -0.007294 -0.999701
vn 0.015189 0.123375 -0.992244
vn 0.677304 -0.047005 -0.734200
vn 0.991267 -0.097702 -0.088563
vn 0.717894 -0.057391 0.693783
vn 0.034854 -0.012531 0.999314
vn 0.128945 0.097221 0.986874
vn -0.002065 0.017661 0.999842
vn -0.027888 0.155228 0.987485
vn -0.015056 -0.006648 0.999865
vn -0.120254 0.081733 0.989373
vn -0.388085 -0.424208 0.818192
vn -0.599774 -0.794804 0.092512
vn -0.459455 -0.645626 -0.609974
vn -0.391508 0.537235 -0.747061
vn -0.558101 0.353197 -0.750849
vn -0.217381 0.618125 -0.755425
vn 0.201823 0.712668 -0.671842
vn 0.636502 0.734658 -0.234826
vn 0.501456 0.779848 0.374672
vn 0.069492 0.656980 0.750698
vn -0.166684 0.599715 0.782661
vn -0.355567 0.485051 0.798935
vn -0.673226 0.223229 0.704937
vn -0.964649 -0.109973 0.239497
vn -0.932806 -0.009095 -0.360266
vn -0.000000 0.000000 1.000000
vn 0.000005 0.000000 1.000000
vn 0.000002 -0.000004 1.000000
vn -0.000000 -0.000002 1.000000
vn 0.000002 -0.000004 1.000000
vn 0.000005 -0.000002 1.000000
vn 0.000008 -0.000005 1.000000
vn 0.000002 -0.000006 1.000000
vn -0.000006 0.000004 1.000000
vn 0.000002 0.000004 1.000000
vn -0.000003 0.000002 1.000000
vn -0.000002 0.000001 1.000000
vn -0.000002 0.000003 1.000000
vn 0.000001 0.000004 1.000000
vn -0.000007 0.000001 1.000000
vn -0.000001 0.000008 1.000000
vn -0.000003 0.000003 1.000000
vn -0.000004 0.000006 -1.000000
vn -0.000004 0.000007 -1.000000
vn 0.000007 0.000002 -1.000000
vn 0.000004 0.000002 -1.000000
vn -0.000004 -0.000003 -1.000000
vn -0.000006 0.000001 -1.000000
vn -0.000002 0.000003 -1.000000
vn 0.000000 0.000000 -1.000000
vn 0.000002 -0.000001 -1.000000
vn -0.000003 -0.000003 -1.000000
vn 0.000000 0.000000 -1.000000
vn 0.000000 0.000004 -1.000000
vn -0.000001 -0.000002 -1.000000
vn 0.000000 0.000000 -1.000000
vn 0.000007 -0.000001 -1.000000
vn -0.000002 -0.000007 -1.000000
vn 0.000002 -0.000005 -1.000000
vn 0.844020 0.422010 -0.330966
vn 0.215262 0.953742 -0.209852
vn 0.212180 0.962276 0.170307
vn 0.863182 0.433140 0.259436
vn 0.577830 0.291016 -0.762511
vn 0.002641 0.873703 -0.486452
vn 0.183593 0.098427 -0.978062
vn -0.277095 0.771050 -0.573324
vn -0.230323 -0.103675 -0.967576
vn -0.486161 0.676411 -0.553278
vn -0.607296 -0.288621 -0.740195
vn -0.694201 0.524081 -0.493380
vn -0.870414 -0.418646 -0.259065
vn -0.916215 0.355867 -0.184142
vn -0.850859 -0.409785 0.328808
vn -0.916059 0.321020 0.240381
vn -0.583300 -0.277973 0.763212
vn -0.696874 0.463180 0.547569
vn -0.185103 -0.081233 0.979356
vn -0.429228 0.642028 0.635267
vn 0.223154 0.120296 0.967332
vn -0.205718 0.774264 0.598494
vn 0.595111 0.302956 0.744352
vn 0.021111 0.872419 0.488303
vn 0.860591 0.399357 -0.316067
vn 0.719771 -0.685984 -0.106557
vn 0.622657 -0.738000 -0.260104
vn 0.600922 0.269121 -0.752640
vn 0.869675 0.409519 0.275606
vn 0.729014 -0.675411 0.111169
vn 0.482846 -0.810330 -0.332002
vn 0.209254 0.076726 -0.974847
vn 0.337414 -0.880561 -0.332812
vn -0.205403 -0.124502 -0.970726
vn 0.197366 -0.944896 -0.261185
vn -0.586735 -0.307480 -0.749132
vn 0.082132 -0.992166 -0.094135
vn -0.858477 -0.434621 -0.272253
vn 0.094500 -0.987648 0.124989
vn -0.848578 -0.424478 0.315807
vn 0.196453 -0.939624 0.280200
vn -0.587744 -0.293800 0.753816
vn 0.342857 -0.872014 0.349342
vn -0.192089 -0.099812 0.976289
vn 0.485265 -0.803019 0.345947
vn 0.217106 0.098807 0.971134
vn 0.618817 -0.735242 0.276559
vn 0.593321 0.279515 0.754879
vn -0.844029 -0.425880 0.325948
vn 0.228704 -0.969758 0.085225
vn 0.241121 -0.969104 -0.051947
vn -0.854635 -0.437894 -0.279011
vn -0.583458 -0.295013 0.756666
vn 0.292252 -0.938679 0.182951
vn -0.192963 -0.102688 0.975818
vn 0.380094 -0.893499 0.239139
vn 0.216790 0.096145 0.971472
vn 0.476008 -0.847923 0.233330
vn 0.592112 0.276126 0.757071
vn 0.563308 -0.805209 0.185263
vn 0.871333 0.405531 0.276267
vn 0.613286 -0.786936 0.067918
vn 0.859594 0.395227 -0.323873
vn 0.622391 -0.779994 -0.065108
vn 0.597678 0.264155 -0.756969
vn 0.561616 -0.811300 -0.162421
vn 0.201895 0.070629 -0.976857
vn 0.473150 -0.852641 -0.221659
vn -0.201622 -0.125219 -0.971426
vn 0.378392 -0.899237 -0.219527
vn -0.570663 -0.302784 -0.763325
vn 0.289775 -0.941336 -0.172965
s 1
g arm_up_left arm_up_left
usemtl head_plateSG
f 458/293/269 461/294/270 460/295/271 459/296/272
f 459/296/272 460/295/271 463/297/273 462/298/274
f 462/298/274 463/297/273 465/299/275 464/300/276
f 464/300/276 465/299/275 467/301/277 466/302/278
f 466/302/278 467/301/277 469/303/279 468/304/280
f 468/304/280 469/303/279 471/305/281 470/306/282
f 470/306/282 471/305/281 473/307/283 472/308/284
f 472/308/284 473/307/283 475/309/285 474/310/286
f 474/310/286 475/309/285 477/311/287 476/312/288
f 476/312/288 477/311/287 479/313/289 478/314/290
f 478/314/290 479/313/289 481/315/291 480/316/292
f 480/316/292 481/315/291 483/317/293 482/318/294
f 482/318/294 483/317/293 485/319/295 484/320/296
f 484/320/296 485/319/295 487/321/297 486/322/298
f 488/323/299 491/324/300 490/325/301 489/326/302
f 489/326/302 490/325/301 461/294/270 458/293/269
f 461/294/270 493/327/303 492/328/304 460/295/271
f 460/295/271 492/328/304 494/329/305 463/297/273
f 463/297/273 494/329/305 495/330/306 465/299/275
f 465/299/275 495/330/306 496/331/307 467/301/277
f 467/301/277 496/331/307 497/332/308 469/303/279
f 469/303/279 497/332/308 498/333/309 471/305/281
f 471/305/281 498/333/309 499/334/310 473/335/283
f 473/335/283 499/334/310 500/336/311 475/337/285
f 475/337/285 500/336/311 501/338/312 477/339/287
f 477/339/287 501/338/312 502/340/313 479/341/289
f 479/341/289 502/340/313 503/342/314 481/343/291
f 481/343/291 503/342/314 504/344/315 483/345/293
f 483/345/293 504/344/315 505/346/316 485/347/295
f 485/347/295 505/346/316 506/348/317 487/349/297
f 491/324/300 508/350/318 507/351/319 490/325/301
f 490/325/301 507/351/319 493/327/303 461/294/270
f 466/302/278 468/304/280 509/352/320
f 500/336/311 499/334/310 510/353/321
f 511/354/322 514/355/323 513/356/324 512/357/325
f 512/357/325 516/358/326 515/359/327 511/354/322
f 516/358/326 518/360/328 517/361/329 515/359/327
f 518/362/328 520/363/330 519/364/331 517/365/329
f 520/363/330 522/366/332 521/367/333 519/364/331
f 522/366/332 524/368/334 523/369/335 521/367/333
f 524/368/334 526/370/336 525/371/337 523/369/335
f 526/370/336 528/372/338 527/373/339 525/371/337
f 528/372/338 530/374/340 529/375/341 527/373/339
f 530/374/340 532/376/342 531/377/343 529/375/341
f 532/376/342 534/378/344 533/379/345 531/377/343
f 534/378/344 513/356/324 514/355/323 533/379/345
f 535/380/346 538/381/347 537/382/348 536/383/349
f 536/383/349 540/384/350 539/385/351 535/380/346
f 538/381/347 542/386/352 541/387/353 537/382/348
f 542/386/352 544/388/354 543/389/355 541/387/353
f 544/388/354 546/390/356 545/391/357 543/389/355
f 546/390/356 548/392/358 547/393/359 545/391/357
f 548/394/358 550/395/360 549/396/361 547/397/359
f 550/395/360 552/398/362 551/399/363 549/396/361
f 552/398/362 554/400/364 553/401/365 551/399/363
f 554/400/364 556/402/366 555/403/367 553/401/365
f 556/402/366 558/404/368 557/405/369 555/403/367
f 558/404/368 539/385/351 540/384/350 557/405/369
f 537/382/348 534/378/344 532/376/342 536/383/349
f 541/387/353 513/356/324 534/378/344 537/382/348
f 543/389/355 512/357/325 513/356/324 541/387/353
f 545/391/357 516/358/326 512/357/325 543/389/355
f 547/393/359 518/360/328 516/358/326 545/391/357
f 549/396/361 520/363/330 518/362/328 547/397/359
f 551/399/363 522/366/332 520/363/330 549/396/361
f 553/401/365 524/368/334 522/366/332 551/399/363
f 555/403/367 526/370/336 524/368/334 553/401/365
f 557/405/369 528/372/338 526/370/336 555/403/367
f 540/384/350 530/374/340 528/372/338 557/405/369
f 536/383/349 532/376/342 530/374/340 540/384/350
f 559/406/370 562/407/371 561/408/372 560/409/373
f 560/409/373 561/408/372 564/410/374 563/411/375
f 563/411/375 564/410/374 565/412/376 488/323/299
f 488/323/299 565/412/376 566/413/377 491/324/300
f 491/324/300 566/413/377 567/414/378 508/350/318
f 508/350/318 567/414/378 569/415/379 568/416/380
f 568/416/380 569/415/379 571/417/381 570/418/382
f 570/418/382 571/417/381 573/419/383 572/420/384
f 572/420/384 573/419/383 574/421/385 506/348/317
f 506/348/317 574/421/385 575/422/386 487/349/297
f 487/321/297 575/423/386 576/424/387 486/322/298
f 486/322/298 576/424/387 562/407/371 559/406/370
f 562/407/371 578/425/388 577/426/389 561/408/372
f 561/408/372 577/426/389 579/427/390 564/410/374
f 564/410/374 579/427/390 580/428/391 565/412/376
f 565/412/376 580/428/391 581/429/392 566/413/377
f 566/413/377 581/429/392 582/430/393 567/414/378
f 567/414/378 582/430/393 583/431/394 569/415/379
f 569/415/379 583/431/394 584/432/395 571/417/381
f 571/417/381 584/432/395 585/433/396 573/419/383
f 573/419/383 585/433/396 586/434/397 574/421/385
f 574/421/385 586/434/397 587/435/398 575/422/386
f 575/423/386 587/436/398 588/437/399 576/424/387
f 576/424/387 588/437/399 578/425/388 562/407/371
f 589/438/400 498/333/309 497/332/308 590/439/401
f 504/344/315 503/342/314 592/440/402 591/441/403
f 593/442/404 596/443/405 595/444/406 594/445/407
f 503/342/314 502/340/313 597/446/408 592/440/402
f 596/443/405 599/447/409 598/448/410 595/444/406
f 505/346/316 504/344/315 591/441/403 600/449/411
f 601/450/412 593/442/404 594/445/407 602/451/413
f 502/340/313 501/338/312 603/452/414 597/446/408
f 599/447/409 605/453/415 604/454/416 598/448/410
f 600/449/411 591/441/403 593/442/404 601/450/412
f 592/440/402 596/443/405 593/442/404 591/441/403
f 597/446/408 599/447/409 596/443/405 592/440/402
f 603/452/414 605/453/415 599/447/409 597/446/408
f 499/334/310 498/333/309 589/438/400 510/353/321
f 501/338/312 500/336/311 510/353/321 603/452/414
f 589/438/400 605/453/415 603/452/414 510/353/321
f 605/453/415 589/438/400 590/439/401 604/454/416
f 507/351/319 602/451/413 594/445/407 493/327/303
f 595/444/406 492/328/304 493/327/303 594/445/407
f 598/448/410 494/329/305 492/328/304 595/444/406
f 604/454/416 495/330/306 494/329/305 598/448/410
f 590/439/401 496/331/307 495/330/306 604/454/416
f 497/332/308 496/331/307 590/439/401
f 572/420/384 506/348/317 505/346/316 600/449/411
f 570/418/382 572/420/384 600/449/411 601/450/412
f 568/416/380 570/418/382 601/450/412 602/451/413
f 507/351/319 508/350/318 568/416/380 602/451/413
f 470/306/282 472/308/284 607/455/417 606/456/418
f 458/293/269 459/296/272 609/457/419 608/458/420
f 610/459/421 613/460/422 612/461/423 611/462/424
f 459/296/272 462/298/274 614/463/425 609/457/419
f 611/462/424 612/461/423 616/464/426 615/465/427
f 462/298/274 464/300/276 617/466/428 614/463/425
f 615/465/427 616/464/426 619/467/429 618/468/430
f 464/300/276 466/302/278 509/352/320 617/466/428
f 618/468/430 619/467/429 606/456/418 607/455/417
f 488/323/299 489/326/302 620/469/431 563/411/375
f 559/406/370 560/409/373 622/470/432 621/471/433
f 621/471/433 622/470/432 613/460/422 610/459/421
f 489/326/302 458/293/269 608/458/420 620/469/431
f 620/469/431 622/470/432 560/409/373 563/411/375
f 608/458/420 613/460/422 622/470/432 620/469/431
f 609/457/419 612/461/423 613/460/422 608/458/420
f 614/463/425 616/464/426 612/461/423 609/457/419
f 617/466/428 619/467/429 616/464/426 614/463/425
f 509/352/320 606/456/418 619/467/429 617/466/428
f 468/304/280 470/306/282 606/456/418 509/352/320
f 484/320/296 486/322/298 559/406/370 621/471/433
f 482/318/294 484/320/296 621/471/433 610/459/421
f 480/316/292 482/318/294 610/459/421 611/462/424
f 478/314/290 480/316/292 611/462/424 615/465/427
f 476/312/288 478/314/290 615/465/427 618/468/430
f 474/310/286 476/312/288 618/468/430 607/455/417
f 472/308/284 474/310/286 607/455/417
f 623/472/434 626/473/435 625/474/436 624/475/437
f 624/475/437 628/476/438 627/477/439 623/472/434
f 628/476/438 630/478/440 629/479/441 627/477/439
f 630/478/440 632/480/442 631/481/443 629/479/441
f 632/480/442 634/482/444 633/483/445 631/481/443
f 634/482/444 636/484/446 635/485/447 633/483/445
f 636/484/446 638/486/448 637/487/449 635/485/447
f 638/488/448 640/489/450 639/490/451 637/491/449
f 640/489/450 642/492/452 641/493/453 639/490/451
f 642/492/452 644/494/454 643/495/455 641/493/453
f 644/494/454 646/496/456 645/497/457 643/495/455
f 646/496/456 625/474/436 626/473/435 645/497/457
f 515/359/327 639/490/451 641/493/453 511/354/322
f 517/361/329 637/491/449 639/490/451 515/359/327
f 519/364/331 635/485/447 637/487/449 517/365/329
f 521/367/333 633/483/445 635/485/447 519/364/331
f 523/369/335 631/481/443 633/483/445 521/367/333
f 525/371/337 629/479/441 631/481/443 523/369/335
f 527/373/339 627/477/439 629/479/441 525/371/337
f 529/375/341 623/472/434 627/477/439 527/373/339
f 531/377/343 626/473/435 623/472/434 529/375/341
f 533/379/345 645/497/457 626/473/435 531/377/343
f 514/355/323 643/495/455 645/497/457 533/379/345
f 511/354/322 641/493/453 643/495/455 514/355/323
f 578/425/388 634/482/444 632/480/442 577/426/389
f 577/426/389 632/480/442 630/478/440 579/427/390
f 579/427/390 630/478/440 628/476/438 580/428/391
f 580/428/391 628/476/438 624/475/437 581/429/392
f 581/429/392 624/475/437 625/474/436 582/430/393
f 582/430/393 625/474/436 646/496/456 583/431/394
f 583/431/394 646/496/456 644/494/454 584/432/395
f 584/432/395 644/494/454 642/492/452 585/433/396
f 585/433/396 642/492/452 640/489/450 586/434/397
f 586/434/397 640/489/450 638/488/448 587/435/398
f 587/436/398 638/486/448 636/484/446 588/437/399
f 588/437/399 636/484/446 634/482/444 578/425/388
f 269/498/458 270/499/459 290/500/460 289/501/461
f 270/499/459 271/502/462 291/503/463 290/500/460
f 271/502/462 272/504/464 292/505/465 291/503/463
f 272/504/464 273/506/466 293/507/467 292/505/465
f 273/506/466 274/508/468 294/509/469 293/507/467
f 274/508/468 275/510/470 295/511/471 294/509/469
f 275/510/470 276/512/472 296/513/473 295/511/471
f 276/512/472 277/514/474 297/515/475 296/513/473
f 277/514/474 278/516/476 298/517/477 297/515/475
f 278/516/476 279/518/478 299/519/479 298/517/477
f 279/518/478 280/520/480 300/521/481 299/519/479
f 280/520/480 281/522/482 301/523/483 300/521/481
f 281/522/482 282/524/484 302/525/485 301/523/483
f 282/524/484 283/526/486 303/527/487 302/525/485
f 287/528/488 288/529/489 305/530/490 304/531/491
f 288/529/489 269/498/458 289/501/461 305/530/490
f 289/501/461 290/500/460 307/532/492 306/533/493
f 290/500/460 291/503/463 308/534/494 307/532/492
f 291/503/463 292/505/465 309/535/495 308/534/494
f 292/505/465 293/507/467 310/536/496 309/535/495
f 293/507/467 294/509/469 311/537/497 310/536/496
f 294/509/469 295/511/471 312/538/498 311/537/497
f 295/511/471 296/539/473 313/540/499 312/538/498
f 296/539/473 297/541/475 314/542/500 313/540/499
f 297/541/475 298/543/477 315/544/501 314/542/500
f 298/543/477 299/545/479 316/546/502 315/544/501
f 299/545/479 300/547/481 317/548/503 316/546/502
f 300/547/481 301/549/483 318/550/504 317/548/503
f 301/549/483 302/551/485 319/552/505 318/550/504
f 302/551/485 303/553/487 320/554/506 319/552/505
f 304/531/491 305/530/490 325/555/507 324/556/508
f 305/530/490 289/501/461 306/533/493 325/555/507
f 273/506/466 427/557/509 274/508/468
f 314/542/500 406/558/510 313/540/499
f 326/559/511 327/560/512 349/561/513 348/562/514
f 327/560/512 326/559/511 328/563/515 329/564/516
f 329/564/516 328/563/515 330/565/517 331/566/518
f 331/567/518 330/568/517 332/569/519 333/570/520
f 333/570/520 332/569/519 334/571/521 335/572/522
f 335/572/522 334/571/521 336/573/523 337/574/524
f 337/574/524 336/573/523 338/575/525 339/576/526
f 339/576/526 338/575/525 340/577/527 341/578/528
f 341/578/528 340/577/527 342/579/529 343/580/530
f 343/580/530 342/579/529 344/581/531 345/582/532
f 345/582/532 344/581/531 346/583/533 347/584/534
f 347/584/534 346/583/533 348/562/514 349/561/513
f 350/585/535 351/586/536 353/587/537 352/588/538
f 351/586/536 350/585/535 372/589/539 373/590/540
f 352/588/538 353/587/537 355/591/541 354/592/542
f 354/592/542 355/591/541 357/593/543 356/594/544
f 356/594/544 357/593/543 359/595/545 358/596/546
f 358/596/546 359/595/545 361/597/547 360/598/548
f 360/599/548 361/600/547 363/601/549 362/602/550
f 362/602/550 363/601/549 365/603/551 364/604/552
f 364/604/552 365/603/551 367/605/553 366/606/554
f 366/606/554 367/605/553 369/607/555 368/608/556
f 368/608/556 369/607/555 371/609/557 370/610/558
f 370/610/558 371/609/557 373/590/540 372/589/539
f 353/587/537 351/586/536 345/582/532 347/584/534
f 355/591/541 353/587/537 347/584/534 349/561/513
f 357/593/543 355/591/541 349/561/513 327/560/512
f 359/595/545 357/593/543 327/560/512 329/564/516
f 361/597/547 359/595/545 329/564/516 331/566/518
f 363/601/549 361/600/547 331/567/518 333/570/520
f 365/603/551 363/601/549 333/570/520 335/572/522
f 367/605/553 365/603/551 335/572/522 337/574/524
f 369/607/555 367/605/553 337/574/524 339/576/526
f 371/609/557 369/607/555 339/576/526 341/578/528
f 373/590/540 371/609/557 341/578/528 343/580/530
f 351/586/536 373/590/540 343/580/530 345/582/532
f 284/611/559 285/612/560 375/613/561 374/614/562
f 285/612/560 286/615/563 376/616/564 375/613/561
f 286/615/563 287/528/488 377/617/565 376/616/564
f 287/528/488 304/531/491 378/618/566 377/617/565
f 304/531/491 324/556/508 379/619/567 378/618/566
f 324/556/508 323/620/568 380/621/569 379/619/567
f 323/620/568 322/622/570 381/623/571 380/621/569
f 322/622/570 321/624/572 382/625/573 381/623/571
f 321/624/572 320/554/506 383/626/574 382/625/573
f 320/554/506 303/553/487 384/627/575 383/626/574
f 303/527/487 283/526/486 385/628/576 384/629/575
f 283/526/486 284/611/559 374/614/562 385/628/576
f 374/614/562 375/613/561 387/630/577 386/631/578
f 375/613/561 376/616/564 388/632/579 387/630/577
f 376/616/564 377/617/565 389/633/580 388/632/579
f 377/617/565 378/618/566 390/634/581 389/633/580
f 378/618/566 379/619/567 391/635/582 390/634/581
f 379/619/567 380/621/569 392/636/583 391/635/582
f 380/621/569 381/623/571 393/637/584 392/636/583
f 381/623/571 382/625/573 394/638/585 393/637/584
f 382/625/573 383/626/574 395/639/586 394/638/585
f 383/626/574 384/627/575 396/640/587 395/639/586
f 384/629/575 385/628/576 397/641/588 396/642/587
f 385/628/576 374/614/562 386/631/578 397/641/588
f 407/643/589 412/644/590 311/537/497 312/538/498
f 318/550/504 402/645/591 403/646/592 317/548/503
f 400/647/593 408/648/594 409/649/595 398/650/596
f 317/548/503 403/646/592 404/651/597 316/546/502
f 398/650/596 409/649/595 410/652/598 399/653/599
f 319/552/505 413/654/600 402/645/591 318/550/504
f 414/655/601 415/656/602 408/648/594 400/647/593
f 316/546/502 404/651/597 405/657/603 315/544/501
f 399/653/599 410/652/598 411/658/604 401/659/605
f 413/654/600 414/655/601 400/647/593 402/645/591
f 403/646/592 402/645/591 400/647/593 398/650/596
f 404/651/597 403/646/592 398/650/596 399/653/599
f 405/657/603 404/651/597 399/653/599 401/659/605
f 313/540/499 406/558/510 407/643/589 312/538/498
f 315/544/501 405/657/603 406/558/510 314/542/500
f 407/643/589 406/558/510 405/657/603 401/659/605
f 401/659/605 411/658/604 412/644/590 407/643/589
f 325/555/507 306/533/493 408/648/594 415/656/602
f 409/649/595 408/648/594 306/533/493 307/532/492
f 410/652/598 409/649/595 307/532/492 308/534/494
f 411/658/604 410/652/598 308/534/494 309/535/495
f 412/644/590 411/658/604 309/535/495 310/536/496
f 311/537/497 412/644/590 310/536/496
f 321/624/572 413/654/600 319/552/505 320/554/506
f 322/622/570 414/655/601 413/654/600 321/624/572
f 323/620/568 415/656/602 414/655/601 322/622/570
f 325/555/507 415/656/602 323/620/568 324/556/508
f 275/510/470 419/660/606 433/661/607 276/512/472
f 269/498/458 423/662/608 424/663/609 270/499/459
f 429/664/610 430/665/611 416/666/612 420/667/613
f 270/499/459 424/663/609 425/668/614 271/502/462
f 430/665/611 431/669/615 417/670/616 416/666/612
f 271/502/462 425/668/614 426/671/617 272/504/464
f 431/669/615 432/672/618 418/673/619 417/670/616
f 272/504/464 426/671/617 427/557/509 273/506/466
f 432/672/618 433/661/607 419/660/606 418/673/619
f 287/528/488 286/615/563 422/674/620 288/529/489
f 284/611/559 428/675/621 421/676/622 285/612/560
f 428/675/621 429/664/610 420/667/613 421/676/622
f 288/529/489 422/674/620 423/662/608 269/498/458
f 422/674/620 286/615/563 285/612/560 421/676/622
f 423/662/608 422/674/620 421/676/622 420/667/613
f 424/663/609 423/662/608 420/667/613 416/666/612
f 425/668/614 424/663/609 416/666/612 417/670/616
f 426/671/617 425/668/614 417/670/616 418/673/619
f 427/557/509 426/671/617 418/673/619 419/660/606
f 274/508/468 427/557/509 419/660/606 275/510/470
f 282/524/484 428/675/621 284/611/559 283/526/486
f 281/522/482 429/664/610 428/675/621 282/524/484
f 280/520/480 430/665/611 429/664/610 281/522/482
f 279/518/478 431/669/615 430/665/611 280/520/480
f 278/516/476 432/672/618 431/669/615 279/518/478
f 277/514/474 433/661/607 432/672/618 278/516/476
f 276/512/472 433/661/607 277/514/474
f 434/677/623 435/678/624 457/679/625 456/680/626
f 435/678/624 434/677/623 436/681/627 437/682/628
f 437/682/628 436/681/627 438/683/629 439/684/630
f 439/684/630 438/683/629 440/685/631 441/686/632
f 441/686/632 440/685/631 442/687/633 443/688/634
f 443/688/634 442/687/633 444/689/635 445/690/636
f 445/690/636 444/689/635 446/691/637 447/692/638
f 447/693/638 446/694/637 448/695/639 449/696/640
f 449/696/640 448/695/639 450/697/641 451/698/642
f 451/698/642 450/697/641 452/699/643 453/700/644
f 453/700/644 452/699/643 454/701/645 455/702/646
f 455/702/646 454/701/645 456/680/626 457/679/625
f 328/563/515 326/559/511 450/697/641 448/695/639
f 330/565/517 328/563/515 448/695/639 446/694/637
f 332/569/519 330/568/517 446/691/637 444/689/635
f 334/571/521 332/569/519 444/689/635 442/687/633
f 336/573/523 334/571/521 442/687/633 440/685/631
f 338/575/525 336/573/523 440/685/631 438/683/629
f 340/577/527 338/575/525 438/683/629 436/681/627
f 342/579/529 340/577/527 436/681/627 434/677/623
f 344/581/531 342/579/529 434/677/623 456/680/626
f 346/583/533 344/581/531 456/680/626 454/701/645
f 348/562/514 346/583/533 454/701/645 452/699/643
f 326/559/511 348/562/514 452/699/643 450/697/641
f 386/631/578 387/630/577 441/686/632 443/688/634
f 387/630/577 388/632/579 439/684/630 441/686/632
f 388/632/579 389/633/580 437/682/628 439/684/630
f 389/633/580 390/634/581 435/678/624 437/682/628
f 390/634/581 391/635/582 457/679/625 435/678/624
f 391/635/582 392/636/583 455/702/646 457/679/625
f 392/636/583 393/637/584 453/700/644 455/702/646
f 393/637/584 394/638/585 451/698/642 453/700/644
f 394/638/585 395/639/586 449/696/640 451/698/642
f 395/639/586 396/640/587 447/693/638 449/696/640
f 396/642/587 397/641/588 445/690/636 447/692/638
f 397/641/588 386/631/578 443/688/634 445/690/636
f 647/703/647 648/704/648 650/705/649 649/706/650
f 648/704/648 647/703/647 669/707/651 670/708/652
f 649/706/650 650/705/649 652/709/653 651/710/654
f 651/710/654 652/709/653 654/711/655 653/712/656
f 653/712/656 654/711/655 656/713/657 655/714/658
f 655/714/658 656/713/657 658/715/659 657/716/660
f 657/716/660 658/715/659 660/717/661 659/718/662
f 659/719/662 660/720/661 662/721/663 661/722/664
f 661/722/664 662/721/663 664/723/665 663/724/666
f 663/724/666 664/723/665 666/725/667 665/726/668
f 665/726/668 666/725/667 668/727/669 667/728/670
f 667/728/670 668/727/669 670/708/652 669/707/651
f 671/729/671 672/730/672 693/731/673 694/732/674
f 672/730/672 671/729/671 674/733/675 673/734/676
f 673/734/676 674/733/675 676/735/677 675/736/678
f 675/736/678 676/735/677 678/737/679 677/738/680
f 677/738/680 678/737/679 680/739/681 679/740/682
f 679/740/682 680/739/681 682/741/683 681/742/684
f 681/742/684 682/741/683 684/743/685 683/744/686
f 683/745/686 684/746/685 686/747/687 685/748/688
f 685/748/688 686/747/687 688/749/689 687/750/690
f 687/750/690 688/749/689 690/751/691 689/752/692
f 689/752/692 690/751/691 692/753/693 691/754/694
f 691/754/694 692/753/693 694/732/674 693/731/673
f 671/729/671 539/385/351 558/404/368 674/733/675
f 674/733/675 558/404/368 556/402/366 676/735/677
f 676/735/677 556/402/366 554/400/364 678/737/679
f 678/737/679 554/400/364 552/398/362 680/739/681
f 680/739/681 552/398/362 550/395/360 682/741/683
f 682/741/683 550/395/360 548/394/358 684/743/685
f 684/746/685 548/392/358 546/390/356 686/747/687
f 686/747/687 546/390/356 544/388/354 688/749/689
f 688/749/689 544/388/354 542/386/352 690/751/691
f 690/751/691 542/386/352 538/381/347 692/753/693
f 692/753/693 538/381/347 535/380/346 694/732/674
f 694/732/674 535/380/346 539/385/351 671/729/671
f 647/703/647 649/706/650 370/610/558 372/589/539
f 649/706/650 651/710/654 368/608/556 370/610/558
f 651/710/654 653/712/656 366/606/554 368/608/556
f 653/712/656 655/714/658 364/604/552 366/606/554
f 655/714/658 657/716/660 362/602/550 364/604/552
f 657/716/660 659/718/662 360/599/548 362/602/550
f 659/719/662 661/722/664 358/596/546 360/598/548
f 661/722/664 663/724/666 356/594/544 358/596/546
f 663/724/666 665/726/668 354/592/542 356/594/544
f 665/726/668 667/728/670 352/588/538 354/592/542
f 667/728/670 669/707/651 350/585/535 352/588/538
f 669/707/651 647/703/647 372/589/539 350/585/535
f 648/704/648 672/755/672 673/756/676 650/705/649
f 650/705/649 673/756/676 675/757/678 652/709/653
f 652/709/653 675/757/678 677/758/680 654/711/655
f 654/711/655 677/758/680 679/759/682 656/713/657
f 656/713/657 679/759/682 681/760/684 658/715/659
f 658/715/659 681/760/684 683/761/686 660/717/661
f 660/720/661 683/762/686 685/763/688 662/721/663
f 662/721/663 685/763/688 687/764/690 664/723/665
f 664/723/665 687/764/690 689/765/692 666/725/667
f 666/725/667 689/765/692 691/766/694 668/727/669
f 668/727/669 691/766/694 693/767/673 670/708/652
f 670/708/652 693/767/673 672/755/672 648/704/648
g default
v -0.022945 0.023949 -0.019909
v -0.022945 0.023949 -0.038315
v -0.023949 -0.022945 -0.019909
v -0.023949 -0.022945 -0.038315
v 0.022945 -0.023949 -0.019909
v 0.022945 -0.023949 -0.038315
v 0.023949 0.022945 -0.019909
v 0.023949 0.022945 -0.038315
v -0.000634 -0.029615 -0.018865
v 0.030249 0.028981 -0.023877
v 0.029615 -0.000634 -0.018865
v 0.000634 0.029615 -0.042481
v 0.000634 0.029615 -0.018865
v -0.028981 0.030249 -0.023877
v -0.030249 -0.028981 -0.023877
v -0.029615 0.000634 -0.018865
v -0.000634 -0.029615 -0.042481
v 0.028981 -0.030249 -0.023877
v -0.040446 0.000866 -0.023877
v -0.000866 -0.040446 -0.023877
v 0.040446 -0.000866 -0.023877
v 0.000866 0.040446 -0.023877
v -0.000000 -0.000000 -0.017032
v -0.034848 0.015780 -0.021334
v -0.034848 0.015780 -0.032628
v -0.035492 -0.014274 -0.032628
v -0.035492 -0.014274 -0.021334
v -0.015781 -0.034848 -0.021334
v -0.015781 -0.034848 -0.032628
v 0.014274 -0.035492 -0.032628
v 0.014274 -0.035492 -0.021334
v 0.034848 -0.015780 -0.021334
v 0.034848 -0.015780 -0.032628
v 0.035492 0.014274 -0.032628
v 0.035492 0.014274 -0.021334
v 0.015780 0.034848 -0.021334
v 0.015780 0.034848 -0.032628
v -0.014274 0.035492 -0.032628
v -0.014274 0.035492 -0.021334
v -0.014706 0.015349 -0.046233
v 0.015349 0.014705 -0.046233
v 0.014705 -0.015349 -0.046233
v -0.015349 -0.014705 -0.046233
v 0.015349 0.014705 -0.017925
v -0.014706 0.015349 -0.017925
v -0.015349 -0.014705 -0.017925
v 0.014705 -0.015349 -0.017925
v -0.037382 0.016954 -0.023877
v -0.038074 -0.015338 -0.023877
v -0.037728 0.000808 -0.021144
v -0.016954 -0.037382 -0.023877
v -0.000808 -0.037728 -0.033384
v 0.015338 -0.038074 -0.023877
v -0.000808 -0.037728 -0.021144
v 0.037382 -0.016954 -0.023877
v 0.038073 0.015338 -0.023877
v 0.037728 -0.000808 -0.021144
v 0.016954 0.037382 -0.023877
v 0.000808 0.037728 -0.033384
v -0.015338 0.038074 -0.023877
v 0.000808 0.037728 -0.021144
v 0.000346 0.016146 -0.047961
v -0.000346 -0.016146 -0.047961
v 0.000346 0.016146 -0.017492
v -0.016146 0.000346 -0.017492
v -0.000346 -0.016146 -0.017492
v 0.016146 -0.000346 -0.017492
v -0.026986 0.028167 -0.021523
v -0.026986 0.028167 -0.031872
v -0.027279 0.014499 -0.041104
v -0.027874 -0.013318 -0.041104
v -0.028167 -0.026986 -0.031872
v -0.028167 -0.026986 -0.021523
v -0.027874 -0.013318 -0.019210
v -0.027279 0.014499 -0.019210
v -0.014499 -0.027279 -0.041104
v 0.013318 -0.027874 -0.041104
v 0.026986 -0.028167 -0.031872
v 0.026986 -0.028167 -0.021523
v 0.013318 -0.027874 -0.019210
v -0.014499 -0.027279 -0.019210
v 0.027278 -0.014499 -0.041104
v 0.027874 0.013318 -0.041104
v 0.028167 0.026986 -0.031872
v 0.028167 0.026986 -0.021523
v 0.027874 0.013318 -0.019210
v 0.027278 -0.014499 -0.019210
v 0.014499 0.027279 -0.041104
v -0.013317 0.027874 -0.041104
v -0.013317 0.027874 -0.019210
v 0.014499 0.027279 -0.019210
v -0.040036 -0.001932 -0.023877
v -0.037342 -0.001797 -0.033254
v -0.029315 -0.001775 -0.042243
v -0.016009 -0.002254 -0.047663
v -0.000060 -0.002788 -0.049480
v 0.015897 -0.002937 -0.047663
v 0.029211 -0.003028 -0.042243
v 0.037230 -0.003394 -0.033254
v 0.039916 -0.003644 -0.023877
v 0.037230 -0.003394 -0.021177
v 0.029211 -0.003028 -0.018924
v 0.015897 -0.002937 -0.017567
v -0.000060 -0.002788 -0.017111
v -0.016009 -0.002254 -0.017567
v -0.029315 -0.001775 -0.018924
v -0.037342 -0.001797 -0.021177
v -0.037231 0.003394 -0.021177
v -0.029212 0.003028 -0.018924
v -0.015897 0.002937 -0.017567
v 0.000060 0.002788 -0.017111
v 0.016008 0.002254 -0.017567
v 0.029314 0.001775 -0.018924
v 0.037342 0.001797 -0.021177
v 0.040036 0.001932 -0.023877
v 0.037342 0.001797 -0.033254
v 0.029314 0.001775 -0.042243
v 0.016008 0.002254 -0.047663
v 0.000060 0.002788 -0.049480
v -0.015897 0.002937 -0.047663
v -0.029212 0.003028 -0.042243
v -0.037231 0.003394 -0.033254
v -0.039916 0.003644 -0.023877
v -0.034906 0.000747 -0.032648
v -0.037520 0.000803 -0.023492
v -0.034596 -0.001312 -0.032542
v -0.037099 -0.001479 -0.023492
v -0.027476 0.000588 -0.041036
v -0.027263 -0.001247 -0.040866
v -0.015090 0.000323 -0.046046
v -0.014980 -0.001732 -0.045811
v -0.000000 -0.000000 -0.047753
v -0.000049 -0.002273 -0.047494
v 0.015090 -0.000323 -0.046046
v 0.014892 -0.002372 -0.045812
v 0.027476 -0.000588 -0.041036
v 0.027185 -0.002414 -0.040866
v 0.034508 -0.002792 -0.032542
v 0.034906 -0.000748 -0.032648
v 0.037002 -0.003066 -0.023492
v 0.037520 -0.000803 -0.023492
v 0.034596 0.001312 -0.032542
v 0.037099 0.001479 -0.023492
v 0.027263 0.001247 -0.040866
v 0.014980 0.001732 -0.045812
v 0.000049 0.002273 -0.047494
v -0.014892 0.002372 -0.045811
v -0.027185 0.002413 -0.040866
v -0.034508 0.002791 -0.032542
v -0.037002 0.003066 -0.023492
vt 0.132965 0.873077
vt 0.133905 0.871282
vt 0.137562 0.874520
vt 0.135185 0.875705
vt 0.032486 0.834823
vt 0.031814 0.835591
vt 0.027393 0.832928
vt 0.027673 0.831955
vt 0.022830 0.832176
vt 0.022878 0.831127
vt 0.139464 0.878261
vt 0.136841 0.879161
vt 0.030265 0.837355
vt 0.026577 0.835418
vt 0.028711 0.839059
vt 0.025990 0.838412
vt 0.023056 0.838219
vt 0.023179 0.835080
vt 0.020560 0.832279
vt 0.020476 0.835202
vt 0.017122 0.835843
vt 0.016085 0.833438
vt 0.020881 0.838317
vt 0.017976 0.838771
vt 0.015323 0.839657
vt 0.013623 0.838099
vt 0.011922 0.836480
vt 0.137313 0.880672
vt 0.139981 0.879917
vt 0.140550 0.884075
vt 0.137921 0.884455
vt 0.020415 0.831240
vt 0.015718 0.832493
vt 0.011184 0.835776
vt 0.139388 0.888819
vt 0.137593 0.887880
vt 0.136151 0.892479
vt 0.134966 0.890101
vt 0.009198 0.840853
vt 0.008224 0.840549
vt 0.008302 0.846188
vt 0.007292 0.846234
vt 0.131623 0.894772
vt 0.130787 0.892098
vt 0.011676 0.841801
vt 0.014669 0.842365
vt 0.014531 0.845904
vt 0.011255 0.846053
vt 0.012055 0.850250
vt 0.009673 0.851420
vt 0.014984 0.849417
vt 0.015876 0.852055
vt 0.014324 0.853761
vt 0.012777 0.855529
vt 0.126595 0.895466
vt 0.126215 0.892837
vt 0.008731 0.851812
vt 0.012107 0.856297
vt 0.121850 0.894302
vt 0.122790 0.892508
vt 0.118193 0.891065
vt 0.120570 0.889880
vt 0.017192 0.858183
vt 0.016913 0.859157
vt 0.021746 0.858934
vt 0.021696 0.859983
vt 0.116291 0.887323
vt 0.118915 0.886424
vt 0.018008 0.855693
vt 0.018596 0.852699
vt 0.021528 0.852891
vt 0.021401 0.856030
vt 0.024012 0.858834
vt 0.024102 0.855911
vt 0.027452 0.855275
vt 0.028482 0.857685
vt 0.023700 0.852795
vt 0.026604 0.852345
vt 0.029256 0.851463
vt 0.030952 0.853026
vt 0.032648 0.854651
vt 0.118442 0.884913
vt 0.115774 0.885668
vt 0.115206 0.881510
vt 0.117834 0.881130
vt 0.024153 0.859875
vt 0.028845 0.858631
vt 0.033382 0.855358
vt 0.116367 0.876765
vt 0.118162 0.877705
vt 0.119605 0.873106
vt 0.120789 0.875483
vt 0.035378 0.850283
vt 0.036352 0.850591
vt 0.036283 0.844947
vt 0.037293 0.844904
vt 0.124132 0.870813
vt 0.124968 0.873487
vt 0.032904 0.849327
vt 0.029912 0.848756
vt 0.030054 0.845215
vt 0.033330 0.845073
vt 0.032534 0.840872
vt 0.034917 0.839708
vt 0.029603 0.841700
vt 0.129160 0.870118
vt 0.129540 0.872747
vt 0.035861 0.839319
vt 0.026220 0.841741
vt 0.026571 0.845366
vt 0.023378 0.845507
vt 0.023184 0.841675
vt 0.026540 0.849008
vt 0.023523 0.849342
vt 0.021207 0.845604
vt 0.021401 0.849436
vt 0.018366 0.849371
vt 0.018014 0.845747
vt 0.021061 0.841769
vt 0.018043 0.842106
vt 0.121692 0.879553
vt 0.126296 0.877734
vt 0.127605 0.881919
vt 0.122624 0.883542
vt 0.131116 0.876607
vt 0.132623 0.880416
vt 0.128151 0.883666
vt 0.133131 0.882043
vt 0.134063 0.886031
vt 0.129459 0.887851
vt 0.123133 0.885169
vt 0.124639 0.888978
vt 0.021714 0.832643
vt 0.021834 0.835269
vt 0.021259 0.835294
vt 0.021167 0.832777
vt 0.021973 0.838372
vt 0.021510 0.838415
vt 0.022126 0.841792
vt 0.021633 0.841834
vt 0.022293 0.845555
vt 0.021755 0.845579
vt 0.022459 0.849319
vt 0.021965 0.849321
vt 0.022609 0.852739
vt 0.022145 0.852737
vt 0.022172 0.855869
vt 0.022746 0.855842
vt 0.022305 0.858383
vt 0.022861 0.858468
vt 0.022884 0.858994
vt 0.022927 0.859990
vt 0.115903 0.886536
vt 0.118575 0.885701
vt 0.122820 0.884374
vt 0.127878 0.882792
vt 0.132935 0.881211
vt 0.137181 0.879884
vt 0.139852 0.879049
vt 0.021643 0.831122
vt 0.021690 0.832117
vt 0.023320 0.855818
vt 0.023407 0.858335
vt 0.023072 0.852696
vt 0.022951 0.849277
vt 0.022831 0.845531
vt 0.022620 0.841790
vt 0.022438 0.838373
vt 0.022408 0.835242
vt 0.022271 0.832727
vn -0.157114 0.163989 0.973870
vn -0.320659 0.334698 0.886090
vn -0.413876 0.170145 0.894292
vn -0.167189 0.086919 0.982086
vn -0.691687 0.721944 -0.019117
vn -0.923241 0.383994 -0.013202
vn -0.999330 0.035382 -0.009379
vn -0.424382 0.092841 0.900711
vn -0.169867 0.050880 0.984153
vn -0.609335 0.636006 -0.473505
vn -0.805132 0.336113 -0.488662
vn -0.474536 0.495301 -0.727662
vn -0.536203 0.277182 -0.797281
vn -0.569124 -0.000847 -0.822251
vn -0.865692 -0.001487 -0.500575
vn -0.999928 0.007431 -0.009380
vn -0.864834 0.038546 -0.500576
vn -0.818783 -0.301336 -0.488663
vn -0.938833 -0.344120 -0.013203
vn -0.568565 0.025209 -0.822252
vn -0.547577 -0.253973 -0.797281
vn -0.495305 -0.474529 -0.727664
vn -0.636005 -0.609337 -0.473504
vn -0.721957 -0.691673 -0.019117
vn -0.171889 -0.043562 0.984153
vn -0.427967 -0.074588 0.900711
vn -0.420781 -0.152270 0.894292
vn -0.170756 -0.079683 0.982086
vn -0.334695 -0.320664 0.886089
vn -0.163991 -0.157112 0.973870
vn -0.162170 -0.416058 0.894761
vn -0.082558 -0.166414 0.982594
vn -0.366600 -0.930281 -0.013489
vn -0.021407 -0.999710 -0.011047
vn -0.009365 -0.437345 0.899245
vn -0.003721 -0.173756 0.984782
vn -0.321090 -0.811342 -0.488494
vn -0.264706 -0.537408 -0.800702
vn -0.012137 -0.566745 -0.823804
vn -0.018525 -0.865120 -0.501222
vn 0.286059 -0.824346 -0.488491
vn 0.326442 -0.945121 -0.013489
vn 0.241457 -0.548251 -0.800699
vn 0.474537 -0.495302 -0.727662
vn 0.609341 -0.636007 -0.473496
vn 0.691683 -0.721948 -0.019117
vn 0.144207 -0.422621 0.894760
vn 0.075359 -0.169797 0.982593
vn 0.320668 -0.334703 0.886084
vn 0.157114 -0.163989 0.973870
vn 0.413877 -0.170142 0.894292
vn 0.167190 -0.086918 0.982086
vn 0.923241 -0.383996 -0.013201
vn 0.999329 -0.035409 -0.009378
vn 0.424378 -0.092844 0.900713
vn 0.169865 -0.050880 0.984153
vn 0.805134 -0.336109 -0.488662
vn 0.536206 -0.277175 -0.797281
vn 0.569120 0.000833 -0.822254
vn 0.865689 0.001471 -0.500579
vn 0.999929 -0.007409 -0.009380
vn 0.864835 -0.038530 -0.500576
vn 0.818784 0.301335 -0.488661
vn 0.938834 0.344117 -0.013201
vn 0.568564 -0.025197 -0.822253
vn 0.547580 0.253968 -0.797281
vn 0.495303 0.474531 -0.727664
vn 0.636006 0.609342 -0.473496
vn 0.721951 0.691680 -0.019117
vn 0.171888 0.043561 0.984153
vn 0.427966 0.074591 0.900712
vn 0.420782 0.152270 0.894291
vn 0.170758 0.079681 0.982086
vn 0.334701 0.320670 0.886085
vn 0.163989 0.157112 0.973870
vn 0.162167 0.416063 0.894759
vn 0.082559 0.166415 0.982594
vn 0.366599 0.930281 -0.013487
vn 0.021414 0.999710 -0.011048
vn 0.009367 0.437343 0.899246
vn 0.003721 0.173757 0.984782
vn 0.321085 0.811346 -0.488490
vn 0.264707 0.537411 -0.800699
vn 0.012136 0.566748 -0.823802
vn 0.018529 0.865119 -0.501224
vn -0.286063 0.824342 -0.488497
vn -0.326441 0.945121 -0.013489
vn -0.241458 0.548248 -0.800701
vn -0.144209 0.422616 0.894762
vn -0.075359 0.169796 0.982594
vn -0.234673 0.256433 -0.937641
vn 0.005500 0.256865 -0.966432
vn -0.000485 -0.022617 -0.999744
vn -0.244930 -0.014029 -0.969439
vn 0.245431 0.246150 -0.937643
vn 0.244106 -0.024488 -0.969439
vn 0.000485 0.022615 -0.999744
vn 0.244933 0.014018 -0.969439
vn 0.234669 -0.256431 -0.937643
vn -0.005501 -0.256866 -0.966431
vn -0.244105 0.024502 -0.969439
vn -0.245435 -0.246151 -0.937641
vn 0.066091 0.066134 0.995620
vn 0.001437 0.067126 0.997744
vn 0.000635 0.029672 0.999560
vn 0.063801 0.032108 0.997446
vn -0.063201 0.068904 0.995619
vn -0.062367 0.034809 0.997446
vn -0.000635 -0.029673 0.999559
vn -0.063801 -0.032107 0.997446
vn -0.066092 -0.066135 0.995619
vn -0.001438 -0.067127 0.997743
vn 0.062368 -0.034810 0.997446
vn 0.063199 -0.068903 0.995620
vn -0.790014 0.016920 -0.612856
vn -0.876576 0.018773 -0.480897
vn -0.595942 0.731104 -0.332175
vn -0.622976 0.693516 -0.361852
vn -0.567090 0.012145 -0.823566
vn -0.387381 0.681160 -0.621254
vn -0.234472 0.005021 -0.972110
vn -0.158677 0.601506 -0.782951
vn -0.000005 0.000001 -1.000000
vn 0.012260 0.572791 -0.819610
vn 0.234467 -0.005023 -0.972111
vn 0.184277 0.594173 -0.782943
vn 0.567080 -0.012148 -0.823573
vn 0.416191 0.663977 -0.621224
vn 0.626677 0.704952 -0.332142
vn 0.876562 -0.018776 -0.480923
vn 0.652101 0.666211 -0.361838
vn 0.789961 -0.016912 -0.612924
vn 0.999744 -0.021415 0.007281
vn 0.444587 -0.009525 0.895685
vn 0.173973 -0.003726 0.984743
vn 0.062301 -0.001334 0.998057
vn -0.000000 0.000000 1.000000
vn -0.062302 0.001334 0.998057
vn -0.173964 0.003726 0.984745
vn -0.444597 0.009521 0.895680
vn -0.999745 0.021415 0.007193
vn 0.595934 -0.731122 -0.332150
vn 0.622996 -0.693511 -0.361825
vn 0.387395 -0.681156 -0.621250
vn 0.158678 -0.601520 -0.782940
vn -0.012269 -0.572793 -0.819608
vn -0.184289 -0.594160 -0.782950
vn -0.416190 -0.663936 -0.621269
vn -0.626705 -0.704908 -0.332183
vn -0.652103 -0.666207 -0.361842
s 1
g arm_up_left shoulder_screw_2_left pivot
usemtl head_plateSG
f 695/768/695 762/769/696 718/770/697 769/771/698
f 762/772/696 708/773/699 742/774/700 718/775/697
f 718/775/697 742/774/700 817/776/701 802/777/702
f 769/771/698 718/770/697 802/778/702 803/779/703
f 708/773/699 763/780/704 719/781/705 742/774/700
f 763/780/704 696/782/706 764/783/707 719/781/705
f 719/781/705 764/783/707 815/784/708 816/785/709
f 742/774/700 719/781/705 816/785/709 817/776/701
f 786/786/710 787/787/711 720/788/712 743/789/713
f 787/787/711 788/790/714 765/791/715 720/788/712
f 720/788/712 765/791/715 698/792/716 766/793/717
f 743/789/713 720/788/712 766/793/717 709/794/718
f 800/795/719 801/796/720 721/797/721 768/798/722
f 801/799/720 786/786/710 743/789/713 721/800/721
f 721/800/721 743/789/713 709/794/718 767/801/723
f 768/798/722 721/797/721 767/802/723 697/803/724
f 697/803/724 767/802/723 722/804/725 775/805/726
f 767/801/723 709/794/718 745/806/727 722/807/725
f 722/807/725 745/806/727 714/808/728 748/809/729
f 775/805/726 722/804/725 748/810/729 703/811/730
f 709/794/718 766/793/717 723/812/731 745/806/727
f 766/793/717 698/792/716 770/813/732 723/812/731
f 723/812/731 770/813/732 711/814/733 746/815/734
f 745/806/727 723/812/731 746/815/734 714/808/728
f 714/808/728 746/815/734 724/816/735 747/817/736
f 746/815/734 711/814/733 771/818/737 724/816/735
f 724/816/735 771/818/737 700/819/738 772/820/739
f 747/817/736 724/816/735 772/820/739 712/821/740
f 703/811/730 748/810/729 725/822/741 774/823/742
f 748/809/729 714/808/728 747/817/736 725/824/741
f 725/824/741 747/817/736 712/821/740 773/825/743
f 774/823/742 725/822/741 773/826/743 699/827/744
f 699/827/744 773/826/743 726/828/745 781/829/746
f 773/825/743 712/821/740 749/830/747 726/831/745
f 726/831/745 749/830/747 794/832/748 795/833/749
f 781/829/746 726/828/745 795/834/749 796/835/750
f 712/821/740 772/820/739 727/836/751 749/830/747
f 772/820/739 700/819/738 776/837/752 727/836/751
f 727/836/751 776/837/752 792/838/753 793/839/754
f 749/830/747 727/836/751 793/839/754 794/832/748
f 809/840/755 810/841/756 728/842/757 750/843/758
f 810/841/756 811/844/759 777/845/760 728/842/757
f 728/842/757 777/845/760 702/846/761 778/847/762
f 750/843/758 728/842/757 778/847/762 704/848/763
f 807/849/764 808/850/765 729/851/766 780/852/767
f 808/853/765 809/840/755 750/843/758 729/854/766
f 729/854/766 750/843/758 704/848/763 779/855/768
f 780/852/767 729/851/766 779/856/768 701/857/769
f 701/857/769 779/856/768 730/858/770 785/859/771
f 779/855/768 704/848/763 752/860/772 730/861/770
f 730/861/770 752/860/772 716/862/773 755/863/774
f 785/859/771 730/858/770 755/864/774 707/865/775
f 704/848/763 778/847/762 731/866/776 752/860/772
f 778/847/762 702/846/761 782/867/777 731/866/776
f 731/866/776 782/867/777 706/868/778 753/869/779
f 752/860/772 731/866/776 753/869/779 716/862/773
f 716/862/773 753/869/779 732/870/780 754/871/781
f 753/869/779 706/868/778 783/872/782 732/870/780
f 732/870/780 783/872/782 696/782/706 763/780/704
f 754/871/781 732/870/780 763/780/704 708/773/699
f 707/865/775 755/864/774 733/873/783 784/874/784
f 755/863/774 716/862/773 754/871/781 733/875/783
f 733/875/783 754/871/781 708/773/699 762/772/696
f 784/874/784 733/873/783 762/769/696 695/768/695
f 696/782/706 783/872/782 734/876/785 764/783/707
f 783/872/782 706/868/778 756/877/786 734/876/785
f 734/876/785 756/877/786 813/878/787 814/879/788
f 764/783/707 734/876/785 814/879/788 815/784/708
f 706/868/778 782/867/777 735/880/789 756/877/786
f 782/867/777 702/846/761 777/845/760 735/880/789
f 735/880/789 777/845/760 811/844/759 812/881/790
f 756/877/786 735/880/789 812/881/790 813/878/787
f 790/882/791 791/883/792 736/884/793 757/885/794
f 791/883/792 792/838/753 776/837/752 736/884/793
f 736/884/793 776/837/752 700/819/738 771/818/737
f 757/885/794 736/884/793 771/818/737 711/814/733
f 788/790/714 789/886/795 737/887/796 765/791/715
f 789/886/795 790/882/791 757/885/794 737/887/796
f 737/887/796 757/885/794 711/814/733 770/813/732
f 765/791/715 737/887/796 770/813/732 698/792/716
f 701/857/769 785/859/771 738/888/797 780/852/767
f 785/859/771 707/865/775 758/889/798 738/888/797
f 738/888/797 758/889/798 805/890/799 806/891/800
f 780/852/767 738/888/797 806/891/800 807/849/764
f 707/865/775 784/874/784 739/892/801 758/889/798
f 784/874/784 695/768/695 769/771/698 739/892/801
f 739/892/801 769/771/698 803/779/703 804/893/802
f 758/889/798 739/892/801 804/893/802 805/890/799
f 798/894/803 799/895/804 740/896/805 760/897/806
f 799/895/804 800/795/719 768/798/722 740/896/805
f 740/896/805 768/798/722 697/803/724 775/805/726
f 760/897/806 740/896/805 775/805/726 703/811/730
f 796/835/750 797/898/807 741/899/808 781/829/746
f 797/898/807 798/894/803 760/897/806 741/899/808
f 741/899/808 760/897/806 703/811/730 774/823/742
f 781/829/746 741/899/808 774/823/742 699/827/744
f 819/900/809 818/901/810 820/902/811 821/903/812
f 818/901/810 822/904/813 823/905/814 820/902/811
f 822/904/813 824/906/815 825/907/816 823/905/814
f 824/906/815 826/908/817 827/909/818 825/907/816
f 826/908/817 828/910/819 829/911/820 827/909/818
f 828/910/819 830/912/821 831/913/822 829/911/820
f 832/914/823 831/913/822 830/912/821 833/915/824
f 834/916/825 832/914/823 833/915/824 835/917/826
f 795/833/749 794/832/748 715/918/827 751/919/828
f 796/835/750 795/834/749 751/920/828 705/921/829
f 705/921/829 761/922/830 797/898/807 796/835/750
f 761/922/830 717/923/831 798/894/803 797/898/807
f 717/923/831 759/924/832 799/895/804 798/894/803
f 759/924/832 710/925/833 800/795/719 799/895/804
f 710/925/833 744/926/834 801/796/720 800/795/719
f 744/927/834 713/928/835 786/786/710 801/799/720
f 803/779/703 802/778/702 744/926/834 710/925/833
f 804/893/802 803/779/703 710/925/833 759/924/832
f 805/890/799 804/893/802 759/924/832 717/923/831
f 806/891/800 805/890/799 717/923/831 761/922/830
f 807/849/764 806/891/800 761/922/830 705/921/829
f 705/921/829 751/920/828 808/850/765 807/849/764
f 751/919/828 715/918/827 809/840/755 808/853/765
f 835/917/826 833/915/824 836/929/836 837/930/837
f 833/915/824 830/912/821 838/931/838 836/929/836
f 839/932/839 838/931/838 830/912/821 828/910/819
f 840/933/840 839/932/839 828/910/819 826/908/817
f 841/934/841 840/933/840 826/908/817 824/906/815
f 842/935/842 841/934/841 824/906/815 822/904/813
f 843/936/843 842/935/842 822/904/813 818/901/810
f 844/937/844 843/936/843 818/901/810 819/900/809
f 802/777/702 817/776/701 713/928/835 744/927/834
f 787/787/711 786/786/710 821/903/812 820/902/811
f 786/786/710 713/928/835 819/900/809 821/903/812
f 788/790/714 787/787/711 820/902/811 823/905/814
f 789/886/795 788/790/714 823/905/814 825/907/816
f 790/882/791 789/886/795 825/907/816 827/909/818
f 791/883/792 790/882/791 827/909/818 829/911/820
f 792/838/753 791/883/792 829/911/820 831/913/822
f 793/839/754 792/838/753 831/913/822 832/914/823
f 794/832/748 793/839/754 832/914/823 834/916/825
f 715/918/827 794/832/748 834/916/825 835/917/826
f 810/841/756 809/840/755 837/930/837 836/929/836
f 809/840/755 715/918/827 835/917/826 837/930/837
f 811/844/759 810/841/756 836/929/836 838/931/838
f 812/881/790 811/844/759 838/931/838 839/932/839
f 813/878/787 812/881/790 839/932/839 840/933/840
f 814/879/788 813/878/787 840/933/840 841/934/841
f 815/784/708 814/879/788 841/934/841 842/935/842
f 816/785/709 815/784/708 842/935/842 843/936/843
f 817/776/701 816/785/709 843/936/843 844/937/844
f 713/928/835 817/776/701 844/937/844 819/900/809
g default
v -0.022945 -0.023949 0.019909
v -0.022945 -0.023949 0.038315
v -0.023949 0.022945 0.019909
v -0.023949 0.022945 0.038315
v 0.022945 0.023949 0.019909
v 0.022945 0.023949 0.038315
v 0.023949 -0.022945 0.019909
v 0.023949 -0.022945 0.038315
v -0.000634 0.029615 0.018865
v 0.030249 -0.028980 0.023877
v 0.029615 0.000634 0.018865
v 0.000634 -0.029615 0.042481
v 0.000634 -0.029615 0.018865
v -0.028981 -0.030249 0.023877
v -0.030249 0.028981 0.023877
v -0.029615 -0.000634 0.018865
v -0.000634 0.029615 0.042481
v 0.028981 0.030249 0.023877
v -0.040446 -0.000866 0.023877
v -0.000866 0.040446 0.023877
v 0.040446 0.000866 0.023877
v 0.000866 -0.040446 0.023877
v -0.000000 -0.000000 0.017032
v -0.034848 -0.015780 0.021334
v -0.034848 -0.015780 0.032628
v -0.035492 0.014274 0.032628
v -0.035492 0.014274 0.021334
v -0.015781 0.034848 0.021334
v -0.015781 0.034848 0.032628
v 0.014274 0.035492 0.032628
v 0.014274 0.035492 0.021334
v 0.034848 0.015780 0.021334
v 0.034848 0.015780 0.032628
v 0.035492 -0.014274 0.032628
v 0.035492 -0.014274 0.021334
v 0.015780 -0.034848 0.021334
v 0.015780 -0.034848 0.032628
v -0.014274 -0.035492 0.032628
v -0.014274 -0.035492 0.021334
v -0.014706 -0.015349 0.046233
v 0.015349 -0.014706 0.046233
v 0.014705 0.015349 0.046233
v -0.015349 0.014705 0.046233
v 0.015349 -0.014706 0.017925
v -0.014706 -0.015349 0.017925
v -0.015349 0.014705 0.017925
v 0.014705 0.015349 0.017925
v -0.037382 -0.016954 0.023877
v -0.038074 0.015338 0.023877
v -0.037728 -0.000808 0.021144
v -0.016954 0.037382 0.023877
v -0.000808 0.037728 0.033384
v 0.015338 0.038074 0.023877
v -0.000808 0.037728 0.021144
v 0.037382 0.016954 0.023877
v 0.038073 -0.015338 0.023877
v 0.037728 0.000808 0.021144
v 0.016954 -0.037382 0.023877
v 0.000808 -0.037728 0.033384
v -0.015338 -0.038074 0.023877
v 0.000808 -0.037728 0.021144
v 0.000346 -0.016146 0.047961
v -0.000346 0.016146 0.047961
v 0.000346 -0.016146 0.017492
v -0.016146 -0.000346 0.017492
v -0.000346 0.016146 0.017492
v 0.016146 0.000346 0.017492
v -0.026986 -0.028167 0.021523
v -0.026986 -0.028167 0.031872
v -0.027279 -0.014499 0.041104
v -0.027874 0.013318 0.041104
v -0.028167 0.026986 0.031872
v -0.028167 0.026986 0.021523
v -0.027874 0.013318 0.019210
v -0.027279 -0.014499 0.019210
v -0.014499 0.027279 0.041104
v 0.013318 0.027874 0.041104
v 0.026986 0.028167 0.031872
v 0.026986 0.028167 0.021523
v 0.013318 0.027874 0.019210
v -0.014499 0.027279 0.019210
v 0.027278 0.014499 0.041104
v 0.027874 -0.013318 0.041104
v 0.028167 -0.026986 0.031872
v 0.028167 -0.026986 0.021523
v 0.027874 -0.013318 0.019210
v 0.027278 0.014499 0.019210
v 0.014499 -0.027279 0.041104
v -0.013317 -0.027874 0.041104
v -0.013317 -0.027874 0.019210
v 0.014499 -0.027279 0.019210
v -0.040036 0.001932 0.023877
v -0.037342 0.001797 0.033254
v -0.029315 0.001775 0.042243
v -0.016009 0.002254 0.047663
v -0.000060 0.002788 0.049480
v 0.015897 0.002937 0.047663
v 0.029211 0.003028 0.042243
v 0.037230 0.003394 0.033254
v 0.039916 0.003644 0.023877
v 0.037230 0.003394 0.021177
v 0.029211 0.003028 0.018924
v 0.015897 0.002937 0.017567
v -0.000060 0.002788 0.017111
v -0.016009 0.002254 0.017567
v -0.029315 0.001775 0.018924
v -0.037342 0.001797 0.021177
v -0.037231 -0.003394 0.021177
v -0.029212 -0.003028 0.018924
v -0.015897 -0.002937 0.017567
v 0.000060 -0.002788 0.017111
v 0.016008 -0.002254 0.017567
v 0.029314 -0.001775 0.018924
v 0.037342 -0.001797 0.021177
v 0.040036 -0.001932 0.023877
v 0.037342 -0.001797 0.033254
v 0.029314 -0.001775 0.042243
v 0.016008 -0.002254 0.047663
v 0.000060 -0.002788 0.049480
v -0.015897 -0.002937 0.047663
v -0.029212 -0.003028 0.042243
v -0.037231 -0.003394 0.033254
v -0.039916 -0.003644 0.023877
v -0.034906 -0.000747 0.032648
v -0.037520 -0.000803 0.023492
v -0.034596 0.001312 0.032542
v -0.037099 0.001479 0.023492
v -0.027476 -0.000588 0.041036
v -0.027263 0.001247 0.040866
v -0.015090 -0.000323 0.046046
v -0.014980 0.001732 0.045811
v -0.000000 -0.000000 0.047753
v -0.000049 0.002273 0.047494
v 0.015090 0.000323 0.046046
v 0.014892 0.002372 0.045812
v 0.027476 0.000588 0.041036
v 0.027185 0.002413 0.040866
v 0.034508 0.002792 0.032542
v 0.034906 0.000748 0.032648
v 0.037002 0.003066 0.023492
v 0.037520 0.000803 0.023492
v 0.034596 -0.001312 0.032542
v 0.037099 -0.001479 0.023492
v 0.027263 -0.001247 0.040866
v 0.014980 -0.001732 0.045812
v 0.000049 -0.002273 0.047494
v -0.014892 -0.002372 0.045811
v -0.027185 -0.002413 0.040866
v -0.034508 -0.002791 0.032542
v -0.037002 -0.003066 0.023492
vt 0.064761 0.870021
vt 0.065701 0.868227
vt 0.069358 0.871464
vt 0.066981 0.872649
vt 0.032658 0.797960
vt 0.031960 0.798682
vt 0.027744 0.795851
vt 0.028066 0.794908
vt 0.023295 0.794891
vt 0.023393 0.793863
vt 0.071259 0.875206
vt 0.068636 0.876105
vt 0.030353 0.800341
vt 0.026821 0.798259
vt 0.028743 0.801941
vt 0.026099 0.801174
vt 0.023225 0.800842
vt 0.023499 0.797762
vt 0.021059 0.794883
vt 0.020835 0.797751
vt 0.017508 0.798220
vt 0.016605 0.795805
vt 0.021083 0.800832
vt 0.018206 0.801139
vt 0.015555 0.801881
vt 0.013959 0.800268
vt 0.012366 0.798594
vt 0.069109 0.877616
vt 0.071777 0.876861
vt 0.072345 0.881020
vt 0.069717 0.881400
vt 0.020967 0.793854
vt 0.016290 0.794859
vt 0.011675 0.797867
vt 0.071183 0.885764
vt 0.069389 0.884824
vt 0.067946 0.889423
vt 0.066762 0.887046
vt 0.009478 0.802761
vt 0.008535 0.802414
vt 0.008339 0.807960
vt 0.007344 0.807957
vt 0.063418 0.891717
vt 0.062582 0.889043
vt 0.011867 0.803811
vt 0.014782 0.804511
vt 0.014475 0.807983
vt 0.011248 0.807971
vt 0.011831 0.812135
vt 0.009434 0.813169
vt 0.014750 0.811458
vt 0.015499 0.814093
vt 0.013891 0.815695
vt 0.012285 0.817357
vt 0.058391 0.892411
vt 0.058010 0.889782
vt 0.008488 0.813509
vt 0.011590 0.818081
vt 0.053645 0.891247
vt 0.054586 0.889452
vt 0.049988 0.888009
vt 0.052365 0.886825
vt 0.016496 0.820180
vt 0.016175 0.821124
vt 0.020936 0.821138
vt 0.020836 0.822167
vt 0.048087 0.884268
vt 0.050710 0.883368
vt 0.017419 0.817771
vt 0.018142 0.814857
vt 0.021013 0.815189
vt 0.020737 0.818267
vt 0.023168 0.821150
vt 0.023397 0.818281
vt 0.026721 0.817818
vt 0.027617 0.820236
vt 0.023154 0.815199
vt 0.026029 0.814896
vt 0.028679 0.814158
vt 0.030270 0.815777
vt 0.031858 0.817456
vt 0.050238 0.881857
vt 0.047569 0.882613
vt 0.047001 0.878454
vt 0.049629 0.878074
vt 0.023256 0.822179
vt 0.027928 0.821184
vt 0.032546 0.818187
vt 0.048163 0.873710
vt 0.049957 0.874650
vt 0.051400 0.870051
vt 0.052585 0.872428
vt 0.034753 0.813295
vt 0.035694 0.813645
vt 0.035900 0.808094
vt 0.036895 0.808101
vt 0.055928 0.867757
vt 0.056764 0.870431
vt 0.032367 0.812236
vt 0.029455 0.811529
vt 0.029765 0.808056
vt 0.032992 0.808075
vt 0.032412 0.803907
vt 0.034811 0.802879
vt 0.029492 0.804579
vt 0.060955 0.867063
vt 0.061336 0.869692
vt 0.035758 0.802542
vt 0.026165 0.804457
vt 0.026334 0.808037
vt 0.023190 0.808020
vt 0.023184 0.804244
vt 0.026128 0.811614
vt 0.023146 0.811797
vt 0.021051 0.808010
vt 0.021056 0.811786
vt 0.018077 0.811575
vt 0.017906 0.807997
vt 0.021093 0.804234
vt 0.018110 0.804420
vt 0.053488 0.876498
vt 0.058092 0.874678
vt 0.059400 0.878863
vt 0.054419 0.880486
vt 0.062912 0.873551
vt 0.064418 0.877360
vt 0.059946 0.880610
vt 0.064927 0.878988
vt 0.065859 0.882976
vt 0.061255 0.884795
vt 0.054928 0.882114
vt 0.056434 0.885922
vt 0.022176 0.795296
vt 0.022167 0.797883
vt 0.021600 0.797879
vt 0.021632 0.795402
vt 0.022154 0.800940
vt 0.021696 0.800960
vt 0.022138 0.804308
vt 0.021652 0.804326
vt 0.022120 0.808015
vt 0.021591 0.808013
vt 0.022102 0.811723
vt 0.021616 0.811700
vt 0.022084 0.815091
vt 0.021628 0.815067
vt 0.021503 0.818146
vt 0.022068 0.818148
vt 0.021512 0.820624
vt 0.022054 0.820734
vt 0.022051 0.821252
vt 0.022046 0.822233
vt 0.047699 0.883481
vt 0.050370 0.882646
vt 0.054615 0.881318
vt 0.059673 0.879737
vt 0.064731 0.878155
vt 0.068976 0.876828
vt 0.071647 0.875993
vt 0.022180 0.793798
vt 0.022178 0.794778
vt 0.022633 0.818152
vt 0.022598 0.820629
vt 0.022541 0.815072
vt 0.022588 0.811705
vt 0.022650 0.808018
vt 0.022624 0.804330
vt 0.022611 0.800964
vt 0.022732 0.797884
vt 0.022720 0.795406
vn -0.157115 -0.163990 -0.973870
vn -0.320659 -0.334698 -0.886090
vn -0.413875 -0.170146 -0.894292
vn -0.167188 -0.086919 -0.982086
vn -0.691684 -0.721948 0.019118
vn -0.923242 -0.383992 0.013203
vn -0.999330 -0.035381 0.009382
vn -0.424381 -0.092841 -0.900712
vn -0.169866 -0.050880 -0.984153
vn -0.609334 -0.636007 0.473505
vn -0.805131 -0.336114 0.488663
vn -0.474537 -0.495303 0.727661
vn -0.536202 -0.277180 0.797282
vn -0.569122 0.000847 0.822253
vn -0.865691 0.001487 0.500577
vn -0.999928 -0.007430 0.009378
vn -0.864834 -0.038545 0.500576
vn -0.818783 0.301336 0.488663
vn -0.938834 0.344117 0.013203
vn -0.568566 -0.025209 0.822251
vn -0.547577 0.253972 0.797282
vn -0.495303 0.474530 0.727665
vn -0.636003 0.609339 0.473504
vn -0.721955 0.691676 0.019118
vn -0.171890 0.043561 -0.984153
vn -0.427966 0.074588 -0.900712
vn -0.420780 0.152270 -0.894292
vn -0.170756 0.079682 -0.982086
vn -0.334694 0.320666 -0.886089
vn -0.163989 0.157112 -0.973870
vn -0.162168 0.416060 -0.894760
vn -0.082558 0.166415 -0.982594
vn -0.366596 0.930283 0.013489
vn -0.021412 0.999710 0.011048
vn -0.009366 0.437344 -0.899245
vn -0.003721 0.173757 -0.984782
vn -0.321086 0.811344 0.488492
vn -0.264704 0.537410 0.800701
vn -0.012137 0.566747 0.823803
vn -0.018528 0.865120 0.501222
vn 0.286056 0.824347 0.488492
vn 0.326439 0.945122 0.013489
vn 0.241456 0.548249 0.800701
vn 0.474535 0.495299 0.727664
vn 0.609340 0.636007 0.473497
vn 0.691685 0.721946 0.019117
vn 0.144205 0.422621 -0.894760
vn 0.075359 0.169796 -0.982594
vn 0.320668 0.334703 -0.886085
vn 0.157113 0.163988 -0.973870
vn 0.413877 0.170142 -0.894292
vn 0.167190 0.086918 -0.982086
vn 0.923241 0.383995 0.013202
vn 0.999329 0.035408 0.009375
vn 0.424378 0.092844 -0.900713
vn 0.169865 0.050880 -0.984153
vn 0.805134 0.336109 0.488662
vn 0.536206 0.277177 0.797280
vn 0.569121 -0.000833 0.822254
vn 0.865690 -0.001472 0.500578
vn 0.999929 0.007407 0.009382
vn 0.864835 0.038530 0.500576
vn 0.818785 -0.301335 0.488660
vn 0.938833 -0.344120 0.013201
vn 0.568564 0.025197 0.822253
vn 0.547581 -0.253968 0.797280
vn 0.495305 -0.474530 0.727663
vn 0.636009 -0.609340 0.473495
vn 0.721956 -0.691675 0.019117
vn 0.171888 -0.043561 -0.984153
vn 0.427966 -0.074591 -0.900712
vn 0.420782 -0.152269 -0.894291
vn 0.170758 -0.079681 -0.982086
vn 0.334703 -0.320670 -0.886084
vn 0.163990 -0.157112 -0.973870
vn 0.162167 -0.416061 -0.894760
vn 0.082559 -0.166415 -0.982594
vn 0.366602 -0.930280 0.013488
vn 0.021408 -0.999710 0.011048
vn 0.009365 -0.437344 -0.899246
vn 0.003721 -0.173757 -0.984782
vn 0.321087 -0.811345 0.488490
vn 0.264707 -0.537410 0.800700
vn 0.012136 -0.566747 0.823802
vn 0.018526 -0.865120 0.501223
vn -0.286066 -0.824341 0.488496
vn -0.326444 -0.945120 0.013490
vn -0.241459 -0.548250 0.800699
vn -0.144211 -0.422615 -0.894762
vn -0.075360 -0.169797 -0.982593
vn -0.234673 -0.256433 0.937641
vn 0.005500 -0.256865 0.966432
vn -0.000485 0.022616 0.999744
vn -0.244930 0.014029 0.969439
vn 0.245431 -0.246151 0.937642
vn 0.244107 0.024488 0.969439
vn 0.000485 -0.022616 0.999744
vn 0.244932 -0.014017 0.969439
vn 0.234669 0.256432 0.937642
vn -0.005501 0.256866 0.966431
vn -0.244105 -0.024501 0.969439
vn -0.245435 0.246151 0.937642
vn 0.066091 -0.066135 -0.995619
vn 0.001437 -0.067126 -0.997743
vn 0.000635 -0.029673 -0.999560
vn 0.063801 -0.032108 -0.997446
vn -0.063201 -0.068904 -0.995619
vn -0.062368 -0.034809 -0.997446
vn -0.000635 0.029673 -0.999560
vn -0.063801 0.032107 -0.997446
vn -0.066092 0.066135 -0.995619
vn -0.001438 0.067127 -0.997743
vn 0.062368 0.034810 -0.997446
vn 0.063199 0.068903 -0.995619
vn -0.790014 -0.016925 0.612855
vn -0.876576 -0.018777 0.480896
vn -0.595940 -0.731107 0.332171
vn -0.622980 -0.693513 0.361851
vn -0.567090 -0.012147 0.823566
vn -0.387382 -0.681148 0.621267
vn -0.234472 -0.005024 0.972110
vn -0.158679 -0.601494 0.782960
vn -0.000005 0.000000 1.000000
vn 0.012261 -0.572775 0.819621
vn 0.234467 0.005023 0.972111
vn 0.184284 -0.594151 0.782958
vn 0.567081 0.012150 0.823572
vn 0.416200 -0.663942 0.621255
vn 0.626685 -0.704938 0.332157
vn 0.876563 0.018775 0.480921
vn 0.652112 -0.666201 0.361837
vn 0.789961 0.016913 0.612924
vn 0.999744 0.021418 -0.007288
vn 0.444584 0.009521 -0.895687
vn 0.173972 0.003727 -0.984744
vn 0.062301 0.001334 -0.998057
vn -0.000000 0.000000 -1.000000
vn -0.062301 -0.001334 -0.998057
vn -0.173965 -0.003725 -0.984745
vn -0.444598 -0.009523 -0.895679
vn -0.999745 -0.021408 -0.007189
vn 0.595928 0.731129 0.332145
vn 0.622985 0.693523 0.361823
vn 0.387390 0.681166 0.621243
vn 0.158674 0.601522 0.782940
vn -0.012266 0.572792 0.819609
vn -0.184281 0.594173 0.782943
vn -0.416187 0.663955 0.621250
vn -0.626707 0.704909 0.332178
vn -0.652103 0.666204 0.361847
s 1
g arm_up_left pivot shoulder_screw_1_left
usemtl head_plateSG
f 845/938/845 912/939/846 868/940/847 919/941/848
f 912/942/846 858/943/849 892/944/850 868/945/847
f 868/945/847 892/944/850 967/946/851 952/947/852
f 919/941/848 868/940/847 952/948/852 953/949/853
f 858/943/849 913/950/854 869/951/855 892/944/850
f 913/950/854 846/952/856 914/953/857 869/951/855
f 869/951/855 914/953/857 965/954/858 966/955/859
f 892/944/850 869/951/855 966/955/859 967/946/851
f 936/956/860 937/957/861 870/958/862 893/959/863
f 937/957/861 938/960/864 915/961/865 870/958/862
f 870/958/862 915/961/865 848/962/866 916/963/867
f 893/959/863 870/958/862 916/963/867 859/964/868
f 950/965/869 951/966/870 871/967/871 918/968/872
f 951/969/870 936/956/860 893/959/863 871/970/871
f 871/970/871 893/959/863 859/964/868 917/971/873
f 918/968/872 871/967/871 917/972/873 847/973/874
f 847/973/874 917/972/873 872/974/875 925/975/876
f 917/971/873 859/964/868 895/976/877 872/977/875
f 872/977/875 895/976/877 864/978/878 898/979/879
f 925/975/876 872/974/875 898/980/879 853/981/880
f 859/964/868 916/963/867 873/982/881 895/976/877
f 916/963/867 848/962/866 920/983/882 873/982/881
f 873/982/881 920/983/882 861/984/883 896/985/884
f 895/976/877 873/982/881 896/985/884 864/978/878
f 864/978/878 896/985/884 874/986/885 897/987/886
f 896/985/884 861/984/883 921/988/887 874/986/885
f 874/986/885 921/988/887 850/989/888 922/990/889
f 897/987/886 874/986/885 922/990/889 862/991/890
f 853/981/880 898/980/879 875/992/891 924/993/892
f 898/979/879 864/978/878 897/987/886 875/994/891
f 875/994/891 897/987/886 862/991/890 923/995/893
f 924/993/892 875/992/891 923/996/893 849/997/894
f 849/997/894 923/996/893 876/998/895 931/999/896
f 923/995/893 862/991/890 899/1000/897 876/1001/895
f 876/1001/895 899/1000/897 944/1002/898 945/1003/899
f 931/999/896 876/998/895 945/1004/899 946/1005/900
f 862/991/890 922/990/889 877/1006/901 899/1000/897
f 922/990/889 850/989/888 926/1007/902 877/1006/901
f 877/1006/901 926/1007/902 942/1008/903 943/1009/904
f 899/1000/897 877/1006/901 943/1009/904 944/1002/898
f 959/1010/905 960/1011/906 878/1012/907 900/1013/908
f 960/1011/906 961/1014/909 927/1015/910 878/1012/907
f 878/1012/907 927/1015/910 852/1016/911 928/1017/912
f 900/1013/908 878/1012/907 928/1017/912 854/1018/913
f 957/1019/914 958/1020/915 879/1021/916 930/1022/917
f 958/1023/915 959/1010/905 900/1013/908 879/1024/916
f 879/1024/916 900/1013/908 854/1018/913 929/1025/918
f 930/1022/917 879/1021/916 929/1026/918 851/1027/919
f 851/1027/919 929/1026/918 880/1028/920 935/1029/921
f 929/1025/918 854/1018/913 902/1030/922 880/1031/920
f 880/1031/920 902/1030/922 866/1032/923 905/1033/924
f 935/1029/921 880/1028/920 905/1034/924 857/1035/925
f 854/1018/913 928/1017/912 881/1036/926 902/1030/922
f 928/1017/912 852/1016/911 932/1037/927 881/1036/926
f 881/1036/926 932/1037/927 856/1038/928 903/1039/929
f 902/1030/922 881/1036/926 903/1039/929 866/1032/923
f 866/1032/923 903/1039/929 882/1040/930 904/1041/931
f 903/1039/929 856/1038/928 933/1042/932 882/1040/930
f 882/1040/930 933/1042/932 846/952/856 913/950/854
f 904/1041/931 882/1040/930 913/950/854 858/943/849
f 857/1035/925 905/1034/924 883/1043/933 934/1044/934
f 905/1033/924 866/1032/923 904/1041/931 883/1045/933
f 883/1045/933 904/1041/931 858/943/849 912/942/846
f 934/1044/934 883/1043/933 912/939/846 845/938/845
f 846/952/856 933/1042/932 884/1046/935 914/953/857
f 933/1042/932 856/1038/928 906/1047/936 884/1046/935
f 884/1046/935 906/1047/936 963/1048/937 964/1049/938
f 914/953/857 884/1046/935 964/1049/938 965/954/858
f 856/1038/928 932/1037/927 885/1050/939 906/1047/936
f 932/1037/927 852/1016/911 927/1015/910 885/1050/939
f 885/1050/939 927/1015/910 961/1014/909 962/1051/940
f 906/1047/936 885/1050/939 962/1051/940 963/1048/937
f 940/1052/941 941/1053/942 886/1054/943 907/1055/944
f 941/1053/942 942/1008/903 926/1007/902 886/1054/943
f 886/1054/943 926/1007/902 850/989/888 921/988/887
f 907/1055/944 886/1054/943 921/988/887 861/984/883
f 938/960/864 939/1056/945 887/1057/946 915/961/865
f 939/1056/945 940/1052/941 907/1055/944 887/1057/946
f 887/1057/946 907/1055/944 861/984/883 920/983/882
f 915/961/865 887/1057/946 920/983/882 848/962/866
f 851/1027/919 935/1029/921 888/1058/947 930/1022/917
f 935/1029/921 857/1035/925 908/1059/948 888/1058/947
f 888/1058/947 908/1059/948 955/1060/949 956/1061/950
f 930/1022/917 888/1058/947 956/1061/950 957/1019/914
f 857/1035/925 934/1044/934 889/1062/951 908/1059/948
f 934/1044/934 845/938/845 919/941/848 889/1062/951
f 889/1062/951 919/941/848 953/949/853 954/1063/952
f 908/1059/948 889/1062/951 954/1063/952 955/1060/949
f 948/1064/953 949/1065/954 890/1066/955 910/1067/956
f 949/1065/954 950/965/869 918/968/872 890/1066/955
f 890/1066/955 918/968/872 847/973/874 925/975/876
f 910/1067/956 890/1066/955 925/975/876 853/981/880
f 946/1005/900 947/1068/957 891/1069/958 931/999/896
f 947/1068/957 948/1064/953 910/1067/956 891/1069/958
f 891/1069/958 910/1067/956 853/981/880 924/993/892
f 931/999/896 891/1069/958 924/993/892 849/997/894
f 969/1070/959 968/1071/960 970/1072/961 971/1073/962
f 968/1071/960 972/1074/963 973/1075/964 970/1072/961
f 972/1074/963 974/1076/965 975/1077/966 973/1075/964
f 974/1076/965 976/1078/967 977/1079/968 975/1077/966
f 976/1078/967 978/1080/969 979/1081/970 977/1079/968
f 978/1080/969 980/1082/971 981/1083/972 979/1081/970
f 982/1084/973 981/1083/972 980/1082/971 983/1085/974
f 984/1086/975 982/1084/973 983/1085/974 985/1087/976
f 945/1003/899 944/1002/898 865/1088/977 901/1089/978
f 946/1005/900 945/1004/899 901/1090/978 855/1091/979
f 855/1091/979 911/1092/980 947/1068/957 946/1005/900
f 911/1092/980 867/1093/981 948/1064/953 947/1068/957
f 867/1093/981 909/1094/982 949/1065/954 948/1064/953
f 909/1094/982 860/1095/983 950/965/869 949/1065/954
f 860/1095/983 894/1096/984 951/966/870 950/965/869
f 894/1097/984 863/1098/985 936/956/860 951/969/870
f 953/949/853 952/948/852 894/1096/984 860/1095/983
f 954/1063/952 953/949/853 860/1095/983 909/1094/982
f 955/1060/949 954/1063/952 909/1094/982 867/1093/981
f 956/1061/950 955/1060/949 867/1093/981 911/1092/980
f 957/1019/914 956/1061/950 911/1092/980 855/1091/979
f 855/1091/979 901/1090/978 958/1020/915 957/1019/914
f 901/1089/978 865/1088/977 959/1010/905 958/1023/915
f 985/1087/976 983/1085/974 986/1099/986 987/1100/987
f 983/1085/974 980/1082/971 988/1101/988 986/1099/986
f 989/1102/989 988/1101/988 980/1082/971 978/1080/969
f 990/1103/990 989/1102/989 978/1080/969 976/1078/967
f 991/1104/991 990/1103/990 976/1078/967 974/1076/965
f 992/1105/992 991/1104/991 974/1076/965 972/1074/963
f 993/1106/993 992/1105/992 972/1074/963 968/1071/960
f 994/1107/994 993/1106/993 968/1071/960 969/1070/959
f 952/947/852 967/946/851 863/1098/985 894/1097/984
f 937/957/861 936/956/860 971/1073/962 970/1072/961
f 936/956/860 863/1098/985 969/1070/959 971/1073/962
f 938/960/864 937/957/861 970/1072/961 973/1075/964
f 939/1056/945 938/960/864 973/1075/964 975/1077/966
f 940/1052/941 939/1056/945 975/1077/966 977/1079/968
f 941/1053/942 940/1052/941 977/1079/968 979/1081/970
f 942/1008/903 941/1053/942 979/1081/970 981/1083/972
f 943/1009/904 942/1008/903 981/1083/972 982/1084/973
f 944/1002/898 943/1009/904 982/1084/973 984/1086/975
f 865/1088/977 944/1002/898 984/1086/975 985/1087/976
f 960/1011/906 959/1010/905 987/1100/987 986/1099/986
f 959/1010/905 865/1088/977 985/1087/976 987/1100/987
f 961/1014/909 960/1011/906 986/1099/986 988/1101/988
f 962/1051/940 961/1014/909 988/1101/988 989/1102/989
f 963/1048/937 962/1051/940 989/1102/989 990/1103/990
f 964/1049/938 963/1048/937 990/1103/990 991/1104/991
f 965/954/858 964/1049/938 991/1104/991 992/1105/992
f 966/955/859 965/954/858 992/1105/992 993/1106/993
f 967/946/851 966/955/859 993/1106/993 994/1107/994
f 863/1098/985 967/946/851 994/1107/994 969/1070/959
