# This file uses centimeters as units for non-parametric coordinates.

mtllib bot.mtl
g default
v -0.012331 -0.020536 -0.018411
v -0.020811 -0.011685 -0.018411
v -0.023729 0.000221 -0.018411
v -0.020304 0.011991 -0.018411
v -0.011452 0.020471 -0.018411
v 0.000453 0.023390 -0.018411
v 0.012223 0.019964 -0.018411
v 0.020703 0.011113 -0.018411
v 0.023622 -0.000793 -0.018411
v 0.020196 -0.012563 -0.018411
v 0.011345 -0.021043 -0.018411
v -0.000561 -0.023962 -0.018411
v -0.021374 -0.035453 -0.022372
v -0.036101 -0.020081 -0.022372
v -0.041169 0.000594 -0.022372
v -0.035220 0.021034 -0.022372
v -0.019849 0.035761 -0.022372
v 0.000827 0.040829 -0.022372
v 0.021267 0.034881 -0.022372
v 0.035994 0.019509 -0.022372
v 0.041062 -0.001167 -0.022372
v 0.035113 -0.021606 -0.022372
v 0.019742 -0.036333 -0.022372
v -0.000934 -0.041401 -0.022372
v -0.025867 -0.042865 -0.027209
v -0.043698 -0.024253 -0.027209
v -0.049835 0.000780 -0.027209
v -0.042632 0.025528 -0.027209
v -0.024021 0.043359 -0.027209
v 0.001012 0.049495 -0.027209
v 0.025760 0.042293 -0.027209
v 0.043591 0.023681 -0.027209
v 0.049727 -0.001352 -0.027209
v 0.042525 -0.026100 -0.027209
v 0.023914 -0.043931 -0.027209
v -0.001120 -0.050067 -0.027209
v -0.025530 -0.042308 -0.010457
v -0.043128 -0.023940 -0.010457
v -0.049184 0.000766 -0.010457
v -0.042076 0.025190 -0.010457
v -0.023708 0.042788 -0.010457
v 0.000998 0.048844 -0.010457
v 0.025423 0.041736 -0.010457
v 0.043020 0.023368 -0.010457
v 0.049076 -0.001338 -0.010457
v 0.041968 -0.025762 -0.010457
v 0.023600 -0.043360 -0.010457
v -0.001106 -0.049416 -0.010457
v -0.017038 -0.028301 -0.010457
v -0.028770 -0.016055 -0.010457
v -0.032807 0.000415 -0.010457
v -0.028068 0.016698 -0.010457
v -0.015823 0.028430 -0.010457
v 0.000648 0.032467 -0.010457
v 0.016930 0.027728 -0.010457
v 0.028662 0.015483 -0.010457
v 0.032700 -0.000987 -0.010457
v 0.027961 -0.017270 -0.010457
v 0.015716 -0.029002 -0.010457
v -0.000755 -0.033039 -0.010457
v -0.008546 -0.014293 -0.010457
v -0.014412 -0.008171 -0.010457
v -0.016430 0.000065 -0.010457
v -0.014061 0.008206 -0.010457
v -0.007938 0.014072 -0.010457
v 0.000297 0.016091 -0.010457
v 0.008438 0.013721 -0.010457
v 0.014304 0.007599 -0.010457
v 0.016323 -0.000637 -0.010457
v 0.013954 -0.008778 -0.010457
v 0.007831 -0.014644 -0.010457
v -0.000404 -0.016663 -0.010457
v -0.000054 -0.000286 -0.021233
v -0.000054 -0.000286 -0.010457
v -0.033264 -0.055064 -0.022372
v -0.034022 -0.056315 -0.020837
v -0.056203 -0.031120 -0.022372
v -0.057485 -0.031824 -0.020837
v -0.064097 0.001085 -0.022372
v -0.065561 0.001117 -0.020837
v -0.054831 0.032924 -0.022372
v -0.056083 0.033682 -0.020837
v -0.030888 0.055863 -0.022372
v -0.031592 0.057146 -0.020837
v 0.001318 0.063758 -0.022372
v 0.001349 0.065221 -0.020837
v 0.033156 0.054492 -0.022372
v 0.033915 0.055743 -0.020837
v 0.056096 0.030548 -0.022372
v 0.057378 0.031252 -0.020837
v 0.063990 -0.001657 -0.022372
v 0.065453 -0.001689 -0.020837
v 0.054724 -0.033496 -0.022372
v 0.055976 -0.034254 -0.020837
v 0.030780 -0.056435 -0.022372
v 0.031485 -0.057718 -0.020837
v -0.001425 -0.064330 -0.022372
v -0.001457 -0.065793 -0.020837
v -0.034022 -0.056315 -0.011992
v -0.033264 -0.055064 -0.010457
v -0.057485 -0.031824 -0.011992
v -0.056203 -0.031120 -0.010457
v -0.065561 0.001117 -0.011992
v -0.064097 0.001085 -0.010457
v -0.056083 0.033682 -0.011992
v -0.054831 0.032924 -0.010457
v -0.031592 0.057146 -0.011992
v -0.030888 0.055863 -0.010457
v 0.001349 0.065221 -0.011992
v 0.001318 0.063758 -0.010457
v 0.033915 0.055743 -0.011992
v 0.033156 0.054492 -0.010457
v 0.057378 0.031252 -0.011992
v 0.056096 0.030548 -0.010457
v 0.065453 -0.001689 -0.011992
v 0.063990 -0.001657 -0.010457
v 0.055976 -0.034254 -0.011992
v 0.054724 -0.033496 -0.010457
v 0.031485 -0.057718 -0.011992
v 0.030780 -0.056435 -0.010457
v -0.001457 -0.065793 -0.011992
v -0.001425 -0.064330 -0.010457
v -0.057537 0.000945 -0.026415
v -0.050451 -0.027961 -0.026415
v -0.029861 -0.049452 -0.026415
v -0.001285 -0.057769 -0.026415
v 0.027622 -0.050683 -0.026415
v 0.049112 -0.030094 -0.026415
v 0.057429 -0.001517 -0.026415
v 0.050343 0.027389 -0.026415
v 0.029754 0.048880 -0.026415
v 0.001177 0.057197 -0.026415
v -0.027729 0.050111 -0.026415
v -0.049220 0.029521 -0.026415
vt 0.056195 0.841854
vt 0.054522 0.842776
vt 0.052542 0.840868
vt 0.055472 0.839249
vt 0.053552 0.844379
vt 0.050845 0.843679
vt 0.053545 0.846234
vt 0.050837 0.846929
vt 0.054503 0.847843
vt 0.052519 0.849748
vt 0.056170 0.848776
vt 0.055442 0.851380
vt 0.058098 0.848782
vt 0.058821 0.851387
vt 0.059771 0.847861
vt 0.061751 0.849769
vt 0.060741 0.846258
vt 0.063448 0.846958
vt 0.060748 0.844403
vt 0.063456 0.843708
vt 0.059790 0.842794
vt 0.061774 0.840889
vt 0.058123 0.841861
vt 0.058851 0.839257
vt 0.051443 0.839815
vt 0.055068 0.837809
vt 0.049346 0.843295
vt 0.049339 0.847318
vt 0.051425 0.850805
vt 0.055043 0.852822
vt 0.059225 0.852828
vt 0.062850 0.850822
vt 0.064947 0.847341
vt 0.064954 0.843319
vt 0.062868 0.839832
vt 0.059250 0.837815
vt 0.134188 0.838577
vt 0.137470 0.841872
vt 0.134792 0.843287
vt 0.132604 0.841090
vt 0.138600 0.846305
vt 0.135545 0.846242
vt 0.137274 0.850687
vt 0.134661 0.849163
vt 0.133848 0.853844
vt 0.132377 0.851268
vt 0.129240 0.854931
vt 0.129305 0.851993
vt 0.124684 0.853656
vt 0.126268 0.851143
vt 0.121401 0.850360
vt 0.124079 0.848945
vt 0.120272 0.845927
vt 0.123326 0.845990
vt 0.121597 0.841545
vt 0.124210 0.843069
vt 0.125024 0.838388
vt 0.126494 0.840964
vt 0.129632 0.837302
vt 0.129567 0.840240
vt 0.132114 0.844702
vt 0.131020 0.843603
vt 0.132490 0.846179
vt 0.132049 0.847640
vt 0.130906 0.848692
vt 0.129370 0.849054
vt 0.127852 0.848629
vt 0.126758 0.847531
vt 0.126381 0.846053
vt 0.126823 0.844593
vt 0.127965 0.843540
vt 0.129501 0.843178
vt 0.057146 0.845318
vt 0.129436 0.846116
vt 0.054437 0.835544
vt 0.054352 0.835236
vt 0.059967 0.835243
vt 0.059881 0.835550
vt 0.049719 0.838156
vt 0.049485 0.837930
vt 0.046991 0.842688
vt 0.046671 0.842605
vt 0.046984 0.847925
vt 0.046664 0.848006
vt 0.049700 0.852463
vt 0.049466 0.852688
vt 0.054412 0.855087
vt 0.054326 0.855394
vt 0.059856 0.855093
vt 0.059942 0.855401
vt 0.064574 0.852480
vt 0.064808 0.852706
vt 0.067302 0.847948
vt 0.067622 0.848032
vt 0.067309 0.842712
vt 0.067629 0.842630
vt 0.064592 0.838174
vt 0.064827 0.837949
vt 0.054001 0.834001
vt 0.053919 0.833714
vt 0.060384 0.833717
vt 0.060305 0.834004
vt 0.048539 0.837030
vt 0.048319 0.836821
vt 0.045384 0.842280
vt 0.045085 0.842204
vt 0.045380 0.848344
vt 0.045082 0.848423
vt 0.048530 0.853598
vt 0.048312 0.853809
vt 0.053988 0.856633
vt 0.053910 0.856920
vt 0.060293 0.856635
vt 0.060374 0.856923
vt 0.065754 0.853606
vt 0.065974 0.853815
vt 0.068909 0.848356
vt 0.069208 0.848432
vt 0.068912 0.842292
vt 0.069211 0.842214
vt 0.065763 0.837039
vt 0.065981 0.836828
vt 0.050578 0.838980
vt 0.054752 0.836670
vt 0.048163 0.842988
vt 0.048155 0.847621
vt 0.050557 0.851637
vt 0.054724 0.853960
vt 0.059541 0.853967
vt 0.063716 0.851657
vt 0.066130 0.847648
vt 0.066138 0.843015
vt 0.063736 0.839000
vt 0.059569 0.836677
vt 0.135630 0.836288
vt 0.139909 0.840584
vt 0.141382 0.846362
vt 0.139653 0.852075
vt 0.135187 0.856190
vt 0.129180 0.857607
vt 0.123241 0.855944
vt 0.118962 0.851648
vt 0.117490 0.845870
vt 0.119218 0.840158
vt 0.123684 0.836042
vt 0.129692 0.834626
vn 0.069938 0.115359 -0.990859
vn 0.187770 0.309717 -0.932104
vn 0.317470 0.174338 -0.932105
vn 0.118248 0.064935 -0.990859
vn 0.362105 -0.007754 -0.932105
vn 0.134872 -0.002888 -0.990859
vn 0.309715 -0.187768 -0.932105
vn 0.115360 -0.069938 -0.990859
vn 0.174339 -0.317471 -0.932104
vn 0.064936 -0.118247 -0.990859
vn -0.007755 -0.362107 -0.932104
vn -0.002889 -0.134874 -0.990859
vn -0.187770 -0.309715 -0.932105
vn -0.069938 -0.115358 -0.990859
vn -0.317470 -0.174335 -0.932105
vn -0.118249 -0.064935 -0.990859
vn -0.362105 0.007755 -0.932105
vn -0.134873 0.002888 -0.990859
vn -0.309717 0.187767 -0.932105
vn -0.115360 0.069937 -0.990859
vn -0.174338 0.317471 -0.932104
vn -0.064935 0.118247 -0.990859
vn 0.007754 0.362107 -0.932104
vn 0.002888 0.134874 -0.990859
vn 0.086372 0.142467 -0.986024
vn 0.146032 0.080193 -0.986024
vn 0.166566 -0.003567 -0.986024
vn 0.142465 -0.086371 -0.986024
vn 0.080194 -0.146034 -0.986024
vn -0.003567 -0.166566 -0.986024
vn -0.086370 -0.142464 -0.986024
vn -0.146033 -0.080193 -0.986024
vn -0.166561 0.003567 -0.986025
vn -0.142465 0.086370 -0.986024
vn -0.080193 0.146033 -0.986024
vn 0.003567 0.166565 -0.986024
vn -0.000000 0.000000 1.000000
vn -0.000000 0.000000 1.000000
vn 0.000000 0.000000 1.000000
vn 0.000000 0.000000 1.000000
vn 0.000000 0.000000 1.000000
vn 0.000000 0.000000 1.000000
vn 0.000000 0.000000 1.000000
vn 0.000000 0.000000 1.000000
vn -0.000000 0.000000 1.000000
vn -0.000000 0.000000 1.000000
vn 0.000000 0.000000 1.000000
vn -0.000000 0.000000 1.000000
vn 0.000000 0.000000 1.000000
vn 0.000000 0.000000 1.000000
vn 0.000000 0.000000 1.000000
vn 0.000000 0.000000 1.000000
vn 0.000000 0.000000 1.000000
vn 0.000000 0.000000 1.000000
vn 0.000000 0.000000 1.000000
vn -0.000000 0.000000 1.000000
vn 0.000000 0.000000 1.000000
vn -0.000000 0.000000 1.000000
vn -0.000000 0.000000 1.000000
vn 0.000000 0.000000 1.000000
vn -0.000000 0.000000 1.000000
vn 0.000000 0.000000 1.000000
vn 0.000000 0.000000 1.000000
vn 0.000000 0.000000 1.000000
vn -0.000000 0.000000 1.000000
vn 0.000000 0.000000 1.000000
vn 0.000000 0.000000 1.000000
vn 0.000000 0.000000 1.000000
vn 0.000000 0.000000 1.000000
vn 0.000000 0.000000 1.000000
vn 0.000000 0.000000 1.000000
vn -0.000000 0.000000 1.000000
vn 0.000000 -0.000000 -1.000000
vn 0.000000 0.000000 1.000000
vn -0.302411 -0.498806 -0.812244
vn -0.012488 -0.583180 -0.812247
vn -0.021242 -0.991956 -0.124792
vn -0.514377 -0.848437 -0.124786
vn -0.869680 -0.477582 -0.124786
vn -0.511299 -0.280777 -0.812243
vn -0.991956 0.021243 -0.124791
vn -0.583183 0.012489 -0.812245
vn -0.848438 0.514374 -0.124789
vn -0.498807 0.302407 -0.812245
vn -0.477582 0.869680 -0.124789
vn -0.280779 0.511292 -0.812246
vn 0.021243 0.991955 -0.124792
vn 0.012489 0.583182 -0.812246
vn 0.514373 0.848439 -0.124790
vn 0.302409 0.498806 -0.812245
vn 0.869681 0.477581 -0.124788
vn 0.511296 0.280777 -0.812245
vn 0.991956 -0.021243 -0.124789
vn 0.583185 -0.012487 -0.812244
vn 0.848438 -0.514374 -0.124789
vn 0.498807 -0.302410 -0.812244
vn 0.477581 -0.869680 -0.124792
vn 0.280775 -0.511294 -0.812246
vn -0.514377 -0.848437 0.124785
vn -0.021242 -0.991956 0.124792
vn -0.002905 -0.135659 0.990751
vn -0.070347 -0.116031 0.990751
vn -0.118937 -0.065314 0.990751
vn -0.869681 -0.477582 0.124786
vn -0.135660 0.002905 0.990751
vn -0.991956 0.021243 0.124791
vn -0.116032 0.070345 0.990751
vn -0.848438 0.514374 0.124789
vn -0.065315 0.118936 0.990751
vn -0.477582 0.869680 0.124789
vn 0.002906 0.135658 0.990751
vn 0.021243 0.991955 0.124792
vn 0.070346 0.116031 0.990751
vn 0.514373 0.848439 0.124790
vn 0.118937 0.065314 0.990751
vn 0.869681 0.477581 0.124788
vn 0.135659 -0.002905 0.990751
vn 0.991956 -0.021243 0.124789
vn 0.116032 -0.070347 0.990751
vn 0.848438 -0.514374 0.124789
vn 0.065314 -0.118937 0.990751
vn 0.477581 -0.869680 0.124792
vn -0.190453 -0.314144 -0.930076
vn -0.322010 -0.176830 -0.930076
vn -0.367286 0.007865 -0.930075
vn -0.314145 0.190453 -0.930076
vn -0.176830 0.322009 -0.930076
vn 0.007865 0.367284 -0.930076
vn 0.190452 0.314146 -0.930075
vn 0.322009 0.176830 -0.930076
vn 0.367284 -0.007867 -0.930076
vn 0.314144 -0.190454 -0.930076
vn 0.176829 -0.322011 -0.930075
vn -0.007865 -0.367284 -0.930076
s 1
g shoulder_plate_back_right arm_up_right
usemtl head_plateSG
f 1/1/1 13/4/2 14/3/3 2/2/4
f 2/2/4 14/3/3 15/6/5 3/5/6
f 3/5/6 15/6/5 16/8/7 4/7/8
f 4/7/8 16/8/7 17/10/9 5/9/10
f 5/9/10 17/10/9 18/12/11 6/11/12
f 6/11/12 18/12/11 19/14/13 7/13/14
f 7/13/14 19/14/13 20/16/15 8/15/16
f 8/15/16 20/16/15 21/18/17 9/17/18
f 9/17/18 21/18/17 22/20/19 10/19/20
f 10/19/20 22/20/19 23/22/21 11/21/22
f 11/21/22 23/22/21 24/24/23 12/23/24
f 12/23/24 24/24/23 13/4/2 1/1/1
f 13/4/2 25/26/25 26/25/26 14/3/3
f 14/3/3 26/25/26 27/27/27 15/6/5
f 15/6/5 27/27/27 28/28/28 16/8/7
f 16/8/7 28/28/28 29/29/29 17/10/9
f 17/10/9 29/29/29 30/30/30 18/12/11
f 18/12/11 30/30/30 31/31/31 19/14/13
f 19/14/13 31/31/31 32/32/32 20/16/15
f 20/16/15 32/32/32 33/33/33 21/18/17
f 21/18/17 33/33/33 34/34/34 22/20/19
f 22/20/19 34/34/34 35/35/35 23/22/21
f 23/22/21 35/35/35 36/36/36 24/24/23
f 24/24/23 36/36/36 25/26/25 13/4/2
f 37/37/37 49/40/38 50/39/39 38/38/40
f 38/38/40 50/39/39 51/42/41 39/41/42
f 39/41/42 51/42/41 52/44/43 40/43/44
f 40/43/44 52/44/43 53/46/45 41/45/46
f 41/45/46 53/46/45 54/48/47 42/47/48
f 42/47/48 54/48/47 55/50/49 43/49/50
f 43/49/50 55/50/49 56/52/51 44/51/52
f 44/51/52 56/52/51 57/54/53 45/53/54
f 45/53/54 57/54/53 58/56/55 46/55/56
f 46/55/56 58/56/55 59/58/57 47/57/58
f 47/57/58 59/58/57 60/60/59 48/59/60
f 48/59/60 60/60/59 49/40/38 37/37/37
f 49/40/38 61/62/61 62/61/62 50/39/39
f 50/39/39 62/61/62 63/63/63 51/42/41
f 51/42/41 63/63/63 64/64/64 52/44/43
f 52/44/43 64/64/64 65/65/65 53/46/45
f 53/46/45 65/65/65 66/66/66 54/48/47
f 54/48/47 66/66/66 67/67/67 55/50/49
f 55/50/49 67/67/67 68/68/68 56/52/51
f 56/52/51 68/68/68 69/69/69 57/54/53
f 57/54/53 69/69/69 70/70/70 58/56/55
f 58/56/55 70/70/70 71/71/71 59/58/57
f 59/58/57 71/71/71 72/72/72 60/60/59
f 60/60/59 72/72/72 61/62/61 49/40/38
f 2/2/4 73/73/73 1/1/1
f 3/5/6 73/73/73 2/2/4
f 4/7/8 73/73/73 3/5/6
f 5/9/10 73/73/73 4/7/8
f 6/11/12 73/73/73 5/9/10
f 7/13/14 73/73/73 6/11/12
f 8/15/16 73/73/73 7/13/14
f 9/17/18 73/73/73 8/15/16
f 10/19/20 73/73/73 9/17/18
f 11/21/22 73/73/73 10/19/20
f 12/23/24 73/73/73 11/21/22
f 1/1/1 73/73/73 12/23/24
f 61/62/61 74/74/74 62/61/62
f 62/61/62 74/74/74 63/63/63
f 63/63/63 74/74/74 64/64/64
f 64/64/64 74/74/74 65/65/65
f 65/65/65 74/74/74 66/66/66
f 66/66/66 74/74/74 67/67/67
f 67/67/67 74/74/74 68/68/68
f 68/68/68 74/74/74 69/69/69
f 69/69/69 74/74/74 70/70/70
f 70/70/70 74/74/74 71/71/71
f 71/71/71 74/74/74 72/72/72
f 72/72/72 74/74/74 61/62/61
f 75/75/75 97/78/76 98/77/77 76/76/78
f 76/76/78 78/80/79 77/79/80 75/75/75
f 78/80/79 80/82/81 79/81/82 77/79/80
f 80/82/81 82/84/83 81/83/84 79/81/82
f 82/84/83 84/86/85 83/85/86 81/83/84
f 84/86/85 86/88/87 85/87/88 83/85/86
f 86/88/87 88/90/89 87/89/90 85/87/88
f 88/90/89 90/92/91 89/91/92 87/89/90
f 90/92/91 92/94/93 91/93/94 89/91/92
f 92/94/93 94/96/95 93/95/96 91/93/94
f 94/96/95 96/98/97 95/97/98 93/95/96
f 96/98/97 98/77/77 97/78/76 95/97/98
f 99/99/99 121/102/100 122/101/101 100/100/102
f 100/100/102 102/104/103 101/103/104 99/99/99
f 102/104/103 104/106/105 103/105/106 101/103/104
f 104/106/105 106/108/107 105/107/108 103/105/106
f 106/108/107 108/110/109 107/109/110 105/107/108
f 108/110/109 110/112/111 109/111/112 107/109/110
f 110/112/111 112/114/113 111/113/114 109/111/112
f 112/114/113 114/116/115 113/115/116 111/113/114
f 114/116/115 116/118/117 115/117/118 113/115/116
f 116/118/117 118/120/119 117/119/120 115/117/118
f 118/120/119 120/122/121 119/121/122 117/119/120
f 120/122/121 122/101/101 121/102/100 119/121/122
f 25/26/25 125/124/123 124/123/124 26/25/26
f 26/25/26 124/123/124 123/125/125 27/27/27
f 27/27/27 123/125/125 134/126/126 28/28/28
f 28/28/28 134/126/126 133/127/127 29/29/29
f 29/29/29 133/127/127 132/128/128 30/30/30
f 30/30/30 132/128/128 131/129/129 31/31/31
f 31/31/31 131/129/129 130/130/130 32/32/32
f 32/32/32 130/130/130 129/131/131 33/33/33
f 33/33/33 129/131/131 128/132/132 34/34/34
f 34/34/34 128/132/132 127/133/133 35/35/35
f 35/35/35 127/133/133 126/134/134 36/36/36
f 36/36/36 126/134/134 125/124/123 25/26/25
f 76/76/78 99/99/99 101/103/104 78/80/79
f 78/80/79 101/103/104 103/105/106 80/82/81
f 80/82/81 103/105/106 105/107/108 82/84/83
f 82/84/83 105/107/108 107/109/110 84/86/85
f 84/86/85 107/109/110 109/111/112 86/88/87
f 86/88/87 109/111/112 111/113/114 88/90/89
f 88/90/89 111/113/114 113/115/116 90/92/91
f 90/92/91 113/115/116 115/117/118 92/94/93
f 92/94/93 115/117/118 117/119/120 94/96/95
f 94/96/95 117/119/120 119/121/122 96/98/97
f 96/98/97 119/121/122 121/102/100 98/77/77
f 98/77/77 121/102/100 99/99/99 76/76/78
f 100/135/102 37/37/37 38/38/40 102/136/103
f 102/136/103 38/38/40 39/41/42 104/137/105
f 104/137/105 39/41/42 40/43/44 106/138/107
f 106/138/107 40/43/44 41/45/46 108/139/109
f 108/139/109 41/45/46 42/47/48 110/140/111
f 110/140/111 42/47/48 43/49/50 112/141/113
f 112/141/113 43/49/50 44/51/52 114/142/115
f 114/142/115 44/51/52 45/53/54 116/143/117
f 116/143/117 45/53/54 46/55/56 118/144/119
f 118/144/119 46/55/56 47/57/58 120/145/121
f 120/145/121 47/57/58 48/59/60 122/146/101
f 122/146/101 48/59/60 37/37/37 100/135/102
f 124/123/124 77/79/80 79/81/82 123/125/125
f 125/124/123 75/75/75 77/79/80 124/123/124
f 126/134/134 97/78/76 75/75/75 125/124/123
f 127/133/133 95/97/98 97/78/76 126/134/134
f 128/132/132 93/95/96 95/97/98 127/133/133
f 129/131/131 91/93/94 93/95/96 128/132/132
f 130/130/130 89/91/92 91/93/94 129/131/131
f 131/129/129 87/89/90 89/91/92 130/130/130
f 132/128/128 85/87/88 87/89/90 131/129/129
f 133/127/127 83/85/86 85/87/88 132/128/128
f 134/126/126 81/83/84 83/85/86 133/127/127
f 123/125/125 79/81/82 81/83/84 134/126/126
g default
v -0.052835 0.000665 -0.010728
v -0.048102 0.017922 -0.010728
v -0.038060 0.032844 -0.010728
v -0.023789 0.043909 -0.010728
v -0.006755 0.050012 -0.010728
v 0.011363 0.050591 -0.010728
v 0.028763 0.045531 -0.010728
v 0.043743 0.035339 -0.010728
v 0.054833 0.021003 -0.010728
v 0.060965 0.003999 -0.010728
v 0.061486 -0.014007 -0.010728
v 0.056284 -0.031133 -0.010728
v 0.045818 -0.045509 -0.010728
v 0.032445 -0.054526 -0.010728
v 0.017589 -0.061679 -0.010728
v 0.003885 -0.056410 -0.010728
v -0.015665 -0.048401 -0.010728
v -0.033995 -0.039353 -0.010728
v -0.046641 -0.032264 -0.010728
v -0.051517 -0.015890 -0.010728
v -0.052456 0.000721 0.001613
v -0.047939 0.017947 0.001202
v -0.038001 0.032861 0.001010
v -0.023769 0.043921 0.000954
v -0.006748 0.050017 0.000951
v 0.011368 0.050593 0.000954
v 0.028765 0.045531 0.000960
v 0.043744 0.035337 0.000965
v 0.054832 0.021001 0.000968
v 0.060966 0.003995 0.000967
v 0.061498 -0.014019 0.000924
v 0.056327 -0.031172 0.000776
v 0.045926 -0.045614 0.000452
v 0.032529 -0.054789 0.000045
v 0.017429 -0.061835 0.000740
v -0.046837 -0.031561 0.001123
v -0.051010 -0.015465 0.002046
v -0.052317 0.000692 0.009831
v -0.047888 0.017933 0.009831
v -0.037988 0.032857 0.009831
v -0.023767 0.043921 0.009831
v -0.006748 0.050018 0.009831
v 0.011369 0.050593 0.009831
v 0.028767 0.045529 0.009831
v 0.043745 0.035332 0.009831
v 0.054833 0.020992 0.009831
v 0.060970 0.003969 0.009831
v 0.061521 -0.014081 0.009831
v 0.056407 -0.031325 0.009831
v 0.046115 -0.045961 0.009831
v 0.032517 -0.055466 0.009831
v 0.016777 -0.062122 0.009831
v 0.004105 -0.054973 0.009831
v -0.014071 -0.045036 0.009832
v -0.033254 -0.036566 0.009831
v -0.046793 -0.031320 0.009831
v -0.050750 -0.015364 0.009831
v -0.063333 -0.163160 0.026718
v -0.064147 -0.164245 0.025894
v -0.050961 -0.169281 0.020076
v -0.052166 -0.170169 0.019472
v -0.043310 -0.173158 0.007228
v -0.044743 -0.173927 0.007026
v -0.042803 -0.173561 -0.007570
v -0.044249 -0.174316 -0.007319
v -0.050288 -0.170022 -0.019778
v -0.051503 -0.170888 -0.019144
v -0.062538 -0.164099 -0.026901
v -0.063375 -0.165151 -0.026040
v -0.076558 -0.157239 -0.026963
v -0.076958 -0.158509 -0.026092
v -0.088974 -0.151095 -0.020188
v -0.088982 -0.152561 -0.019521
v -0.096626 -0.147221 -0.007340
v -0.096379 -0.148818 -0.007081
v -0.097135 -0.146824 0.007459
v -0.096866 -0.148435 0.007236
v -0.089600 -0.150386 0.019532
v -0.089572 -0.151883 0.018926
v -0.077311 -0.156325 0.026570
v -0.077678 -0.157629 0.025744
v -0.094321 -0.152124 0.006286
v -0.094552 -0.150759 0.006476
v -0.088045 -0.155094 0.016343
v -0.088071 -0.153826 0.016858
v -0.077811 -0.160047 0.022206
v -0.077501 -0.158941 0.022907
v -0.066170 -0.165747 0.022328
v -0.065483 -0.164827 0.023027
v -0.055866 -0.170849 0.016796
v -0.054847 -0.170095 0.017309
v -0.049493 -0.174079 0.006094
v -0.048280 -0.173426 0.006267
v -0.049069 -0.174411 -0.006234
v -0.047844 -0.173770 -0.006447
v -0.055304 -0.171464 -0.016403
v -0.054276 -0.170729 -0.016940
v -0.065509 -0.166531 -0.022336
v -0.064801 -0.165637 -0.023065
v -0.077186 -0.160814 -0.022388
v -0.076850 -0.159737 -0.023125
v -0.087527 -0.155693 -0.016744
v -0.087522 -0.154449 -0.017308
v -0.093898 -0.152460 -0.006042
v -0.094110 -0.151108 -0.006260
v -0.006936 -0.067626 -0.009948
v -0.019861 -0.062750 -0.011286
v -0.032061 -0.056091 -0.011040
v -0.040842 -0.050353 -0.009476
v -0.042396 -0.049453 -0.000544
v -0.042522 -0.049224 0.007418
v -0.034144 -0.053178 0.009603
v -0.021821 -0.059025 0.010864
v -0.009342 -0.065132 0.010603
v 0.000199 -0.069635 0.008988
v 0.001755 -0.070184 0.001639
v 0.001974 -0.070146 -0.007832
v -0.012745 -0.079164 -0.012159
v -0.022078 -0.075139 -0.015977
v -0.031924 -0.069691 -0.016032
v -0.040367 -0.064826 -0.012287
v -0.044487 -0.062910 -0.003836
v -0.045034 -0.062658 0.005495
v -0.039150 -0.065641 0.012096
v -0.029991 -0.070038 0.015915
v -0.019908 -0.074766 0.015951
v -0.011169 -0.078952 0.012205
v -0.007109 -0.081049 0.004130
v -0.006566 -0.081281 -0.005574
v 0.004993 -0.006208 0.009831
v 0.011926 0.008910 0.009832
v -0.001568 -0.020795 0.009831
v 0.018611 0.023355 0.009831
v 0.026894 -0.035510 0.009831
v 0.035509 -0.021036 0.009832
v 0.041267 -0.004778 0.009831
v 0.043655 0.011792 0.009831
v 0.042496 0.027228 0.009831
v 0.024495 0.036036 0.009832
v -0.031335 -0.007780 0.009831
v -0.026195 0.008167 0.009832
v -0.017615 0.023020 0.009832
v -0.006499 0.035445 0.009831
v 0.006056 0.044391 0.009831
v 0.016395 -0.046340 0.009831
v -0.007428 -0.033350 0.009831
v -0.032719 -0.022310 0.009831
v 0.004014 -0.006730 -0.010728
v 0.011547 0.008411 -0.010728
v 0.018425 0.022895 -0.010728
v 0.024420 0.035803 -0.010728
v -0.003974 -0.021611 -0.010729
v -0.010524 -0.034908 -0.010728
v -0.034909 -0.023887 -0.010728
v -0.032921 -0.008428 -0.010728
v -0.026822 0.007779 -0.010728
v -0.017824 0.022685 -0.010728
v -0.006578 0.035150 -0.010728
v 0.006033 0.044242 -0.010728
v 0.014761 -0.046349 -0.010728
v 0.025369 -0.035561 -0.010728
v 0.034827 -0.021124 -0.010728
v 0.040963 -0.004956 -0.010728
v 0.043487 0.011590 -0.010728
v 0.042418 0.027122 -0.010728
v -0.056520 -0.065930 -0.008192
v -0.055162 -0.064882 -0.007853
v -0.048498 -0.069799 -0.020814
v -0.047436 -0.068593 -0.020124
v -0.035911 -0.075981 -0.027228
v -0.035184 -0.074659 -0.026346
v -0.021915 -0.082875 -0.026761
v -0.021512 -0.081416 -0.025886
v -0.009877 -0.088801 -0.019288
v -0.009721 -0.087174 -0.018675
v -0.002746 -0.092336 -0.006869
v -0.002697 -0.090591 -0.006749
v -0.003692 -0.091957 0.007909
v -0.003602 -0.090242 0.007593
v -0.011716 -0.088092 0.020530
v -0.011287 -0.086535 0.019839
v -0.024278 -0.081978 0.026812
v -0.023551 -0.080609 0.025987
v -0.038236 -0.075123 0.026261
v -0.037226 -0.073918 0.025490
v -0.050298 -0.069145 0.018872
v -0.049038 -0.068055 0.018339
v -0.057461 -0.065541 0.006586
v -0.056049 -0.064503 0.006488
v -0.049615 0.000379 -0.007892
v -0.045184 0.016600 -0.007858
v -0.044018 0.016179 0.001155
v -0.048172 0.000354 0.001511
v -0.035728 0.030672 -0.007840
v -0.034853 0.029930 0.000997
v -0.022258 0.041122 -0.007833
v -0.021699 0.040151 0.000952
v -0.006162 0.046890 -0.007830
v -0.005945 0.045792 0.000952
v 0.010965 0.047437 -0.007832
v 0.010829 0.046326 0.000955
v 0.027408 0.042655 -0.007831
v 0.026932 0.041640 0.000960
v 0.041564 0.033023 -0.007832
v 0.040796 0.032205 0.000964
v 0.052047 0.019472 -0.007831
v 0.051063 0.018931 0.000967
v 0.057841 0.003405 -0.007833
v 0.056740 0.003191 0.000968
v 0.058333 -0.013587 -0.007833
v 0.057234 -0.013457 0.000939
v 0.053436 -0.029722 -0.007830
v 0.052467 -0.029276 0.000829
v 0.043609 -0.043233 -0.007824
v 0.042916 -0.042545 0.000566
v 0.030914 -0.051851 -0.007729
v 0.030405 -0.051051 0.000170
v 0.016292 -0.058957 -0.007661
v 0.015550 -0.057967 0.000721
v -0.043726 -0.031428 -0.007678
v -0.048387 -0.015321 -0.007834
v -0.046775 -0.014721 0.001928
v -0.042680 -0.030461 0.001128
v -0.044989 0.016637 0.006931
v -0.049162 0.000438 0.006920
v -0.035658 0.030693 0.006935
v -0.022236 0.041134 0.006936
v -0.006155 0.046896 0.006934
v 0.010970 0.047439 0.006935
v 0.027412 0.042654 0.006935
v 0.041567 0.033017 0.006935
v 0.052048 0.019462 0.006933
v 0.057845 0.003375 0.006936
v 0.058360 -0.013664 0.006945
v 0.053525 -0.029913 0.006969
v 0.043836 -0.043648 0.007011
v 0.030958 -0.052677 0.006952
v 0.015497 -0.059401 0.006756
v -0.047722 -0.014843 0.006822
v -0.043865 -0.030539 0.006779
v 0.006033 0.044242 -0.006428
v 0.042496 0.027228 0.005531
v -0.063612 -0.161723 0.022674
v -0.063251 -0.161053 0.023153
v -0.075654 -0.154999 0.023008
v -0.075878 -0.155729 0.022559
v -0.052847 -0.167004 0.016953
v -0.052299 -0.166416 0.017376
v -0.046251 -0.170299 0.005933
v -0.045512 -0.169785 0.006158
v -0.045784 -0.170655 -0.006490
v -0.045024 -0.170143 -0.006624
v -0.052221 -0.167663 -0.016746
v -0.051607 -0.167070 -0.017166
v -0.062924 -0.162540 -0.022911
v -0.062493 -0.161867 -0.023406
v -0.075216 -0.156539 -0.022937
v -0.074945 -0.155798 -0.023428
v -0.086004 -0.151171 -0.017078
v -0.085901 -0.150361 -0.017481
v -0.092564 -0.147804 -0.006053
v -0.092602 -0.146929 -0.006266
v -0.093026 -0.147433 0.006345
v -0.093073 -0.146565 0.006451
v -0.086595 -0.150512 0.016458
v -0.086510 -0.149711 0.016828
v -0.090197 -0.152551 0.005140
v -0.090949 -0.148511 0.005792
v -0.085065 -0.151400 0.014967
v -0.085058 -0.155089 0.013249
v -0.089810 -0.152893 -0.004779
v -0.090489 -0.148900 -0.005545
v -0.075434 -0.156111 0.020412
v -0.076380 -0.159350 0.018210
v -0.064456 -0.161484 0.020523
v -0.066412 -0.164238 0.018308
v -0.054722 -0.166224 0.015440
v -0.057674 -0.168497 0.013682
v -0.048699 -0.169214 0.005503
v -0.052344 -0.171131 0.004799
v -0.048204 -0.169525 -0.005858
v -0.051924 -0.171389 -0.005133
v -0.054140 -0.166810 -0.015173
v -0.057116 -0.169029 -0.013355
v -0.063783 -0.162204 -0.020683
v -0.065788 -0.164893 -0.018369
v -0.074800 -0.156835 -0.020701
v -0.075777 -0.160018 -0.018403
v -0.084510 -0.151977 -0.015487
v -0.084516 -0.155637 -0.013674
v 0.003833 -0.056105 -0.006439
v -0.015703 -0.048407 -0.006428
v -0.020415 -0.063351 -0.007063
v -0.007815 -0.067269 -0.005753
v -0.033845 -0.039298 -0.006431
v -0.031939 -0.056746 -0.006791
v -0.037993 -0.050317 -0.006255
v -0.038123 -0.049208 -0.000127
v -0.039201 -0.049101 0.004688
v -0.033057 -0.036479 0.005536
v -0.033390 -0.053682 0.005399
v -0.014081 -0.045120 0.005532
v -0.021964 -0.059829 0.006641
v 0.004029 -0.054917 0.005531
v -0.009979 -0.065510 0.006366
v -0.001728 -0.067612 0.005718
v -0.000908 -0.066840 0.001167
v -0.000084 -0.067496 -0.005143
v -0.023792 -0.077490 -0.012809
v -0.015233 -0.080649 -0.008981
v -0.032819 -0.072356 -0.012777
v -0.039421 -0.067820 -0.009347
v -0.041650 -0.065983 -0.002834
v -0.042780 -0.065934 0.003856
v -0.038765 -0.068484 0.008893
v -0.030727 -0.072681 0.012602
v -0.021505 -0.076873 0.012558
v -0.014159 -0.079844 0.009245
v -0.011254 -0.080604 0.003072
v -0.010551 -0.081346 -0.003958
v 0.024495 0.036036 0.005531
v 0.006056 0.044391 0.005531
v 0.026894 -0.035510 0.005531
v 0.035509 -0.021036 0.005531
v -0.001568 -0.020795 0.005531
v -0.031335 -0.007780 0.005531
v -0.026195 0.008167 0.005531
v 0.004993 -0.006208 0.005531
v 0.041267 -0.004778 0.005531
v -0.017615 0.023020 0.005531
v 0.011926 0.008910 0.005531
v 0.016395 -0.046340 0.005531
v -0.007428 -0.033350 0.005531
v -0.032719 -0.022310 0.005531
v 0.043655 0.011792 0.005531
v -0.006499 0.035445 0.005531
v 0.018611 0.023355 0.005531
v 0.024420 0.035803 -0.006428
v 0.042418 0.027122 -0.006428
v -0.032921 -0.008428 -0.006428
v -0.026822 0.007779 -0.006428
v 0.025369 -0.035561 -0.006428
v 0.034827 -0.021124 -0.006428
v 0.004014 -0.006730 -0.006428
v -0.003974 -0.021611 -0.006428
v -0.017824 0.022685 -0.006428
v 0.040963 -0.004956 -0.006428
v 0.011547 0.008411 -0.006428
v -0.006578 0.035150 -0.006428
v 0.043487 0.011590 -0.006428
v 0.018425 0.022895 -0.006428
v -0.034909 -0.023887 -0.006428
v 0.014761 -0.046349 -0.006428
v -0.010524 -0.034908 -0.006428
v -0.053411 -0.068560 -0.006808
v -0.053568 -0.068731 -0.006784
v -0.054435 -0.068391 0.005606
v -0.054273 -0.068226 0.005525
v -0.046541 -0.071887 -0.017603
v -0.046816 -0.072041 -0.017630
v -0.035632 -0.077313 -0.023147
v -0.035957 -0.077566 -0.023272
v -0.023373 -0.083381 -0.022746
v -0.023541 -0.083753 -0.022899
v -0.012877 -0.088460 -0.016225
v -0.012895 -0.088741 -0.016232
v -0.006805 -0.091378 -0.005818
v -0.006809 -0.091477 -0.005851
v -0.007645 -0.091000 0.006509
v -0.007670 -0.091021 0.006437
v -0.014510 -0.087735 0.017280
v -0.014394 -0.087885 0.017190
v -0.025430 -0.082504 0.022701
v -0.025328 -0.082787 0.022731
v -0.037698 -0.076530 0.022233
v -0.037738 -0.076819 0.022357
v -0.048204 -0.071302 0.015797
v -0.048331 -0.071515 0.015883
v -0.120354 -0.206957 -0.005531
v -0.119919 -0.208235 -0.005213
v -0.113981 -0.210186 -0.016234
v -0.113809 -0.211332 -0.015476
v -0.103640 -0.215306 -0.021877
v -0.103858 -0.216260 -0.020906
v -0.091962 -0.221021 -0.021825
v -0.092593 -0.221775 -0.020856
v -0.081757 -0.225955 -0.015892
v -0.082768 -0.226526 -0.015144
v -0.075522 -0.228902 -0.005723
v -0.076817 -0.229340 -0.005439
v -0.075945 -0.228569 0.006604
v -0.077220 -0.229021 0.006302
v -0.082319 -0.225340 0.017306
v -0.083329 -0.225924 0.016562
v -0.092624 -0.220239 0.022839
v -0.093241 -0.221017 0.021884
v -0.104266 -0.214542 0.022717
v -0.104475 -0.215517 0.021766
v -0.114502 -0.209592 0.016854
v -0.114336 -0.210748 0.016118
v -0.120778 -0.206623 0.006797
v -0.120322 -0.207916 0.006524
v -0.116809 -0.208666 -0.004246
v -0.118080 -0.209121 -0.004554
v -0.112521 -0.211942 -0.013853
v -0.111512 -0.211356 -0.013109
v -0.103403 -0.216461 -0.018749
v -0.102783 -0.215684 -0.017796
v -0.093062 -0.221527 -0.018723
v -0.092851 -0.220551 -0.017771
v -0.084080 -0.225874 -0.013516
v -0.084242 -0.224719 -0.012781
v -0.078592 -0.228473 -0.004881
v -0.079051 -0.227178 -0.004608
v -0.079059 -0.228135 0.005642
v -0.079490 -0.226858 0.005319
v -0.084609 -0.225318 0.014939
v -0.084777 -0.224174 0.014175
v -0.093685 -0.220821 0.019724
v -0.093459 -0.219870 0.018752
v -0.104005 -0.215766 0.019624
v -0.103376 -0.215011 0.018656
v -0.113033 -0.211396 0.014479
v -0.112035 -0.210818 0.013722
v -0.118557 -0.208778 0.005960
v -0.117258 -0.208343 0.005667
vt 0.311366 0.978064
vt 0.312753 0.977956
vt 0.312709 0.979967
vt 0.311532 0.979988
vt 0.312729 0.981931
vt 0.311533 0.981918
vt 0.312759 0.983864
vt 0.311549 0.983819
vt 0.312785 0.985885
vt 0.311534 0.985777
vt 0.312813 0.988065
vt 0.311418 0.987828
vt 0.312843 0.990523
vt 0.310908 0.989819
vt 0.309300 0.992625
vt 0.308383 0.991289
vt 0.305531 0.993286
vt 0.305326 0.991714
vt 0.301858 0.992495
vt 0.302278 0.990974
vt 0.298781 0.990411
vt 0.299669 0.989200
vt 0.296576 0.987436
vt 0.297875 0.986582
vt 0.295581 0.983804
vt 0.297050 0.983442
vt 0.295894 0.980028
vt 0.297358 0.980143
vt 0.297194 0.976341
vt 0.298590 0.976802
vt 0.310851 0.974324
vt 0.312644 0.974220
vt 0.312821 0.976220
vt 0.311182 0.976258
vt 0.313551 0.978043
vt 0.313466 0.979990
vt 0.313539 0.981920
vt 0.313580 0.983838
vt 0.313637 0.985818
vt 0.313735 0.987926
vt 0.314170 0.989903
vt 0.316985 0.991274
vt 0.316395 0.992235
vt 0.320163 0.991556
vt 0.320054 0.992651
vt 0.323273 0.990643
vt 0.323607 0.991687
vt 0.325857 0.988639
vt 0.326560 0.989485
vt 0.327548 0.985819
vt 0.328530 0.986366
vt 0.328173 0.982548
vt 0.329335 0.982733
vt 0.327645 0.979181
vt 0.328910 0.979049
vt 0.326046 0.975805
vt 0.327185 0.975526
vt 0.313784 0.974361
vt 0.313648 0.976307
vt 0.310943 0.987112
vt 0.318124 0.990867
vt 0.319315 0.950396
vt 0.317012 0.950305
vt 0.317013 0.950142
vt 0.319300 0.950230
vt 0.321564 0.950304
vt 0.321603 0.950465
vt 0.323966 0.950230
vt 0.323990 0.950408
vt 0.297321 0.950989
vt 0.299579 0.951020
vt 0.299557 0.951187
vt 0.297310 0.951178
vt 0.301708 0.950833
vt 0.301704 0.951008
vt 0.303939 0.950601
vt 0.303952 0.950772
vt 0.306197 0.950385
vt 0.306220 0.950554
vt 0.308411 0.950231
vt 0.308434 0.950395
vt 0.310627 0.950144
vt 0.310641 0.950307
vt 0.312711 0.950128
vt 0.312715 0.950282
vt 0.314778 0.950099
vt 0.314774 0.950262
vt 0.312669 0.948857
vt 0.314716 0.948865
vt 0.314783 0.949589
vt 0.312708 0.949616
vt 0.310602 0.949629
vt 0.310601 0.948905
vt 0.316904 0.948906
vt 0.316979 0.949647
vt 0.319098 0.948962
vt 0.319203 0.949707
vt 0.321194 0.949009
vt 0.321387 0.949769
vt 0.323228 0.948936
vt 0.323609 0.949666
vt 0.297988 0.949579
vt 0.299866 0.949625
vt 0.299694 0.950433
vt 0.297610 0.950359
vt 0.301843 0.949494
vt 0.301792 0.950261
vt 0.303994 0.949313
vt 0.303978 0.950062
vt 0.306208 0.949128
vt 0.306194 0.949865
vt 0.308399 0.948997
vt 0.308387 0.949738
vt 0.300878 0.975193
vt 0.301982 0.971983
vt 0.305091 0.971262
vt 0.305062 0.973786
vt 0.308406 0.971070
vt 0.309122 0.973488
vt 0.310368 0.971654
vt 0.312199 0.971628
vt 0.313658 0.971680
vt 0.315375 0.971183
vt 0.315634 0.973745
vt 0.318577 0.971209
vt 0.319588 0.974050
vt 0.321685 0.971443
vt 0.323627 0.974760
vt 0.323542 0.972034
vt 0.324494 0.972007
vt 0.299303 0.972686
vt 0.300467 0.972967
vt 0.302481 0.969067
vt 0.304727 0.968762
vt 0.307140 0.968622
vt 0.309337 0.968660
vt 0.311366 0.968704
vt 0.313370 0.968634
vt 0.315283 0.968461
vt 0.317702 0.968384
vt 0.320038 0.968484
vt 0.321965 0.968648
vt 0.323344 0.968846
vt 0.299435 0.969543
vt 0.300923 0.969401
vt 0.315543 0.989110
vt 0.314198 0.987193
vt 0.324625 0.984269
vt 0.325293 0.980878
vt 0.320525 0.979020
vt 0.320289 0.981932
vt 0.316058 0.980322
vt 0.316079 0.977852
vt 0.323111 0.987243
vt 0.319184 0.984820
vt 0.315746 0.982822
vt 0.324915 0.977766
vt 0.320312 0.976483
vt 0.315955 0.975770
vt 0.320843 0.989546
vt 0.317546 0.987283
vt 0.315089 0.985153
vt 0.307241 0.990917
vt 0.309572 0.989042
vt 0.308961 0.980321
vt 0.308938 0.977779
vt 0.299864 0.981262
vt 0.304593 0.978922
vt 0.304774 0.981975
vt 0.300637 0.984667
vt 0.309322 0.982812
vt 0.305925 0.984860
vt 0.302238 0.987536
vt 0.310030 0.985110
vt 0.307584 0.987262
vt 0.304541 0.989705
vt 0.309090 0.975562
vt 0.304811 0.976258
vt 0.300108 0.978176
vt 0.311043 0.966390
vt 0.313123 0.966283
vt 0.313136 0.966324
vt 0.311054 0.966434
vt 0.308887 0.966535
vt 0.308860 0.966483
vt 0.306717 0.966600
vt 0.306688 0.966533
vt 0.304492 0.966755
vt 0.304479 0.966688
vt 0.302306 0.967110
vt 0.302309 0.967060
vt 0.300245 0.967454
vt 0.300237 0.967436
vt 0.298075 0.967731
vt 0.298059 0.967726
vt 0.324118 0.966784
vt 0.321821 0.966659
vt 0.321792 0.966638
vt 0.324109 0.966771
vt 0.319617 0.966411
vt 0.319590 0.966370
vt 0.317371 0.966264
vt 0.317358 0.966214
vt 0.315162 0.966270
vt 0.315160 0.966222
vt 0.221492 0.981537
vt 0.221340 0.983606
vt 0.219839 0.983557
vt 0.219775 0.981509
vt 0.221344 0.985607
vt 0.219850 0.985644
vt 0.221360 0.987586
vt 0.219848 0.987682
vt 0.221416 0.989621
vt 0.219850 0.989821
vt 0.221612 0.991724
vt 0.219850 0.992119
vt 0.222235 0.993727
vt 0.219883 0.994722
vt 0.224679 0.995124
vt 0.223559 0.996837
vt 0.227697 0.995497
vt 0.227452 0.997470
vt 0.230710 0.994788
vt 0.231183 0.996623
vt 0.233288 0.993011
vt 0.234415 0.994635
vt 0.235119 0.990448
vt 0.236725 0.991580
vt 0.235994 0.987321
vt 0.237834 0.987848
vt 0.235758 0.984058
vt 0.237646 0.984003
vt 0.234739 0.980835
vt 0.236594 0.980421
vt 0.222180 0.977846
vt 0.221739 0.979732
vt 0.219671 0.979596
vt 0.219832 0.977648
vt 0.218763 0.983622
vt 0.218628 0.981605
vt 0.218728 0.985646
vt 0.218707 0.987659
vt 0.218669 0.989727
vt 0.218556 0.991902
vt 0.218059 0.993879
vt 0.216251 0.996618
vt 0.215389 0.995287
vt 0.212424 0.997154
vt 0.212239 0.995624
vt 0.208716 0.996264
vt 0.209143 0.994794
vt 0.205584 0.994104
vt 0.206522 0.992893
vt 0.203405 0.990980
vt 0.204729 0.990166
vt 0.202383 0.987277
vt 0.203949 0.986938
vt 0.202583 0.983523
vt 0.204286 0.983584
vt 0.203958 0.980033
vt 0.205577 0.980302
vt 0.218422 0.979835
vt 0.218142 0.977932
vt 0.222418 0.990806
vt 0.214048 0.994478
vt 0.211511 0.955577
vt 0.211556 0.955298
vt 0.214130 0.955338
vt 0.214107 0.955611
vt 0.208927 0.955490
vt 0.209013 0.955203
vt 0.206237 0.955144
vt 0.206409 0.954829
vt 0.236773 0.955201
vt 0.236934 0.955541
vt 0.234354 0.955920
vt 0.234283 0.955623
vt 0.231866 0.955955
vt 0.231827 0.955670
vt 0.229311 0.955905
vt 0.229289 0.955630
vt 0.226730 0.955828
vt 0.226718 0.955558
vt 0.224177 0.955773
vt 0.224172 0.955503
vt 0.221599 0.955729
vt 0.221600 0.955462
vt 0.219113 0.955716
vt 0.219120 0.955449
vt 0.216665 0.955649
vt 0.216677 0.955380
vt 0.219128 0.954685
vt 0.219122 0.954914
vt 0.216681 0.954860
vt 0.216690 0.954634
vt 0.221616 0.954710
vt 0.221613 0.954936
vt 0.214175 0.954826
vt 0.214196 0.954595
vt 0.211665 0.954750
vt 0.211710 0.954514
vt 0.209218 0.954606
vt 0.209299 0.954355
vt 0.206853 0.954193
vt 0.207003 0.953942
vt 0.236266 0.954242
vt 0.236396 0.954510
vt 0.234105 0.954961
vt 0.234032 0.954698
vt 0.231714 0.955072
vt 0.231672 0.954830
vt 0.229223 0.955076
vt 0.229197 0.954844
vt 0.226696 0.955027
vt 0.226682 0.954800
vt 0.224179 0.954992
vt 0.224174 0.954764
vt 0.232278 0.979301
vt 0.228353 0.977884
vt 0.228550 0.975604
vt 0.231607 0.976318
vt 0.224483 0.977372
vt 0.225305 0.975282
vt 0.222796 0.975485
vt 0.220291 0.975305
vt 0.218105 0.975474
vt 0.215739 0.977723
vt 0.215810 0.975355
vt 0.211957 0.978379
vt 0.212646 0.975725
vt 0.208183 0.979297
vt 0.209629 0.976159
vt 0.207434 0.976739
vt 0.205980 0.976674
vt 0.233499 0.977206
vt 0.235190 0.976981
vt 0.229037 0.973576
vt 0.231446 0.973933
vt 0.226499 0.973423
vt 0.223930 0.973356
vt 0.221256 0.973311
vt 0.218547 0.973231
vt 0.216000 0.973240
vt 0.213431 0.973345
vt 0.210961 0.973543
vt 0.208740 0.973806
vt 0.206945 0.974134
vt 0.233521 0.974288
vt 0.235439 0.974527
vt 0.216333 0.992780
vt 0.217732 0.990976
vt 0.207067 0.985143
vt 0.207845 0.988307
vt 0.211504 0.983136
vt 0.215756 0.981730
vt 0.215902 0.984137
vt 0.211890 0.985886
vt 0.209360 0.991064
vt 0.216284 0.986595
vt 0.212999 0.988621
vt 0.207233 0.982198
vt 0.211508 0.980721
vt 0.215676 0.979710
vt 0.211520 0.993205
vt 0.216924 0.988911
vt 0.214533 0.990981
vt 0.223879 0.992586
vt 0.226006 0.994313
vt 0.224274 0.981523
vt 0.224189 0.984005
vt 0.232915 0.985095
vt 0.232135 0.988298
vt 0.228206 0.985664
vt 0.228469 0.982768
vt 0.223837 0.986445
vt 0.230615 0.990999
vt 0.227126 0.988426
vt 0.223194 0.988757
vt 0.228482 0.993070
vt 0.225627 0.990772
vt 0.224289 0.979373
vt 0.232795 0.982176
vt 0.228406 0.980234
vt 0.221527 0.971141
vt 0.221512 0.971436
vt 0.218906 0.971372
vt 0.218939 0.971073
vt 0.224173 0.971207
vt 0.224152 0.971500
vt 0.226733 0.971274
vt 0.226714 0.971553
vt 0.229275 0.971465
vt 0.229255 0.971743
vt 0.231771 0.971813
vt 0.231734 0.972109
vt 0.234215 0.972148
vt 0.234122 0.972453
vt 0.236729 0.972480
vt 0.236585 0.972803
vt 0.206344 0.972302
vt 0.206226 0.971963
vt 0.208810 0.971560
vt 0.208829 0.971869
vt 0.211327 0.971245
vt 0.211316 0.971534
vt 0.213880 0.971068
vt 0.213863 0.971351
vt 0.216440 0.971047
vt 0.216425 0.971339
vt 0.221655 0.943837
vt 0.221647 0.943608
vt 0.223756 0.943656
vt 0.223781 0.943894
vt 0.219639 0.943781
vt 0.219657 0.943555
vt 0.225906 0.943683
vt 0.225940 0.943931
vt 0.228115 0.943700
vt 0.228154 0.943955
vt 0.230279 0.943630
vt 0.230330 0.943888
vt 0.232314 0.943406
vt 0.232401 0.943658
vt 0.234227 0.942719
vt 0.234399 0.942964
vt 0.208942 0.942756
vt 0.209109 0.942508
vt 0.211198 0.943084
vt 0.211107 0.943331
vt 0.213345 0.943306
vt 0.213283 0.943557
vt 0.215538 0.943420
vt 0.215487 0.943664
vt 0.217672 0.943490
vt 0.217632 0.943726
vt 0.310393 0.936902
vt 0.310385 0.936636
vt 0.312290 0.936570
vt 0.312292 0.936839
vt 0.308344 0.937046
vt 0.308334 0.936786
vt 0.306248 0.937252
vt 0.306235 0.936997
vt 0.304087 0.937458
vt 0.304073 0.937208
vt 0.301994 0.937638
vt 0.301979 0.937394
vt 0.300085 0.937775
vt 0.300051 0.937527
vt 0.298221 0.937995
vt 0.298124 0.937764
vt 0.322549 0.937262
vt 0.322460 0.937496
vt 0.320477 0.937292
vt 0.320505 0.937045
vt 0.318415 0.937166
vt 0.318425 0.936915
vt 0.316273 0.937032
vt 0.316278 0.936776
vt 0.314187 0.936916
vt 0.314191 0.936656
vt 0.221648 0.943275
vt 0.223741 0.943305
vt 0.225878 0.943309
vt 0.228074 0.943318
vt 0.230210 0.943244
vt 0.232190 0.943057
vt 0.233952 0.942397
vt 0.209375 0.942172
vt 0.211323 0.942718
vt 0.213420 0.942925
vt 0.215589 0.943048
vt 0.217711 0.943140
vt 0.219678 0.943231
vn 0.456043 -0.032468 0.889365
vn 0.371874 -0.167074 0.913124
vn 0.911078 -0.411999 -0.013912
vn 0.995221 -0.092759 -0.030526
vn 0.304566 -0.292538 0.906455
vn 0.731548 -0.681780 -0.003778
vn 0.234203 -0.459097 0.856960
vn 0.481016 -0.876712 -0.000151
vn 0.106526 -0.719534 0.686238
vn 0.186542 -0.982447 0.000646
vn -0.081460 -0.873987 0.479072
vn -0.125305 -0.992118 0.000603
vn -0.352055 -0.746556 0.564545
vn -0.426248 -0.904606 0.000444
vn -0.623272 -0.620144 0.476396
vn -0.685316 -0.728245 0.000268
vn -0.629214 -0.379892 0.678064
vn -0.876395 -0.481594 0.000190
vn -0.508786 -0.113089 0.853433
vn -0.982330 -0.187155 0.000941
vn -0.416877 0.047861 0.907702
vn -0.991468 0.130269 0.004558
vn -0.344715 0.169475 0.923282
vn -0.897482 0.440799 0.014891
vn -0.271429 0.285149 0.919248
vn -0.704631 0.708838 0.032320
vn -0.225025 0.423913 0.877303
vn -0.493806 0.868950 0.032875
vn -0.263349 0.566166 0.781091
vn -0.444473 0.895772 0.005956
vn 0.670427 0.200157 0.714468
vn 0.565339 0.119665 0.816132
vn 0.984251 0.173904 -0.031727
vn 0.967694 0.252124 -0.001360
vn 0.222016 -0.100390 -0.969861
vn 0.243342 -0.014539 -0.969832
vn 0.194459 -0.191192 -0.962098
vn 0.154846 -0.318374 -0.935233
vn 0.069438 -0.560037 -0.825552
vn -0.055904 -0.761216 -0.646084
vn -0.290705 -0.616096 -0.732063
vn -0.552178 -0.527751 -0.645429
vn -0.480247 -0.305537 -0.822198
vn -0.349329 -0.084200 -0.933209
vn -0.282446 0.029915 -0.958817
vn -0.244999 0.120751 -0.961974
vn -0.212982 0.228014 -0.950078
vn -0.183965 0.363703 -0.913169
vn -0.205005 0.454929 -0.866610
vn 0.293484 0.065893 -0.953691
vn 0.434515 0.126942 -0.891674
vn -0.000193 0.068331 0.997663
vn 0.054001 0.044046 -0.997569
vn -0.184459 0.082529 -0.979369
vn 0.425000 0.905003 -0.018591
vn 0.443170 0.896192 -0.020985
vn 0.219912 -0.116618 -0.968524
vn -0.582530 0.278203 -0.763716
vn 0.424974 0.905196 0.004137
vn -0.849950 0.409584 -0.331399
vn 0.443742 0.896121 0.007746
vn -0.868611 0.418058 0.265975
vn 0.456747 0.889383 -0.019509
vn -0.599022 0.285956 0.747932
vn 0.435363 0.899781 -0.029209
vn -0.225110 0.103337 0.968838
vn 0.430280 0.902528 -0.017364
vn 0.185097 -0.096888 0.977932
vn 0.439607 0.898103 -0.012503
vn 0.577613 -0.289197 0.763366
vn 0.439453 0.897900 -0.025607
vn 0.843430 -0.420006 0.334995
vn 0.426806 0.903982 -0.025570
vn 0.862427 -0.431072 -0.265324
vn 0.419335 0.907831 0.001069
vn 0.587706 -0.297264 -0.752487
vn 0.446606 0.894731 0.000651
vn 0.882586 -0.378667 -0.278664
vn 0.839186 0.519983 -0.159328
vn 0.696422 0.557744 -0.451572
vn 0.597547 -0.249717 -0.761958
vn 0.870872 -0.369988 0.323558
vn 0.843447 0.508280 0.173924
vn 0.477747 0.651914 -0.588868
vn 0.228007 -0.073798 -0.970859
vn 0.237025 0.772770 -0.588766
vn -0.175817 0.122230 -0.976805
vn 0.028987 0.900197 -0.434517
vn -0.570258 0.318963 -0.757013
vn -0.090940 0.979250 -0.181105
vn -0.831150 0.451978 -0.323892
vn -0.072881 0.988187 0.134813
vn -0.841283 0.465435 0.274978
vn 0.036322 0.909613 0.413865
vn -0.565226 0.331012 0.755612
vn 0.236227 0.796199 0.557013
vn -0.190232 0.148992 0.970368
vn 0.473781 0.670913 0.570445
vn 0.219449 -0.050982 0.974291
vn 0.701059 0.569852 0.428701
vn 0.610749 -0.241147 0.754211
vn 0.008957 0.011878 0.999889
vn -0.008457 -0.002637 0.999961
vn -0.116433 -0.124888 0.985315
vn -0.154600 0.014020 0.987878
vn -0.018479 -0.002438 0.999826
vn -0.021893 -0.142817 0.989507
vn 0.685116 0.002102 0.728431
vn 0.993723 0.057353 0.096046
vn 0.700382 0.007307 -0.713731
vn -0.007774 0.002774 -0.999966
vn 0.094047 -0.124058 -0.987808
vn -0.002755 -0.019021 -0.999815
vn -0.031119 -0.167345 -0.985407
vn 0.004329 -0.027130 -0.999623
vn -0.110266 -0.115896 -0.987122
vn -0.391241 0.359880 -0.847005
vn -0.624427 0.775598 -0.092401
vn -0.491341 0.639613 0.591168
vn -0.382192 -0.526126 0.759685
vn -0.528432 -0.366496 0.765794
vn -0.227217 -0.600521 0.766647
vn 0.188514 -0.720577 0.667257
vn 0.660778 -0.712931 0.234737
vn 0.478081 -0.804152 -0.353239
vn 0.050770 -0.644204 -0.763167
vn -0.161533 -0.588313 -0.792335
vn -0.336786 -0.485626 -0.806687
vn -0.666250 -0.246287 -0.703885
vn -0.961783 0.130336 -0.240801
vn -0.938052 -0.012783 0.346259
vn 0.025709 0.054394 -0.998189
vn -0.000200 0.069275 -0.997598
vn 0.024590 -0.021887 -0.999458
vn 0.026718 -0.013151 -0.999557
vn 0.000002 0.000004 -1.000000
vn -0.029287 0.004631 -0.999560
vn -0.025942 0.011676 -0.999595
vn 0.000002 0.000006 -1.000000
vn 0.030769 -0.005427 -0.999512
vn -0.023293 0.019840 -0.999532
vn -0.000004 -0.000002 -1.000000
vn 0.022504 -0.031470 -0.999251
vn -0.000045 -0.000052 -1.000000
vn -0.033655 -0.001722 -0.999432
vn 0.039923 0.004701 -0.999192
vn -0.021559 0.033285 -0.999213
vn -0.000003 -0.000003 -1.000000
vn 0.025080 0.053081 0.998275
vn 0.053425 0.043573 0.997621
vn -0.031812 0.005174 0.999480
vn -0.026357 0.012072 0.999580
vn 0.021780 -0.019483 0.999573
vn 0.025431 -0.012832 0.999594
vn -0.000002 -0.000003 1.000000
vn 0.000000 -0.000000 1.000000
vn -0.023269 0.019822 0.999533
vn 0.030309 -0.005485 0.999526
vn -0.000000 0.000000 1.000000
vn -0.021436 0.032838 0.999231
vn 0.039592 0.004490 0.999206
vn -0.000000 0.000000 1.000000
vn -0.038961 -0.002964 0.999236
vn 0.020053 -0.026567 0.999446
vn -0.000014 -0.000119 1.000000
vn 0.845935 -0.413672 0.336555
vn 0.151801 -0.968864 0.195599
vn 0.136546 -0.977291 -0.162043
vn 0.866177 -0.425432 -0.262194
vn 0.580556 -0.282113 0.763785
vn -0.078084 -0.892075 0.445089
vn 0.187865 -0.089466 0.978112
vn -0.337093 -0.805758 0.486952
vn -0.224407 0.111635 0.968080
vn -0.483089 -0.743570 0.462309
vn -0.599197 0.294130 0.744614
vn -0.640808 -0.617855 0.455654
vn -0.867022 0.424730 0.260535
vn -0.885008 -0.426910 0.185764
vn -0.846547 0.414741 -0.333688
vn -0.897732 -0.375401 -0.230548
vn -0.579235 0.283954 -0.764105
vn -0.668893 -0.533882 -0.517254
vn -0.181151 0.088426 -0.979472
vn -0.423062 -0.706149 -0.567778
vn 0.224390 -0.111234 -0.968130
vn -0.246513 -0.814482 -0.525215
vn 0.592532 -0.292212 -0.750679
vn -0.060270 -0.891232 -0.449526
vn -0.551041 0.051253 -0.832903
vn -0.995329 0.093326 0.024697
vn -0.911210 0.411786 0.011368
vn -0.464480 0.209547 -0.860435
vn -0.731630 0.681694 0.003223
vn -0.382845 0.356288 -0.852343
vn -0.481099 0.876666 0.000378
vn -0.290497 0.528929 -0.797399
vn -0.186568 0.982442 -0.000191
vn -0.142912 0.751993 -0.643493
vn 0.125323 0.992116 -0.000147
vn 0.107147 0.848727 -0.517863
vn 0.426249 0.904606 -0.000004
vn 0.340063 0.721776 -0.602823
vn 0.685307 0.728254 0.000147
vn 0.587079 0.623904 -0.515832
vn 0.876409 0.481567 0.000211
vn 0.675124 0.370981 -0.637637
vn 0.982343 0.187091 -0.000357
vn 0.597149 0.113680 -0.794034
vn 0.991474 -0.130267 -0.003277
vn 0.515959 -0.068003 -0.853910
vn 0.897544 -0.440771 -0.011659
vn 0.437968 -0.215784 -0.872709
vn 0.705324 -0.708433 -0.025317
vn 0.351718 -0.354294 -0.866470
vn 0.493107 -0.869514 -0.028112
vn 0.278721 -0.488441 -0.826886
vn 0.438153 -0.898897 0.002599
vn 0.284556 -0.593715 -0.752682
vn -0.678859 -0.194008 -0.708175
vn -0.966087 -0.258206 -0.002574
vn -0.984323 -0.174110 0.028175
vn -0.629107 -0.114367 -0.768860
vn -0.392748 0.036700 0.918914
vn -0.353476 0.159540 0.921738
vn -0.305766 0.284865 0.908493
vn -0.241265 0.439654 0.865157
vn -0.126273 0.664996 0.736094
vn 0.098741 0.781606 0.615908
vn 0.305178 0.647586 0.698211
vn 0.540293 0.574031 0.615282
vn 0.596184 0.327432 0.733043
vn 0.497725 0.094568 0.862164
vn 0.425618 -0.056230 0.903154
vn 0.373713 -0.183852 0.909141
vn 0.321151 -0.323461 0.890076
vn 0.259152 -0.464302 0.846914
vn 0.246897 -0.525602 0.814116
vn -0.542173 -0.146961 0.827316
vn -0.440182 -0.076720 0.894625
vn 0.000001 0.000006 -1.000000
vn 0.000004 -0.000005 1.000000
vn 0.180337 -0.097313 0.978779
vn -0.228241 0.104011 0.968033
vn -0.480390 -0.673040 0.562355
vn -0.249737 -0.790961 0.558580
vn -0.045088 -0.907548 0.417520
vn 0.578623 -0.293819 0.760832
vn 0.071790 -0.982401 0.172436
vn 0.844696 -0.425144 0.325180
vn 0.071640 -0.988529 -0.132963
vn 0.861872 -0.433302 -0.263488
vn -0.056530 -0.919037 -0.390096
vn 0.597418 -0.303190 -0.742406
vn -0.248594 -0.811340 -0.529082
vn 0.220028 -0.118356 -0.968287
vn -0.477403 -0.692267 -0.541159
vn -0.193536 0.083823 -0.977506
vn -0.697109 -0.586102 -0.412946
vn -0.587417 0.276610 -0.760545
vn -0.835677 -0.523770 -0.165255
vn -0.852522 0.406973 -0.327993
vn -0.840290 -0.518498 0.158344
vn -0.869933 0.417212 0.262966
vn -0.692581 -0.578830 0.430450
vn -0.600815 0.286715 0.746201
vn -0.870299 0.408162 0.275651
vn -0.593525 0.279825 0.754603
vn -0.661730 -0.656954 0.361282
vn -0.772380 -0.621842 0.129389
vn -0.775580 -0.616744 -0.134545
vn -0.861025 0.398822 -0.315558
vn -0.217394 0.100043 0.970944
vn -0.486892 -0.733473 0.474293
vn 0.191602 -0.098426 0.976525
vn -0.294201 -0.830884 0.472311
vn 0.586907 -0.293434 0.754610
vn -0.129122 -0.928977 0.346884
vn 0.847931 -0.425239 0.316521
vn -0.036644 -0.988950 0.143651
vn 0.857635 -0.436216 -0.272355
vn -0.048004 -0.993463 -0.103567
vn 0.586127 -0.307410 -0.749636
vn -0.136313 -0.936735 -0.322408
vn 0.204793 -0.123537 -0.970978
vn -0.294266 -0.848181 -0.440451
vn -0.209704 0.077927 -0.974655
vn -0.483845 -0.748930 -0.452768
vn -0.601485 0.269509 -0.752051
vn -0.663740 -0.666207 -0.340026
vn 0.010095 -0.049126 -0.998742
vn 0.158165 -0.061181 -0.985515
vn 0.105718 0.109490 -0.988350
vn 0.007671 0.000977 -0.999970
vn -0.015189 0.123375 -0.992244
vn -0.023321 -0.007294 -0.999701
vn -0.677304 -0.047005 -0.734200
vn -0.991267 -0.097703 -0.088564
vn -0.717894 -0.057391 0.693782
vn -0.128945 0.097221 0.986874
vn -0.034854 -0.012531 0.999314
vn 0.027888 0.155227 0.987485
vn 0.002065 0.017661 0.999842
vn 0.120254 0.081733 0.989373
vn 0.015055 -0.006648 0.999865
vn 0.388085 -0.424207 0.818192
vn 0.599774 -0.794804 0.092511
vn 0.459455 -0.645626 -0.609974
vn 0.558100 0.353199 -0.750849
vn 0.391508 0.537235 -0.747061
vn 0.217382 0.618125 -0.755425
vn -0.201823 0.712668 -0.671842
vn -0.636502 0.734658 -0.234826
vn -0.501456 0.779848 0.374672
vn -0.069492 0.656981 0.750697
vn 0.166684 0.599715 0.782661
vn 0.355567 0.485051 0.798935
vn 0.673226 0.223230 0.704936
vn 0.964649 -0.109973 0.239496
vn 0.932805 -0.009093 -0.360265
vn 0.000000 0.000000 1.000000
vn -0.000005 0.000000 1.000000
vn 0.000000 -0.000002 1.000000
vn -0.000002 -0.000004 1.000000
vn -0.000002 -0.000004 1.000000
vn -0.000002 -0.000006 1.000000
vn -0.000008 -0.000005 1.000000
vn -0.000005 -0.000002 1.000000
vn 0.000006 0.000004 1.000000
vn 0.000003 0.000002 1.000000
vn -0.000002 0.000004 1.000000
vn 0.000002 0.000001 1.000000
vn 0.000002 0.000003 1.000000
vn -0.000001 0.000004 1.000000
vn 0.000007 0.000001 1.000000
vn 0.000003 0.000003 1.000000
vn 0.000001 0.000008 1.000000
vn 0.000004 0.000007 -1.000000
vn 0.000004 0.000006 -1.000000
vn -0.000004 0.000002 -1.000000
vn -0.000007 0.000002 -1.000000
vn 0.000004 -0.000003 -1.000000
vn -0.000000 0.000000 -1.000000
vn 0.000002 0.000003 -1.000000
vn 0.000006 0.000001 -1.000000
vn -0.000002 -0.000001 -1.000000
vn 0.000000 0.000000 -1.000000
vn 0.000003 -0.000003 -1.000000
vn -0.000000 0.000004 -1.000000
vn -0.000000 0.000000 -1.000000
vn 0.000001 -0.000002 -1.000000
vn -0.000007 -0.000001 -1.000000
vn -0.000002 -0.000005 -1.000000
vn 0.000002 -0.000007 -1.000000
vn -0.844020 0.422010 -0.330965
vn -0.863182 0.433140 0.259436
vn -0.212180 0.962276 0.170307
vn -0.215263 0.953742 -0.209853
vn -0.002641 0.873703 -0.486453
vn -0.577830 0.291016 -0.762511
vn 0.277095 0.771049 -0.573324
vn -0.183593 0.098427 -0.978062
vn 0.486161 0.676411 -0.553278
vn 0.230323 -0.103675 -0.967576
vn 0.694201 0.524082 -0.493380
vn 0.607296 -0.288621 -0.740196
vn 0.916215 0.355868 -0.184141
vn 0.870414 -0.418646 -0.259065
vn 0.916058 0.321022 0.240381
vn 0.850859 -0.409785 0.328808
vn 0.696873 0.463181 0.547569
vn 0.583300 -0.277973 0.763211
vn 0.429228 0.642027 0.635267
vn 0.185103 -0.081233 0.979356
vn 0.205718 0.774265 0.598493
vn -0.223154 0.120297 0.967332
vn -0.021111 0.872420 0.488302
vn -0.595112 0.302956 0.744352
vn -0.860591 0.399357 -0.316067
vn -0.600922 0.269121 -0.752640
vn -0.622655 -0.738002 -0.260103
vn -0.719766 -0.685991 -0.106555
vn -0.729010 -0.675416 0.111168
vn -0.869676 0.409519 0.275606
vn -0.209254 0.076726 -0.974847
vn -0.482846 -0.810329 -0.332003
vn 0.205403 -0.124502 -0.970726
vn -0.337415 -0.880560 -0.332813
vn 0.586735 -0.307480 -0.749131
vn -0.197366 -0.944896 -0.261187
vn 0.858477 -0.434620 -0.272253
vn -0.082132 -0.992166 -0.094134
vn 0.848578 -0.424478 0.315806
vn -0.094502 -0.987647 0.124988
vn 0.587744 -0.293800 0.753816
vn -0.196454 -0.939625 0.280198
vn 0.192089 -0.099812 0.976289
vn -0.342857 -0.872015 0.349340
vn -0.217106 0.098807 0.971134
vn -0.485266 -0.803018 0.345948
vn -0.593321 0.279515 0.754879
vn -0.618819 -0.735240 0.276560
vn 0.844029 -0.425880 0.325948
vn 0.854635 -0.437894 -0.279011
vn -0.241125 -0.969103 -0.051948
vn -0.228707 -0.969758 0.085225
vn -0.292253 -0.938679 0.182950
vn 0.583458 -0.295013 0.756666
vn -0.380095 -0.893499 0.239138
vn 0.192963 -0.102687 0.975818
vn -0.476009 -0.847923 0.233330
vn -0.216790 0.096145 0.971472
vn -0.563309 -0.805208 0.185263
vn -0.592113 0.276126 0.757071
vn -0.613287 -0.786935 0.067918
vn -0.871333 0.405530 0.276267
vn -0.622393 -0.779992 -0.065107
vn -0.859594 0.395227 -0.323873
vn -0.561619 -0.811298 -0.162421
vn -0.597678 0.264155 -0.756969
vn -0.473150 -0.852641 -0.221659
vn -0.201895 0.070629 -0.976857
vn -0.378392 -0.899237 -0.219527
vn 0.201622 -0.125219 -0.971426
vn -0.289778 -0.941335 -0.172966
vn 0.570663 -0.302784 -0.763325
s 1
g arm_up_right arm_up_right
usemtl head_plateSG
f 324/147/135 325/150/136 326/149/137 327/148/138
f 325/150/136 328/152/139 329/151/140 326/149/137
f 328/152/139 330/154/141 331/153/142 329/151/140
f 330/154/141 332/156/143 333/155/144 331/153/142
f 332/156/143 334/158/145 335/157/146 333/155/144
f 334/158/145 336/160/147 337/159/148 335/157/146
f 336/160/147 338/162/149 339/161/150 337/159/148
f 338/162/149 340/164/151 341/163/152 339/161/150
f 340/164/151 342/166/153 343/165/154 341/163/152
f 342/166/153 344/168/155 345/167/156 343/165/154
f 344/168/155 346/170/157 347/169/158 345/167/156
f 346/170/157 348/172/159 349/171/160 347/169/158
f 348/172/159 350/174/161 351/173/162 349/171/160
f 350/174/161 352/176/163 353/175/164 351/173/162
f 354/177/165 355/180/166 356/179/167 357/178/168
f 355/180/166 324/147/135 327/148/138 356/179/167
f 327/148/138 326/149/137 358/182/169 359/181/170
f 326/149/137 329/151/140 360/183/171 358/182/169
f 329/151/140 331/153/142 361/184/172 360/183/171
f 331/153/142 333/155/144 362/185/173 361/184/172
f 333/155/144 335/157/146 363/186/174 362/185/173
f 335/157/146 337/159/148 364/187/175 363/186/174
f 337/159/148 339/189/150 365/188/176 364/187/175
f 339/189/150 341/191/152 366/190/177 365/188/176
f 341/191/152 343/193/154 367/192/178 366/190/177
f 343/193/154 345/195/156 368/194/179 367/192/178
f 345/195/156 347/197/158 369/196/180 368/194/179
f 347/197/158 349/199/160 370/198/181 369/196/180
f 349/199/160 351/201/162 371/200/182 370/198/181
f 351/201/162 353/203/164 372/202/183 371/200/182
f 357/178/168 356/179/167 373/205/184 374/204/185
f 356/179/167 327/148/138 359/181/170 373/205/184
f 332/156/143 375/206/186 334/158/145
f 366/190/177 376/207/187 365/188/176
f 377/208/188 378/211/189 379/210/190 380/209/191
f 378/211/189 377/208/188 381/213/192 382/212/193
f 382/212/193 381/213/192 383/215/194 384/214/195
f 384/216/195 383/219/194 385/218/196 386/217/197
f 386/217/197 385/218/196 387/221/198 388/220/199
f 388/220/199 387/221/198 389/223/200 390/222/201
f 390/222/201 389/223/200 391/225/202 392/224/203
f 392/224/203 391/225/202 393/227/204 394/226/205
f 394/226/205 393/227/204 395/229/206 396/228/207
f 396/228/207 395/229/206 397/231/208 398/230/209
f 398/230/209 397/231/208 399/233/210 400/232/211
f 400/232/211 399/233/210 380/209/191 379/210/190
f 401/234/212 402/237/213 403/236/214 404/235/215
f 402/237/213 401/234/212 405/239/216 406/238/217
f 404/235/215 403/236/214 407/241/218 408/240/219
f 408/240/219 407/241/218 409/243/220 410/242/221
f 410/242/221 409/243/220 411/245/222 412/244/223
f 412/244/223 411/245/222 413/247/224 414/246/225
f 414/248/225 413/251/224 415/250/226 416/249/227
f 416/249/227 415/250/226 417/253/228 418/252/229
f 418/252/229 417/253/228 419/255/230 420/254/231
f 420/254/231 419/255/230 421/257/232 422/256/233
f 422/256/233 421/257/232 423/259/234 424/258/235
f 424/258/235 423/259/234 406/238/217 405/239/216
f 403/236/214 402/237/213 398/230/209 400/232/211
f 407/241/218 403/236/214 400/232/211 379/210/190
f 409/243/220 407/241/218 379/210/190 378/211/189
f 411/245/222 409/243/220 378/211/189 382/212/193
f 413/247/224 411/245/222 382/212/193 384/214/195
f 415/250/226 413/251/224 384/216/195 386/217/197
f 417/253/228 415/250/226 386/217/197 388/220/199
f 419/255/230 417/253/228 388/220/199 390/222/201
f 421/257/232 419/255/230 390/222/201 392/224/203
f 423/259/234 421/257/232 392/224/203 394/226/205
f 406/238/217 423/259/234 394/226/205 396/228/207
f 402/237/213 406/238/217 396/228/207 398/230/209
f 425/260/236 426/263/237 427/262/238 428/261/239
f 426/263/237 429/265/240 430/264/241 427/262/238
f 429/265/240 354/177/165 431/266/242 430/264/241
f 354/177/165 357/178/168 432/267/243 431/266/242
f 357/178/168 374/204/185 433/268/244 432/267/243
f 374/204/185 434/270/245 435/269/246 433/268/244
f 434/270/245 436/272/247 437/271/248 435/269/246
f 436/272/247 438/274/249 439/273/250 437/271/248
f 438/274/249 372/202/183 440/275/251 439/273/250
f 372/202/183 353/203/164 441/276/252 440/275/251
f 353/175/164 352/176/163 442/278/253 441/277/252
f 352/176/163 425/260/236 428/261/239 442/278/253
f 428/261/239 427/262/238 443/280/254 444/279/255
f 427/262/238 430/264/241 445/281/256 443/280/254
f 430/264/241 431/266/242 446/282/257 445/281/256
f 431/266/242 432/267/243 447/283/258 446/282/257
f 432/267/243 433/268/244 448/284/259 447/283/258
f 433/268/244 435/269/246 449/285/260 448/284/259
f 435/269/246 437/271/248 450/286/261 449/285/260
f 437/271/248 439/273/250 451/287/262 450/286/261
f 439/273/250 440/275/251 452/288/263 451/287/262
f 440/275/251 441/276/252 453/289/264 452/288/263
f 441/277/252 442/278/253 454/291/265 453/290/264
f 442/278/253 428/261/239 444/279/255 454/291/265
f 455/292/266 456/293/267 363/186/174 364/187/175
f 370/198/181 457/295/268 458/294/269 369/196/180
f 459/296/270 460/299/271 461/298/272 462/297/273
f 369/196/180 458/294/269 463/300/274 368/194/179
f 462/297/273 461/298/272 464/302/275 465/301/276
f 371/200/182 466/303/277 457/295/268 370/198/181
f 467/304/278 468/305/279 460/299/271 459/296/270
f 368/194/179 463/300/274 469/306/280 367/192/178
f 465/301/276 464/302/275 470/308/281 471/307/282
f 466/303/277 467/304/278 459/296/270 457/295/268
f 458/294/269 457/295/268 459/296/270 462/297/273
f 463/300/274 458/294/269 462/297/273 465/301/276
f 469/306/280 463/300/274 465/301/276 471/307/282
f 365/188/176 376/207/187 455/292/266 364/187/175
f 367/192/178 469/306/280 376/207/187 366/190/177
f 455/292/266 376/207/187 469/306/280 471/307/282
f 471/307/282 470/308/281 456/293/267 455/292/266
f 373/205/184 359/181/170 460/299/271 468/305/279
f 461/298/272 460/299/271 359/181/170 358/182/169
f 464/302/275 461/298/272 358/182/169 360/183/171
f 470/308/281 464/302/275 360/183/171 361/184/172
f 456/293/267 470/308/281 361/184/172 362/185/173
f 363/186/174 456/293/267 362/185/173
f 438/274/249 466/303/277 371/200/182 372/202/183
f 436/272/247 467/304/278 466/303/277 438/274/249
f 434/270/245 468/305/279 467/304/278 436/272/247
f 373/205/184 468/305/279 434/270/245 374/204/185
f 336/160/147 472/310/283 473/309/284 338/162/149
f 324/147/135 474/312/285 475/311/286 325/150/136
f 476/313/287 477/316/288 478/315/289 479/314/290
f 325/150/136 475/311/286 480/317/291 328/152/139
f 477/316/288 481/319/292 482/318/293 478/315/289
f 328/152/139 480/317/291 483/320/294 330/154/141
f 481/319/292 484/322/295 485/321/296 482/318/293
f 330/154/141 483/320/294 375/206/186 332/156/143
f 484/322/295 473/309/284 472/310/283 485/321/296
f 354/177/165 429/265/240 486/323/297 355/180/166
f 425/260/236 487/325/298 488/324/299 426/263/237
f 487/325/298 476/313/287 479/314/290 488/324/299
f 355/180/166 486/323/297 474/312/285 324/147/135
f 486/323/297 429/265/240 426/263/237 488/324/299
f 474/312/285 486/323/297 488/324/299 479/314/290
f 475/311/286 474/312/285 479/314/290 478/315/289
f 480/317/291 475/311/286 478/315/289 482/318/293
f 483/320/294 480/317/291 482/318/293 485/321/296
f 375/206/186 483/320/294 485/321/296 472/310/283
f 334/158/145 375/206/186 472/310/283 336/160/147
f 350/174/161 487/325/298 425/260/236 352/176/163
f 348/172/159 476/313/287 487/325/298 350/174/161
f 346/170/157 477/316/288 476/313/287 348/172/159
f 344/168/155 481/319/292 477/316/288 346/170/157
f 342/166/153 484/322/295 481/319/292 344/168/155
f 340/164/151 473/309/284 484/322/295 342/166/153
f 338/162/149 473/309/284 340/164/151
f 489/326/300 490/329/301 491/328/302 492/327/303
f 490/329/301 489/326/300 493/331/304 494/330/305
f 494/330/305 493/331/304 495/333/306 496/332/307
f 496/332/307 495/333/306 497/335/308 498/334/309
f 498/334/309 497/335/308 499/337/310 500/336/311
f 500/336/311 499/337/310 501/339/312 502/338/313
f 502/338/313 501/339/312 503/341/314 504/340/315
f 504/342/315 503/345/314 505/344/316 506/343/317
f 506/343/317 505/344/316 507/347/318 508/346/319
f 508/346/319 507/347/318 509/349/320 510/348/321
f 510/348/321 509/349/320 511/351/322 512/350/323
f 512/350/323 511/351/322 492/327/303 491/328/302
f 381/213/192 377/208/188 507/347/318 505/344/316
f 383/215/194 381/213/192 505/344/316 503/345/314
f 385/218/196 383/219/194 503/341/314 501/339/312
f 387/221/198 385/218/196 501/339/312 499/337/310
f 389/223/200 387/221/198 499/337/310 497/335/308
f 391/225/202 389/223/200 497/335/308 495/333/306
f 393/227/204 391/225/202 495/333/306 493/331/304
f 395/229/206 393/227/204 493/331/304 489/326/300
f 397/231/208 395/229/206 489/326/300 492/327/303
f 399/233/210 397/231/208 492/327/303 511/351/322
f 380/209/191 399/233/210 511/351/322 509/349/320
f 377/208/188 380/209/191 509/349/320 507/347/318
f 444/279/255 443/280/254 498/334/309 500/336/311
f 443/280/254 445/281/256 496/332/307 498/334/309
f 445/281/256 446/282/257 494/330/305 496/332/307
f 446/282/257 447/283/258 490/329/301 494/330/305
f 447/283/258 448/284/259 491/328/302 490/329/301
f 448/284/259 449/285/260 512/350/323 491/328/302
f 449/285/260 450/286/261 510/348/321 512/350/323
f 450/286/261 451/287/262 508/346/319 510/348/321
f 451/287/262 452/288/263 506/343/317 508/346/319
f 452/288/263 453/289/264 504/342/315 506/343/317
f 453/290/264 454/291/265 502/338/313 504/340/315
f 454/291/265 444/279/255 500/336/311 502/338/313
f 135/352/324 155/355/325 156/354/326 136/353/327
f 136/353/327 156/354/326 157/357/328 137/356/329
f 137/356/329 157/357/328 158/359/330 138/358/331
f 138/358/331 158/359/330 159/361/332 139/360/333
f 139/360/333 159/361/332 160/363/334 140/362/335
f 140/362/335 160/363/334 161/365/336 141/364/337
f 141/364/337 161/365/336 162/367/338 142/366/339
f 142/366/339 162/367/338 163/369/340 143/368/341
f 143/368/341 163/369/340 164/371/342 144/370/343
f 144/370/343 164/371/342 165/373/344 145/372/345
f 145/372/345 165/373/344 166/375/346 146/374/347
f 146/374/347 166/375/346 167/377/348 147/376/349
f 147/376/349 167/377/348 168/379/350 148/378/351
f 148/378/351 168/379/350 169/381/352 149/380/353
f 153/382/354 170/385/355 171/384/356 154/383/357
f 154/383/357 171/384/356 155/355/325 135/352/324
f 155/355/325 172/387/358 173/386/359 156/354/326
f 156/354/326 173/386/359 174/388/360 157/357/328
f 157/357/328 174/388/360 175/389/361 158/359/330
f 158/359/330 175/389/361 176/390/362 159/361/332
f 159/361/332 176/390/362 177/391/363 160/363/334
f 160/363/334 177/391/363 178/392/364 161/365/336
f 161/365/336 178/392/364 179/394/365 162/393/338
f 162/393/338 179/394/365 180/396/366 163/395/340
f 163/395/340 180/396/366 181/398/367 164/397/342
f 164/397/342 181/398/367 182/400/368 165/399/344
f 165/399/344 182/400/368 183/402/369 166/401/346
f 166/401/346 183/402/369 184/404/370 167/403/348
f 167/403/348 184/404/370 185/406/371 168/405/350
f 168/405/350 185/406/371 186/408/372 169/407/352
f 170/385/355 190/410/373 191/409/374 171/384/356
f 171/384/356 191/409/374 172/387/358 155/355/325
f 139/360/333 140/362/335 293/411/375
f 180/396/366 179/394/365 272/412/376
f 192/413/377 214/416/378 215/415/379 193/414/380
f 193/414/380 195/418/381 194/417/382 192/413/377
f 195/418/381 197/420/383 196/419/384 194/417/382
f 197/421/383 199/424/385 198/423/386 196/422/384
f 199/424/385 201/426/387 200/425/388 198/423/386
f 201/426/387 203/428/389 202/427/390 200/425/388
f 203/428/389 205/430/391 204/429/392 202/427/390
f 205/430/391 207/432/393 206/431/394 204/429/392
f 207/432/393 209/434/395 208/433/396 206/431/394
f 209/434/395 211/436/397 210/435/398 208/433/396
f 211/436/397 213/438/399 212/437/400 210/435/398
f 213/438/399 215/415/379 214/416/378 212/437/400
f 216/439/401 218/442/402 219/441/403 217/440/404
f 217/440/404 239/444/405 238/443/406 216/439/401
f 218/442/402 220/446/407 221/445/408 219/441/403
f 220/446/407 222/448/409 223/447/410 221/445/408
f 222/448/409 224/450/411 225/449/412 223/447/410
f 224/450/411 226/452/413 227/451/414 225/449/412
f 226/453/413 228/456/415 229/455/416 227/454/414
f 228/456/415 230/458/417 231/457/418 229/455/416
f 230/458/417 232/460/419 233/459/420 231/457/418
f 232/460/419 234/462/421 235/461/422 233/459/420
f 234/462/421 236/464/423 237/463/424 235/461/422
f 236/464/423 238/443/406 239/444/405 237/463/424
f 219/441/403 213/438/399 211/436/397 217/440/404
f 221/445/408 215/415/379 213/438/399 219/441/403
f 223/447/410 193/414/380 215/415/379 221/445/408
f 225/449/412 195/418/381 193/414/380 223/447/410
f 227/451/414 197/420/383 195/418/381 225/449/412
f 229/455/416 199/424/385 197/421/383 227/454/414
f 231/457/418 201/426/387 199/424/385 229/455/416
f 233/459/420 203/428/389 201/426/387 231/457/418
f 235/461/422 205/430/391 203/428/389 233/459/420
f 237/463/424 207/432/393 205/430/391 235/461/422
f 239/444/405 209/434/395 207/432/393 237/463/424
f 217/440/404 211/436/397 209/434/395 239/444/405
f 150/465/425 240/468/426 241/467/427 151/466/428
f 151/466/428 241/467/427 242/470/429 152/469/430
f 152/469/430 242/470/429 243/471/431 153/382/354
f 153/382/354 243/471/431 244/472/432 170/385/355
f 170/385/355 244/472/432 245/473/433 190/410/373
f 190/410/373 245/473/433 246/475/434 189/474/435
f 189/474/435 246/475/434 247/477/436 188/476/437
f 188/476/437 247/477/436 248/479/438 187/478/439
f 187/478/439 248/479/438 249/480/440 186/408/372
f 186/408/372 249/480/440 250/481/441 169/407/352
f 169/381/352 250/483/441 251/482/442 149/380/353
f 149/380/353 251/482/442 240/468/426 150/465/425
f 240/468/426 252/485/443 253/484/444 241/467/427
f 241/467/427 253/484/444 254/486/445 242/470/429
f 242/470/429 254/486/445 255/487/446 243/471/431
f 243/471/431 255/487/446 256/488/447 244/472/432
f 244/472/432 256/488/447 257/489/448 245/473/433
f 245/473/433 257/489/448 258/490/449 246/475/434
f 246/475/434 258/490/449 259/491/450 247/477/436
f 247/477/436 259/491/450 260/492/451 248/479/438
f 248/479/438 260/492/451 261/493/452 249/480/440
f 249/480/440 261/493/452 262/494/453 250/481/441
f 250/483/441 262/496/453 263/495/454 251/482/442
f 251/482/442 263/495/454 252/485/443 240/468/426
f 273/497/455 178/392/364 177/391/363 278/498/456
f 184/404/370 183/402/369 269/500/457 268/499/458
f 266/501/459 264/504/460 275/503/461 274/502/462
f 183/402/369 182/400/368 270/505/463 269/500/457
f 264/504/460 265/507/464 276/506/465 275/503/461
f 185/406/371 184/404/370 268/499/458 279/508/466
f 280/509/467 266/501/459 274/502/462 281/510/468
f 182/400/368 181/398/367 271/511/469 270/505/463
f 265/507/464 267/513/470 277/512/471 276/506/465
f 279/508/466 268/499/458 266/501/459 280/509/467
f 269/500/457 264/504/460 266/501/459 268/499/458
f 270/505/463 265/507/464 264/504/460 269/500/457
f 271/511/469 267/513/470 265/507/464 270/505/463
f 179/394/365 178/392/364 273/497/455 272/412/376
f 181/398/367 180/396/366 272/412/376 271/511/469
f 273/497/455 267/513/470 271/511/469 272/412/376
f 267/513/470 273/497/455 278/498/456 277/512/471
f 191/409/374 281/510/468 274/502/462 172/387/358
f 275/503/461 173/386/359 172/387/358 274/502/462
f 276/506/465 174/388/360 173/386/359 275/503/461
f 277/512/471 175/389/361 174/388/360 276/506/465
f 278/498/456 176/390/362 175/389/361 277/512/471
f 177/391/363 176/390/362 278/498/456
f 187/478/439 186/408/372 185/406/371 279/508/466
f 188/476/437 187/478/439 279/508/466 280/509/467
f 189/474/435 188/476/437 280/509/467 281/510/468
f 191/409/374 190/410/373 189/474/435 281/510/468
f 141/364/337 142/366/339 299/515/472 285/514/473
f 135/352/324 136/353/327 290/517/474 289/516/475
f 295/518/476 286/521/477 282/520/478 296/519/479
f 136/353/327 137/356/329 291/522/480 290/517/474
f 296/519/479 282/520/478 283/524/481 297/523/482
f 137/356/329 138/358/331 292/525/483 291/522/480
f 297/523/482 283/524/481 284/527/484 298/526/485
f 138/358/331 139/360/333 293/411/375 292/525/483
f 298/526/485 284/527/484 285/514/473 299/515/472
f 153/382/354 154/383/357 288/528/486 152/469/430
f 150/465/425 151/466/428 287/530/487 294/529/488
f 294/529/488 287/530/487 286/521/477 295/518/476
f 154/383/357 135/352/324 289/516/475 288/528/486
f 288/528/486 287/530/487 151/466/428 152/469/430
f 289/516/475 286/521/477 287/530/487 288/528/486
f 290/517/474 282/520/478 286/521/477 289/516/475
f 291/522/480 283/524/481 282/520/478 290/517/474
f 292/525/483 284/527/484 283/524/481 291/522/480
f 293/411/375 285/514/473 284/527/484 292/525/483
f 140/362/335 141/364/337 285/514/473 293/411/375
f 148/378/351 149/380/353 150/465/425 294/529/488
f 147/376/349 148/378/351 294/529/488 295/518/476
f 146/374/347 147/376/349 295/518/476 296/519/479
f 145/372/345 146/374/347 296/519/479 297/523/482
f 144/370/343 145/372/345 297/523/482 298/526/485
f 143/368/341 144/370/343 298/526/485 299/515/472
f 142/366/339 143/368/341 299/515/472
f 300/531/489 322/534/490 323/533/491 301/532/492
f 301/532/492 303/536/493 302/535/494 300/531/489
f 303/536/493 305/538/495 304/537/496 302/535/494
f 305/538/495 307/540/497 306/539/498 304/537/496
f 307/540/497 309/542/499 308/541/500 306/539/498
f 309/542/499 311/544/501 310/543/502 308/541/500
f 311/544/501 313/546/503 312/545/504 310/543/502
f 313/547/503 315/550/505 314/549/506 312/548/504
f 315/550/505 317/552/507 316/551/508 314/549/506
f 317/552/507 319/554/509 318/553/510 316/551/508
f 319/554/509 321/556/511 320/555/512 318/553/510
f 321/556/511 323/533/491 322/534/490 320/555/512
f 194/417/382 314/549/506 316/551/508 192/413/377
f 196/419/384 312/548/504 314/549/506 194/417/382
f 198/423/386 310/543/502 312/545/504 196/422/384
f 200/425/388 308/541/500 310/543/502 198/423/386
f 202/427/390 306/539/498 308/541/500 200/425/388
f 204/429/392 304/537/496 306/539/498 202/427/390
f 206/431/394 302/535/494 304/537/496 204/429/392
f 208/433/396 300/531/489 302/535/494 206/431/394
f 210/435/398 322/534/490 300/531/489 208/433/396
f 212/437/400 320/555/512 322/534/490 210/435/398
f 214/416/378 318/553/510 320/555/512 212/437/400
f 192/413/377 316/551/508 318/553/510 214/416/378
f 252/485/443 309/542/499 307/540/497 253/484/444
f 253/484/444 307/540/497 305/538/495 254/486/445
f 254/486/445 305/538/495 303/536/493 255/487/446
f 255/487/446 303/536/493 301/532/492 256/488/447
f 256/488/447 301/532/492 323/533/491 257/489/448
f 257/489/448 323/533/491 321/556/511 258/490/449
f 258/490/449 321/556/511 319/554/509 259/491/450
f 259/491/450 319/554/509 317/552/507 260/492/451
f 260/492/451 317/552/507 315/550/505 261/493/452
f 261/493/452 315/550/505 313/547/503 262/494/453
f 262/496/453 313/546/503 311/544/501 263/495/454
f 263/495/454 311/544/501 309/542/499 252/485/443
f 513/557/513 515/560/514 516/559/515 514/558/516
f 514/558/516 536/562/517 535/561/518 513/557/513
f 515/560/514 517/564/519 518/563/520 516/559/515
f 517/564/519 519/566/521 520/565/522 518/563/520
f 519/566/521 521/568/523 522/567/524 520/565/522
f 521/568/523 523/570/525 524/569/526 522/567/524
f 523/570/525 525/572/527 526/571/528 524/569/526
f 525/573/527 527/576/529 528/575/530 526/574/528
f 527/576/529 529/578/531 530/577/532 528/575/530
f 529/578/531 531/580/533 532/579/534 530/577/532
f 531/580/533 533/582/535 534/581/536 532/579/534
f 533/582/535 535/561/518 536/562/517 534/581/536
f 537/583/537 560/586/538 559/585/539 538/584/540
f 538/584/540 539/588/541 540/587/542 537/583/537
f 539/588/541 541/590/543 542/589/544 540/587/542
f 541/590/543 543/592/545 544/591/546 542/589/544
f 543/592/545 545/594/547 546/593/548 544/591/546
f 545/594/547 547/596/549 548/595/550 546/593/548
f 547/596/549 549/598/551 550/597/552 548/595/550
f 549/599/551 551/602/553 552/601/554 550/600/552
f 551/602/553 553/604/555 554/603/556 552/601/554
f 553/604/555 555/606/557 556/605/558 554/603/556
f 555/606/557 557/608/559 558/607/560 556/605/558
f 557/608/559 559/585/539 560/586/538 558/607/560
f 537/583/537 540/587/542 424/258/235 405/239/216
f 540/587/542 542/589/544 422/256/233 424/258/235
f 542/589/544 544/591/546 420/254/231 422/256/233
f 544/591/546 546/593/548 418/252/229 420/254/231
f 546/593/548 548/595/550 416/249/227 418/252/229
f 548/595/550 550/597/552 414/248/225 416/249/227
f 550/600/552 552/601/554 412/244/223 414/246/225
f 552/601/554 554/603/556 410/242/221 412/244/223
f 554/603/556 556/605/558 408/240/219 410/242/221
f 556/605/558 558/607/560 404/235/215 408/240/219
f 558/607/560 560/586/538 401/234/212 404/235/215
f 560/586/538 537/583/537 405/239/216 401/234/212
f 513/557/513 238/443/406 236/464/423 515/560/514
f 515/560/514 236/464/423 234/462/421 517/564/519
f 517/564/519 234/462/421 232/460/419 519/566/521
f 519/566/521 232/460/419 230/458/417 521/568/523
f 521/568/523 230/458/417 228/456/415 523/570/525
f 523/570/525 228/456/415 226/453/413 525/572/527
f 525/573/527 226/452/413 224/450/411 527/576/529
f 527/576/529 224/450/411 222/448/409 529/578/531
f 529/578/531 222/448/409 220/446/407 531/580/533
f 531/580/533 220/446/407 218/442/402 533/582/535
f 533/582/535 218/442/402 216/439/401 535/561/518
f 535/561/518 216/439/401 238/443/406 513/557/513
f 514/558/516 516/559/515 539/610/541 538/609/540
f 516/559/515 518/563/520 541/611/543 539/610/541
f 518/563/520 520/565/522 543/612/545 541/611/543
f 520/565/522 522/567/524 545/613/547 543/612/545
f 522/567/524 524/569/526 547/614/549 545/613/547
f 524/569/526 526/571/528 549/615/551 547/614/549
f 526/574/528 528/575/530 551/617/553 549/616/551
f 528/575/530 530/577/532 553/618/555 551/617/553
f 530/577/532 532/579/534 555/619/557 553/618/555
f 532/579/534 534/581/536 557/620/559 555/619/557
f 534/581/536 536/562/517 559/621/539 557/620/559
f 536/562/517 514/558/516 538/609/540 559/621/539
g default
v -0.011452 0.020471 0.019282
v -0.020304 0.011991 0.019282
v -0.023729 0.000221 0.019282
v -0.020811 -0.011685 0.019282
v -0.012331 -0.020536 0.019282
v -0.000561 -0.023962 0.019282
v 0.011345 -0.021043 0.019282
v 0.020196 -0.012563 0.019282
v 0.023622 -0.000793 0.019282
v 0.020703 0.011113 0.019282
v 0.012223 0.019964 0.019282
v 0.000453 0.023390 0.019282
v -0.019849 0.035761 0.023243
v -0.035220 0.021034 0.023243
v -0.041169 0.000594 0.023243
v -0.036101 -0.020081 0.023243
v -0.021374 -0.035453 0.023243
v -0.000934 -0.041402 0.023243
v 0.019742 -0.036333 0.023243
v 0.035113 -0.021606 0.023243
v 0.041062 -0.001167 0.023243
v 0.035994 0.019509 0.023243
v 0.021267 0.034881 0.023243
v 0.000827 0.040829 0.023243
v -0.024021 0.043359 0.028079
v -0.042632 0.025528 0.028079
v -0.049835 0.000780 0.028079
v -0.043698 -0.024253 0.028079
v -0.025867 -0.042865 0.028079
v -0.001120 -0.050067 0.028079
v 0.023914 -0.043931 0.028079
v 0.042525 -0.026100 0.028079
v 0.049727 -0.001352 0.028079
v 0.043591 0.023681 0.028079
v 0.025760 0.042292 0.028079
v 0.001012 0.049495 0.028079
v -0.023708 0.042788 0.011328
v -0.042076 0.025190 0.011328
v -0.049184 0.000766 0.011328
v -0.043128 -0.023940 0.011328
v -0.025530 -0.042308 0.011328
v -0.001106 -0.049416 0.011328
v 0.023600 -0.043360 0.011328
v 0.041968 -0.025762 0.011328
v 0.049076 -0.001338 0.011328
v 0.043020 0.023368 0.011328
v 0.025423 0.041736 0.011328
v 0.000998 0.048844 0.011328
v -0.015823 0.028430 0.011328
v -0.028068 0.016698 0.011328
v -0.032807 0.000415 0.011328
v -0.028770 -0.016055 0.011328
v -0.017038 -0.028301 0.011328
v -0.000755 -0.033039 0.011328
v 0.015716 -0.029002 0.011328
v 0.027961 -0.017270 0.011328
v 0.032700 -0.000987 0.011328
v 0.028662 0.015483 0.011328
v 0.016930 0.027728 0.011328
v 0.000648 0.032467 0.011328
v -0.007938 0.014072 0.011328
v -0.014061 0.008206 0.011328
v -0.016430 0.000065 0.011328
v -0.014412 -0.008171 0.011328
v -0.008546 -0.014293 0.011328
v -0.000404 -0.016663 0.011328
v 0.007831 -0.014644 0.011328
v 0.013954 -0.008778 0.011328
v 0.016323 -0.000637 0.011328
v 0.014304 0.007599 0.011328
v 0.008438 0.013721 0.011328
v 0.000297 0.016091 0.011328
v -0.000054 -0.000286 0.022103
v -0.000054 -0.000286 0.011328
v -0.030888 0.055863 0.023243
v -0.031592 0.057146 0.021708
v -0.054831 0.032924 0.023243
v -0.056083 0.033682 0.021708
v -0.064097 0.001085 0.023243
v -0.065561 0.001117 0.021708
v -0.056203 -0.031120 0.023243
v -0.057485 -0.031824 0.021708
v -0.033264 -0.055064 0.023243
v -0.034022 -0.056315 0.021708
v -0.001425 -0.064330 0.023243
v -0.001457 -0.065793 0.021708
v 0.030780 -0.056435 0.023243
v 0.031485 -0.057718 0.021708
v 0.054724 -0.033496 0.023243
v 0.055976 -0.034254 0.021708
v 0.063990 -0.001657 0.023243
v 0.065453 -0.001689 0.021708
v 0.056096 0.030548 0.023243
v 0.057378 0.031252 0.021708
v 0.033156 0.054492 0.023243
v 0.033915 0.055743 0.021708
v 0.001318 0.063758 0.023243
v 0.001349 0.065221 0.021708
v -0.031592 0.057146 0.012863
v -0.030888 0.055863 0.011328
v -0.056083 0.033682 0.012863
v -0.054831 0.032924 0.011328
v -0.065561 0.001117 0.012863
v -0.064097 0.001085 0.011328
v -0.057485 -0.031824 0.012863
v -0.056203 -0.031120 0.011328
v -0.034022 -0.056315 0.012863
v -0.033264 -0.055064 0.011328
v -0.001457 -0.065793 0.012863
v -0.001425 -0.064330 0.011328
v 0.031485 -0.057718 0.012863
v 0.030780 -0.056435 0.011328
v 0.055976 -0.034254 0.012863
v 0.054724 -0.033496 0.011328
v 0.065453 -0.001689 0.012863
v 0.063990 -0.001657 0.011328
v 0.057378 0.031252 0.012863
v 0.056096 0.030548 0.011328
v 0.033915 0.055743 0.012863
v 0.033156 0.054492 0.011328
v 0.001349 0.065221 0.012863
v 0.001318 0.063758 0.011328
v -0.057537 0.000945 0.027286
v -0.049220 0.029521 0.027286
v -0.027729 0.050111 0.027286
v 0.001177 0.057197 0.027286
v 0.029754 0.048880 0.027286
v 0.050343 0.027389 0.027286
v 0.057429 -0.001517 0.027286
v 0.049112 -0.030094 0.027286
v 0.027622 -0.050683 0.027286
v -0.001285 -0.057769 0.027286
v -0.029861 -0.049452 0.027286
v -0.050451 -0.027961 0.027286
vt 0.096175 0.847972
vt 0.097036 0.846294
vt 0.099811 0.846819
vt 0.098306 0.849761
vt 0.096909 0.844427
vt 0.099585 0.843547
vt 0.095829 0.842871
vt 0.097689 0.840822
vt 0.094084 0.842043
vt 0.094630 0.839374
vt 0.092143 0.842165
vt 0.091228 0.839591
vt 0.090525 0.843204
vt 0.088395 0.841415
vt 0.089664 0.844882
vt 0.086890 0.844357
vt 0.089791 0.846749
vt 0.087115 0.847629
vt 0.090872 0.848305
vt 0.089012 0.850354
vt 0.092616 0.849133
vt 0.092071 0.851802
vt 0.094557 0.849011
vt 0.095472 0.851585
vt 0.101348 0.847105
vt 0.099488 0.850748
vt 0.101065 0.843056
vt 0.098715 0.839685
vt 0.094927 0.837896
vt 0.090717 0.838168
vt 0.087213 0.840428
vt 0.085353 0.844071
vt 0.085636 0.848121
vt 0.087986 0.851491
vt 0.091773 0.853280
vt 0.095983 0.853008
vt 0.171253 0.854361
vt 0.166466 0.854367
vt 0.167259 0.851502
vt 0.170451 0.851498
vt 0.162317 0.852070
vt 0.164493 0.849971
vt 0.159917 0.848086
vt 0.162894 0.847314
vt 0.159911 0.843481
vt 0.162890 0.844245
vt 0.162299 0.839490
vt 0.164482 0.841584
vt 0.166442 0.837183
vt 0.167243 0.840046
vt 0.171229 0.837176
vt 0.170435 0.840042
vt 0.175378 0.839473
vt 0.173201 0.841573
vt 0.177777 0.843458
vt 0.174800 0.844229
vt 0.177783 0.848062
vt 0.174805 0.847299
vt 0.175395 0.852053
vt 0.173213 0.849959
vt 0.168053 0.848637
vt 0.169649 0.848635
vt 0.166670 0.847871
vt 0.165870 0.846543
vt 0.165868 0.845008
vt 0.166664 0.843678
vt 0.168045 0.842909
vt 0.169641 0.842907
vt 0.171024 0.843672
vt 0.171824 0.845001
vt 0.171826 0.846535
vt 0.171030 0.847866
vt 0.093350 0.845588
vt 0.168847 0.845772
vt 0.101342 0.852302
vt 0.101594 0.852514
vt 0.096889 0.855551
vt 0.096781 0.855246
vt 0.103762 0.847559
vt 0.104090 0.847622
vt 0.103392 0.842288
vt 0.103708 0.842184
vt 0.100331 0.837901
vt 0.100551 0.837659
vt 0.095400 0.835574
vt 0.095464 0.835258
vt 0.089919 0.835930
vt 0.089811 0.835625
vt 0.085358 0.838874
vt 0.085106 0.838662
vt 0.082939 0.843617
vt 0.082611 0.843555
vt 0.083309 0.848889
vt 0.082993 0.848992
vt 0.086370 0.853275
vt 0.086150 0.853517
vt 0.091301 0.855602
vt 0.091236 0.855918
vt 0.102611 0.853357
vt 0.102847 0.853553
vt 0.097434 0.857053
vt 0.097332 0.856770
vt 0.105409 0.847863
vt 0.105715 0.847919
vt 0.104976 0.841759
vt 0.105270 0.841660
vt 0.101427 0.836681
vt 0.101631 0.836454
vt 0.095715 0.833990
vt 0.095773 0.833695
vt 0.089369 0.834406
vt 0.089266 0.834123
vt 0.084089 0.837819
vt 0.083853 0.837623
vt 0.081292 0.843314
vt 0.080985 0.843258
vt 0.081725 0.849418
vt 0.081430 0.849517
vt 0.085274 0.854496
vt 0.085070 0.854723
vt 0.090986 0.857187
vt 0.090927 0.857481
vt 0.102561 0.847335
vt 0.100419 0.851530
vt 0.102235 0.842671
vt 0.099528 0.838789
vt 0.095166 0.836729
vt 0.090318 0.837042
vt 0.086282 0.839646
vt 0.084140 0.843841
vt 0.084466 0.848505
vt 0.087172 0.852387
vt 0.091534 0.854447
vt 0.096383 0.854134
vt 0.171983 0.856968
vt 0.165743 0.856976
vt 0.160334 0.853982
vt 0.157207 0.848788
vt 0.157198 0.842786
vt 0.160311 0.837584
vt 0.165711 0.834575
vt 0.171952 0.834567
vt 0.177360 0.837561
vt 0.180488 0.842756
vt 0.180496 0.848758
vt 0.177383 0.853960
vn 0.064939 -0.118254 0.990858
vn 0.174341 -0.317476 0.932102
vn 0.309720 -0.187771 0.932103
vn 0.115367 -0.069942 0.990858
vn 0.362111 -0.007754 0.932103
vn 0.134880 -0.002888 0.990858
vn 0.317475 0.174340 0.932103
vn 0.118255 0.064939 0.990857
vn 0.187773 0.309721 0.932102
vn 0.069943 0.115366 0.990858
vn 0.007754 0.362113 0.932102
vn 0.002888 0.134881 0.990858
vn -0.174342 0.317476 0.932102
vn -0.064939 0.118254 0.990858
vn -0.309722 0.187771 0.932102
vn -0.115367 0.069942 0.990858
vn -0.362111 0.007755 0.932103
vn -0.134881 0.002889 0.990858
vn -0.317476 -0.174338 0.932103
vn -0.118256 -0.064939 0.990857
vn -0.187773 -0.309721 0.932102
vn -0.069942 -0.115366 0.990858
vn -0.007755 -0.362112 0.932102
vn -0.002888 -0.134883 0.990857
vn 0.080193 -0.146034 0.986024
vn 0.142465 -0.086371 0.986024
vn 0.166566 -0.003567 0.986024
vn 0.146032 0.080193 0.986024
vn 0.086372 0.142467 0.986024
vn 0.003567 0.166566 0.986024
vn -0.080194 0.146033 0.986024
vn -0.142466 0.086370 0.986024
vn -0.166562 0.003567 0.986025
vn -0.146032 -0.080193 0.986024
vn -0.086371 -0.142465 0.986024
vn -0.003567 -0.166565 0.986024
vn -0.000000 0.000000 -1.000000
vn -0.000000 0.000000 -1.000000
vn -0.000000 0.000000 -1.000000
vn -0.000000 0.000000 -1.000000
vn 0.000000 0.000000 -1.000000
vn -0.000000 0.000000 -1.000000
vn 0.000000 0.000000 -1.000000
vn 0.000000 0.000000 -1.000000
vn 0.000000 0.000000 -1.000000
vn 0.000000 0.000000 -1.000000
vn -0.000000 0.000000 -1.000000
vn 0.000000 0.000000 -1.000000
vn -0.000000 0.000000 -1.000000
vn -0.000000 0.000000 -1.000000
vn 0.000000 0.000000 -1.000000
vn -0.000000 0.000000 -1.000000
vn 0.000000 0.000000 -1.000000
vn 0.000000 0.000000 -1.000000
vn 0.000000 0.000000 -1.000000
vn -0.000000 0.000000 -1.000000
vn 0.000000 0.000000 -1.000000
vn 0.000000 0.000000 -1.000000
vn 0.000000 0.000000 -1.000000
vn 0.000000 0.000000 -1.000000
vn -0.000000 0.000000 -1.000000
vn 0.000000 0.000000 -1.000000
vn 0.000000 0.000000 -1.000000
vn -0.000000 0.000000 -1.000000
vn -0.000000 0.000000 -1.000000
vn -0.000000 0.000000 -1.000000
vn 0.000000 0.000000 -1.000000
vn -0.000000 0.000000 -1.000000
vn -0.000000 0.000000 -1.000000
vn 0.000000 0.000000 -1.000000
vn 0.000000 0.000000 -1.000000
vn -0.000000 0.000000 -1.000000
vn 0.000000 -0.000000 1.000000
vn 0.000000 0.000000 -1.000000
vn -0.280780 0.511296 0.812243
vn 0.012489 0.583184 0.812244
vn 0.021241 0.991956 0.124786
vn -0.477583 0.869680 0.124783
vn -0.848438 0.514375 0.124787
vn -0.498808 0.302408 0.812244
vn -0.991956 0.021243 0.124791
vn -0.583183 0.012489 0.812245
vn -0.869680 -0.477582 0.124786
vn -0.511299 -0.280777 0.812242
vn -0.514377 -0.848437 0.124786
vn -0.302411 -0.498806 0.812244
vn -0.021242 -0.991956 0.124791
vn -0.012488 -0.583181 0.812246
vn 0.477581 -0.869680 0.124792
vn 0.280775 -0.511295 0.812245
vn 0.848438 -0.514374 0.124789
vn 0.498807 -0.302410 0.812244
vn 0.991956 -0.021243 0.124789
vn 0.583185 -0.012487 0.812243
vn 0.869681 0.477581 0.124788
vn 0.511296 0.280777 0.812244
vn 0.514373 0.848439 0.124787
vn 0.302410 0.498806 0.812244
vn -0.477583 0.869680 -0.124783
vn 0.021241 0.991956 -0.124786
vn 0.002905 0.135657 -0.990752
vn -0.065315 0.118936 -0.990752
vn -0.116031 0.070345 -0.990751
vn -0.848438 0.514375 -0.124787
vn -0.135659 0.002905 -0.990751
vn -0.991956 0.021243 -0.124791
vn -0.118936 -0.065313 -0.990751
vn -0.869680 -0.477582 -0.124786
vn -0.070347 -0.116030 -0.990751
vn -0.514377 -0.848437 -0.124786
vn -0.002905 -0.135659 -0.990751
vn -0.021242 -0.991956 -0.124792
vn 0.065313 -0.118937 -0.990751
vn 0.477581 -0.869680 -0.124792
vn 0.116031 -0.070346 -0.990751
vn 0.848438 -0.514374 -0.124789
vn 0.135658 -0.002905 -0.990752
vn 0.991956 -0.021243 -0.124789
vn 0.118936 0.065314 -0.990751
vn 0.869681 0.477581 -0.124787
vn 0.070346 0.116030 -0.990752
vn 0.514373 0.848439 -0.124787
vn -0.176830 0.322008 0.930076
vn -0.314145 0.190453 0.930076
vn -0.367286 0.007865 0.930075
vn -0.322010 -0.176830 0.930076
vn -0.190453 -0.314144 0.930076
vn -0.007865 -0.367284 0.930075
vn 0.176829 -0.322011 0.930076
vn 0.314144 -0.190454 0.930076
vn 0.367283 -0.007867 0.930076
vn 0.322009 0.176830 0.930076
vn 0.190452 0.314145 0.930076
vn 0.007866 0.367282 0.930076
s 1
g arm_up_right shoulder_plate_front_right
usemtl head_plateSG
f 561/622/561 573/625/562 574/624/563 562/623/564
f 562/623/564 574/624/563 575/627/565 563/626/566
f 563/626/566 575/627/565 576/629/567 564/628/568
f 564/628/568 576/629/567 577/631/569 565/630/570
f 565/630/570 577/631/569 578/633/571 566/632/572
f 566/632/572 578/633/571 579/635/573 567/634/574
f 567/634/574 579/635/573 580/637/575 568/636/576
f 568/636/576 580/637/575 581/639/577 569/638/578
f 569/638/578 581/639/577 582/641/579 570/640/580
f 570/640/580 582/641/579 583/643/581 571/642/582
f 571/642/582 583/643/581 584/645/583 572/644/584
f 572/644/584 584/645/583 573/625/562 561/622/561
f 573/625/562 585/647/585 586/646/586 574/624/563
f 574/624/563 586/646/586 587/648/587 575/627/565
f 575/627/565 587/648/587 588/649/588 576/629/567
f 576/629/567 588/649/588 589/650/589 577/631/569
f 577/631/569 589/650/589 590/651/590 578/633/571
f 578/633/571 590/651/590 591/652/591 579/635/573
f 579/635/573 591/652/591 592/653/592 580/637/575
f 580/637/575 592/653/592 593/654/593 581/639/577
f 581/639/577 593/654/593 594/655/594 582/641/579
f 582/641/579 594/655/594 595/656/595 583/643/581
f 583/643/581 595/656/595 596/657/596 584/645/583
f 584/645/583 596/657/596 585/647/585 573/625/562
f 597/658/597 609/661/598 610/660/599 598/659/600
f 598/659/600 610/660/599 611/663/601 599/662/602
f 599/662/602 611/663/601 612/665/603 600/664/604
f 600/664/604 612/665/603 613/667/605 601/666/606
f 601/666/606 613/667/605 614/669/607 602/668/608
f 602/668/608 614/669/607 615/671/609 603/670/610
f 603/670/610 615/671/609 616/673/611 604/672/612
f 604/672/612 616/673/611 617/675/613 605/674/614
f 605/674/614 617/675/613 618/677/615 606/676/616
f 606/676/616 618/677/615 619/679/617 607/678/618
f 607/678/618 619/679/617 620/681/619 608/680/620
f 608/680/620 620/681/619 609/661/598 597/658/597
f 609/661/598 621/683/621 622/682/622 610/660/599
f 610/660/599 622/682/622 623/684/623 611/663/601
f 611/663/601 623/684/623 624/685/624 612/665/603
f 612/665/603 624/685/624 625/686/625 613/667/605
f 613/667/605 625/686/625 626/687/626 614/669/607
f 614/669/607 626/687/626 627/688/627 615/671/609
f 615/671/609 627/688/627 628/689/628 616/673/611
f 616/673/611 628/689/628 629/690/629 617/675/613
f 617/675/613 629/690/629 630/691/630 618/677/615
f 618/677/615 630/691/630 631/692/631 619/679/617
f 619/679/617 631/692/631 632/693/632 620/681/619
f 620/681/619 632/693/632 621/683/621 609/661/598
f 562/623/564 633/694/633 561/622/561
f 563/626/566 633/694/633 562/623/564
f 564/628/568 633/694/633 563/626/566
f 565/630/570 633/694/633 564/628/568
f 566/632/572 633/694/633 565/630/570
f 567/634/574 633/694/633 566/632/572
f 568/636/576 633/694/633 567/634/574
f 569/638/578 633/694/633 568/636/576
f 570/640/580 633/694/633 569/638/578
f 571/642/582 633/694/633 570/640/580
f 572/644/584 633/694/633 571/642/582
f 561/622/561 633/694/633 572/644/584
f 621/683/621 634/695/634 622/682/622
f 622/682/622 634/695/634 623/684/623
f 623/684/623 634/695/634 624/685/624
f 624/685/624 634/695/634 625/686/625
f 625/686/625 634/695/634 626/687/626
f 626/687/626 634/695/634 627/688/627
f 627/688/627 634/695/634 628/689/628
f 628/689/628 634/695/634 629/690/629
f 629/690/629 634/695/634 630/691/630
f 630/691/630 634/695/634 631/692/631
f 631/692/631 634/695/634 632/693/632
f 632/693/632 634/695/634 621/683/621
f 635/696/635 657/699/636 658/698/637 636/697/638
f 636/697/638 638/701/639 637/700/640 635/696/635
f 638/701/639 640/703/641 639/702/642 637/700/640
f 640/703/641 642/705/643 641/704/644 639/702/642
f 642/705/643 644/707/645 643/706/646 641/704/644
f 644/707/645 646/709/647 645/708/648 643/706/646
f 646/709/647 648/711/649 647/710/650 645/708/648
f 648/711/649 650/713/651 649/712/652 647/710/650
f 650/713/651 652/715/653 651/714/654 649/712/652
f 652/715/653 654/717/655 653/716/656 651/714/654
f 654/717/655 656/719/657 655/718/658 653/716/656
f 656/719/657 658/698/637 657/699/636 655/718/658
f 659/720/659 681/723/660 682/722/661 660/721/662
f 660/721/662 662/725/663 661/724/664 659/720/659
f 662/725/663 664/727/665 663/726/666 661/724/664
f 664/727/665 666/729/667 665/728/668 663/726/666
f 666/729/667 668/731/669 667/730/670 665/728/668
f 668/731/669 670/733/671 669/732/672 667/730/670
f 670/733/671 672/735/673 671/734/674 669/732/672
f 672/735/673 674/737/675 673/736/676 671/734/674
f 674/737/675 676/739/677 675/738/678 673/736/676
f 676/739/677 678/741/679 677/740/680 675/738/678
f 678/741/679 680/743/681 679/742/682 677/740/680
f 680/743/681 682/722/661 681/723/660 679/742/682
f 585/647/585 685/745/683 684/744/684 586/646/586
f 586/646/586 684/744/684 683/746/685 587/648/587
f 587/648/587 683/746/685 694/747/686 588/649/588
f 588/649/588 694/747/686 693/748/687 589/650/589
f 589/650/589 693/748/687 692/749/688 590/651/590
f 590/651/590 692/749/688 691/750/689 591/652/591
f 591/652/591 691/750/689 690/751/690 592/653/592
f 592/653/592 690/751/690 689/752/691 593/654/593
f 593/654/593 689/752/691 688/753/692 594/655/594
f 594/655/594 688/753/692 687/754/693 595/656/595
f 595/656/595 687/754/693 686/755/694 596/657/596
f 596/657/596 686/755/694 685/745/683 585/647/585
f 636/697/638 659/720/659 661/724/664 638/701/639
f 638/701/639 661/724/664 663/726/666 640/703/641
f 640/703/641 663/726/666 665/728/668 642/705/643
f 642/705/643 665/728/668 667/730/670 644/707/645
f 644/707/645 667/730/670 669/732/672 646/709/647
f 646/709/647 669/732/672 671/734/674 648/711/649
f 648/711/649 671/734/674 673/736/676 650/713/651
f 650/713/651 673/736/676 675/738/678 652/715/653
f 652/715/653 675/738/678 677/740/680 654/717/655
f 654/717/655 677/740/680 679/742/682 656/719/657
f 656/719/657 679/742/682 681/723/660 658/698/637
f 658/698/637 681/723/660 659/720/659 636/697/638
f 660/756/662 597/658/597 598/659/600 662/757/663
f 662/757/663 598/659/600 599/662/602 664/758/665
f 664/758/665 599/662/602 600/664/604 666/759/667
f 666/759/667 600/664/604 601/666/606 668/760/669
f 668/760/669 601/666/606 602/668/608 670/761/671
f 670/761/671 602/668/608 603/670/610 672/762/673
f 672/762/673 603/670/610 604/672/612 674/763/675
f 674/763/675 604/672/612 605/674/614 676/764/677
f 676/764/677 605/674/614 606/676/616 678/765/679
f 678/765/679 606/676/616 607/678/618 680/766/681
f 680/766/681 607/678/618 608/680/620 682/767/661
f 682/767/661 608/680/620 597/658/597 660/756/662
f 684/744/684 637/700/640 639/702/642 683/746/685
f 685/745/683 635/696/635 637/700/640 684/744/684
f 686/755/694 657/699/636 635/696/635 685/745/683
f 687/754/693 655/718/658 657/699/636 686/755/694
f 688/753/692 653/716/656 655/718/658 687/754/693
f 689/752/691 651/714/654 653/716/656 688/753/692
f 690/751/690 649/712/652 651/714/654 689/752/691
f 691/750/689 647/710/650 649/712/652 690/751/690
f 692/749/688 645/708/648 647/710/650 691/750/689
f 693/748/687 643/706/646 645/708/648 692/749/688
f 694/747/686 641/704/644 643/706/646 693/748/687
f 683/746/685 639/702/642 641/704/644 694/747/686
g default
v 0.022496 -0.023905 0.019909
v 0.022496 -0.023905 0.038315
v 0.023501 0.022989 0.019909
v 0.023501 0.022989 0.038315
v -0.023393 0.023993 0.019909
v -0.023393 0.023993 0.038315
v -0.024397 -0.022901 0.019909
v -0.024397 -0.022901 0.038315
v 0.000186 0.029659 0.018865
v -0.030697 -0.028937 0.023877
v -0.030063 0.000678 0.018865
v -0.001082 -0.029571 0.042481
v -0.001082 -0.029571 0.018865
v 0.028533 -0.030205 0.023877
v 0.029801 0.029025 0.023877
v 0.029167 -0.000590 0.018865
v 0.000186 0.029659 0.042481
v -0.029429 0.030293 0.023877
v 0.039997 -0.000822 0.023877
v 0.000418 0.040489 0.023877
v -0.040894 0.000910 0.023877
v -0.001314 -0.040402 0.023877
v -0.000448 0.000044 0.017032
v 0.034400 -0.015737 0.021334
v 0.034400 -0.015737 0.032628
v 0.035044 0.014318 0.032628
v 0.035044 0.014318 0.021334
v 0.015332 0.034892 0.021334
v 0.015332 0.034892 0.032628
v -0.014722 0.035536 0.032628
v -0.014722 0.035536 0.021334
v -0.035296 0.015824 0.021334
v -0.035296 0.015824 0.032628
v -0.035940 -0.014230 0.032628
v -0.035940 -0.014230 0.021334
v -0.016229 -0.034804 0.021334
v -0.016229 -0.034804 0.032628
v 0.013826 -0.035448 0.032628
v 0.013826 -0.035448 0.021334
v 0.014257 -0.015305 0.046233
v -0.015797 -0.014662 0.046233
v -0.015154 0.015393 0.046233
v 0.014901 0.014749 0.046233
v -0.015797 -0.014662 0.017925
v 0.014257 -0.015305 0.017925
v 0.014901 0.014749 0.017925
v -0.015154 0.015393 0.017925
v 0.036934 -0.016910 0.023877
v 0.037626 0.015382 0.023877
v 0.037280 -0.000764 0.021144
v 0.016506 0.037426 0.023877
v 0.000360 0.037772 0.033384
v -0.015786 0.038118 0.023877
v 0.000360 0.037772 0.021144
v -0.037830 0.016998 0.023877
v -0.038522 -0.015295 0.023877
v -0.038176 0.000852 0.021144
v -0.017402 -0.037338 0.023877
v -0.001256 -0.037684 0.033384
v 0.014890 -0.038030 0.023877
v -0.001256 -0.037684 0.021144
v -0.000794 -0.016102 0.047961
v -0.000102 0.016190 0.047961
v -0.000794 -0.016102 0.017492
v 0.015698 -0.000302 0.017492
v -0.000102 0.016190 0.017492
v -0.016594 0.000390 0.017492
v 0.026538 -0.028123 0.021523
v 0.026538 -0.028123 0.031872
v 0.026830 -0.014455 0.041104
v 0.027426 0.013361 0.041104
v 0.027719 0.027030 0.031872
v 0.027719 0.027030 0.021523
v 0.027426 0.013361 0.019210
v 0.026830 -0.014455 0.019210
v 0.014050 0.027323 0.041104
v -0.013766 0.027918 0.041104
v -0.027434 0.028211 0.031872
v -0.027434 0.028211 0.021523
v -0.013766 0.027918 0.019210
v 0.014050 0.027323 0.019210
v -0.027727 0.014543 0.041104
v -0.028323 -0.013274 0.041104
v -0.028615 -0.026942 0.031872
v -0.028615 -0.026942 0.021523
v -0.028323 -0.013274 0.019210
v -0.027727 0.014543 0.019210
v -0.014947 -0.027235 0.041104
v 0.012869 -0.027830 0.041104
v 0.012869 -0.027830 0.019210
v -0.014947 -0.027235 0.019210
v 0.039587 0.001976 0.023877
v 0.036894 0.001840 0.033254
v 0.028866 0.001819 0.042243
v 0.015560 0.002297 0.047663
v -0.000388 0.002832 0.049480
v -0.016346 0.002981 0.047663
v -0.029660 0.003072 0.042243
v -0.037679 0.003437 0.033254
v -0.040365 0.003688 0.023877
v -0.037679 0.003437 0.021177
v -0.029660 0.003072 0.018924
v -0.016346 0.002981 0.017567
v -0.000388 0.002832 0.017111
v 0.015560 0.002297 0.017567
v 0.028866 0.001819 0.018924
v 0.036894 0.001840 0.021177
v 0.036782 -0.003350 0.021177
v 0.028763 -0.002984 0.018924
v 0.015449 -0.002893 0.017567
v -0.000508 -0.002744 0.017111
v -0.016457 -0.002210 0.017567
v -0.029762 -0.001731 0.018924
v -0.037790 -0.001753 0.021177
v -0.040484 -0.001888 0.023877
v -0.037790 -0.001753 0.033254
v -0.029762 -0.001731 0.042243
v -0.016457 -0.002210 0.047663
v -0.000508 -0.002744 0.049480
v 0.015449 -0.002893 0.047663
v 0.028763 -0.002984 0.042243
v 0.036782 -0.003350 0.033254
v 0.039468 -0.003600 0.023877
v 0.034458 -0.000704 0.032648
v 0.037072 -0.000760 0.023492
v 0.034148 0.001356 0.032542
v 0.036651 0.001523 0.023492
v 0.027028 -0.000544 0.041036
v 0.026815 0.001291 0.040866
v 0.014642 -0.000279 0.046046
v 0.014531 0.001776 0.045811
v -0.000448 0.000044 0.047753
v -0.000399 0.002317 0.047494
v -0.015538 0.000367 0.046046
v -0.015340 0.002415 0.045812
v -0.027924 0.000632 0.041036
v -0.027633 0.002457 0.040866
v -0.034957 0.002835 0.032542
v -0.035354 0.000791 0.032648
v -0.037450 0.003110 0.023492
v -0.037968 0.000847 0.023492
v -0.035044 -0.001268 0.032542
v -0.037547 -0.001435 0.023492
v -0.027711 -0.001203 0.040866
v -0.015428 -0.001688 0.045812
v -0.000497 -0.002229 0.047494
v 0.014444 -0.002328 0.045811
v 0.026736 -0.002369 0.040866
v 0.034060 -0.002748 0.032542
v 0.036554 -0.003022 0.023492
vt 0.032463 0.512362
vt 0.033403 0.510568
vt 0.037060 0.513805
vt 0.034683 0.514990
vt 0.032972 0.760308
vt 0.032312 0.761064
vt 0.027957 0.758450
vt 0.028231 0.757492
vt 0.023466 0.757716
vt 0.023511 0.756684
vt 0.038962 0.517547
vt 0.036338 0.518446
vt 0.030790 0.762802
vt 0.027158 0.760902
vt 0.029263 0.764481
vt 0.026584 0.763849
vt 0.023697 0.763663
vt 0.023814 0.760574
vt 0.021232 0.757822
vt 0.021154 0.760698
vt 0.017855 0.761334
vt 0.016831 0.758968
vt 0.021557 0.763762
vt 0.018699 0.764214
vt 0.016090 0.765090
vt 0.014414 0.763559
vt 0.012738 0.761968
vt 0.036811 0.519957
vt 0.039479 0.519202
vt 0.040047 0.523360
vt 0.037419 0.523741
vt 0.021088 0.756799
vt 0.016468 0.758039
vt 0.012012 0.761277
vt 0.038886 0.528105
vt 0.037091 0.527165
vt 0.035648 0.531764
vt 0.034464 0.529387
vt 0.010065 0.766275
vt 0.009105 0.765977
vt 0.009190 0.771526
vt 0.008197 0.771573
vt 0.031121 0.534057
vt 0.030285 0.531383
vt 0.012504 0.767204
vt 0.015451 0.767755
vt 0.015319 0.771238
vt 0.012096 0.771389
vt 0.012889 0.775519
vt 0.010548 0.776673
vt 0.015771 0.774694
vt 0.016652 0.777289
vt 0.015127 0.778970
vt 0.013607 0.780712
vt 0.026093 0.534751
vt 0.025713 0.532122
vt 0.009620 0.777060
vt 0.012949 0.781469
vt 0.021348 0.533588
vt 0.022288 0.531793
vt 0.017691 0.530350
vt 0.020068 0.529165
vt 0.017956 0.783317
vt 0.017683 0.784276
vt 0.022438 0.784049
vt 0.022391 0.785082
vt 0.015789 0.526608
vt 0.018412 0.525709
vt 0.018755 0.780865
vt 0.019330 0.777918
vt 0.022215 0.778104
vt 0.022095 0.781192
vt 0.024668 0.783948
vt 0.024752 0.781071
vt 0.028048 0.780441
vt 0.029066 0.782810
vt 0.024353 0.778006
vt 0.027209 0.777558
vt 0.029818 0.776686
vt 0.031489 0.778222
vt 0.033160 0.779819
vt 0.017940 0.524198
vt 0.015272 0.524953
vt 0.014703 0.520795
vt 0.017332 0.520415
vt 0.024808 0.784972
vt 0.029424 0.783741
vt 0.033884 0.780514
vt 0.015865 0.516051
vt 0.017660 0.516990
vt 0.019102 0.512391
vt 0.020287 0.514769
vt 0.035840 0.775516
vt 0.036799 0.775818
vt 0.036723 0.770264
vt 0.037717 0.770221
vt 0.023630 0.510098
vt 0.024466 0.512772
vt 0.033404 0.774580
vt 0.030460 0.774021
vt 0.030594 0.770537
vt 0.033818 0.770393
vt 0.033028 0.766259
vt 0.035372 0.765111
vt 0.030145 0.767078
vt 0.028658 0.509404
vt 0.029038 0.512033
vt 0.036300 0.764726
vt 0.026816 0.767125
vt 0.027167 0.770691
vt 0.024025 0.770834
vt 0.023828 0.767063
vt 0.027142 0.774275
vt 0.024173 0.774608
vt 0.021889 0.770932
vt 0.022085 0.774704
vt 0.019098 0.774643
vt 0.018747 0.771078
vt 0.021740 0.767159
vt 0.018770 0.767495
vt 0.021190 0.518838
vt 0.025794 0.517019
vt 0.027102 0.521204
vt 0.022122 0.522827
vt 0.030614 0.515892
vt 0.032120 0.519701
vt 0.027648 0.522951
vt 0.032629 0.521328
vt 0.033561 0.525317
vt 0.028957 0.527136
vt 0.022630 0.524454
vt 0.024137 0.528263
vt 0.022369 0.758178
vt 0.022490 0.760762
vt 0.021925 0.760787
vt 0.021831 0.758311
vt 0.022632 0.763815
vt 0.022176 0.763858
vt 0.022787 0.767180
vt 0.022303 0.767222
vt 0.022957 0.770883
vt 0.022428 0.770908
vt 0.023126 0.774587
vt 0.022640 0.774589
vt 0.023279 0.777952
vt 0.022822 0.777951
vt 0.022853 0.781033
vt 0.023418 0.781005
vt 0.022988 0.783507
vt 0.023535 0.783589
vt 0.023558 0.784107
vt 0.023602 0.785087
vt 0.015401 0.525821
vt 0.018072 0.524986
vt 0.022317 0.523659
vt 0.027375 0.522077
vt 0.032433 0.520496
vt 0.036678 0.519169
vt 0.039350 0.518334
vt 0.022297 0.756681
vt 0.022344 0.757661
vt 0.023983 0.780981
vt 0.024072 0.783457
vt 0.023734 0.777909
vt 0.023611 0.774545
vt 0.023486 0.770859
vt 0.023274 0.767178
vt 0.023090 0.763816
vt 0.023055 0.760734
vt 0.022917 0.758260
vn 0.157115 -0.163990 -0.973870
vn 0.167188 -0.086919 -0.982086
vn 0.413875 -0.170146 -0.894292
vn 0.320659 -0.334698 -0.886090
vn 0.923242 -0.383992 0.013203
vn 0.691683 -0.721948 0.019117
vn 0.424380 -0.092842 -0.900712
vn 0.999330 -0.035382 0.009381
vn 0.169866 -0.050881 -0.984153
vn 0.805131 -0.336114 0.488663
vn 0.609335 -0.636007 0.473505
vn 0.536201 -0.277180 0.797283
vn 0.474536 -0.495302 0.727662
vn 0.865691 0.001486 0.500577
vn 0.569122 0.000847 0.822253
vn 0.999928 -0.007430 0.009378
vn 0.938835 0.344115 0.013202
vn 0.818784 0.301335 0.488662
vn 0.864834 -0.038545 0.500576
vn 0.547577 0.253971 0.797282
vn 0.568566 -0.025210 0.822251
vn 0.636003 0.609340 0.473502
vn 0.495303 0.474530 0.727665
vn 0.721955 0.691676 0.019116
vn 0.171889 0.043562 -0.984153
vn 0.170756 0.079682 -0.982086
vn 0.420781 0.152270 -0.894291
vn 0.427966 0.074588 -0.900712
vn 0.334695 0.320666 -0.886088
vn 0.163990 0.157112 -0.973870
vn 0.082558 0.166415 -0.982594
vn 0.162168 0.416060 -0.894760
vn 0.366596 0.930283 0.013487
vn 0.009366 0.437344 -0.899245
vn 0.021412 0.999710 0.011048
vn 0.003721 0.173756 -0.984782
vn 0.321086 0.811344 0.488492
vn 0.264704 0.537410 0.800701
vn 0.018528 0.865120 0.501223
vn 0.012137 0.566747 0.823803
vn -0.326438 0.945122 0.013489
vn -0.286056 0.824347 0.488492
vn -0.241456 0.548249 0.800701
vn -0.609340 0.636008 0.473496
vn -0.474535 0.495299 0.727664
vn -0.691685 0.721946 0.019115
vn -0.075359 0.169796 -0.982594
vn -0.144205 0.422620 -0.894761
vn -0.320667 0.334703 -0.886085
vn -0.157114 0.163988 -0.973870
vn -0.167191 0.086918 -0.982086
vn -0.413877 0.170143 -0.894292
vn -0.923240 0.383996 0.013201
vn -0.424378 0.092845 -0.900713
vn -0.999329 0.035410 0.009376
vn -0.169865 0.050880 -0.984153
vn -0.805134 0.336110 0.488661
vn -0.536207 0.277176 0.797280
vn -0.865690 -0.001473 0.500578
vn -0.569121 -0.000834 0.822253
vn -0.999929 0.007408 0.009382
vn -0.938833 -0.344119 0.013201
vn -0.818785 -0.301333 0.488660
vn -0.864834 0.038531 0.500577
vn -0.547581 -0.253968 0.797280
vn -0.568564 0.025197 0.822253
vn -0.636009 -0.609340 0.473495
vn -0.495305 -0.474530 0.727664
vn -0.721955 -0.691676 0.019116
vn -0.171888 -0.043561 -0.984153
vn -0.170758 -0.079681 -0.982086
vn -0.420783 -0.152269 -0.894291
vn -0.427965 -0.074591 -0.900712
vn -0.334703 -0.320670 -0.886084
vn -0.163990 -0.157112 -0.973870
vn -0.082559 -0.166415 -0.982594
vn -0.162168 -0.416061 -0.894760
vn -0.366602 -0.930280 0.013488
vn -0.009365 -0.437344 -0.899246
vn -0.021409 -0.999710 0.011048
vn -0.003721 -0.173757 -0.984782
vn -0.321087 -0.811345 0.488491
vn -0.264707 -0.537410 0.800700
vn -0.018526 -0.865120 0.501223
vn -0.012136 -0.566747 0.823802
vn 0.326443 -0.945121 0.013490
vn 0.286066 -0.824341 0.488496
vn 0.241459 -0.548250 0.800699
vn 0.075359 -0.169797 -0.982594
vn 0.144211 -0.422615 -0.894762
vn 0.234674 -0.256433 0.937641
vn -0.005500 -0.256865 0.966432
vn 0.244930 0.014029 0.969439
vn 0.000484 0.022616 0.999744
vn -0.245431 -0.246152 0.937642
vn -0.244107 0.024487 0.969439
vn -0.000484 -0.022616 0.999744
vn 0.005501 0.256866 0.966431
vn -0.234669 0.256431 0.937643
vn -0.244932 -0.014018 0.969439
vn 0.245435 0.246151 0.937641
vn 0.244105 -0.024503 0.969439
vn -0.066091 -0.066135 -0.995620
vn -0.001437 -0.067126 -0.997743
vn -0.063801 -0.032107 -0.997446
vn -0.000635 -0.029673 -0.999560
vn 0.063201 -0.068903 -0.995619
vn 0.062368 -0.034809 -0.997446
vn 0.000635 0.029673 -0.999560
vn 0.001438 0.067127 -0.997743
vn 0.066092 0.066135 -0.995619
vn 0.063801 0.032107 -0.997446
vn -0.063199 0.068903 -0.995620
vn -0.062368 0.034809 -0.997446
vn 0.790012 -0.016925 0.612857
vn 0.622985 -0.693508 0.361852
vn 0.595944 -0.731103 0.332173
vn 0.876576 -0.018778 0.480897
vn 0.387383 -0.681148 0.621267
vn 0.567091 -0.012148 0.823565
vn 0.158680 -0.601499 0.782955
vn 0.234472 -0.005023 0.972110
vn -0.012262 -0.572778 0.819619
vn 0.000005 0.000001 1.000000
vn -0.184284 -0.594151 0.782959
vn -0.234468 0.005023 0.972111
vn -0.416202 -0.663940 0.621257
vn -0.567084 0.012149 0.823571
vn -0.626684 -0.704940 0.332156
vn -0.876563 0.018778 0.480921
vn -0.652108 -0.666207 0.361834
vn -0.789961 0.016917 0.612923
vn -0.444587 0.009521 -0.895685
vn -0.999744 0.021410 -0.007278
vn -0.173972 0.003728 -0.984744
vn -0.062301 0.001335 -0.998057
vn -0.000000 -0.000000 -1.000000
vn 0.062302 -0.001335 -0.998057
vn 0.173965 -0.003725 -0.984745
vn 0.444599 -0.009522 -0.895679
vn 0.999745 -0.021406 -0.007190
vn -0.622984 0.693523 0.361824
vn -0.595931 0.731128 0.332143
vn -0.387392 0.681166 0.621241
vn -0.158674 0.601524 0.782938
vn 0.012266 0.572793 0.819608
vn 0.184281 0.594170 0.782945
vn 0.416186 0.663952 0.621255
vn 0.626706 0.704909 0.332178
vn 0.652104 0.666205 0.361844
s 1
g arm_up_right shoulder_screw_1_right pivot
usemtl head_plateSG
f 695/768/695 769/771/696 718/770/697 762/769/698
f 762/772/698 718/775/697 742/774/699 708/773/700
f 718/775/697 802/777/701 817/776/702 742/774/699
f 769/771/696 803/779/703 802/778/701 718/770/697
f 708/773/700 742/774/699 719/781/704 763/780/705
f 763/780/705 719/781/704 764/783/706 696/782/707
f 719/781/704 816/785/708 815/784/709 764/783/706
f 742/774/699 817/776/702 816/785/708 719/781/704
f 786/786/710 743/789/711 720/788/712 787/787/713
f 787/787/713 720/788/712 765/791/714 788/790/715
f 720/788/712 766/793/716 698/792/717 765/791/714
f 743/789/711 709/794/718 766/793/716 720/788/712
f 800/795/719 768/798/720 721/797/721 801/796/722
f 801/799/722 721/800/721 743/789/711 786/786/710
f 721/800/721 767/801/723 709/794/718 743/789/711
f 768/798/720 697/803/724 767/802/723 721/797/721
f 697/803/724 775/805/725 722/804/726 767/802/723
f 767/801/723 722/807/726 745/806/727 709/794/718
f 722/807/726 748/809/728 714/808/729 745/806/727
f 775/805/725 703/811/730 748/810/728 722/804/726
f 709/794/718 745/806/727 723/812/731 766/793/716
f 766/793/716 723/812/731 770/813/732 698/792/717
f 723/812/731 746/815/733 711/814/734 770/813/732
f 745/806/727 714/808/729 746/815/733 723/812/731
f 714/808/729 747/817/735 724/816/736 746/815/733
f 746/815/733 724/816/736 771/818/737 711/814/734
f 724/816/736 772/820/738 700/819/739 771/818/737
f 747/817/735 712/821/740 772/820/738 724/816/736
f 703/811/730 774/823/741 725/822/742 748/810/728
f 748/809/728 725/824/742 747/817/735 714/808/729
f 725/824/742 773/825/743 712/821/740 747/817/735
f 774/823/741 699/827/744 773/826/743 725/822/742
f 699/827/744 781/829/745 726/828/746 773/826/743
f 773/825/743 726/831/746 749/830/747 712/821/740
f 726/831/746 795/833/748 794/832/749 749/830/747
f 781/829/745 796/835/750 795/834/748 726/828/746
f 712/821/740 749/830/747 727/836/751 772/820/738
f 772/820/738 727/836/751 776/837/752 700/819/739
f 727/836/751 793/839/753 792/838/754 776/837/752
f 749/830/747 794/832/749 793/839/753 727/836/751
f 809/840/755 750/843/756 728/842/757 810/841/758
f 810/841/758 728/842/757 777/845/759 811/844/760
f 728/842/757 778/847/761 702/846/762 777/845/759
f 750/843/756 704/848/763 778/847/761 728/842/757
f 807/849/764 780/852/765 729/851/766 808/850/767
f 808/853/767 729/854/766 750/843/756 809/840/755
f 729/854/766 779/855/768 704/848/763 750/843/756
f 780/852/765 701/857/769 779/856/768 729/851/766
f 701/857/769 785/859/770 730/858/771 779/856/768
f 779/855/768 730/861/771 752/860/772 704/848/763
f 730/861/771 755/863/773 716/862/774 752/860/772
f 785/859/770 707/865/775 755/864/773 730/858/771
f 704/848/763 752/860/772 731/866/776 778/847/761
f 778/847/761 731/866/776 782/867/777 702/846/762
f 731/866/776 753/869/778 706/868/779 782/867/777
f 752/860/772 716/862/774 753/869/778 731/866/776
f 716/862/774 754/871/780 732/870/781 753/869/778
f 753/869/778 732/870/781 783/872/782 706/868/779
f 732/870/781 763/780/705 696/782/707 783/872/782
f 754/871/780 708/773/700 763/780/705 732/870/781
f 707/865/775 784/874/783 733/873/784 755/864/773
f 755/863/773 733/875/784 754/871/780 716/862/774
f 733/875/784 762/772/698 708/773/700 754/871/780
f 784/874/783 695/768/695 762/769/698 733/873/784
f 696/782/707 764/783/706 734/876/785 783/872/782
f 783/872/782 734/876/785 756/877/786 706/868/779
f 734/876/785 814/879/787 813/878/788 756/877/786
f 764/783/706 815/784/709 814/879/787 734/876/785
f 706/868/779 756/877/786 735/880/789 782/867/777
f 782/867/777 735/880/789 777/845/759 702/846/762
f 735/880/789 812/881/790 811/844/760 777/845/759
f 756/877/786 813/878/788 812/881/790 735/880/789
f 790/882/791 757/885/792 736/884/793 791/883/794
f 791/883/794 736/884/793 776/837/752 792/838/754
f 736/884/793 771/818/737 700/819/739 776/837/752
f 757/885/792 711/814/734 771/818/737 736/884/793
f 788/790/715 765/791/714 737/887/795 789/886/796
f 789/886/796 737/887/795 757/885/792 790/882/791
f 737/887/795 770/813/732 711/814/734 757/885/792
f 765/791/714 698/792/717 770/813/732 737/887/795
f 701/857/769 780/852/765 738/888/797 785/859/770
f 785/859/770 738/888/797 758/889/798 707/865/775
f 738/888/797 806/891/799 805/890/800 758/889/798
f 780/852/765 807/849/764 806/891/799 738/888/797
f 707/865/775 758/889/798 739/892/801 784/874/783
f 784/874/783 739/892/801 769/771/696 695/768/695
f 739/892/801 804/893/802 803/779/703 769/771/696
f 758/889/798 805/890/800 804/893/802 739/892/801
f 798/894/803 760/897/804 740/896/805 799/895/806
f 799/895/806 740/896/805 768/798/720 800/795/719
f 740/896/805 775/805/725 697/803/724 768/798/720
f 760/897/804 703/811/730 775/805/725 740/896/805
f 796/835/750 781/829/745 741/899/807 797/898/808
f 797/898/808 741/899/807 760/897/804 798/894/803
f 741/899/807 774/823/741 703/811/730 760/897/804
f 781/829/745 699/827/744 774/823/741 741/899/807
f 819/900/809 821/903/810 820/902/811 818/901/812
f 818/901/812 820/902/811 823/905/813 822/904/814
f 822/904/814 823/905/813 825/907/815 824/906/816
f 824/906/816 825/907/815 827/909/817 826/908/818
f 826/908/818 827/909/817 829/911/819 828/910/820
f 828/910/820 829/911/819 831/913/821 830/912/822
f 832/914/823 833/915/824 830/912/822 831/913/821
f 834/916/825 835/917/826 833/915/824 832/914/823
f 795/833/748 751/919/827 715/918/828 794/832/749
f 796/835/750 705/921/829 751/920/827 795/834/748
f 705/921/829 796/835/750 797/898/808 761/922/830
f 761/922/830 797/898/808 798/894/803 717/923/831
f 717/923/831 798/894/803 799/895/806 759/924/832
f 759/924/832 799/895/806 800/795/719 710/925/833
f 710/925/833 800/795/719 801/796/722 744/926/834
f 744/927/834 801/799/722 786/786/710 713/928/835
f 803/779/703 710/925/833 744/926/834 802/778/701
f 804/893/802 759/924/832 710/925/833 803/779/703
f 805/890/800 717/923/831 759/924/832 804/893/802
f 806/891/799 761/922/830 717/923/831 805/890/800
f 807/849/764 705/921/829 761/922/830 806/891/799
f 705/921/829 807/849/764 808/850/767 751/920/827
f 751/919/827 808/853/767 809/840/755 715/918/828
f 835/917/826 837/930/836 836/929/837 833/915/824
f 833/915/824 836/929/837 838/931/838 830/912/822
f 839/932/839 828/910/820 830/912/822 838/931/838
f 840/933/840 826/908/818 828/910/820 839/932/839
f 841/934/841 824/906/816 826/908/818 840/933/840
f 842/935/842 822/904/814 824/906/816 841/934/841
f 843/936/843 818/901/812 822/904/814 842/935/842
f 844/937/844 819/900/809 818/901/812 843/936/843
f 802/777/701 744/927/834 713/928/835 817/776/702
f 787/787/713 820/902/811 821/903/810 786/786/710
f 786/786/710 821/903/810 819/900/809 713/928/835
f 788/790/715 823/905/813 820/902/811 787/787/713
f 789/886/796 825/907/815 823/905/813 788/790/715
f 790/882/791 827/909/817 825/907/815 789/886/796
f 791/883/794 829/911/819 827/909/817 790/882/791
f 792/838/754 831/913/821 829/911/819 791/883/794
f 793/839/753 832/914/823 831/913/821 792/838/754
f 794/832/749 834/916/825 832/914/823 793/839/753
f 715/918/828 835/917/826 834/916/825 794/832/749
f 810/841/758 836/929/837 837/930/836 809/840/755
f 809/840/755 837/930/836 835/917/826 715/918/828
f 811/844/760 838/931/838 836/929/837 810/841/758
f 812/881/790 839/932/839 838/931/838 811/844/760
f 813/878/788 840/933/840 839/932/839 812/881/790
f 814/879/787 841/934/841 840/933/840 813/878/788
f 815/784/709 842/935/842 841/934/841 814/879/787
f 816/785/708 843/936/843 842/935/842 815/784/709
f 817/776/702 844/937/844 843/936/843 816/785/708
f 713/928/835 819/900/809 844/937/844 817/776/702
g default
v 0.022496 0.023993 -0.019909
v 0.022496 0.023993 -0.038315
v 0.023501 -0.022901 -0.019909
v 0.023501 -0.022901 -0.038315
v -0.023393 -0.023905 -0.019909
v -0.023393 -0.023905 -0.038315
v -0.024397 0.022988 -0.019909
v -0.024397 0.022988 -0.038315
v 0.000186 -0.029571 -0.018865
v -0.030697 0.029025 -0.023877
v -0.030063 -0.000590 -0.018865
v -0.001082 0.029659 -0.042481
v -0.001082 0.029659 -0.018865
v 0.028533 0.030293 -0.023877
v 0.029801 -0.028937 -0.023877
v 0.029167 0.000678 -0.018865
v 0.000186 -0.029571 -0.042481
v -0.029429 -0.030205 -0.023877
v 0.039997 0.000910 -0.023877
v 0.000418 -0.040402 -0.023877
v -0.040894 -0.000822 -0.023877
v -0.001314 0.040489 -0.023877
v -0.000448 0.000044 -0.017032
v 0.034400 0.015824 -0.021334
v 0.034400 0.015824 -0.032628
v 0.035044 -0.014230 -0.032628
v 0.035044 -0.014230 -0.021334
v 0.015332 -0.034804 -0.021334
v 0.015332 -0.034804 -0.032628
v -0.014722 -0.035448 -0.032628
v -0.014722 -0.035448 -0.021334
v -0.035296 -0.015736 -0.021334
v -0.035296 -0.015736 -0.032628
v -0.035940 0.014318 -0.032628
v -0.035940 0.014318 -0.021334
v -0.016229 0.034892 -0.021334
v -0.016229 0.034892 -0.032628
v 0.013826 0.035536 -0.032628
v 0.013826 0.035536 -0.021334
v 0.014257 0.015393 -0.046233
v -0.015797 0.014749 -0.046233
v -0.015154 -0.015305 -0.046233
v 0.014901 -0.014661 -0.046233
v -0.015797 0.014749 -0.017925
v 0.014257 0.015393 -0.017925
v 0.014901 -0.014661 -0.017925
v -0.015154 -0.015305 -0.017925
v 0.036934 0.016998 -0.023877
v 0.037626 -0.015295 -0.023877
v 0.037280 0.000852 -0.021144
v 0.016506 -0.037338 -0.023877
v 0.000360 -0.037684 -0.033384
v -0.015786 -0.038030 -0.023877
v 0.000360 -0.037684 -0.021144
v -0.037830 -0.016910 -0.023877
v -0.038522 0.015382 -0.023877
v -0.038176 -0.000764 -0.021144
v -0.017402 0.037426 -0.023877
v -0.001256 0.037772 -0.033384
v 0.014890 0.038118 -0.023877
v -0.001256 0.037772 -0.021144
v -0.000794 0.016190 -0.047961
v -0.000102 -0.016102 -0.047961
v -0.000794 0.016190 -0.017492
v 0.015698 0.000390 -0.017492
v -0.000102 -0.016102 -0.017492
v -0.016594 -0.000302 -0.017492
v 0.026538 0.028211 -0.021523
v 0.026538 0.028211 -0.031872
v 0.026830 0.014542 -0.041104
v 0.027426 -0.013274 -0.041104
v 0.027719 -0.026942 -0.031872
v 0.027719 -0.026942 -0.021523
v 0.027426 -0.013274 -0.019210
v 0.026830 0.014542 -0.019210
v 0.014050 -0.027235 -0.041104
v -0.013766 -0.027831 -0.041104
v -0.027434 -0.028123 -0.031872
v -0.027434 -0.028123 -0.021523
v -0.013766 -0.027831 -0.019210
v 0.014050 -0.027235 -0.019210
v -0.027727 -0.014455 -0.041104
v -0.028323 0.013361 -0.041104
v -0.028615 0.027030 -0.031872
v -0.028615 0.027030 -0.021523
v -0.028323 0.013361 -0.019210
v -0.027727 -0.014455 -0.019210
v -0.014947 0.027323 -0.041104
v 0.012869 0.027918 -0.041104
v 0.012869 0.027918 -0.019210
v -0.014947 0.027323 -0.019210
v 0.039587 -0.001888 -0.023877
v 0.036894 -0.001753 -0.033254
v 0.028866 -0.001731 -0.042243
v 0.015560 -0.002210 -0.047663
v -0.000388 -0.002744 -0.049480
v -0.016346 -0.002893 -0.047663
v -0.029660 -0.002984 -0.042243
v -0.037679 -0.003350 -0.033254
v -0.040365 -0.003600 -0.023877
v -0.037679 -0.003350 -0.021177
v -0.029660 -0.002984 -0.018924
v -0.016346 -0.002893 -0.017567
v -0.000388 -0.002744 -0.017111
v 0.015560 -0.002210 -0.017567
v 0.028866 -0.001731 -0.018924
v 0.036894 -0.001753 -0.021177
v 0.036782 0.003437 -0.021177
v 0.028763 0.003072 -0.018924
v 0.015449 0.002981 -0.017567
v -0.000508 0.002832 -0.017111
v -0.016457 0.002297 -0.017567
v -0.029762 0.001819 -0.018924
v -0.037790 0.001840 -0.021177
v -0.040484 0.001976 -0.023877
v -0.037790 0.001840 -0.033254
v -0.029762 0.001819 -0.042243
v -0.016457 0.002297 -0.047663
v -0.000508 0.002832 -0.049480
v 0.015449 0.002981 -0.047663
v 0.028763 0.003072 -0.042243
v 0.036782 0.003437 -0.033254
v 0.039468 0.003688 -0.023877
v 0.034458 0.000791 -0.032648
v 0.037072 0.000847 -0.023492
v 0.034148 -0.001268 -0.032542
v 0.036651 -0.001435 -0.023492
v 0.027028 0.000632 -0.041036
v 0.026815 -0.001204 -0.040866
v 0.014642 0.000367 -0.046046
v 0.014531 -0.001688 -0.045811
v -0.000448 0.000044 -0.047753
v -0.000399 -0.002229 -0.047494
v -0.015538 -0.000279 -0.046046
v -0.015340 -0.002328 -0.045812
v -0.027924 -0.000544 -0.041036
v -0.027633 -0.002370 -0.040866
v -0.034957 -0.002748 -0.032542
v -0.035354 -0.000704 -0.032648
v -0.037450 -0.003022 -0.023492
v -0.037968 -0.000760 -0.023492
v -0.035044 0.001356 -0.032542
v -0.037547 0.001523 -0.023492
v -0.027711 0.001291 -0.040866
v -0.015428 0.001776 -0.045812
v -0.000497 0.002317 -0.047494
v 0.014444 0.002415 -0.045811
v 0.026736 0.002457 -0.040866
v 0.034060 0.002835 -0.032542
v 0.036554 0.003110 -0.023492
vt 0.031485 0.543394
vt 0.032425 0.541600
vt 0.036082 0.544837
vt 0.033705 0.546022
vt 0.035956 0.724108
vt 0.035279 0.724848
vt 0.030987 0.722134
vt 0.031283 0.721182
vt 0.026514 0.721295
vt 0.026584 0.720264
vt 0.037984 0.548579
vt 0.035360 0.549478
vt 0.033717 0.726551
vt 0.030131 0.724566
vt 0.032152 0.728194
vt 0.029488 0.727499
vt 0.026606 0.727246
vt 0.026795 0.724160
vt 0.024278 0.721348
vt 0.024133 0.724222
vt 0.020820 0.724781
vt 0.019851 0.722392
vt 0.024465 0.727295
vt 0.021597 0.727679
vt 0.018967 0.728495
vt 0.017328 0.726925
vt 0.015690 0.725296
vt 0.035833 0.550989
vt 0.038501 0.550234
vt 0.039069 0.554392
vt 0.036441 0.554772
vt 0.024158 0.720322
vt 0.019511 0.721455
vt 0.014980 0.724587
vt 0.037908 0.559137
vt 0.036113 0.558197
vt 0.034670 0.562796
vt 0.033486 0.560419
vt 0.012916 0.729539
vt 0.011964 0.729218
vt 0.011920 0.734768
vt 0.010925 0.734792
vt 0.030143 0.565089
vt 0.029307 0.562415
vt 0.015334 0.730524
vt 0.018266 0.731144
vt 0.018054 0.734623
vt 0.014828 0.734699
vt 0.015525 0.738846
vt 0.013157 0.739945
vt 0.018425 0.738089
vt 0.019245 0.740703
vt 0.017681 0.742349
vt 0.016121 0.744054
vt 0.025115 0.565783
vt 0.024734 0.563155
vt 0.012221 0.740311
vt 0.015446 0.744796
vt 0.020370 0.564620
vt 0.021310 0.562825
vt 0.016713 0.561382
vt 0.019090 0.560197
vt 0.020408 0.746760
vt 0.020112 0.747712
vt 0.024872 0.747597
vt 0.024800 0.748628
vt 0.014811 0.557640
vt 0.017435 0.556741
vt 0.021264 0.744327
vt 0.021907 0.741395
vt 0.024787 0.741648
vt 0.024595 0.744733
vt 0.027103 0.747548
vt 0.027254 0.744673
vt 0.030564 0.744120
vt 0.031526 0.746513
vt 0.026927 0.741600
vt 0.029793 0.741219
vt 0.032421 0.740409
vt 0.034056 0.741983
vt 0.035689 0.743618
vt 0.016962 0.555230
vt 0.014294 0.555985
vt 0.013725 0.551827
vt 0.016354 0.551447
vt 0.027220 0.748574
vt 0.031863 0.747452
vt 0.036397 0.744329
vt 0.014887 0.547083
vt 0.016682 0.548022
vt 0.018124 0.543423
vt 0.019309 0.545801
vt 0.038469 0.739379
vt 0.039420 0.739703
vt 0.039475 0.734149
vt 0.040469 0.734129
vt 0.022652 0.541130
vt 0.023488 0.543804
vt 0.036056 0.738386
vt 0.033125 0.737759
vt 0.033341 0.734279
vt 0.036567 0.734210
vt 0.035874 0.730059
vt 0.038244 0.728966
vt 0.032972 0.730811
vt 0.027680 0.540436
vt 0.028060 0.543065
vt 0.039181 0.728603
vt 0.029644 0.730779
vt 0.029911 0.734353
vt 0.026767 0.734423
vt 0.026658 0.730648
vt 0.029802 0.737935
vt 0.026826 0.738199
vt 0.024629 0.734471
vt 0.024737 0.738246
vt 0.021753 0.738116
vt 0.021484 0.734543
vt 0.024568 0.730695
vt 0.021591 0.730962
vt 0.020212 0.549870
vt 0.024816 0.548051
vt 0.026124 0.552236
vt 0.021144 0.553859
vt 0.029636 0.546924
vt 0.031142 0.550733
vt 0.026671 0.553983
vt 0.031651 0.552360
vt 0.032583 0.556349
vt 0.027979 0.558168
vt 0.021652 0.555486
vt 0.023159 0.559295
vt 0.025406 0.721731
vt 0.025467 0.724317
vt 0.024901 0.724329
vt 0.024865 0.721851
vt 0.025538 0.727373
vt 0.025081 0.727405
vt 0.025614 0.730740
vt 0.025129 0.730772
vt 0.025698 0.734447
vt 0.025168 0.734459
vt 0.025780 0.738153
vt 0.025294 0.738144
vt 0.025855 0.741521
vt 0.025398 0.741510
vt 0.025357 0.744591
vt 0.025922 0.744577
vt 0.025433 0.747067
vt 0.025979 0.747163
vt 0.025990 0.747681
vt 0.026011 0.748661
vt 0.014423 0.556853
vt 0.017095 0.556018
vt 0.021340 0.554691
vt 0.026397 0.553110
vt 0.031455 0.551528
vt 0.035700 0.550201
vt 0.038372 0.549366
vt 0.025369 0.720233
vt 0.025394 0.721213
vt 0.026487 0.744565
vt 0.026519 0.747043
vt 0.026311 0.741489
vt 0.026266 0.738122
vt 0.026227 0.734435
vt 0.026101 0.730749
vt 0.025995 0.727385
vt 0.026033 0.724303
vt 0.025952 0.721825
vn 0.157114 0.163988 0.973870
vn 0.167188 0.086919 0.982086
vn 0.413876 0.170145 0.894291
vn 0.320660 0.334698 0.886090
vn 0.923241 0.383994 -0.013203
vn 0.691686 0.721945 -0.019117
vn 0.424382 0.092842 0.900711
vn 0.999330 0.035382 -0.009380
vn 0.169866 0.050880 0.984153
vn 0.805131 0.336113 -0.488663
vn 0.609335 0.636006 -0.473506
vn 0.536202 0.277182 -0.797282
vn 0.474535 0.495301 -0.727664
vn 0.865692 -0.001487 -0.500575
vn 0.569124 -0.000847 -0.822252
vn 0.999928 0.007431 -0.009380
vn 0.938833 -0.344119 -0.013203
vn 0.818783 -0.301336 -0.488663
vn 0.864834 0.038545 -0.500576
vn 0.547577 -0.253972 -0.797282
vn 0.568565 0.025209 -0.822252
vn 0.636005 -0.609337 -0.473504
vn 0.495305 -0.474529 -0.727664
vn 0.721957 -0.691673 -0.019117
vn 0.171889 -0.043562 0.984153
vn 0.170756 -0.079682 0.982086
vn 0.420781 -0.152269 0.894291
vn 0.427967 -0.074588 0.900711
vn 0.334696 -0.320664 0.886089
vn 0.163991 -0.157111 0.973870
vn 0.082558 -0.166414 0.982594
vn 0.162170 -0.416058 0.894761
vn 0.366601 -0.930281 -0.013489
vn 0.009365 -0.437345 0.899245
vn 0.021407 -0.999710 -0.011047
vn 0.003721 -0.173756 0.984782
vn 0.321090 -0.811341 -0.488494
vn 0.264705 -0.537409 -0.800702
vn 0.018525 -0.865120 -0.501222
vn 0.012136 -0.566746 -0.823803
vn -0.326441 -0.945121 -0.013489
vn -0.286059 -0.824347 -0.488491
vn -0.241457 -0.548251 -0.800699
vn -0.609341 -0.636008 -0.473495
vn -0.474537 -0.495302 -0.727661
vn -0.691683 -0.721949 -0.019117
vn -0.075359 -0.169797 0.982594
vn -0.144207 -0.422621 0.894760
vn -0.320669 -0.334704 0.886084
vn -0.157115 -0.163989 0.973870
vn -0.167190 -0.086918 0.982086
vn -0.413877 -0.170143 0.894291
vn -0.923240 -0.383997 -0.013202
vn -0.424378 -0.092845 0.900713
vn -0.999329 -0.035410 -0.009378
vn -0.169865 -0.050880 0.984153
vn -0.805134 -0.336109 -0.488661
vn -0.536207 -0.277175 -0.797281
vn -0.865690 0.001473 -0.500579
vn -0.569119 0.000833 -0.822255
vn -0.999929 -0.007407 -0.009380
vn -0.938835 0.344115 -0.013201
vn -0.818785 0.301334 -0.488661
vn -0.864834 -0.038530 -0.500576
vn -0.547580 0.253967 -0.797281
vn -0.568564 -0.025198 -0.822253
vn -0.636007 0.609341 -0.473497
vn -0.495303 0.474530 -0.727665
vn -0.721952 0.691679 -0.019118
vn -0.171888 0.043561 0.984153
vn -0.170758 0.079681 0.982086
vn -0.420782 0.152270 0.894291
vn -0.427965 0.074591 0.900712
vn -0.334702 0.320670 0.886084
vn -0.163989 0.157112 0.973870
vn -0.082559 0.166415 0.982594
vn -0.162166 0.416062 0.894760
vn -0.366599 0.930282 -0.013488
vn -0.009367 0.437343 0.899246
vn -0.021414 0.999710 -0.011048
vn -0.003721 0.173757 0.984782
vn -0.321085 0.811345 -0.488491
vn -0.264707 0.537411 -0.800700
vn -0.018529 0.865119 -0.501224
vn -0.012137 0.566748 -0.823802
vn 0.326440 0.945122 -0.013490
vn 0.286063 0.824341 -0.488498
vn 0.241458 0.548248 -0.800701
vn 0.075359 0.169796 0.982594
vn 0.144209 0.422616 0.894762
vn 0.234673 0.256433 -0.937641
vn -0.005500 0.256865 -0.966432
vn 0.244930 -0.014028 -0.969439
vn 0.000484 -0.022617 -0.999744
vn -0.245431 0.246151 -0.937643
vn -0.244107 -0.024488 -0.969439
vn -0.000485 0.022615 -0.999744
vn 0.005501 -0.256866 -0.966432
vn -0.234669 -0.256430 -0.937643
vn -0.244932 0.014017 -0.969439
vn 0.245435 -0.246151 -0.937641
vn 0.244105 0.024503 -0.969439
vn -0.066091 0.066134 0.995620
vn -0.001437 0.067126 0.997743
vn -0.063801 0.032108 0.997446
vn -0.000635 0.029673 0.999560
vn 0.063201 0.068904 0.995619
vn 0.062368 0.034809 0.997446
vn 0.000635 -0.029673 0.999559
vn 0.001438 -0.067126 0.997744
vn 0.066093 -0.066135 0.995619
vn 0.063801 -0.032107 0.997446
vn -0.063199 -0.068902 0.995620
vn -0.062368 -0.034810 0.997446
vn 0.790012 0.016920 -0.612857
vn 0.622978 0.693515 -0.361850
vn 0.595944 0.731101 -0.332177
vn 0.876575 0.018775 -0.480900
vn 0.387380 0.681155 -0.621260
vn 0.567090 0.012146 -0.823566
vn 0.158677 0.601503 -0.782953
vn 0.234472 0.005021 -0.972110
vn -0.012260 0.572791 -0.819610
vn 0.000005 0.000000 -1.000000
vn -0.184278 0.594172 -0.782944
vn -0.234468 -0.005022 -0.972111
vn -0.416190 0.663972 -0.621231
vn -0.567082 -0.012146 -0.823572
vn -0.626675 0.704951 -0.332147
vn -0.876562 -0.018782 -0.480923
vn -0.652100 0.666213 -0.361837
vn -0.789961 -0.016921 -0.612924
vn -0.444589 -0.009524 0.895684
vn -0.999744 -0.021407 0.007281
vn -0.173972 -0.003727 0.984743
vn -0.062300 -0.001334 0.998057
vn -0.000000 0.000000 1.000000
vn 0.062302 0.001334 0.998057
vn 0.173966 0.003725 0.984745
vn 0.444597 0.009520 0.895680
vn 0.999745 0.021414 0.007199
vn -0.622999 -0.693507 -0.361829
vn -0.595935 -0.731122 -0.332149
vn -0.387393 -0.681157 -0.621250
vn -0.158677 -0.601517 -0.782943
vn 0.012268 -0.572792 -0.819609
vn 0.184290 -0.594160 -0.782950
vn 0.416190 -0.663932 -0.621273
vn 0.626705 -0.704908 -0.332185
vn 0.652104 -0.666204 -0.361845
s 1
g arm_up_right pivot shoulder_screw_2_right
usemtl head_plateSG
f 845/938/845 919/941/846 868/940/847 912/939/848
f 912/942/848 868/945/847 892/944/849 858/943/850
f 868/945/847 952/947/851 967/946/852 892/944/849
f 919/941/846 953/949/853 952/948/851 868/940/847
f 858/943/850 892/944/849 869/951/854 913/950/855
f 913/950/855 869/951/854 914/953/856 846/952/857
f 869/951/854 966/955/858 965/954/859 914/953/856
f 892/944/849 967/946/852 966/955/858 869/951/854
f 936/956/860 893/959/861 870/958/862 937/957/863
f 937/957/863 870/958/862 915/961/864 938/960/865
f 870/958/862 916/963/866 848/962/867 915/961/864
f 893/959/861 859/964/868 916/963/866 870/958/862
f 950/965/869 918/968/870 871/967/871 951/966/872
f 951/969/872 871/970/871 893/959/861 936/956/860
f 871/970/871 917/971/873 859/964/868 893/959/861
f 918/968/870 847/973/874 917/972/873 871/967/871
f 847/973/874 925/975/875 872/974/876 917/972/873
f 917/971/873 872/977/876 895/976/877 859/964/868
f 872/977/876 898/979/878 864/978/879 895/976/877
f 925/975/875 853/981/880 898/980/878 872/974/876
f 859/964/868 895/976/877 873/982/881 916/963/866
f 916/963/866 873/982/881 920/983/882 848/962/867
f 873/982/881 896/985/883 861/984/884 920/983/882
f 895/976/877 864/978/879 896/985/883 873/982/881
f 864/978/879 897/987/885 874/986/886 896/985/883
f 896/985/883 874/986/886 921/988/887 861/984/884
f 874/986/886 922/990/888 850/989/889 921/988/887
f 897/987/885 862/991/890 922/990/888 874/986/886
f 853/981/880 924/993/891 875/992/892 898/980/878
f 898/979/878 875/994/892 897/987/885 864/978/879
f 875/994/892 923/995/893 862/991/890 897/987/885
f 924/993/891 849/997/894 923/996/893 875/992/892
f 849/997/894 931/999/895 876/998/896 923/996/893
f 923/995/893 876/1001/896 899/1000/897 862/991/890
f 876/1001/896 945/1003/898 944/1002/899 899/1000/897
f 931/999/895 946/1005/900 945/1004/898 876/998/896
f 862/991/890 899/1000/897 877/1006/901 922/990/888
f 922/990/888 877/1006/901 926/1007/902 850/989/889
f 877/1006/901 943/1009/903 942/1008/904 926/1007/902
f 899/1000/897 944/1002/899 943/1009/903 877/1006/901
f 959/1010/905 900/1013/906 878/1012/907 960/1011/908
f 960/1011/908 878/1012/907 927/1015/909 961/1014/910
f 878/1012/907 928/1017/911 852/1016/912 927/1015/909
f 900/1013/906 854/1018/913 928/1017/911 878/1012/907
f 957/1019/914 930/1022/915 879/1021/916 958/1020/917
f 958/1023/917 879/1024/916 900/1013/906 959/1010/905
f 879/1024/916 929/1025/918 854/1018/913 900/1013/906
f 930/1022/915 851/1027/919 929/1026/918 879/1021/916
f 851/1027/919 935/1029/920 880/1028/921 929/1026/918
f 929/1025/918 880/1031/921 902/1030/922 854/1018/913
f 880/1031/921 905/1033/923 866/1032/924 902/1030/922
f 935/1029/920 857/1035/925 905/1034/923 880/1028/921
f 854/1018/913 902/1030/922 881/1036/926 928/1017/911
f 928/1017/911 881/1036/926 932/1037/927 852/1016/912
f 881/1036/926 903/1039/928 856/1038/929 932/1037/927
f 902/1030/922 866/1032/924 903/1039/928 881/1036/926
f 866/1032/924 904/1041/930 882/1040/931 903/1039/928
f 903/1039/928 882/1040/931 933/1042/932 856/1038/929
f 882/1040/931 913/950/855 846/952/857 933/1042/932
f 904/1041/930 858/943/850 913/950/855 882/1040/931
f 857/1035/925 934/1044/933 883/1043/934 905/1034/923
f 905/1033/923 883/1045/934 904/1041/930 866/1032/924
f 883/1045/934 912/942/848 858/943/850 904/1041/930
f 934/1044/933 845/938/845 912/939/848 883/1043/934
f 846/952/857 914/953/856 884/1046/935 933/1042/932
f 933/1042/932 884/1046/935 906/1047/936 856/1038/929
f 884/1046/935 964/1049/937 963/1048/938 906/1047/936
f 914/953/856 965/954/859 964/1049/937 884/1046/935
f 856/1038/929 906/1047/936 885/1050/939 932/1037/927
f 932/1037/927 885/1050/939 927/1015/909 852/1016/912
f 885/1050/939 962/1051/940 961/1014/910 927/1015/909
f 906/1047/936 963/1048/938 962/1051/940 885/1050/939
f 940/1052/941 907/1055/942 886/1054/943 941/1053/944
f 941/1053/944 886/1054/943 926/1007/902 942/1008/904
f 886/1054/943 921/988/887 850/989/889 926/1007/902
f 907/1055/942 861/984/884 921/988/887 886/1054/943
f 938/960/865 915/961/864 887/1057/945 939/1056/946
f 939/1056/946 887/1057/945 907/1055/942 940/1052/941
f 887/1057/945 920/983/882 861/984/884 907/1055/942
f 915/961/864 848/962/867 920/983/882 887/1057/945
f 851/1027/919 930/1022/915 888/1058/947 935/1029/920
f 935/1029/920 888/1058/947 908/1059/948 857/1035/925
f 888/1058/947 956/1061/949 955/1060/950 908/1059/948
f 930/1022/915 957/1019/914 956/1061/949 888/1058/947
f 857/1035/925 908/1059/948 889/1062/951 934/1044/933
f 934/1044/933 889/1062/951 919/941/846 845/938/845
f 889/1062/951 954/1063/952 953/949/853 919/941/846
f 908/1059/948 955/1060/950 954/1063/952 889/1062/951
f 948/1064/953 910/1067/954 890/1066/955 949/1065/956
f 949/1065/956 890/1066/955 918/968/870 950/965/869
f 890/1066/955 925/975/875 847/973/874 918/968/870
f 910/1067/954 853/981/880 925/975/875 890/1066/955
f 946/1005/900 931/999/895 891/1069/957 947/1068/958
f 947/1068/958 891/1069/957 910/1067/954 948/1064/953
f 891/1069/957 924/993/891 853/981/880 910/1067/954
f 931/999/895 849/997/894 924/993/891 891/1069/957
f 969/1070/959 971/1073/960 970/1072/961 968/1071/962
f 968/1071/962 970/1072/961 973/1075/963 972/1074/964
f 972/1074/964 973/1075/963 975/1077/965 974/1076/966
f 974/1076/966 975/1077/965 977/1079/967 976/1078/968
f 976/1078/968 977/1079/967 979/1081/969 978/1080/970
f 978/1080/970 979/1081/969 981/1083/971 980/1082/972
f 982/1084/973 983/1085/974 980/1082/972 981/1083/971
f 984/1086/975 985/1087/976 983/1085/974 982/1084/973
f 945/1003/898 901/1089/977 865/1088/978 944/1002/899
f 946/1005/900 855/1091/979 901/1090/977 945/1004/898
f 855/1091/979 946/1005/900 947/1068/958 911/1092/980
f 911/1092/980 947/1068/958 948/1064/953 867/1093/981
f 867/1093/981 948/1064/953 949/1065/956 909/1094/982
f 909/1094/982 949/1065/956 950/965/869 860/1095/983
f 860/1095/983 950/965/869 951/966/872 894/1096/984
f 894/1097/984 951/969/872 936/956/860 863/1098/985
f 953/949/853 860/1095/983 894/1096/984 952/948/851
f 954/1063/952 909/1094/982 860/1095/983 953/949/853
f 955/1060/950 867/1093/981 909/1094/982 954/1063/952
f 956/1061/949 911/1092/980 867/1093/981 955/1060/950
f 957/1019/914 855/1091/979 911/1092/980 956/1061/949
f 855/1091/979 957/1019/914 958/1020/917 901/1090/977
f 901/1089/977 958/1023/917 959/1010/905 865/1088/978
f 985/1087/976 987/1100/986 986/1099/987 983/1085/974
f 983/1085/974 986/1099/987 988/1101/988 980/1082/972
f 989/1102/989 978/1080/970 980/1082/972 988/1101/988
f 990/1103/990 976/1078/968 978/1080/970 989/1102/989
f 991/1104/991 974/1076/966 976/1078/968 990/1103/990
f 992/1105/992 972/1074/964 974/1076/966 991/1104/991
f 993/1106/993 968/1071/962 972/1074/964 992/1105/992
f 994/1107/994 969/1070/959 968/1071/962 993/1106/993
f 952/947/851 894/1097/984 863/1098/985 967/946/852
f 937/957/863 970/1072/961 971/1073/960 936/956/860
f 936/956/860 971/1073/960 969/1070/959 863/1098/985
f 938/960/865 973/1075/963 970/1072/961 937/957/863
f 939/1056/946 975/1077/965 973/1075/963 938/960/865
f 940/1052/941 977/1079/967 975/1077/965 939/1056/946
f 941/1053/944 979/1081/969 977/1079/967 940/1052/941
f 942/1008/904 981/1083/971 979/1081/969 941/1053/944
f 943/1009/903 982/1084/973 981/1083/971 942/1008/904
f 944/1002/899 984/1086/975 982/1084/973 943/1009/903
f 865/1088/978 985/1087/976 984/1086/975 944/1002/899
f 960/1011/908 986/1099/987 987/1100/986 959/1010/905
f 959/1010/905 987/1100/986 985/1087/976 865/1088/978
f 961/1014/910 988/1101/988 986/1099/987 960/1011/908
f 962/1051/940 989/1102/989 988/1101/988 961/1014/910
f 963/1048/938 990/1103/990 989/1102/989 962/1051/940
f 964/1049/937 991/1104/991 990/1103/990 963/1048/938
f 965/954/859 992/1105/992 991/1104/991 964/1049/937
f 966/955/858 993/1106/993 992/1105/992 965/954/859
f 967/946/852 994/1107/994 993/1106/993 966/955/858
f 863/1098/985 969/1070/959 994/1107/994 967/946/852
