# This file uses centimeters as units for non-parametric coordinates.

mtllib bot.mtl
g default
v 0.050684 0.362964 -0.070605
v 0.027053 0.358066 -0.093584
v -0.005227 0.356273 -0.101995
v -0.037506 0.358066 -0.093584
v -0.061137 0.362964 -0.070605
v -0.069786 0.369655 -0.039215
v -0.061137 0.376346 -0.007825
v -0.037506 0.381244 0.015153
v -0.005227 0.383037 0.023565
v 0.027053 0.381244 0.015153
v 0.050684 0.376346 -0.007825
v 0.059333 0.369655 -0.039215
v 0.050684 0.393259 -0.078778
v 0.027053 0.388360 -0.101757
v -0.005227 0.386568 -0.110168
v -0.037506 0.388360 -0.101757
v -0.061137 0.393259 -0.078778
v -0.069786 0.399950 -0.047388
v -0.061137 0.406641 -0.015998
v -0.037506 0.411539 0.006981
v -0.005227 0.413332 0.015392
v 0.027053 0.411539 0.006981
v 0.050684 0.406641 -0.015998
v 0.059333 0.399950 -0.047388
v 0.040005 0.394537 -0.072783
v 0.020888 0.390574 -0.091372
v -0.005227 0.389124 -0.098177
v -0.031341 0.390574 -0.091372
v -0.050458 0.394537 -0.072783
v -0.057455 0.399950 -0.047388
v -0.050458 0.405363 -0.021994
v -0.031341 0.409326 -0.003404
v -0.005227 0.410777 0.003401
v 0.020888 0.409326 -0.003404
v 0.040005 0.405363 -0.021994
v 0.047002 0.399950 -0.047388
v 0.040005 0.403751 -0.075263
v 0.020888 0.400572 -0.094039
v -0.005227 0.399409 -0.100912
v -0.031341 0.400572 -0.094039
v -0.050458 0.403751 -0.075263
v -0.057455 0.408094 -0.049613
v -0.050458 0.412436 -0.023964
v -0.031341 0.415616 -0.005186
v -0.005227 0.416779 0.001687
v 0.020888 0.415616 -0.005186
v 0.040005 0.412436 -0.023964
v 0.047002 0.408094 -0.049613
v 0.040005 0.412762 -0.076400
v 0.020888 0.409997 -0.095257
v -0.005227 0.408985 -0.102158
v -0.031341 0.409997 -0.095257
v -0.050458 0.412762 -0.076400
v -0.057455 0.416537 -0.050641
v -0.050458 0.420314 -0.024884
v -0.031341 0.423078 -0.006027
v -0.005227 0.424090 0.000875
v 0.020888 0.423078 -0.006027
v 0.040005 0.420314 -0.024884
v 0.047002 0.416537 -0.050641
v 0.052323 0.411292 -0.083296
v 0.028000 0.407451 -0.107201
v -0.005227 0.406045 -0.115950
v -0.038453 0.407451 -0.107201
v -0.062777 0.411292 -0.083296
v -0.071680 0.416537 -0.050641
v -0.062777 0.421784 -0.017988
v -0.038453 0.425624 0.005916
v -0.005227 0.427030 0.014667
v 0.028000 0.425624 0.005916
v 0.052323 0.421784 -0.017988
v 0.061226 0.416537 -0.050641
v 0.058002 0.444462 -0.095239
v 0.031279 0.441881 -0.121749
v -0.005227 0.440936 -0.131452
v -0.041732 0.441881 -0.121749
v -0.068456 0.444462 -0.095239
v -0.078237 0.447988 -0.059025
v -0.068456 0.451514 -0.022812
v -0.041732 0.454095 0.003698
v -0.005227 0.455040 0.013402
v 0.031279 0.454095 0.003698
v 0.058002 0.451514 -0.022812
v 0.067784 0.447988 -0.059025
v 0.057252 0.427457 -0.092706
v 0.066918 0.432010 -0.057082
v 0.057252 0.436564 -0.021461
v 0.030845 0.439897 0.004616
v -0.005227 0.441118 0.014162
v -0.041299 0.439897 0.004616
v -0.067706 0.436564 -0.021461
v -0.077371 0.432010 -0.057082
v -0.067706 0.427457 -0.092706
v -0.041299 0.424123 -0.118784
v -0.005227 0.422903 -0.128329
v 0.030845 0.424123 -0.118784
v 0.043411 0.363834 -0.066522
v 0.022854 0.359573 -0.086511
v -0.005227 0.358014 -0.093828
v -0.033307 0.359573 -0.086511
v -0.053864 0.363834 -0.066522
v -0.061388 0.369655 -0.039215
v -0.053864 0.375476 -0.011909
v -0.033307 0.379737 0.008081
v -0.005227 0.381297 0.015398
v 0.022854 0.379737 0.008081
v 0.043411 0.375476 -0.011909
v 0.050935 0.369655 -0.039215
v 0.043411 0.357533 -0.064283
v 0.022854 0.353599 -0.084358
v -0.005227 0.352159 -0.091705
v -0.033307 0.353599 -0.084358
v -0.053864 0.357533 -0.064283
v -0.061388 0.362907 -0.036862
v -0.053864 0.368281 -0.009440
v -0.033307 0.372214 0.010633
v -0.005227 0.373655 0.017982
v 0.022854 0.372214 0.010633
v 0.043411 0.368281 -0.009440
v 0.050935 0.362907 -0.036862
v 0.050799 0.356649 -0.068431
v 0.027120 0.352068 -0.091542
v -0.005227 0.350391 -0.100000
v -0.037573 0.352068 -0.091542
v -0.061252 0.356649 -0.068431
v -0.069920 0.362907 -0.036862
v -0.061252 0.369165 -0.005293
v -0.037573 0.373746 0.017817
v -0.005227 0.375423 0.026276
v 0.027120 0.373746 0.017817
v 0.050799 0.369165 -0.005293
v 0.059466 0.362907 -0.036862
v -0.005227 0.356890 -0.034717
v 0.050799 0.351040 -0.066432
v 0.050346 0.350682 -0.066031
v 0.027120 0.346453 -0.089540
v 0.026861 0.346137 -0.088959
v -0.005227 0.344774 -0.097998
v -0.005227 0.344474 -0.097351
v -0.037573 0.346453 -0.089540
v -0.037312 0.346138 -0.088954
v -0.061252 0.351040 -0.066432
v -0.060791 0.350683 -0.066026
v -0.069920 0.357307 -0.034867
v -0.069375 0.356890 -0.034718
v -0.061252 0.363573 -0.003300
v -0.060772 0.363094 -0.003419
v -0.037573 0.368160 0.019808
v -0.037292 0.367634 0.019487
v -0.005227 0.369840 0.028266
v -0.005227 0.369297 0.027873
v 0.027120 0.368160 0.019808
v 0.026842 0.367635 0.019492
v 0.050799 0.363573 -0.003300
v 0.050328 0.363095 -0.003414
v 0.059466 0.357307 -0.034867
v 0.058934 0.356890 -0.034718
v 0.019719 0.477093 -0.074904
v 0.007205 0.477093 -0.087418
v -0.009888 0.477093 -0.091998
v -0.026982 0.477093 -0.087418
v -0.039495 0.477093 -0.074904
v -0.044075 0.477093 -0.057811
v -0.039495 0.477093 -0.040717
v -0.026982 0.477093 -0.028204
v -0.009888 0.477093 -0.023624
v 0.007205 0.477093 -0.028204
v 0.019719 0.477093 -0.040717
v 0.024299 0.477093 -0.057811
v 0.026373 0.487107 -0.078746
v 0.011047 0.487107 -0.094072
v -0.009888 0.487107 -0.099681
v -0.030823 0.487107 -0.094072
v -0.046149 0.487107 -0.078746
v -0.051759 0.487107 -0.057811
v -0.046149 0.487107 -0.036876
v -0.030823 0.487107 -0.021550
v -0.009888 0.487107 -0.015940
v 0.011047 0.487107 -0.021550
v 0.026373 0.487107 -0.036876
v 0.031982 0.487107 -0.057811
v 0.030555 0.498767 -0.081161
v 0.013462 0.498767 -0.098255
v -0.009888 0.498767 -0.104511
v -0.033238 0.498767 -0.098255
v -0.050332 0.498767 -0.081161
v -0.056589 0.498767 -0.057811
v -0.050332 0.498767 -0.034461
v -0.033238 0.498767 -0.017367
v -0.009888 0.498767 -0.011111
v 0.013462 0.498767 -0.017367
v 0.030555 0.498767 -0.034461
v 0.036812 0.498767 -0.057811
v 0.031982 0.511280 -0.081985
v 0.014286 0.511280 -0.099681
v -0.009888 0.511280 -0.106159
v -0.034062 0.511280 -0.099681
v -0.051759 0.511280 -0.081985
v -0.058236 0.511280 -0.057811
v -0.051759 0.511280 -0.033637
v -0.034062 0.511280 -0.015940
v -0.009888 0.511280 -0.009463
v 0.014286 0.511280 -0.015940
v 0.031982 0.511280 -0.033637
v 0.038459 0.511280 -0.057811
v 0.030555 0.523794 -0.081161
v 0.013462 0.523794 -0.098255
v -0.009888 0.523794 -0.104511
v -0.033238 0.523794 -0.098255
v -0.050332 0.523794 -0.081161
v -0.056589 0.523794 -0.057811
v -0.050332 0.523794 -0.034461
v -0.033238 0.523794 -0.017367
v -0.009888 0.523794 -0.011111
v 0.013462 0.523794 -0.017367
v 0.030555 0.523794 -0.034461
v 0.036812 0.523794 -0.057811
v 0.026373 0.535454 -0.078746
v 0.011047 0.535454 -0.094072
v -0.009888 0.535454 -0.099681
v -0.030823 0.535454 -0.094072
v -0.046149 0.535454 -0.078746
v -0.051759 0.535454 -0.057811
v -0.046149 0.535454 -0.036876
v -0.030823 0.535454 -0.021550
v -0.009888 0.535454 -0.015940
v 0.011047 0.535454 -0.021550
v 0.026373 0.535454 -0.036876
v 0.031982 0.535454 -0.057811
v 0.019719 0.545468 -0.074904
v 0.007205 0.545468 -0.087418
v -0.009888 0.545468 -0.091998
v -0.026982 0.545468 -0.087418
v -0.039495 0.545468 -0.074904
v -0.044075 0.545468 -0.057811
v -0.039495 0.545468 -0.040717
v -0.026982 0.545468 -0.028204
v -0.009888 0.545468 -0.023624
v 0.007205 0.545468 -0.028204
v 0.019719 0.545468 -0.040717
v 0.024299 0.545468 -0.057811
v 0.011047 0.553151 -0.069898
v 0.002199 0.553151 -0.078746
v -0.009888 0.553151 -0.081985
v -0.021975 0.553151 -0.078746
v -0.030823 0.553151 -0.069898
v -0.034062 0.553151 -0.057811
v -0.030823 0.553151 -0.045724
v -0.021975 0.553151 -0.036876
v -0.009888 0.553151 -0.033637
v 0.002199 0.553151 -0.036876
v 0.011047 0.553151 -0.045724
v 0.014286 0.553151 -0.057811
v 0.000949 0.557981 -0.064068
v -0.003632 0.557981 -0.068648
v -0.009888 0.557981 -0.070324
v -0.016145 0.557981 -0.068648
v -0.020725 0.557981 -0.064068
v -0.022402 0.557981 -0.057811
v -0.020725 0.557981 -0.051554
v -0.016145 0.557981 -0.046974
v -0.009888 0.557981 -0.045298
v -0.003632 0.557981 -0.046974
v 0.000949 0.557981 -0.051554
v 0.002625 0.557981 -0.057811
v -0.009888 0.559628 -0.057811
v 0.058002 0.468839 -0.095042
v 0.056119 0.470897 -0.094037
v 0.031279 0.468087 -0.121649
v 0.030079 0.470169 -0.119936
v -0.005227 0.467792 -0.131388
v -0.005466 0.469909 -0.129362
v -0.041732 0.468095 -0.121649
v -0.040919 0.470196 -0.119755
v -0.068456 0.468855 -0.095042
v -0.066752 0.470939 -0.093843
v -0.078237 0.469883 -0.058697
v -0.076119 0.471940 -0.058616
v -0.068456 0.470897 -0.022358
v -0.066611 0.472929 -0.023486
v -0.041732 0.471631 0.004241
v -0.040623 0.473646 0.002369
v -0.005227 0.471896 0.013977
v -0.005227 0.473906 0.011788
v 0.031279 0.471625 0.004241
v 0.030158 0.473635 0.002349
v 0.058002 0.470883 -0.022359
v 0.056084 0.472901 -0.023430
v 0.067784 0.469863 -0.058697
v 0.065600 0.471900 -0.058626
vt 0.443247 0.840529
vt 0.450351 0.842518
vt 0.449783 0.849574
vt 0.442214 0.848271
vt 0.457663 0.843344
vt 0.457457 0.850185
vt 0.465018 0.842933
vt 0.465153 0.849984
vt 0.472245 0.841371
vt 0.472790 0.849100
vt 0.479349 0.838828
vt 0.367163 0.848669
vt 0.375450 0.842093
vt 0.374779 0.849474
vt 0.382557 0.843343
vt 0.382419 0.850282
vt 0.389613 0.843401
vt 0.390176 0.850412
vt 0.396573 0.842345
vt 0.397824 0.849271
vt 0.403364 0.840056
vt 0.405229 0.847409
vt 0.410330 0.836870
vt 0.434346 0.846660
vt 0.449550 0.852184
vt 0.441981 0.851290
vt 0.457391 0.852556
vt 0.465237 0.852593
vt 0.472843 0.852100
vt 0.368096 0.851932
vt 0.374922 0.852393
vt 0.382498 0.852892
vt 0.390353 0.852768
vt 0.398147 0.851903
vt 0.405550 0.850399
vt 0.435012 0.850327
vt 0.449497 0.854507
vt 0.441905 0.853776
vt 0.457330 0.854866
vt 0.465163 0.854907
vt 0.472776 0.854558
vt 0.367993 0.854046
vt 0.374888 0.854199
vt 0.382511 0.854353
vt 0.390456 0.854152
vt 0.398355 0.853382
vt 0.405863 0.852253
vt 0.434999 0.852750
vt 0.449276 0.856634
vt 0.441536 0.856117
vt 0.457278 0.856976
vt 0.465275 0.857037
vt 0.473017 0.856889
vt 0.368092 0.856153
vt 0.375033 0.856160
vt 0.382678 0.856047
vt 0.390571 0.855794
vt 0.398438 0.855115
vt 0.406016 0.854296
vt 0.434587 0.855124
vt 0.449093 0.859713
vt 0.440996 0.859659
vt 0.457217 0.859741
vt 0.465314 0.860123
vt 0.473373 0.860418
vt 0.367000 0.859699
vt 0.375106 0.859500
vt 0.382946 0.859143
vt 0.390774 0.858696
vt 0.398607 0.858276
vt 0.406429 0.857756
vt 0.432943 0.858956
vt 0.449342 0.864294
vt 0.441343 0.864312
vt 0.457132 0.864461
vt 0.464889 0.864704
vt 0.472821 0.865035
vt 0.481332 0.865195
vt 0.374480 0.863211
vt 0.382755 0.862487
vt 0.390979 0.861934
vt 0.399223 0.861628
vt 0.407540 0.861507
vt 0.416139 0.861418
vt 0.441421 0.868504
vt 0.432664 0.869109
vt 0.407523 0.865186
vt 0.399249 0.864963
vt 0.391165 0.865145
vt 0.383108 0.865758
vt 0.374918 0.866724
vt 0.366476 0.868310
vt 0.472601 0.869234
vt 0.464706 0.868800
vt 0.457070 0.868533
vt 0.449404 0.868366
vt 0.443916 0.838585
vt 0.450678 0.840750
vt 0.457718 0.841635
vt 0.464806 0.841156
vt 0.471704 0.839403
vt 0.478081 0.836689
vt 0.375740 0.840142
vt 0.382590 0.841568
vt 0.389475 0.841738
vt 0.396245 0.840578
vt 0.402750 0.838137
vt 0.408889 0.834890
vt 0.444345 0.836937
vt 0.450867 0.839373
vt 0.457761 0.840319
vt 0.464707 0.839776
vt 0.471384 0.837742
vt 0.477509 0.834569
vt 0.376231 0.838387
vt 0.382780 0.839898
vt 0.389334 0.840049
vt 0.395778 0.838940
vt 0.401972 0.836451
vt 0.407820 0.833045
vt 0.445149 0.835097
vt 0.451323 0.837688
vt 0.457813 0.838723
vt 0.464362 0.838071
vt 0.470705 0.835864
vt 0.476930 0.831960
vt 0.376659 0.836484
vt 0.382946 0.838199
vt 0.389204 0.838492
vt 0.395330 0.837277
vt 0.401227 0.834618
vt 0.407090 0.830477
vt 0.445653 0.833727
vt 0.445732 0.833578
vt 0.451650 0.836240
vt 0.451607 0.836390
vt 0.440038 0.829081
vt 0.405883 0.828820
vt 0.457860 0.837271
vt 0.457856 0.837426
vt 0.464130 0.836608
vt 0.464164 0.836761
vt 0.470225 0.834316
vt 0.470294 0.834471
vt 0.476112 0.830027
vt 0.370950 0.831746
vt 0.377242 0.835077
vt 0.377171 0.835218
vt 0.383210 0.836803
vt 0.383180 0.836945
vt 0.389085 0.837075
vt 0.389096 0.837217
vt 0.394834 0.835933
vt 0.394886 0.836069
vt 0.400414 0.833308
vt 0.400506 0.833437
vt 0.458398 0.821610
vt 0.446064 0.885125
vt 0.451743 0.884201
vt 0.452105 0.887064
vt 0.446517 0.888249
vt 0.457876 0.883678
vt 0.458027 0.886434
vt 0.464068 0.883567
vt 0.464021 0.886450
vt 0.469922 0.883828
vt 0.469808 0.887059
vt 0.474858 0.884487
vt 0.373907 0.882434
vt 0.379115 0.878696
vt 0.379095 0.881606
vt 0.384723 0.878098
vt 0.384647 0.880899
vt 0.390685 0.878086
vt 0.390416 0.880870
vt 0.396627 0.878741
vt 0.396137 0.881663
vt 0.402149 0.879965
vt 0.401554 0.883191
vt 0.406701 0.881475
vt 0.441354 0.889512
vt 0.452465 0.889922
vt 0.446938 0.891325
vt 0.458196 0.889217
vt 0.464003 0.889332
vt 0.469738 0.890204
vt 0.373536 0.885505
vt 0.379051 0.884525
vt 0.384567 0.883700
vt 0.390159 0.883649
vt 0.395683 0.884543
vt 0.401016 0.886310
vt 0.441470 0.892909
vt 0.452884 0.892763
vt 0.447537 0.894349
vt 0.458359 0.892009
vt 0.463903 0.892202
vt 0.469435 0.893301
vt 0.373624 0.888785
vt 0.379170 0.887451
vt 0.384540 0.886499
vt 0.389891 0.886422
vt 0.395151 0.887378
vt 0.400257 0.889327
vt 0.442103 0.896379
vt 0.453406 0.895577
vt 0.448416 0.897297
vt 0.458506 0.894802
vt 0.463665 0.895054
vt 0.468797 0.896334
vt 0.374342 0.892110
vt 0.379559 0.890362
vt 0.384607 0.889290
vt 0.389602 0.889183
vt 0.394484 0.890161
vt 0.399179 0.892218
vt 0.443395 0.899757
vt 0.454060 0.898354
vt 0.449637 0.900131
vt 0.458633 0.897588
vt 0.463250 0.897882
vt 0.467773 0.899265
vt 0.375763 0.895314
vt 0.380281 0.893226
vt 0.384798 0.892067
vt 0.389287 0.891930
vt 0.393646 0.892883
vt 0.397740 0.894941
vt 0.445393 0.902875
vt 0.454880 0.901087
vt 0.451251 0.902805
vt 0.458739 0.900370
vt 0.462629 0.900678
vt 0.466329 0.902047
vt 0.377905 0.898222
vt 0.381394 0.896007
vt 0.385145 0.894829
vt 0.388945 0.894665
vt 0.392607 0.895534
vt 0.395916 0.897447
vt 0.448083 0.905554
vt 0.455922 0.903777
vt 0.453318 0.905257
vt 0.458832 0.903166
vt 0.461769 0.903443
vt 0.464436 0.904630
vt 0.380735 0.900641
vt 0.382968 0.898652
vt 0.385701 0.897584
vt 0.388581 0.897407
vt 0.391337 0.898113
vt 0.393686 0.899683
vt 0.451395 0.907602
vt 0.457285 0.906427
vt 0.455925 0.907388
vt 0.458944 0.906022
vt 0.460626 0.906204
vt 0.462058 0.906966
vt 0.384141 0.902349
vt 0.385100 0.901083
vt 0.386561 0.900353
vt 0.388213 0.900205
vt 0.389787 0.900636
vt 0.391024 0.901597
vt 0.455176 0.908812
vt 0.387880 0.903193
vt 0.441830 0.874388
vt 0.442016 0.875081
vt 0.433939 0.876560
vt 0.414737 0.871753
vt 0.449532 0.874318
vt 0.449638 0.874980
vt 0.456992 0.874547
vt 0.457032 0.875201
vt 0.464437 0.874812
vt 0.464415 0.875478
vt 0.472070 0.875161
vt 0.471947 0.875863
vt 0.480171 0.876396
vt 0.368858 0.874214
vt 0.376358 0.871047
vt 0.376578 0.871701
vt 0.383909 0.869773
vt 0.384039 0.870447
vt 0.391369 0.869144
vt 0.391403 0.869829
vt 0.398837 0.869080
vt 0.398762 0.869774
vt 0.406486 0.869746
vt 0.406292 0.870430
vt 0.414343 0.872499
vt 0.441379 0.886378
vt 0.479830 0.877198
vt 0.374312 0.879795
vt 0.416065 0.865836
vt 0.433627 0.875713
vt 0.481281 0.869994
vt 0.368405 0.873584
vt 0.391636 0.902972
vt 0.459140 0.909068
vt 0.462926 0.908239
vt 0.395230 0.902073
vt 0.466423 0.906755
vt 0.398546 0.900436
vt 0.469514 0.904579
vt 0.401419 0.898126
vt 0.472044 0.901804
vt 0.403723 0.895258
vt 0.473911 0.898571
vt 0.405375 0.891981
vt 0.475058 0.895043
vt 0.406347 0.888463
vt 0.475491 0.891400
vt 0.406704 0.884893
vt 0.475318 0.887824
vt 0.387758 0.821786
vt 0.440162 0.828904
vt 0.371059 0.831566
vt 0.406022 0.828978
vt 0.439214 0.830782
vt 0.476224 0.830215
vt 0.370150 0.833381
vt 0.438459 0.833360
vt 0.369866 0.835996
vt 0.437744 0.835452
vt 0.369117 0.837953
vt 0.436339 0.837522
vt 0.368020 0.840096
vt 0.365895 0.864177
vt 0.432821 0.864177
vt 0.414444 0.856873
vt 0.481463 0.860096
vt 0.412853 0.853307
vt 0.480014 0.856264
vt 0.412626 0.851076
vt 0.479734 0.853923
vt 0.412197 0.848891
vt 0.479864 0.851552
vt 0.412585 0.845394
vt 0.480755 0.847985
vn 0.845725 -0.323456 -0.424411
vn 0.486315 -0.414553 -0.769184
vn 0.479133 0.062501 -0.875514
vn 0.831116 0.152628 -0.534743
vn 0.000000 -0.447542 -0.894263
vn -0.000000 0.029603 -0.999562
vn -0.486315 -0.414553 -0.769184
vn -0.479133 0.062500 -0.875514
vn -0.845725 -0.323457 -0.424412
vn -0.831116 0.152628 -0.534744
vn -0.978984 -0.197468 0.050960
vn -0.958884 0.275668 -0.067448
vn -0.846969 -0.070854 0.526899
vn -0.826944 0.397515 0.397675
vn -0.487579 0.021469 0.872815
vn -0.474972 0.485273 0.734106
vn -0.000000 0.055078 0.998482
vn 0.000000 0.516987 0.855993
vn 0.487579 0.021469 0.872815
vn 0.474972 0.485274 0.734106
vn 0.846970 -0.070853 0.526898
vn 0.826944 0.397515 0.397674
vn 0.978984 -0.197466 0.050960
vn 0.958884 0.275667 -0.067448
vn 0.272816 0.716188 -0.642375
vn 0.442960 0.784465 -0.434052
vn -0.000000 0.689511 -0.724275
vn -0.272816 0.716187 -0.642376
vn -0.442960 0.784467 -0.434049
vn -0.462771 0.866199 -0.188528
vn -0.357031 0.934050 0.008930
vn -0.187281 0.974728 0.121782
vn 0.000000 0.987711 0.156292
vn 0.187281 0.974728 0.121780
vn 0.357032 0.934050 0.008932
vn 0.462771 0.866199 -0.188529
vn 0.488854 -0.170800 -0.855482
vn 0.854823 -0.101330 -0.508931
vn -0.000000 -0.196037 -0.980596
vn -0.488853 -0.170800 -0.855483
vn -0.854824 -0.101330 -0.508928
vn -0.999681 -0.005497 -0.024668
vn -0.876858 0.090897 0.472078
vn -0.511236 0.161467 0.844136
vn 0.000000 0.187251 0.982312
vn 0.511237 0.161467 0.844136
vn 0.876857 0.090897 0.472080
vn 0.999681 -0.005497 -0.024669
vn 0.210658 -0.951925 -0.222399
vn 0.360893 -0.930217 -0.066729
vn 0.000000 -0.959910 -0.280308
vn -0.210658 -0.951925 -0.222399
vn -0.360893 -0.930217 -0.066727
vn -0.410917 -0.900781 0.140504
vn -0.351206 -0.871539 0.342161
vn -0.200906 -0.850234 0.486558
vn 0.000000 -0.842454 0.538768
vn 0.200906 -0.850235 0.486557
vn 0.351207 -0.871538 0.342163
vn 0.410917 -0.900781 0.140504
vn 0.349214 -0.805862 -0.478159
vn 0.616283 -0.752910 -0.230916
vn -0.000000 -0.824234 -0.566249
vn -0.349214 -0.805863 -0.478158
vn -0.616283 -0.752910 -0.230915
vn -0.728950 -0.673582 0.122143
vn -0.644569 -0.585795 0.491300
vn -0.376544 -0.516433 0.769098
vn 0.000000 -0.490107 0.871662
vn 0.376546 -0.516432 0.769098
vn 0.644568 -0.585793 0.491302
vn 0.728949 -0.673583 0.122144
vn 0.470856 -0.369079 -0.801296
vn 0.829311 -0.300321 -0.471222
vn -0.000000 -0.393107 -0.919493
vn -0.470857 -0.369080 -0.801295
vn -0.829312 -0.300321 -0.471220
vn -0.980216 -0.197911 -0.002786
vn -0.869413 -0.083422 0.486992
vn -0.510942 0.009958 0.859557
vn -0.000000 0.046539 0.998917
vn 0.510941 0.009959 0.859558
vn 0.869412 -0.083421 0.486994
vn 0.980216 -0.197910 -0.002786
vn 0.855225 -0.044377 -0.516354
vn 0.999469 -0.023514 -0.022553
vn 0.875539 -0.006124 0.483109
vn 0.509583 0.003618 0.860414
vn -0.000011 0.006391 0.999980
vn -0.509609 0.003611 0.860398
vn -0.875552 -0.006127 0.483085
vn -0.999469 -0.023505 -0.022553
vn -0.855236 -0.044361 -0.516336
vn -0.489303 -0.061262 -0.869959
vn -0.000012 -0.067731 -0.997704
vn 0.489282 -0.061274 -0.869970
vn 0.441538 -0.893806 -0.078458
vn 0.238433 -0.943440 -0.230370
vn 0.000000 -0.959873 -0.280436
vn -0.238433 -0.943440 -0.230370
vn -0.441536 -0.893807 -0.078456
vn -0.556395 -0.814032 0.166665
vn -0.522976 -0.719465 0.457020
vn -0.319314 -0.640458 0.698464
vn -0.000000 -0.609464 0.792814
vn 0.319315 -0.640458 0.698464
vn 0.522978 -0.719463 0.457020
vn 0.556399 -0.814029 0.166665
vn 0.487812 0.764537 -0.421335
vn 0.286005 0.721015 -0.631140
vn -0.000000 0.704747 -0.709459
vn -0.286005 0.721015 -0.631141
vn -0.487812 0.764537 -0.421334
vn -0.551307 0.821637 -0.144819
vn -0.467243 0.875928 0.120146
vn -0.265579 0.913888 0.307046
vn -0.000000 0.927430 0.373997
vn 0.265579 0.913888 0.307045
vn 0.467243 0.875928 0.120147
vn 0.551309 0.821636 -0.144820
vn 0.587834 0.642002 -0.492224
vn 0.344120 0.574971 -0.742287
vn -0.000000 0.549880 -0.835244
vn -0.344120 0.574970 -0.742288
vn -0.587833 0.642003 -0.492224
vn -0.664469 0.729714 -0.161242
vn -0.561717 0.812620 0.155318
vn -0.318046 0.870067 0.376604
vn 0.000000 0.890381 0.455216
vn 0.318046 0.870067 0.376604
vn 0.561718 0.812619 0.155319
vn 0.664468 0.729714 -0.161242
vn 0.865267 -0.232558 -0.444106
vn 0.015592 -0.982459 0.185826
vn 0.008910 -0.983724 0.179468
vn 0.497667 -0.354244 -0.791731
vn 0.997284 -0.064887 0.034863
vn 0.018199 -0.980690 0.194719
vn -0.000001 -0.984179 0.177176
vn -0.000002 -0.398366 -0.917227
vn -0.008912 -0.983724 0.179463
vn -0.497616 -0.354828 -0.791502
vn -0.015600 -0.982460 0.185820
vn -0.865130 -0.233662 -0.443794
vn -0.018213 -0.980691 0.194715
vn -0.997183 -0.066266 0.035151
vn -0.015882 -0.978888 0.203778
vn -0.855354 0.099597 0.508380
vn -0.009192 -0.977560 0.210455
vn -0.488119 0.218044 0.845102
vn -0.000002 -0.977076 0.212892
vn -0.000002 0.260725 0.965413
vn 0.009185 -0.977562 0.210449
vn 0.488102 0.218786 0.844920
vn 0.015869 -0.978890 0.203773
vn 0.855360 0.100852 0.508123
vn 0.000000 -0.980913 0.194446
vn 0.285833 0.939450 -0.189031
vn 0.173984 0.928220 -0.328843
vn 0.438135 -0.481821 -0.758872
vn 0.758872 -0.481821 -0.438135
vn -0.003132 0.916862 -0.399192
vn -0.000000 -0.481821 -0.876270
vn -0.201592 0.908490 -0.366070
vn -0.438134 -0.481822 -0.758872
vn -0.356624 0.906325 -0.226703
vn -0.758872 -0.481821 -0.438135
vn -0.409785 0.911895 -0.022883
vn -0.876269 -0.481822 0.000000
vn -0.341812 0.923732 0.172869
vn -0.758873 -0.481821 0.438132
vn -0.186127 0.937197 0.294989
vn -0.438135 -0.481822 0.758872
vn -0.002215 0.947779 0.318922
vn 0.000000 -0.481821 0.876269
vn 0.159438 0.953200 0.256882
vn 0.438135 -0.481822 0.758871
vn 0.270956 0.953082 0.134976
vn 0.758873 -0.481821 0.438133
vn 0.316931 0.948178 -0.022655
vn 0.876270 -0.481821 0.000000
vn 0.484274 -0.248836 -0.838784
vn 0.838785 -0.248835 -0.484273
vn -0.000000 -0.248836 -0.968546
vn -0.484273 -0.248836 -0.838785
vn -0.838785 -0.248836 -0.484273
vn -0.968546 -0.248836 -0.000000
vn -0.838787 -0.248836 0.484270
vn -0.484274 -0.248836 0.838784
vn -0.000000 -0.248836 0.968546
vn 0.484274 -0.248836 0.838784
vn 0.838787 -0.248835 0.484270
vn 0.968546 -0.248835 -0.000000
vn 0.500001 -0.000000 -0.866025
vn 0.866025 -0.000000 -0.500000
vn 0.000000 -0.000000 -1.000000
vn -0.500001 0.000000 -0.866025
vn -0.866026 0.000000 -0.500000
vn -1.000000 0.000000 -0.000000
vn -0.866027 -0.000000 0.499998
vn -0.500001 -0.000000 0.866025
vn -0.000000 -0.000000 1.000000
vn 0.500001 0.000000 0.866025
vn 0.866027 0.000000 0.499998
vn 1.000000 0.000000 -0.000000
vn 0.484274 0.248835 -0.838785
vn 0.838786 0.248835 -0.484273
vn -0.000000 0.248836 -0.968546
vn -0.484274 0.248836 -0.838784
vn -0.838786 0.248836 -0.484272
vn -0.968546 0.248835 -0.000000
vn -0.838787 0.248836 0.484270
vn -0.484274 0.248836 0.838784
vn 0.000000 0.248836 0.968546
vn 0.484274 0.248835 0.838785
vn 0.838787 0.248835 0.484271
vn 0.968546 0.248835 -0.000000
vn 0.438134 0.481823 -0.758871
vn 0.758871 0.481822 -0.438135
vn 0.000000 0.481823 -0.876269
vn -0.438134 0.481823 -0.758871
vn -0.758871 0.481822 -0.438134
vn -0.876269 0.481823 -0.000000
vn -0.758873 0.481823 0.438131
vn -0.438135 0.481823 0.758870
vn 0.000000 0.481823 0.876269
vn 0.438134 0.481822 0.758872
vn 0.758873 0.481822 0.438133
vn 0.876269 0.481822 0.000000
vn 0.364804 0.683864 -0.631861
vn 0.631861 0.683862 -0.364806
vn 0.000000 0.683865 -0.729608
vn -0.364804 0.683864 -0.631860
vn -0.631860 0.683863 -0.364806
vn -0.729610 0.683864 0.000000
vn -0.631862 0.683864 0.364803
vn -0.364805 0.683865 0.631860
vn 0.000000 0.683865 0.729609
vn 0.364804 0.683865 0.631860
vn 0.631862 0.683863 0.364804
vn 0.729612 0.683862 -0.000000
vn 0.270241 0.841353 -0.468076
vn 0.468074 0.841353 -0.270245
vn -0.000000 0.841353 -0.540486
vn -0.270242 0.841354 -0.468075
vn -0.468075 0.841353 -0.270245
vn -0.540487 0.841353 -0.000000
vn -0.468076 0.841353 0.270242
vn -0.270242 0.841354 0.468074
vn -0.000000 0.841353 0.540486
vn 0.270241 0.841354 0.468075
vn 0.468075 0.841354 0.270241
vn 0.540485 0.841354 -0.000000
vn 0.167290 0.942366 -0.289760
vn 0.289757 0.942366 -0.167294
vn -0.000000 0.942366 -0.334583
vn -0.167291 0.942366 -0.289760
vn -0.289757 0.942366 -0.167292
vn -0.334582 0.942367 -0.000000
vn -0.289757 0.942367 0.167290
vn -0.167290 0.942366 0.289760
vn -0.000000 0.942367 0.334582
vn 0.167290 0.942366 0.289758
vn 0.289757 0.942367 0.167290
vn 0.334583 0.942366 -0.000000
vn -0.000000 1.000000 -0.000001
vn 0.858116 0.074972 -0.507953
vn 0.178105 0.976240 -0.123428
vn 0.193349 0.980897 -0.021364
vn 0.996808 0.079148 -0.010476
vn 0.493093 0.068642 -0.867264
vn 0.111517 0.970968 -0.211624
vn 0.000833 0.065300 -0.997865
vn 0.002344 0.966419 -0.256960
vn -0.491845 0.067105 -0.868093
vn -0.120699 0.964315 -0.235644
vn -0.857830 0.072140 -0.508845
vn -0.214081 0.965694 -0.146986
vn -0.997039 0.076191 -0.010398
vn -0.240982 0.970289 -0.021596
vn -0.866349 0.076712 0.493513
vn -0.195048 0.976404 0.092688
vn -0.500796 0.073596 0.862431
vn -0.101891 0.981735 0.160671
vn -0.000018 0.071355 0.997451
vn 0.002724 0.984903 0.173085
vn 0.500698 0.074159 0.862440
vn 0.095186 0.985640 0.139473
vn 0.866461 0.078290 0.493068
vn 0.162299 0.984181 0.071038
s 1
g neck body
usemtl head_plateSG
f 1/1/1 2/2/2 14/3/3 13/4/4
f 2/2/2 3/5/5 15/6/6 14/3/3
f 3/5/5 4/7/7 16/8/8 15/6/6
f 4/7/7 5/9/9 17/10/10 16/8/8
f 5/9/9 6/11/11 18/340/12 17/10/10
f 6/328/11 7/13/13 19/14/14 18/12/12
f 7/13/13 8/15/15 20/16/16 19/14/14
f 8/15/15 9/17/17 21/18/18 20/16/16
f 9/17/17 10/19/19 22/20/20 21/18/18
f 10/19/19 11/21/21 23/22/22 22/20/20
f 11/21/21 12/23/23 24/339/24 23/22/22
f 12/327/23 1/1/1 13/4/4 24/24/24
f 13/4/4 14/3/3 26/25/25 25/26/26
f 14/3/3 15/6/6 27/27/27 26/25/25
f 15/6/6 16/8/8 28/28/28 27/27/27
f 16/8/8 17/10/10 29/29/29 28/28/28
f 17/10/10 18/340/12 30/338/30 29/29/29
f 18/12/12 19/14/14 31/31/31 30/30/30
f 19/14/14 20/16/16 32/32/32 31/31/31
f 20/16/16 21/18/18 33/33/33 32/32/32
f 21/18/18 22/20/20 34/34/34 33/33/33
f 22/20/20 23/22/22 35/35/35 34/34/34
f 23/22/22 24/339/24 36/337/36 35/35/35
f 24/24/24 13/4/4 25/26/26 36/36/36
f 25/26/26 26/25/25 38/37/37 37/38/38
f 26/25/25 27/27/27 39/39/39 38/37/37
f 27/27/27 28/28/28 40/40/40 39/39/39
f 28/28/28 29/29/29 41/41/41 40/40/40
f 29/29/29 30/338/30 42/336/42 41/41/41
f 30/30/30 31/31/31 43/43/43 42/42/42
f 31/31/31 32/32/32 44/44/44 43/43/43
f 32/32/32 33/33/33 45/45/45 44/44/44
f 33/33/33 34/34/34 46/46/46 45/45/45
f 34/34/34 35/35/35 47/47/47 46/46/46
f 35/35/35 36/337/36 48/335/48 47/47/47
f 36/36/36 25/26/26 37/38/38 48/48/48
f 37/38/38 38/37/37 50/49/49 49/50/50
f 38/37/37 39/39/39 51/51/51 50/49/49
f 39/39/39 40/40/40 52/52/52 51/51/51
f 40/40/40 41/41/41 53/53/53 52/52/52
f 41/41/41 42/336/42 54/334/54 53/53/53
f 42/42/42 43/43/43 55/55/55 54/54/54
f 43/43/43 44/44/44 56/56/56 55/55/55
f 44/44/44 45/45/45 57/57/57 56/56/56
f 45/45/45 46/46/46 58/58/58 57/57/57
f 46/46/46 47/47/47 59/59/59 58/58/58
f 47/47/47 48/335/48 60/333/60 59/59/59
f 48/48/48 37/38/38 49/50/50 60/60/60
f 49/50/50 50/49/49 62/61/61 61/62/62
f 50/49/49 51/51/51 63/63/63 62/61/61
f 51/51/51 52/52/52 64/64/64 63/63/63
f 52/52/52 53/53/53 65/65/65 64/64/64
f 53/53/53 54/334/54 66/332/66 65/65/65
f 54/54/54 55/55/55 67/67/67 66/66/66
f 55/55/55 56/56/56 68/68/68 67/67/67
f 56/56/56 57/57/57 69/69/69 68/68/68
f 57/57/57 58/58/58 70/70/70 69/69/69
f 58/58/58 59/59/59 71/71/71 70/70/70
f 59/59/59 60/333/60 72/331/72 71/71/71
f 60/60/60 49/50/50 61/62/62 72/72/72
f 61/62/62 62/61/61 96/73/73 85/74/74
f 62/61/61 63/63/63 95/75/75 96/73/73
f 63/63/63 64/64/64 94/76/76 95/75/75
f 64/64/64 65/65/65 93/77/77 94/76/76
f 65/65/65 66/332/66 92/78/78 93/77/77
f 66/66/66 67/67/67 91/79/79 92/329/78
f 67/67/67 68/68/68 90/80/80 91/79/79
f 68/68/68 69/69/69 89/81/81 90/80/80
f 69/69/69 70/70/70 88/82/82 89/81/81
f 70/70/70 71/71/71 87/83/83 88/82/82
f 71/71/71 72/331/72 86/84/84 87/83/83
f 72/72/72 61/62/62 85/74/74 86/330/84
f 86/330/84 85/74/74 73/85/85 84/86/86
f 87/83/83 86/84/84 84/295/86 83/87/87
f 88/82/82 87/83/83 83/87/87 82/88/88
f 89/81/81 88/82/82 82/88/88 81/89/89
f 90/80/80 89/81/81 81/89/89 80/90/90
f 91/79/79 90/80/80 80/90/90 79/91/91
f 92/329/78 91/79/79 79/91/91 78/92/92
f 93/77/77 92/78/78 78/297/92 77/93/93
f 94/76/76 93/77/77 77/93/93 76/94/94
f 95/75/75 94/76/76 76/94/94 75/95/95
f 96/73/73 95/75/75 75/95/95 74/96/96
f 85/74/74 96/73/73 74/96/96 73/85/85
f 2/2/2 1/1/1 97/97/97 98/98/98
f 3/5/5 2/2/2 98/98/98 99/99/99
f 4/7/7 3/5/5 99/99/99 100/100/100
f 5/9/9 4/7/7 100/100/100 101/101/101
f 6/11/11 5/9/9 101/101/101 102/102/102
f 7/13/13 6/328/11 102/326/102 103/103/103
f 8/15/15 7/13/13 103/103/103 104/104/104
f 9/17/17 8/15/15 104/104/104 105/105/105
f 10/19/19 9/17/17 105/105/105 106/106/106
f 11/21/21 10/19/19 106/106/106 107/107/107
f 12/23/23 11/21/21 107/107/107 108/108/108
f 1/1/1 12/327/23 108/325/108 97/97/97
f 98/98/98 97/97/97 109/109/109 110/110/110
f 99/99/99 98/98/98 110/110/110 111/111/111
f 100/100/100 99/99/99 111/111/111 112/112/112
f 101/101/101 100/100/100 112/112/112 113/113/113
f 102/102/102 101/101/101 113/113/113 114/114/114
f 103/103/103 102/326/102 114/324/114 115/115/115
f 104/104/104 103/103/103 115/115/115 116/116/116
f 105/105/105 104/104/104 116/116/116 117/117/117
f 106/106/106 105/105/105 117/117/117 118/118/118
f 107/107/107 106/106/106 118/118/118 119/119/119
f 108/108/108 107/107/107 119/119/119 120/120/120
f 97/97/97 108/325/108 120/323/120 109/109/109
f 110/110/110 109/109/109 121/121/121 122/122/122
f 111/111/111 110/110/110 122/122/122 123/123/123
f 112/112/112 111/111/111 123/123/123 124/124/124
f 113/113/113 112/112/112 124/124/124 125/125/125
f 114/114/114 113/113/113 125/125/125 126/126/126
f 115/115/115 114/324/114 126/322/126 127/127/127
f 116/116/116 115/115/115 127/127/127 128/128/128
f 117/117/117 116/116/116 128/128/128 129/129/129
f 118/118/118 117/117/117 129/129/129 130/130/130
f 119/119/119 118/118/118 130/130/130 131/131/131
f 120/120/120 119/119/119 131/131/131 132/132/132
f 109/109/109 120/323/120 132/320/132 121/121/121
f 134/133/133 135/134/134 137/135/135 136/136/136
f 135/134/134 134/133/133 156/137/137 157/317/138
f 136/136/136 137/135/135 139/139/139 138/140/140
f 138/140/140 139/139/139 141/141/141 140/142/142
f 140/142/142 141/141/141 143/143/143 142/144/144
f 142/144/144 143/143/143 145/145/145 144/321/146
f 144/146/146 145/318/145 147/147/147 146/148/148
f 146/148/148 147/147/147 149/149/149 148/150/150
f 148/150/150 149/149/149 151/151/151 150/152/152
f 150/152/152 151/151/151 153/153/153 152/154/154
f 152/154/154 153/153/153 155/155/155 154/156/156
f 154/156/156 155/155/155 157/138/138 156/319/137
f 122/122/122 121/121/121 134/133/133 136/136/136
f 123/123/123 122/122/122 136/136/136 138/140/140
f 124/124/124 123/123/123 138/140/140 140/142/142
f 125/125/125 124/124/124 140/142/142 142/144/144
f 126/126/126 125/125/125 142/144/144 144/321/146
f 127/127/127 126/322/126 144/146/146 146/148/148
f 128/128/128 127/127/127 146/148/148 148/150/150
f 129/129/129 128/128/128 148/150/150 150/152/152
f 130/130/130 129/129/129 150/152/152 152/154/154
f 131/131/131 130/130/130 152/154/154 154/156/156
f 132/132/132 131/131/131 154/156/156 156/319/137
f 121/121/121 132/320/132 156/137/137 134/133/133
f 137/135/135 135/134/134 133/157/157
f 139/139/139 137/135/135 133/157/157
f 141/141/141 139/139/139 133/157/157
f 143/143/143 141/141/141 133/157/157
f 145/145/145 143/143/143 133/157/157
f 147/147/147 145/318/145 133/316/157
f 149/149/149 147/147/147 133/316/157
f 151/151/151 149/149/149 133/316/157
f 153/153/153 151/151/151 133/316/157
f 155/155/155 153/153/153 133/316/157
f 157/138/138 155/155/155 133/316/157
f 135/134/134 157/317/138 133/157/157
f 158/158/158 159/159/159 171/160/160 170/161/161
f 159/159/159 160/162/162 172/163/163 171/160/160
f 160/162/162 161/164/164 173/165/165 172/163/163
f 161/164/164 162/166/166 174/167/167 173/165/165
f 162/166/166 163/168/168 175/315/169 174/167/167
f 163/294/168 164/170/170 176/171/171 175/169/169
f 164/170/170 165/172/172 177/173/173 176/171/171
f 165/172/172 166/174/174 178/175/175 177/173/173
f 166/174/174 167/176/176 179/177/177 178/175/175
f 167/176/176 168/178/178 180/179/179 179/177/177
f 168/178/178 169/180/180 181/314/181 180/179/179
f 169/292/180 158/158/158 170/161/161 181/181/181
f 170/161/161 171/160/160 183/182/182 182/183/183
f 171/160/160 172/163/163 184/184/184 183/182/182
f 172/163/163 173/165/165 185/185/185 184/184/184
f 173/165/165 174/167/167 186/186/186 185/185/185
f 174/167/167 175/315/169 187/313/187 186/186/186
f 175/169/169 176/171/171 188/188/188 187/187/187
f 176/171/171 177/173/173 189/189/189 188/188/188
f 177/173/173 178/175/175 190/190/190 189/189/189
f 178/175/175 179/177/177 191/191/191 190/190/190
f 179/177/177 180/179/179 192/192/192 191/191/191
f 180/179/179 181/314/181 193/312/193 192/192/192
f 181/181/181 170/161/161 182/183/183 193/193/193
f 182/183/183 183/182/182 195/194/194 194/195/195
f 183/182/182 184/184/184 196/196/196 195/194/194
f 184/184/184 185/185/185 197/197/197 196/196/196
f 185/185/185 186/186/186 198/198/198 197/197/197
f 186/186/186 187/313/187 199/311/199 198/198/198
f 187/187/187 188/188/188 200/200/200 199/199/199
f 188/188/188 189/189/189 201/201/201 200/200/200
f 189/189/189 190/190/190 202/202/202 201/201/201
f 190/190/190 191/191/191 203/203/203 202/202/202
f 191/191/191 192/192/192 204/204/204 203/203/203
f 192/192/192 193/312/193 205/310/205 204/204/204
f 193/193/193 182/183/183 194/195/195 205/205/205
f 194/195/195 195/194/194 207/206/206 206/207/207
f 195/194/194 196/196/196 208/208/208 207/206/206
f 196/196/196 197/197/197 209/209/209 208/208/208
f 197/197/197 198/198/198 210/210/210 209/209/209
f 198/198/198 199/311/199 211/309/211 210/210/210
f 199/199/199 200/200/200 212/212/212 211/211/211
f 200/200/200 201/201/201 213/213/213 212/212/212
f 201/201/201 202/202/202 214/214/214 213/213/213
f 202/202/202 203/203/203 215/215/215 214/214/214
f 203/203/203 204/204/204 216/216/216 215/215/215
f 204/204/204 205/310/205 217/308/217 216/216/216
f 205/205/205 194/195/195 206/207/207 217/217/217
f 206/207/207 207/206/206 219/218/218 218/219/219
f 207/206/206 208/208/208 220/220/220 219/218/218
f 208/208/208 209/209/209 221/221/221 220/220/220
f 209/209/209 210/210/210 222/222/222 221/221/221
f 210/210/210 211/309/211 223/307/223 222/222/222
f 211/211/211 212/212/212 224/224/224 223/223/223
f 212/212/212 213/213/213 225/225/225 224/224/224
f 213/213/213 214/214/214 226/226/226 225/225/225
f 214/214/214 215/215/215 227/227/227 226/226/226
f 215/215/215 216/216/216 228/228/228 227/227/227
f 216/216/216 217/308/217 229/306/229 228/228/228
f 217/217/217 206/207/207 218/219/219 229/229/229
f 218/219/219 219/218/218 231/230/230 230/231/231
f 219/218/218 220/220/220 232/232/232 231/230/230
f 220/220/220 221/221/221 233/233/233 232/232/232
f 221/221/221 222/222/222 234/234/234 233/233/233
f 222/222/222 223/307/223 235/305/235 234/234/234
f 223/223/223 224/224/224 236/236/236 235/235/235
f 224/224/224 225/225/225 237/237/237 236/236/236
f 225/225/225 226/226/226 238/238/238 237/237/237
f 226/226/226 227/227/227 239/239/239 238/238/238
f 227/227/227 228/228/228 240/240/240 239/239/239
f 228/228/228 229/306/229 241/304/241 240/240/240
f 229/229/229 218/219/219 230/231/231 241/241/241
f 230/231/231 231/230/230 243/242/242 242/243/243
f 231/230/230 232/232/232 244/244/244 243/242/242
f 232/232/232 233/233/233 245/245/245 244/244/244
f 233/233/233 234/234/234 246/246/246 245/245/245
f 234/234/234 235/305/235 247/303/247 246/246/246
f 235/235/235 236/236/236 248/248/248 247/247/247
f 236/236/236 237/237/237 249/249/249 248/248/248
f 237/237/237 238/238/238 250/250/250 249/249/249
f 238/238/238 239/239/239 251/251/251 250/250/250
f 239/239/239 240/240/240 252/252/252 251/251/251
f 240/240/240 241/304/241 253/302/253 252/252/252
f 241/241/241 230/231/231 242/243/243 253/253/253
f 242/243/243 243/242/242 255/254/254 254/255/255
f 243/242/242 244/244/244 256/256/256 255/254/254
f 244/244/244 245/245/245 257/257/257 256/256/256
f 245/245/245 246/246/246 258/258/258 257/257/257
f 246/246/246 247/303/247 259/301/259 258/258/258
f 247/247/247 248/248/248 260/260/260 259/259/259
f 248/248/248 249/249/249 261/261/261 260/260/260
f 249/249/249 250/250/250 262/262/262 261/261/261
f 250/250/250 251/251/251 263/263/263 262/262/262
f 251/251/251 252/252/252 264/264/264 263/263/263
f 252/252/252 253/302/253 265/299/265 264/264/264
f 253/253/253 242/243/243 254/255/255 265/265/265
f 254/255/255 255/254/254 266/300/266
f 255/254/254 256/256/256 266/300/266
f 256/256/256 257/257/257 266/300/266
f 257/257/257 258/258/258 266/300/266
f 258/258/258 259/301/259 266/300/266
f 259/259/259 260/260/260 266/266/266
f 260/260/260 261/261/261 266/266/266
f 261/261/261 262/262/262 266/266/266
f 262/262/262 263/263/263 266/266/266
f 263/263/263 264/264/264 266/266/266
f 264/264/264 265/299/265 266/266/266
f 265/265/265 254/255/255 266/300/266
f 267/267/267 268/268/268 290/269/269 289/296/270
f 268/268/268 267/267/267 269/271/271 270/272/272
f 270/272/272 269/271/271 271/273/273 272/274/274
f 272/274/274 271/273/273 273/275/275 274/276/276
f 274/276/276 273/275/275 275/277/277 276/278/278
f 276/278/278 275/277/277 277/279/279 278/293/280
f 278/280/280 277/298/279 279/281/281 280/282/282
f 280/282/282 279/281/281 281/283/283 282/284/284
f 282/284/284 281/283/283 283/285/285 284/286/286
f 284/286/286 283/285/285 285/287/287 286/288/288
f 286/288/288 285/287/287 287/289/289 288/290/290
f 288/290/290 287/289/289 289/270/270 290/291/269
f 73/85/85 74/96/96 269/271/271 267/267/267
f 74/96/96 75/95/95 271/273/273 269/271/271
f 75/95/95 76/94/94 273/275/275 271/273/273
f 76/94/94 77/93/93 275/277/277 273/275/275
f 77/93/93 78/297/92 277/279/279 275/277/277
f 78/92/92 79/91/91 279/281/281 277/298/279
f 79/91/91 80/90/90 281/283/283 279/281/281
f 80/90/90 81/89/89 283/285/285 281/283/283
f 81/89/89 82/88/88 285/287/287 283/285/285
f 82/88/88 83/87/87 287/289/289 285/287/287
f 83/87/87 84/295/86 289/270/270 287/289/289
f 84/86/86 73/85/85 267/267/267 289/296/270
f 270/272/272 272/274/274 160/162/162 159/159/159
f 272/274/274 274/276/276 161/164/164 160/162/162
f 274/276/276 276/278/278 162/166/166 161/164/164
f 276/278/278 278/293/280 163/168/168 162/166/166
f 278/280/280 280/282/282 164/170/170 163/294/168
f 280/282/282 282/284/284 165/172/172 164/170/170
f 282/284/284 284/286/286 166/174/174 165/172/172
f 284/286/286 286/288/288 167/176/176 166/174/174
f 286/288/288 288/290/290 168/178/178 167/176/176
f 288/290/290 290/291/269 169/180/180 168/178/178
f 290/269/269 268/268/268 158/158/158 169/292/180
f 268/268/268 270/272/272 159/159/159 158/158/158
g default
v 0.192944 -0.178634 0.059722
v 0.205168 -0.167580 0.009857
v 0.194066 -0.176441 -0.042120
v 0.170701 -0.207539 -0.083017
v 0.141392 -0.259691 -0.095217
v 0.116877 -0.314223 -0.080602
v 0.105757 -0.357756 -0.043501
v 0.102761 -0.371436 0.009691
v 0.107229 -0.357721 0.063422
v 0.119251 -0.316293 0.101886
v 0.142545 -0.260620 0.115009
v 0.171569 -0.209577 0.096858
v 0.156110 -0.196347 0.100175
v 0.175262 -0.167389 0.061383
v 0.188848 -0.155075 0.010347
v 0.176870 -0.164623 -0.044901
v 0.153202 -0.194053 -0.089439
v 0.121815 -0.248948 -0.100535
v 0.095349 -0.304919 -0.082802
v 0.086408 -0.350419 -0.046997
v 0.085309 -0.363741 0.009504
v 0.090820 -0.347833 0.068194
v 0.100810 -0.309470 0.109286
v 0.124853 -0.250675 0.122325
v 0.186155 -0.225289 0.087910
v 0.207583 -0.195188 0.055014
v 0.217177 -0.186958 0.009592
v 0.207477 -0.194667 -0.035806
v 0.186307 -0.225197 -0.069976
v 0.161625 -0.270286 -0.082741
v 0.140703 -0.318807 -0.070707
v 0.128170 -0.357108 -0.036979
v 0.123731 -0.369669 0.009862
v 0.127086 -0.358244 0.056571
v 0.139676 -0.319220 0.090170
v 0.160943 -0.270279 0.102057
v 0.099329 -0.292143 -0.058305
v 0.094949 -0.327508 -0.032587
v 0.120639 -0.246801 -0.072957
v 0.143565 -0.204264 -0.065559
v 0.162044 -0.183732 -0.031679
v 0.171727 -0.176555 0.009632
v 0.160394 -0.185849 0.047261
v 0.145519 -0.207555 0.077245
v 0.120528 -0.250755 0.095212
v 0.103359 -0.295030 0.085589
v 0.099989 -0.324759 0.054569
v 0.096110 -0.337556 0.009962
v 0.176640 -0.195678 0.045568
v 0.185923 -0.187274 0.009174
v 0.189638 -0.201684 0.045149
v 0.197152 -0.195086 0.009280
v 0.176675 -0.193144 -0.028997
v 0.188886 -0.200562 -0.026696
v 0.158609 -0.215550 -0.059863
v 0.171378 -0.225759 -0.054300
v 0.136981 -0.256752 -0.068463
v 0.150889 -0.264524 -0.064701
v 0.117751 -0.300598 -0.056555
v 0.133143 -0.306467 -0.054335
v 0.110334 -0.334021 -0.028926
v 0.122592 -0.338459 -0.026822
v 0.108862 -0.344045 0.010057
v 0.118911 -0.348567 0.010192
v 0.111878 -0.333631 0.049585
v 0.121376 -0.339513 0.047109
v 0.118737 -0.302039 0.078579
v 0.131489 -0.307074 0.074321
v 0.136468 -0.259118 0.088712
v 0.149786 -0.265362 0.084240
v 0.159853 -0.218960 0.073967
v 0.171725 -0.226852 0.071841
v 0.183204 -0.239808 0.062312
v 0.197793 -0.217962 0.039435
v 0.204067 -0.212447 0.009493
v 0.197528 -0.217379 -0.020512
v 0.183093 -0.239320 -0.043422
v 0.165580 -0.272104 -0.052272
v 0.150120 -0.307004 -0.043919
v 0.140673 -0.333998 -0.020984
v 0.137308 -0.342594 0.010038
v 0.139581 -0.335122 0.040899
v 0.149219 -0.307715 0.063310
v 0.165130 -0.272560 0.071453
v 0.071609 -0.341457 -0.049158
v 0.070652 -0.336347 -0.047245
v 0.084290 -0.293904 -0.082660
v 0.082615 -0.290954 -0.079268
v 0.105237 -0.239525 -0.103329
v 0.102899 -0.237930 -0.099591
v 0.135210 -0.185102 -0.090905
v 0.131630 -0.185525 -0.087616
v 0.161267 -0.156945 -0.045684
v 0.156876 -0.158603 -0.043924
v 0.173785 -0.146710 0.010909
v 0.169156 -0.148607 0.010913
v 0.162059 -0.157343 0.063405
v 0.157800 -0.158443 0.061717
v 0.143648 -0.186016 0.101201
v 0.140133 -0.186015 0.098202
v 0.111154 -0.242495 0.126885
v 0.108367 -0.241290 0.123653
v 0.087107 -0.302721 0.114295
v 0.085173 -0.299241 0.111519
v 0.080146 -0.335936 0.071448
v 0.079653 -0.330713 0.070265
v 0.072273 -0.353591 0.008802
v 0.071887 -0.348004 0.009166
v 0.080631 -0.320189 -0.035668
v 0.076727 -0.322127 -0.038252
v 0.085989 -0.282196 -0.062167
v 0.089238 -0.281697 -0.058563
v 0.102774 -0.236601 -0.080763
v 0.104887 -0.237572 -0.076419
v 0.126122 -0.192622 -0.072111
v 0.127201 -0.195546 -0.068115
v 0.147317 -0.172323 -0.034859
v 0.147731 -0.176336 -0.032828
v 0.158042 -0.163144 0.010543
v 0.157801 -0.167670 0.010349
v 0.147404 -0.171277 0.052139
v 0.147304 -0.175495 0.049796
v 0.132856 -0.193920 0.082577
v 0.133290 -0.197376 0.079003
v 0.105643 -0.241743 0.105307
v 0.107231 -0.243081 0.100521
v 0.087286 -0.290063 0.096656
v 0.090193 -0.288935 0.091891
v 0.086977 -0.315309 0.061345
v 0.090813 -0.314264 0.058414
v 0.080076 -0.331214 0.008829
v 0.084279 -0.329234 0.008923
v 0.142096 -0.355788 -0.033591
v 0.146716 -0.346121 -0.027336
v 0.153795 -0.320439 -0.064945
v 0.157165 -0.315425 -0.054363
v 0.173318 -0.275506 -0.076180
v 0.174405 -0.276216 -0.064094
v 0.196203 -0.233625 -0.064262
v 0.194245 -0.239497 -0.053777
v 0.215713 -0.205256 -0.032511
v 0.210935 -0.214687 -0.026469
v 0.224740 -0.198183 0.009582
v 0.218824 -0.208607 0.009557
v 0.215765 -0.205696 0.051702
v 0.211074 -0.215099 0.045609
v 0.195898 -0.233503 0.083219
v 0.194110 -0.239645 0.072854
v 0.172667 -0.275478 0.095440
v 0.173837 -0.276308 0.083367
v 0.152820 -0.320785 0.084351
v 0.156233 -0.315829 0.073762
v 0.141024 -0.356778 0.053132
v 0.145670 -0.347005 0.046920
v 0.137912 -0.367360 0.009832
v 0.142969 -0.356059 0.009846
vt 0.416259 0.984197
vt 0.416438 0.981267
vt 0.425126 0.980029
vt 0.426659 0.982736
vt 0.405671 0.981499
vt 0.407774 0.979146
vt 0.397246 0.973400
vt 0.400777 0.971733
vt 0.394908 0.960570
vt 0.398684 0.960705
vt 0.399654 0.947961
vt 0.402790 0.950081
vt 0.408937 0.940913
vt 0.410541 0.943431
vt 0.419349 0.939362
vt 0.419303 0.941830
vt 0.429654 0.942694
vt 0.427826 0.944266
vt 0.438399 0.950491
vt 0.435261 0.951792
vt 0.441152 0.963509
vt 0.437634 0.963356
vt 0.435668 0.976116
vt 0.433062 0.974115
vt 0.428821 0.986467
vt 0.438970 0.978963
vt 0.416121 0.988193
vt 0.402983 0.984425
vt 0.393127 0.975206
vt 0.390262 0.960638
vt 0.395555 0.945607
vt 0.406451 0.937832
vt 0.419486 0.936078
vt 0.432696 0.940973
vt 0.442670 0.949313
vt 0.445587 0.963959
vt 0.423408 0.976171
vt 0.429518 0.971276
vt 0.416668 0.977344
vt 0.410222 0.975577
vt 0.405037 0.969534
vt 0.403556 0.961071
vt 0.406355 0.952949
vt 0.412254 0.947524
vt 0.419110 0.945991
vt 0.425788 0.947835
vt 0.430983 0.954295
vt 0.432638 0.963214
vt 0.654255 0.980669
vt 0.644328 0.976643
vt 0.646831 0.973750
vt 0.654939 0.976917
vt 0.665203 0.980369
vt 0.663647 0.976654
vt 0.674968 0.974227
vt 0.671599 0.971239
vt 0.680477 0.962787
vt 0.675981 0.962015
vt 0.679353 0.950150
vt 0.675059 0.951846
vt 0.672059 0.941115
vt 0.669427 0.943984
vt 0.662251 0.936760
vt 0.661459 0.940280
vt 0.651217 0.937232
vt 0.652654 0.940536
vt 0.641374 0.943206
vt 0.644466 0.945991
vt 0.635789 0.954917
vt 0.639926 0.955644
vt 0.637492 0.967982
vt 0.641168 0.966180
vt 0.641886 0.979289
vt 0.634395 0.969758
vt 0.653543 0.984113
vt 0.666808 0.983651
vt 0.677959 0.976621
vt 0.684455 0.963619
vt 0.683331 0.948772
vt 0.674700 0.938812
vt 0.663026 0.933515
vt 0.649214 0.934488
vt 0.638336 0.941110
vt 0.631950 0.954469
vt 0.677149 0.937120
vt 0.677824 0.936652
vt 0.687046 0.948658
vt 0.686227 0.948911
vt 0.663849 0.930707
vt 0.663876 0.929797
vt 0.688486 0.964703
vt 0.687730 0.964519
vt 0.681611 0.978949
vt 0.680977 0.978499
vt 0.668642 0.987157
vt 0.668289 0.986384
vt 0.652728 0.987842
vt 0.652880 0.987053
vt 0.639311 0.982042
vt 0.639816 0.981437
vt 0.631234 0.971717
vt 0.631947 0.971343
vt 0.628152 0.954150
vt 0.628901 0.954220
vt 0.635037 0.939515
vt 0.635741 0.939851
vt 0.646385 0.931764
vt 0.646966 0.932523
vt 0.403606 0.934991
vt 0.402880 0.933906
vt 0.419410 0.931406
vt 0.419434 0.932605
vt 0.391907 0.945303
vt 0.390871 0.944621
vt 0.385826 0.960694
vt 0.384562 0.960655
vt 0.388675 0.976613
vt 0.387447 0.977086
vt 0.400310 0.987199
vt 0.399559 0.988085
vt 0.416056 0.992167
vt 0.416031 0.993338
vt 0.430987 0.989929
vt 0.431592 0.991020
vt 0.441708 0.981636
vt 0.442666 0.982494
vt 0.449593 0.964663
vt 0.450934 0.964812
vt 0.446628 0.948642
vt 0.447992 0.948122
vt 0.436000 0.939709
vt 0.437059 0.939004
vt 0.679698 0.934432
vt 0.690085 0.947564
vt 0.691533 0.965216
vt 0.683787 0.981012
vt 0.669346 0.990035
vt 0.652224 0.991039
vt 0.637664 0.984409
vt 0.628297 0.973006
vt 0.625191 0.953681
vt 0.632832 0.937602
vt 0.645624 0.928678
vt 0.664187 0.926743
vt 0.667964 0.945866
vt 0.666707 0.947444
vt 0.660612 0.944577
vt 0.661007 0.942605
vt 0.672727 0.952826
vt 0.670757 0.953626
vt 0.673464 0.961752
vt 0.671361 0.961412
vt 0.669631 0.969780
vt 0.668068 0.968391
vt 0.662738 0.974481
vt 0.662125 0.972509
vt 0.655303 0.974727
vt 0.655606 0.972871
vt 0.648371 0.972024
vt 0.649576 0.970381
vt 0.643396 0.965358
vt 0.645331 0.964479
vt 0.642405 0.956229
vt 0.644516 0.956593
vt 0.646259 0.947794
vt 0.647779 0.949285
vt 0.653305 0.942862
vt 0.653866 0.944888
vt 0.647811 0.963515
vt 0.651122 0.968437
vt 0.656001 0.970513
vt 0.661293 0.970133
vt 0.666031 0.966722
vt 0.668658 0.960966
vt 0.668239 0.954452
vt 0.665052 0.949209
vt 0.660128 0.946913
vt 0.654690 0.947194
vt 0.649841 0.950976
vt 0.647168 0.956977
vn -0.559326 -0.828573 -0.024913
vn -0.788129 -0.615498 -0.003970
vn -0.687128 -0.504731 -0.522592
vn -0.492937 -0.689023 -0.531283
vn -0.571775 -0.652553 0.497240
vn -0.729851 -0.465231 0.500877
vn -0.449300 -0.250028 0.857680
vn -0.579421 -0.133518 0.804017
vn -0.182728 0.140993 0.973001
vn -0.378081 0.193773 0.905266
vn 0.036546 0.438859 0.897812
vn -0.211189 0.507840 0.835164
vn 0.248939 0.786362 0.565389
vn -0.089187 0.844728 0.527713
vn 0.421593 0.906769 -0.005494
vn -0.013598 0.999849 0.010810
vn 0.292031 0.799264 -0.525257
vn -0.093156 0.856569 -0.507554
vn -0.085825 0.484164 -0.870758
vn -0.266589 0.515764 -0.814198
vn -0.299917 0.083777 -0.950280
vn -0.408992 0.171417 -0.896293
vn -0.409550 -0.326423 -0.851890
vn -0.538759 -0.182242 -0.822513
vn -0.546868 -0.660855 -0.514009
vn -0.449864 -0.329239 -0.830196
vn -0.567993 -0.822549 -0.028227
vn -0.520990 -0.710109 0.473618
vn -0.387289 -0.317387 0.865605
vn -0.121975 0.130262 0.983948
vn 0.110229 0.418891 0.901321
vn 0.328142 0.767828 0.550239
vn 0.507090 0.860518 -0.048664
vn 0.380919 0.777289 -0.500722
vn -0.080747 0.490195 -0.867864
vn -0.328737 0.059910 -0.942519
vn -0.425887 -0.726791 -0.538883
vn -0.220202 -0.393854 -0.892407
vn -0.495316 -0.868706 -0.003294
vn -0.456107 -0.709929 0.536626
vn -0.256296 -0.373821 0.891387
vn -0.042758 0.011523 0.999019
vn 0.131068 0.402163 0.906138
vn 0.271129 0.772450 0.574291
vn 0.308768 0.950890 0.021700
vn 0.249522 0.783082 -0.569668
vn 0.104673 0.401147 -0.910014
vn -0.043388 0.001834 -0.999057
vn 0.727422 0.685983 0.016871
vn 0.646753 0.564007 0.513426
vn 0.745126 0.440751 0.500526
vn 0.833656 0.552241 0.006832
vn 0.694130 0.532220 -0.484691
vn 0.781588 0.399345 -0.479212
vn 0.543707 0.181418 -0.819433
vn 0.624910 0.093043 -0.775133
vn 0.300286 -0.183270 -0.936077
vn 0.426801 -0.220773 -0.876984
vn 0.098922 -0.493218 -0.864263
vn 0.269999 -0.526420 -0.806215
vn -0.054766 -0.839385 -0.540771
vn 0.167319 -0.846032 -0.506196
vn -0.165052 -0.986284 0.001571
vn 0.109171 -0.993962 -0.010987
vn -0.058504 -0.862013 0.503499
vn 0.180317 -0.858442 0.480169
vn 0.208390 -0.525438 0.824918
vn 0.325170 -0.532321 0.781600
vn 0.393859 -0.145895 0.907518
vn 0.459604 -0.200690 0.865152
vn 0.527578 0.231890 0.817245
vn 0.593703 0.139206 0.792552
vn 0.538565 0.674844 0.504512
vn 0.435691 0.337727 0.834334
vn 0.558727 0.829082 0.021146
vn 0.509733 0.714514 -0.479209
vn 0.370053 0.335165 -0.866444
vn 0.115919 -0.107690 -0.987404
vn -0.132921 -0.432701 -0.891685
vn -0.347891 -0.767247 -0.538798
vn -0.495369 -0.868130 0.030979
vn -0.376823 -0.782010 0.496452
vn 0.030806 -0.496018 0.867766
vn 0.293605 -0.063806 0.953795
vn -0.605565 -0.606687 -0.514997
vn -0.978514 0.206137 -0.004195
vn -0.960389 0.262027 -0.094840
vn -0.366428 -0.300007 -0.880753
vn -0.731281 -0.680478 0.046655
vn -0.962978 0.262798 0.060089
vn -0.895421 0.401154 -0.193123
vn -0.107768 0.010456 -0.994121
vn -0.770868 0.620209 -0.145269
vn 0.137338 0.461074 -0.876669
vn -0.695473 0.718528 -0.005805
vn 0.277275 0.845558 -0.456235
vn -0.680354 0.732860 0.005891
vn 0.373924 0.927259 0.019281
vn -0.698139 0.712026 0.074970
vn 0.380334 0.784356 0.490033
vn -0.756285 0.616501 0.218995
vn 0.267253 0.475793 0.837972
vn -0.850932 0.449650 0.271532
vn 0.086848 0.070649 0.993713
vn -0.959399 0.228420 0.165465
vn -0.196814 -0.391963 0.898682
vn -0.972114 0.234021 0.015097
vn -0.628684 -0.625768 0.461705
vn 0.087410 0.791677 0.604655
vn -0.910897 0.386494 0.144533
vn -0.866205 0.498027 0.040722
vn 0.341879 0.938294 -0.052189
vn -0.079604 0.430663 0.898995
vn -0.924768 0.359797 0.123897
vn -0.292896 0.196074 0.935824
vn -0.906732 0.419736 0.040718
vn -0.514392 -0.173646 0.839790
vn -0.843122 0.534318 0.060402
vn -0.625677 -0.609119 0.487342
vn -0.824375 0.555027 0.111137
vn -0.730132 -0.682842 -0.025187
vn -0.832023 0.554726 0.004252
vn -0.731198 -0.474891 -0.489723
vn -0.827769 0.559606 -0.040487
vn -0.634689 -0.192816 -0.748326
vn -0.849844 0.526373 0.026407
vn -0.536908 0.139082 -0.832098
vn -0.896282 0.442049 0.035651
vn -0.375315 0.483996 -0.790498
vn -0.942437 0.330367 -0.051678
vn 0.183805 0.848911 -0.495546
vn -0.896256 0.430685 -0.106000
vn 0.518005 -0.768133 -0.376354
vn 0.982121 -0.134975 0.131226
vn 0.996805 -0.078704 0.013643
vn 0.495156 -0.868785 -0.005778
vn 0.581803 -0.542918 -0.605595
vn 0.939933 -0.250204 0.232217
vn 0.669914 -0.318393 -0.670702
vn 0.864650 -0.424590 0.268524
vn 0.788666 -0.092877 -0.607767
vn 0.771365 -0.595219 0.225189
vn 0.913346 0.105519 -0.393275
vn 0.686150 -0.722424 0.085452
vn 0.986740 0.162307 0.000288
vn 0.649227 -0.760576 -0.005264
vn 0.911408 0.105215 0.397827
vn 0.692014 -0.717466 -0.079741
vn 0.778444 -0.088103 0.621500
vn 0.776014 -0.597237 -0.202758
vn 0.665276 -0.311950 0.678303
vn 0.865099 -0.433385 -0.252548
vn 0.583727 -0.538127 0.608015
vn 0.938829 -0.257227 -0.228986
vn 0.517908 -0.767033 0.378725
vn 0.983686 -0.136281 -0.117426
s 1
g body hip_socket_left
usemtl head_plateSG
f 340/341/291 342/342/292 341/343/293 339/344/294
f 343/345/295 344/346/296 342/342/292 340/341/291
f 345/347/297 346/348/298 344/346/296 343/345/295
f 347/349/299 348/350/300 346/348/298 345/347/297
f 349/351/301 350/352/302 348/350/300 347/349/299
f 351/353/303 352/354/304 350/352/302 349/351/301
f 353/355/305 354/356/306 352/354/304 351/353/303
f 355/357/307 356/358/308 354/356/306 353/355/305
f 357/359/309 358/360/310 356/358/308 355/357/307
f 359/361/311 360/362/312 358/360/310 357/359/309
f 361/363/313 362/364/314 360/362/312 359/361/311
f 339/344/294 341/343/293 362/364/314 361/363/313
f 333/365/315 339/344/294 361/363/313 334/366/316
f 332/367/317 340/341/291 339/344/294 333/365/315
f 331/368/318 343/345/295 340/341/291 332/367/317
f 330/369/319 345/347/297 343/345/295 331/368/318
f 329/370/320 347/349/299 345/347/297 330/369/319
f 327/371/321 349/351/301 347/349/299 329/370/320
f 328/372/322 351/353/303 349/351/301 327/371/321
f 338/373/323 353/355/305 351/353/303 328/372/322
f 337/374/324 355/357/307 353/355/305 338/373/323
f 336/375/325 357/359/309 355/357/307 337/374/324
f 335/376/326 359/361/311 357/359/309 336/375/325
f 334/366/316 361/363/313 359/361/311 335/376/326
f 341/343/293 364/377/327 363/378/328 362/364/314
f 342/342/292 365/379/329 364/377/327 341/343/293
f 344/346/296 366/380/330 365/379/329 342/342/292
f 346/348/298 367/381/331 366/380/330 344/346/296
f 348/350/300 368/382/332 367/381/331 346/348/298
f 350/352/302 369/383/333 368/382/332 348/350/300
f 352/354/304 370/384/334 369/383/333 350/352/302
f 354/356/306 371/385/335 370/384/334 352/354/304
f 356/358/308 372/386/336 371/385/335 354/356/306
f 358/360/310 373/387/337 372/386/336 356/358/308
f 360/362/312 374/388/338 373/387/337 358/360/310
f 362/364/314 363/378/328 374/388/338 360/362/312
f 292/389/339 291/390/340 316/391/341 317/392/342
f 293/393/343 292/389/339 317/392/342 318/394/344
f 294/395/345 293/393/343 318/394/344 319/396/346
f 295/397/347 294/395/345 319/396/346 320/398/348
f 296/399/349 295/397/347 320/398/348 321/400/350
f 297/401/351 296/399/349 321/400/350 322/402/352
f 298/403/353 297/401/351 322/402/352 323/404/354
f 299/405/355 298/403/353 323/404/354 324/406/356
f 300/407/357 299/405/355 324/406/356 325/408/358
f 301/409/359 300/407/357 325/408/358 326/410/360
f 302/411/361 301/409/359 326/410/360 315/412/362
f 291/390/340 302/411/361 315/412/362 316/391/341
f 304/413/363 303/414/364 302/411/361 291/390/340
f 305/415/365 304/413/363 291/390/340 292/389/339
f 306/416/366 305/415/365 292/389/339 293/393/343
f 307/417/367 306/416/366 293/393/343 294/395/345
f 308/418/368 307/417/367 294/395/345 295/397/347
f 309/419/369 308/418/368 295/397/347 296/399/349
f 310/420/370 309/419/369 296/399/349 297/401/351
f 311/421/371 310/420/370 297/401/351 298/403/353
f 312/422/372 311/421/371 298/403/353 299/405/355
f 313/423/373 312/422/372 299/405/355 300/407/357
f 314/424/374 313/423/373 300/407/357 301/409/359
f 303/414/364 314/424/374 301/409/359 302/411/361
f 375/425/375 376/426/376 378/427/377 377/428/378
f 376/426/376 375/425/375 397/429/379 398/430/380
f 377/428/378 378/427/377 380/431/381 379/432/382
f 379/432/382 380/431/381 382/433/383 381/434/384
f 381/434/384 382/433/383 384/435/385 383/436/386
f 383/436/386 384/435/385 386/437/387 385/438/388
f 385/438/388 386/437/387 388/439/389 387/440/390
f 387/440/390 388/439/389 390/441/391 389/442/392
f 389/442/392 390/441/391 392/443/393 391/444/394
f 391/444/394 392/443/393 394/445/395 393/446/396
f 393/446/396 394/445/395 396/447/397 395/448/398
f 395/448/398 396/447/397 398/430/380 397/429/379
f 399/449/399 400/450/400 421/451/401 422/452/402
f 400/450/400 399/449/399 402/453/403 401/454/404
f 401/454/404 402/453/403 404/455/405 403/456/406
f 403/456/406 404/455/405 406/457/407 405/458/408
f 405/458/408 406/457/407 408/459/409 407/460/410
f 407/460/410 408/459/409 410/461/411 409/462/412
f 409/462/412 410/461/411 412/463/413 411/464/414
f 411/464/414 412/463/413 414/465/415 413/466/416
f 413/466/416 414/465/415 416/467/417 415/468/418
f 415/468/418 416/467/417 418/469/419 417/470/420
f 417/470/420 418/469/419 420/471/421 419/472/422
f 419/472/422 420/471/421 422/452/402 421/451/401
f 399/449/399 328/372/322 327/371/321 402/453/403
f 402/453/403 327/371/321 329/370/320 404/455/405
f 404/455/405 329/370/320 330/369/319 406/457/407
f 406/457/407 330/369/319 331/368/318 408/459/409
f 408/459/409 331/368/318 332/367/317 410/461/411
f 410/461/411 332/367/317 333/365/315 412/463/413
f 412/463/413 333/365/315 334/366/316 414/465/415
f 414/465/415 334/366/316 335/376/326 416/467/417
f 416/467/417 335/376/326 336/375/325 418/469/419
f 418/469/419 336/375/325 337/374/324 420/471/421
f 420/471/421 337/374/324 338/373/323 422/452/402
f 422/452/402 338/373/323 328/372/322 399/449/399
f 375/425/375 377/428/378 309/419/369 310/420/370
f 377/428/378 379/432/382 308/418/368 309/419/369
f 379/432/382 381/434/384 307/417/367 308/418/368
f 381/434/384 383/436/386 306/416/366 307/417/367
f 383/436/386 385/438/388 305/415/365 306/416/366
f 385/438/388 387/440/390 304/413/363 305/415/365
f 387/440/390 389/442/392 303/414/364 304/413/363
f 389/442/392 391/444/394 314/424/374 303/414/364
f 391/444/394 393/446/396 313/423/373 314/424/374
f 393/446/396 395/448/398 312/422/372 313/423/373
f 395/448/398 397/429/379 311/421/371 312/422/372
f 397/429/379 375/425/375 310/420/370 311/421/371
f 376/426/376 400/473/400 401/474/404 378/427/377
f 378/427/377 401/474/404 403/475/406 380/431/381
f 380/431/381 403/475/406 405/476/408 382/433/383
f 382/433/383 405/476/408 407/477/410 384/435/385
f 384/435/385 407/477/410 409/478/412 386/437/387
f 386/437/387 409/478/412 411/479/414 388/439/389
f 388/439/389 411/479/414 413/480/416 390/441/391
f 390/441/391 413/480/416 415/481/418 392/443/393
f 392/443/393 415/481/418 417/482/420 394/445/395
f 394/445/395 417/482/420 419/483/422 396/447/397
f 396/447/397 419/483/422 421/484/401 398/430/380
f 398/430/380 421/484/401 400/473/400 376/426/376
f 423/485/423 424/486/424 446/487/425 445/488/426
f 424/486/424 423/485/423 425/489/427 426/490/428
f 426/490/428 425/489/427 427/491/429 428/492/430
f 428/492/430 427/491/429 429/493/431 430/494/432
f 430/494/432 429/493/431 431/495/433 432/496/434
f 432/496/434 431/495/433 433/497/435 434/498/436
f 434/498/436 433/497/435 435/499/437 436/500/438
f 436/500/438 435/499/437 437/501/439 438/502/440
f 438/502/440 437/501/439 439/503/441 440/504/442
f 440/504/442 439/503/441 441/505/443 442/506/444
f 442/506/444 441/505/443 443/507/445 444/508/446
f 444/508/446 443/507/445 445/488/426 446/487/425
f 316/391/341 315/412/362 437/501/439 435/499/437
f 317/392/342 316/391/341 435/499/437 433/497/435
f 318/394/344 317/392/342 433/497/435 431/495/433
f 319/396/346 318/394/344 431/495/433 429/493/431
f 320/398/348 319/396/346 429/493/431 427/491/429
f 321/400/350 320/398/348 427/491/429 425/489/427
f 322/402/352 321/400/350 425/489/427 423/485/423
f 323/404/354 322/402/352 423/485/423 445/488/426
f 324/406/356 323/404/354 445/488/426 443/507/445
f 325/408/358 324/406/356 443/507/445 441/505/443
f 326/410/360 325/408/358 441/505/443 439/503/441
f 315/412/362 326/410/360 439/503/441 437/501/439
f 438/502/440 363/509/328 364/510/327 436/500/438
f 436/500/438 364/510/327 365/511/329 434/498/436
f 434/498/436 365/511/329 366/512/330 432/496/434
f 432/496/434 366/512/330 367/513/331 430/494/432
f 430/494/432 367/513/331 368/514/332 428/492/430
f 428/492/430 368/514/332 369/515/333 426/490/428
f 426/490/428 369/515/333 370/516/334 424/486/424
f 424/486/424 370/516/334 371/517/335 446/487/425
f 446/487/425 371/517/335 372/518/336 444/508/446
f 444/508/446 372/518/336 373/519/337 442/506/444
f 442/506/444 373/519/337 374/520/338 440/504/442
f 440/504/442 374/520/338 363/509/328 438/502/440
g default
v -0.162701 0.310898 0.047397
v -0.159719 0.323832 0.007560
v -0.162578 0.312840 -0.033963
v -0.169078 0.281886 -0.066635
v -0.180951 0.235034 -0.076382
v -0.190823 0.188958 -0.064706
v -0.202083 0.156688 -0.035066
v -0.207320 0.145664 0.007524
v -0.204240 0.157609 0.050353
v -0.195075 0.189158 0.081081
v -0.183107 0.235186 0.091565
v -0.171332 0.281202 0.077065
v -0.147919 0.280048 0.079714
v -0.138686 0.307325 0.048724
v -0.135603 0.321735 0.007952
v -0.138758 0.309888 -0.036185
v -0.143727 0.279723 -0.071766
v -0.156358 0.230145 -0.080630
v -0.164943 0.182083 -0.066464
v -0.179370 0.149901 -0.037860
v -0.186698 0.140576 0.007772
v -0.183200 0.154038 0.054165
v -0.173530 0.182591 0.086993
v -0.160619 0.230898 0.097410
v -0.194867 0.280358 0.069916
v -0.187483 0.309640 0.043636
v -0.184997 0.319499 0.007349
v -0.187415 0.309911 -0.028919
v -0.194834 0.280490 -0.056217
v -0.204967 0.240306 -0.066414
v -0.215166 0.199861 -0.056801
v -0.222719 0.169910 -0.029856
v -0.225615 0.158427 0.007393
v -0.223032 0.168669 0.044880
v -0.215359 0.199095 0.071722
v -0.205051 0.239972 0.081218
v -0.161317 0.191892 -0.046893
v -0.174961 0.168353 -0.026348
v -0.153768 0.230719 -0.058599
v -0.143453 0.268393 -0.052688
v -0.141036 0.290507 -0.025622
v -0.138519 0.299744 0.007381
v -0.140067 0.288267 0.037442
v -0.146986 0.267558 0.061396
v -0.156519 0.228367 0.075750
v -0.167653 0.192564 0.068062
v -0.179074 0.172930 0.043281
v -0.183111 0.162462 0.007047
v -0.161665 0.291834 0.036090
v -0.159282 0.301653 0.007015
v -0.180626 0.291160 0.033443
v -0.178407 0.298311 0.007123
v -0.160653 0.293378 -0.023479
v -0.179862 0.291406 -0.019277
v -0.164767 0.270412 -0.048138
v -0.185653 0.269099 -0.039534
v -0.175039 0.234233 -0.055008
v -0.194227 0.237745 -0.047166
v -0.183701 0.197481 -0.045495
v -0.202523 0.205803 -0.039560
v -0.193146 0.173330 -0.023423
v -0.207977 0.182760 -0.019370
v -0.198018 0.165810 0.007470
v -0.210004 0.174196 0.007650
v -0.195005 0.174489 0.039299
v -0.208015 0.181588 0.034882
v -0.186111 0.197244 0.062462
v -0.202059 0.204650 0.054850
v -0.176451 0.232583 0.070557
v -0.194206 0.236746 0.062129
v -0.167886 0.269114 0.058777
v -0.186441 0.268683 0.053031
v -0.203680 0.265653 0.043110
v -0.198660 0.283250 0.027593
v -0.196922 0.288769 0.007284
v -0.198486 0.283436 -0.013067
v -0.203368 0.265845 -0.028607
v -0.209798 0.241236 -0.034610
v -0.215869 0.216349 -0.028944
v -0.220001 0.198136 -0.013387
v -0.221454 0.191202 0.007655
v -0.220175 0.197078 0.028586
v -0.215993 0.215591 0.043787
v -0.210029 0.240816 0.049310
v -0.159708 0.146658 -0.039586
v -0.155943 0.149127 -0.038058
v -0.140026 0.176878 -0.066350
v -0.136633 0.177648 -0.063640
v -0.134324 0.226124 -0.082863
v -0.130960 0.225706 -0.079877
v -0.120720 0.274619 -0.072937
v -0.117917 0.272341 -0.070309
v -0.118929 0.305417 -0.036811
v -0.116428 0.301972 -0.035405
v -0.115421 0.317945 0.008401
v -0.112925 0.314229 0.008404
v -0.118801 0.305557 0.050339
v -0.115894 0.302501 0.048991
v -0.128624 0.278876 0.080534
v -0.125463 0.276872 0.078139
v -0.142095 0.227800 0.101053
v -0.138570 0.226898 0.098471
v -0.155947 0.178655 0.090995
v -0.152108 0.179597 0.088777
v -0.166311 0.154932 0.056765
v -0.162957 0.157736 0.055820
v -0.170344 0.140254 0.008036
v -0.167028 0.143353 0.007914
v -0.156849 0.164429 -0.028809
v -0.154088 0.161034 -0.030873
v -0.134705 0.184739 -0.049979
v -0.137551 0.186901 -0.047099
v -0.129917 0.226406 -0.064835
v -0.132629 0.227057 -0.061365
v -0.118724 0.265139 -0.057923
v -0.122008 0.264076 -0.054730
v -0.119051 0.288676 -0.028163
v -0.122602 0.286610 -0.026540
v -0.115312 0.299615 0.008108
v -0.118896 0.296896 0.007954
v -0.116911 0.289226 0.041339
v -0.120173 0.286750 0.039467
v -0.125032 0.268177 0.065655
v -0.128071 0.266436 0.062800
v -0.136257 0.225069 0.083815
v -0.138719 0.225205 0.079991
v -0.148996 0.186230 0.076903
v -0.151209 0.188570 0.073096
v -0.161440 0.171045 0.048694
v -0.164493 0.173863 0.046352
v -0.166154 0.158544 0.007085
v -0.169133 0.161826 0.006938
v -0.233432 0.183607 -0.024337
v -0.232073 0.191255 -0.019747
v -0.226923 0.209052 -0.047345
v -0.226649 0.213502 -0.039580
v -0.218169 0.243518 -0.055590
v -0.219133 0.243682 -0.046721
v -0.209595 0.277790 -0.046844
v -0.211483 0.273615 -0.039150
v -0.203355 0.302832 -0.023545
v -0.205804 0.295327 -0.019111
v -0.201341 0.310975 0.007344
v -0.204022 0.302382 0.007326
v -0.203406 0.302605 0.038252
v -0.205920 0.295161 0.033781
v -0.209448 0.277708 0.061380
v -0.211583 0.273473 0.053774
v -0.218266 0.243240 0.070348
v -0.219262 0.243374 0.061489
v -0.227104 0.208412 0.062211
v -0.226797 0.212846 0.054440
v -0.233703 0.182556 0.039302
v -0.232252 0.190271 0.034744
v -0.235921 0.173864 0.007382
v -0.234122 0.182744 0.007460
vt 0.822401 0.970376
vt 0.821323 0.967046
vt 0.826044 0.963801
vt 0.828616 0.966294
vt 0.814891 0.971375
vt 0.815599 0.967805
vt 0.807204 0.968616
vt 0.809620 0.965196
vt 0.802162 0.960987
vt 0.805745 0.959365
vt 0.801200 0.951699
vt 0.805125 0.952330
vt 0.804576 0.944487
vt 0.807423 0.946426
vt 0.810880 0.940430
vt 0.812070 0.942969
vt 0.818714 0.939318
vt 0.817941 0.942086
vt 0.826399 0.941879
vt 0.823986 0.944698
vt 0.831791 0.949392
vt 0.828184 0.950606
vt 0.832128 0.959117
vt 0.828662 0.957950
vt 0.831545 0.968961
vt 0.835878 0.960664
vt 0.823859 0.974240
vt 0.814063 0.974998
vt 0.804707 0.971884
vt 0.798433 0.962843
vt 0.796842 0.951405
vt 0.801201 0.942871
vt 0.809557 0.937749
vt 0.820233 0.936573
vt 0.829412 0.939264
vt 0.835790 0.948350
vt 0.823321 0.961196
vt 0.824987 0.956994
vt 0.820058 0.963580
vt 0.816024 0.963989
vt 0.812064 0.961936
vt 0.809435 0.957934
vt 0.808790 0.953154
vt 0.810316 0.948930
vt 0.813520 0.946290
vt 0.817638 0.945841
vt 0.821672 0.947981
vt 0.824392 0.952105
vt 0.764577 0.962038
vt 0.760140 0.971123
vt 0.756519 0.968234
vt 0.760079 0.961176
vt 0.763754 0.951810
vt 0.759397 0.953280
vt 0.758323 0.942510
vt 0.754647 0.946286
vt 0.747800 0.937589
vt 0.746770 0.942594
vt 0.736437 0.937897
vt 0.738133 0.942730
vt 0.727898 0.943967
vt 0.731174 0.947238
vt 0.723424 0.953206
vt 0.727518 0.954227
vt 0.723618 0.963657
vt 0.727571 0.962177
vt 0.729026 0.972740
vt 0.732203 0.969319
vt 0.739549 0.978041
vt 0.740357 0.973415
vt 0.751603 0.976921
vt 0.749507 0.972756
vt 0.763823 0.974048
vt 0.753985 0.980887
vt 0.768884 0.962881
vt 0.768223 0.950113
vt 0.761628 0.938998
vt 0.748909 0.932634
vt 0.734953 0.933085
vt 0.725019 0.940476
vt 0.719360 0.952189
vt 0.719971 0.965702
vt 0.726225 0.976373
vt 0.739001 0.982670
vt 0.722787 0.937028
vt 0.722268 0.936288
vt 0.733356 0.927213
vt 0.733612 0.928117
vt 0.716065 0.951372
vt 0.715195 0.951183
vt 0.750360 0.927097
vt 0.750123 0.927972
vt 0.765167 0.934738
vt 0.764607 0.935411
vt 0.773120 0.948245
vt 0.772278 0.948568
vt 0.773896 0.963938
vt 0.772992 0.963773
vt 0.767781 0.976953
vt 0.767043 0.976424
vt 0.756710 0.985059
vt 0.756260 0.984259
vt 0.738663 0.987607
vt 0.738724 0.986705
vt 0.723809 0.980520
vt 0.724252 0.979740
vt 0.716413 0.968485
vt 0.717197 0.967972
vt 0.797308 0.941596
vt 0.796227 0.941143
vt 0.807977 0.934343
vt 0.808375 0.935199
vt 0.792192 0.951515
vt 0.791192 0.951465
vt 0.794138 0.964897
vt 0.793196 0.965314
vt 0.801802 0.975215
vt 0.801105 0.976055
vt 0.813262 0.978916
vt 0.813069 0.979872
vt 0.825399 0.977957
vt 0.825801 0.978905
vt 0.834433 0.971669
vt 0.835187 0.972343
vt 0.839436 0.962444
vt 0.840386 0.962856
vt 0.839691 0.947677
vt 0.840706 0.947428
vt 0.832609 0.937024
vt 0.833489 0.936256
vt 0.822149 0.934137
vt 0.822716 0.933235
vt 0.793794 0.938814
vt 0.787615 0.950727
vt 0.789849 0.966652
vt 0.799067 0.978844
vt 0.812650 0.983472
vt 0.827069 0.982216
vt 0.837976 0.974702
vt 0.843928 0.963682
vt 0.844107 0.946264
vt 0.835373 0.933463
vt 0.823163 0.929714
vt 0.806790 0.930967
vt 0.733730 0.949382
vt 0.734926 0.950493
vt 0.732234 0.955378
vt 0.730681 0.954999
vt 0.739321 0.945909
vt 0.739857 0.947522
vt 0.746172 0.945808
vt 0.745869 0.947414
vt 0.752415 0.948744
vt 0.751335 0.950011
vt 0.756248 0.954248
vt 0.754715 0.954784
vt 0.756797 0.960547
vt 0.755188 0.960234
vt 0.753903 0.966167
vt 0.752666 0.965091
vt 0.748257 0.969789
vt 0.747686 0.968215
vt 0.741104 0.970120
vt 0.741467 0.968489
vt 0.734664 0.967016
vt 0.735830 0.965803
vt 0.730881 0.961405
vt 0.732464 0.960934
vt 0.746878 0.965459
vt 0.750691 0.963200
vt 0.752434 0.959679
vt 0.752207 0.955777
vt 0.749573 0.952266
vt 0.745329 0.950264
vt 0.740661 0.950330
vt 0.736857 0.952491
vt 0.734828 0.955988
vt 0.735012 0.960001
vt 0.737706 0.963547
vt 0.742067 0.965649
vn 0.002086 -0.999671 -0.025586
vn 0.030039 -0.852395 -0.522036
vn 0.293360 -0.828657 -0.476726
vn 0.281080 -0.959653 -0.007775
vn 0.080635 -0.870936 0.484735
vn 0.329964 -0.826963 0.455254
vn 0.196737 -0.497341 0.844954
vn 0.404466 -0.499882 0.765849
vn 0.259171 -0.023549 0.965545
vn 0.466760 -0.108825 0.877663
vn 0.301843 0.362474 0.881761
vn 0.547814 0.259037 0.795487
vn 0.389716 0.732342 0.558387
vn 0.655039 0.567633 0.498715
vn 0.395364 0.918523 -0.001592
vn 0.705954 0.708063 0.016598
vn 0.397339 0.761313 -0.512371
vn 0.675349 0.568717 -0.469536
vn 0.400735 0.330216 -0.854616
vn 0.590789 0.231468 -0.772911
vn 0.292249 -0.131489 -0.947260
vn 0.478698 -0.146801 -0.865620
vn 0.148431 -0.527414 -0.836542
vn 0.368529 -0.510944 -0.776609
vn -0.052321 -0.855904 -0.514482
vn 0.059989 -0.544902 -0.836351
vn -0.120847 -0.992331 -0.025979
vn -0.089315 -0.873509 0.478544
vn 0.038802 -0.488567 0.871663
vn 0.131940 0.045188 0.990227
vn 0.166165 0.401980 0.900445
vn 0.217033 0.797773 0.562544
vn 0.165189 0.985638 -0.035085
vn 0.190253 0.849601 -0.491917
vn 0.296359 0.376623 -0.877683
vn 0.200667 -0.148002 -0.968415
vn -0.094819 -0.430621 -0.897539
vn -0.150837 -0.816071 -0.557921
vn -0.157690 -0.987486 -0.002065
vn -0.128713 -0.823737 0.552169
vn -0.066307 -0.440758 0.895174
vn 0.018313 -0.013384 0.999743
vn 0.133703 0.409717 0.902361
vn 0.260368 0.776506 0.573800
vn 0.330738 0.943456 0.022434
vn 0.275917 0.775417 -0.567977
vn 0.146791 0.394487 -0.907101
vn 0.013171 -0.019945 -0.999714
vn -0.017528 0.999635 0.020585
vn -0.260787 0.965343 0.010128
vn -0.273904 0.837579 0.472692
vn -0.046077 0.859169 0.509614
vn -0.087704 0.871753 -0.482031
vn -0.309752 0.836047 -0.452857
vn -0.195510 0.504262 -0.841128
vn -0.385749 0.506141 -0.771375
vn -0.263896 0.035063 -0.963914
vn -0.450680 0.103762 -0.886635
vn -0.317155 -0.374344 -0.871367
vn -0.532202 -0.279690 -0.799083
vn -0.400041 -0.740280 -0.540327
vn -0.632600 -0.595102 -0.495653
vn -0.415295 -0.909681 -0.003242
vn -0.679304 -0.733669 -0.016621
vn -0.414713 -0.758721 0.502350
vn -0.653963 -0.596788 0.464948
vn -0.401998 -0.346950 0.847363
vn -0.575596 -0.254591 0.777092
vn -0.296745 0.119998 0.947388
vn -0.463561 0.141261 0.874732
vn -0.158307 0.530984 0.832463
vn -0.351376 0.519291 0.779020
vn 0.063055 0.860464 0.505594
vn -0.048998 0.542101 0.838883
vn 0.129894 0.991336 0.019518
vn 0.096943 0.869553 -0.484231
vn -0.021277 0.491731 -0.870487
vn -0.118373 -0.026953 -0.992603
vn -0.162639 -0.425250 -0.890343
vn -0.204961 -0.814819 -0.542274
vn -0.171609 -0.984863 0.024395
vn -0.195490 -0.847745 0.493064
vn -0.271244 -0.406617 0.872404
vn -0.184517 0.121726 0.975262
vn -0.025626 -0.832335 -0.553680
vn 0.007180 -0.465306 -0.885121
vn 0.926547 -0.358859 -0.112826
vn 0.866045 -0.489110 0.103622
vn 0.932309 -0.348916 0.095167
vn 0.064245 -0.996588 0.051826
vn 0.029268 -0.067582 -0.997284
vn 0.933631 -0.202573 -0.295463
vn 0.164539 0.449976 -0.877752
vn 0.974791 -0.066496 -0.212981
vn 0.276245 0.833057 -0.479275
vn 0.994471 0.051164 -0.091706
vn 0.282809 0.959084 0.013300
vn 0.997432 0.071443 -0.004936
vn 0.197961 0.844713 0.497264
vn 0.979807 0.039402 0.196025
vn 0.097946 0.537959 0.837261
vn 0.938840 -0.055162 0.339906
vn -0.014197 0.109630 0.993871
vn 0.904483 -0.201727 0.375789
vn -0.092477 -0.441403 0.892531
vn 0.874052 -0.423604 0.237892
vn 0.028345 -0.881616 0.471116
vn 0.920842 -0.389927 0.002571
vn 0.326480 0.686927 0.649263
vn 0.254281 0.965994 -0.046864
vn 0.997613 0.015413 0.067319
vn 0.925989 -0.215101 0.310282
vn 0.958356 -0.217148 0.185475
vn 0.286416 0.336151 0.897200
vn 0.981103 -0.184838 0.057199
vn 0.231391 0.039573 0.972056
vn 0.969256 -0.231293 0.083948
vn 0.162851 -0.492716 0.854816
vn 0.961987 -0.261036 0.080254
vn -0.000561 -0.879852 0.475247
vn 0.963928 -0.266008 -0.009112
vn 0.036415 -0.999038 -0.024423
vn 0.966301 -0.255280 0.033078
vn 0.121391 -0.873874 -0.470754
vn 0.966049 -0.249879 0.065650
vn 0.213344 -0.593572 -0.775988
vn 0.964455 -0.261384 0.038802
vn 0.349689 -0.223292 -0.909867
vn 0.952015 -0.296587 -0.075521
vn 0.465260 0.241674 -0.851544
vn 0.982195 -0.088064 -0.165944
vn 0.317319 0.814765 -0.485248
vn -0.883679 -0.309560 -0.351118
vn -0.915697 -0.401701 -0.011662
vn -0.835416 0.549564 0.007679
vn -0.851672 0.490054 0.185747
vn -0.886138 0.365434 0.284987
vn -0.814354 -0.086752 -0.573847
vn -0.921851 0.230326 0.311676
vn -0.738644 0.190788 -0.646533
vn -0.954218 0.094960 0.283637
vn -0.674476 0.470432 -0.569013
vn -0.984209 -0.026705 0.174986
vn -0.628566 0.700016 -0.338943
vn -0.996101 -0.088194 -0.002183
vn -0.612846 0.790199 0.002545
vn -0.984923 -0.019400 -0.171904
vn -0.625489 0.700170 0.344276
vn -0.956768 0.101098 -0.272717
vn -0.665139 0.472170 0.578486
vn -0.923961 0.229186 -0.306219
vn -0.733672 0.197102 0.650290
vn -0.885911 0.362229 -0.289745
vn -0.814689 -0.080494 0.574285
vn -0.853222 0.489092 -0.181111
vn -0.886162 -0.309861 0.344534
s 1
g body shoulder_right
usemtl head_plateSG
f 496/521/447 495/524/448 497/523/449 498/522/450
f 499/525/451 496/521/447 498/522/450 500/526/452
f 501/527/453 499/525/451 500/526/452 502/528/454
f 503/529/455 501/527/453 502/528/454 504/530/456
f 505/531/457 503/529/455 504/530/456 506/532/458
f 507/533/459 505/531/457 506/532/458 508/534/460
f 509/535/461 507/533/459 508/534/460 510/536/462
f 511/537/463 509/535/461 510/536/462 512/538/464
f 513/539/465 511/537/463 512/538/464 514/540/466
f 515/541/467 513/539/465 514/540/466 516/542/468
f 517/543/469 515/541/467 516/542/468 518/544/470
f 495/524/448 517/543/469 518/544/470 497/523/449
f 489/545/471 490/546/472 517/543/469 495/524/448
f 488/547/473 489/545/471 495/524/448 496/521/447
f 487/548/474 488/547/473 496/521/447 499/525/451
f 486/549/475 487/548/474 499/525/451 501/527/453
f 485/550/476 486/549/475 501/527/453 503/529/455
f 483/551/477 485/550/476 503/529/455 505/531/457
f 484/552/478 483/551/477 505/531/457 507/533/459
f 494/553/479 484/552/478 507/533/459 509/535/461
f 493/554/480 494/553/479 509/535/461 511/537/463
f 492/555/481 493/554/480 511/537/463 513/539/465
f 491/556/482 492/555/481 513/539/465 515/541/467
f 490/546/472 491/556/482 515/541/467 517/543/469
f 497/523/449 518/544/470 519/558/483 520/557/484
f 498/522/450 497/523/449 520/557/484 521/559/485
f 500/526/452 498/522/450 521/559/485 522/560/486
f 502/528/454 500/526/452 522/560/486 523/561/487
f 504/530/456 502/528/454 523/561/487 524/562/488
f 506/532/458 504/530/456 524/562/488 525/563/489
f 508/534/460 506/532/458 525/563/489 526/564/490
f 510/536/462 508/534/460 526/564/490 527/565/491
f 512/538/464 510/536/462 527/565/491 528/566/492
f 514/540/466 512/538/464 528/566/492 529/567/493
f 516/542/468 514/540/466 529/567/493 530/568/494
f 518/544/470 516/542/468 530/568/494 519/558/483
f 448/569/495 473/572/496 472/571/497 447/570/498
f 449/573/499 474/574/500 473/572/496 448/569/495
f 450/575/501 475/576/502 474/574/500 449/573/499
f 451/577/503 476/578/504 475/576/502 450/575/501
f 452/579/505 477/580/506 476/578/504 451/577/503
f 453/581/507 478/582/508 477/580/506 452/579/505
f 454/583/509 479/584/510 478/582/508 453/581/507
f 455/585/511 480/586/512 479/584/510 454/583/509
f 456/587/513 481/588/514 480/586/512 455/585/511
f 457/589/515 482/590/516 481/588/514 456/587/513
f 458/591/517 471/592/518 482/590/516 457/589/515
f 447/570/498 472/571/497 471/592/518 458/591/517
f 460/593/519 447/570/498 458/591/517 459/594/520
f 461/595/521 448/569/495 447/570/498 460/593/519
f 462/596/522 449/573/499 448/569/495 461/595/521
f 463/597/523 450/575/501 449/573/499 462/596/522
f 464/598/524 451/577/503 450/575/501 463/597/523
f 465/599/525 452/579/505 451/577/503 464/598/524
f 466/600/526 453/581/507 452/579/505 465/599/525
f 467/601/527 454/583/509 453/581/507 466/600/526
f 468/602/528 455/585/511 454/583/509 467/601/527
f 469/603/529 456/587/513 455/585/511 468/602/528
f 470/604/530 457/589/515 456/587/513 469/603/529
f 459/594/520 458/591/517 457/589/515 470/604/530
f 531/605/531 533/608/532 534/607/533 532/606/534
f 532/606/534 554/610/535 553/609/536 531/605/531
f 533/608/532 535/612/537 536/611/538 534/607/533
f 535/612/537 537/614/539 538/613/540 536/611/538
f 537/614/539 539/616/541 540/615/542 538/613/540
f 539/616/541 541/618/543 542/617/544 540/615/542
f 541/618/543 543/620/545 544/619/546 542/617/544
f 543/620/545 545/622/547 546/621/548 544/619/546
f 545/622/547 547/624/549 548/623/550 546/621/548
f 547/624/549 549/626/551 550/625/552 548/623/550
f 549/626/551 551/628/553 552/627/554 550/625/552
f 551/628/553 553/609/536 554/610/535 552/627/554
f 555/629/555 578/632/556 577/631/557 556/630/558
f 556/630/558 557/634/559 558/633/560 555/629/555
f 557/634/559 559/636/561 560/635/562 558/633/560
f 559/636/561 561/638/563 562/637/564 560/635/562
f 561/638/563 563/640/565 564/639/566 562/637/564
f 563/640/565 565/642/567 566/641/568 564/639/566
f 565/642/567 567/644/569 568/643/570 566/641/568
f 567/644/569 569/646/571 570/645/572 568/643/570
f 569/646/571 571/648/573 572/647/574 570/645/572
f 571/648/573 573/650/575 574/649/576 572/647/574
f 573/650/575 575/652/577 576/651/578 574/649/576
f 575/652/577 577/631/557 578/632/556 576/651/578
f 555/629/555 558/633/560 483/551/477 484/552/478
f 558/633/560 560/635/562 485/550/476 483/551/477
f 560/635/562 562/637/564 486/549/475 485/550/476
f 562/637/564 564/639/566 487/548/474 486/549/475
f 564/639/566 566/641/568 488/547/473 487/548/474
f 566/641/568 568/643/570 489/545/471 488/547/473
f 568/643/570 570/645/572 490/546/472 489/545/471
f 570/645/572 572/647/574 491/556/482 490/546/472
f 572/647/574 574/649/576 492/555/481 491/556/482
f 574/649/576 576/651/578 493/554/480 492/555/481
f 576/651/578 578/632/556 494/553/479 493/554/480
f 578/632/556 555/629/555 484/552/478 494/553/479
f 531/605/531 466/600/526 465/599/525 533/608/532
f 533/608/532 465/599/525 464/598/524 535/612/537
f 535/612/537 464/598/524 463/597/523 537/614/539
f 537/614/539 463/597/523 462/596/522 539/616/541
f 539/616/541 462/596/522 461/595/521 541/618/543
f 541/618/543 461/595/521 460/593/519 543/620/545
f 543/620/545 460/593/519 459/594/520 545/622/547
f 545/622/547 459/594/520 470/604/530 547/624/549
f 547/624/549 470/604/530 469/603/529 549/626/551
f 549/626/551 469/603/529 468/602/528 551/628/553
f 551/628/553 468/602/528 467/601/527 553/609/536
f 553/609/536 467/601/527 466/600/526 531/605/531
f 532/653/534 534/654/533 557/634/559 556/630/558
f 534/654/533 536/655/538 559/636/561 557/634/559
f 536/655/538 538/656/540 561/638/563 559/636/561
f 538/656/540 540/657/542 563/640/565 561/638/563
f 540/657/542 542/658/544 565/642/567 563/640/565
f 542/658/544 544/659/546 567/644/569 565/642/567
f 544/659/546 546/660/548 569/646/571 567/644/569
f 546/660/548 548/661/550 571/648/573 569/646/571
f 548/661/550 550/662/552 573/650/575 571/648/573
f 550/662/552 552/663/554 575/652/577 573/650/575
f 552/663/554 554/664/535 577/631/557 575/652/577
f 554/664/535 532/653/534 556/630/558 577/631/557
f 579/665/579 601/668/580 602/667/581 580/666/582
f 580/666/582 582/670/583 581/669/584 579/665/579
f 582/670/583 584/672/585 583/671/586 581/669/584
f 584/672/585 586/674/587 585/673/588 583/671/586
f 586/674/587 588/676/589 587/675/590 585/673/588
f 588/676/589 590/678/591 589/677/592 587/675/590
f 590/678/591 592/680/593 591/679/594 589/677/592
f 592/680/593 594/682/595 593/681/596 591/679/594
f 594/682/595 596/684/597 595/683/598 593/681/596
f 596/684/597 598/686/599 597/685/600 595/683/598
f 598/686/599 600/688/601 599/687/602 597/685/600
f 600/688/601 602/667/581 601/668/580 599/687/602
f 472/571/497 591/679/594 593/681/596 471/592/518
f 473/572/496 589/677/592 591/679/594 472/571/497
f 474/574/500 587/675/590 589/677/592 473/572/496
f 475/576/502 585/673/588 587/675/590 474/574/500
f 476/578/504 583/671/586 585/673/588 475/576/502
f 477/580/506 581/669/584 583/671/586 476/578/504
f 478/582/508 579/665/579 581/669/584 477/580/506
f 479/584/510 601/668/580 579/665/579 478/582/508
f 480/586/512 599/687/602 601/668/580 479/584/510
f 481/588/514 597/685/600 599/687/602 480/586/512
f 482/590/516 595/683/598 597/685/600 481/588/514
f 471/592/518 593/681/596 595/683/598 482/590/516
f 594/682/595 592/680/593 520/690/484 519/689/483
f 592/680/593 590/678/591 521/691/485 520/690/484
f 590/678/591 588/676/589 522/692/486 521/691/485
f 588/676/589 586/674/587 523/693/487 522/692/486
f 586/674/587 584/672/585 524/694/488 523/693/487
f 584/672/585 582/670/583 525/695/489 524/694/488
f 582/670/583 580/666/582 526/696/490 525/695/489
f 580/666/582 602/667/581 527/697/491 526/696/490
f 602/667/581 600/688/601 528/698/492 527/697/491
f 600/688/601 598/686/599 529/699/493 528/698/492
f 598/686/599 596/684/597 530/700/494 529/699/493
f 596/684/597 594/682/595 519/689/483 530/700/494
g default
v -0.191133 -0.178634 0.059722
v -0.203356 -0.167580 0.009857
v -0.192254 -0.176441 -0.042120
v -0.168889 -0.207539 -0.083017
v -0.139580 -0.259691 -0.095217
v -0.115065 -0.314223 -0.080602
v -0.103946 -0.357756 -0.043501
v -0.100950 -0.371436 0.009691
v -0.105417 -0.357721 0.063422
v -0.117439 -0.316293 0.101886
v -0.140733 -0.260620 0.115009
v -0.169758 -0.209577 0.096858
v -0.154299 -0.196347 0.100175
v -0.173450 -0.167389 0.061383
v -0.187037 -0.155075 0.010347
v -0.175058 -0.164623 -0.044901
v -0.151390 -0.194053 -0.089439
v -0.120003 -0.248948 -0.100535
v -0.093537 -0.304919 -0.082802
v -0.084596 -0.350419 -0.046997
v -0.083497 -0.363741 0.009504
v -0.089008 -0.347833 0.068194
v -0.098999 -0.309470 0.109286
v -0.123042 -0.250675 0.122325
v -0.184343 -0.225289 0.087910
v -0.205771 -0.195188 0.055014
v -0.215365 -0.186958 0.009592
v -0.205665 -0.194667 -0.035806
v -0.184495 -0.225197 -0.069976
v -0.159813 -0.270286 -0.082741
v -0.138891 -0.318807 -0.070707
v -0.126358 -0.357108 -0.036979
v -0.121919 -0.369669 0.009862
v -0.125274 -0.358244 0.056571
v -0.137864 -0.319220 0.090170
v -0.159131 -0.270279 0.102057
v -0.097517 -0.292143 -0.058305
v -0.093138 -0.327508 -0.032587
v -0.118827 -0.246801 -0.072957
v -0.141753 -0.204264 -0.065559
v -0.160232 -0.183732 -0.031679
v -0.169915 -0.176555 0.009632
v -0.158582 -0.185849 0.047261
v -0.143707 -0.207555 0.077245
v -0.118716 -0.250755 0.095212
v -0.101548 -0.295030 0.085589
v -0.098177 -0.324759 0.054569
v -0.094298 -0.337556 0.009962
v -0.174828 -0.195678 0.045568
v -0.184111 -0.187274 0.009174
v -0.187826 -0.201684 0.045149
v -0.195341 -0.195086 0.009280
v -0.174864 -0.193144 -0.028997
v -0.187074 -0.200562 -0.026696
v -0.156797 -0.215550 -0.059863
v -0.169566 -0.225759 -0.054300
v -0.135170 -0.256752 -0.068463
v -0.149077 -0.264524 -0.064701
v -0.115939 -0.300598 -0.056555
v -0.131332 -0.306467 -0.054335
v -0.108523 -0.334021 -0.028926
v -0.120780 -0.338459 -0.026822
v -0.107051 -0.344045 0.010057
v -0.117099 -0.348567 0.010192
v -0.110066 -0.333631 0.049585
v -0.119564 -0.339513 0.047109
v -0.116926 -0.302039 0.078579
v -0.129677 -0.307074 0.074321
v -0.134657 -0.259118 0.088712
v -0.147975 -0.265362 0.084240
v -0.158042 -0.218960 0.073967
v -0.169913 -0.226852 0.071841
v -0.181393 -0.239808 0.062312
v -0.195981 -0.217962 0.039435
v -0.202255 -0.212447 0.009493
v -0.195716 -0.217379 -0.020512
v -0.181281 -0.239320 -0.043422
v -0.163768 -0.272104 -0.052272
v -0.148308 -0.307004 -0.043919
v -0.138861 -0.333998 -0.020984
v -0.135496 -0.342594 0.010038
v -0.137769 -0.335122 0.040899
v -0.147407 -0.307715 0.063310
v -0.163318 -0.272560 0.071453
v -0.069797 -0.341457 -0.049158
v -0.068841 -0.336347 -0.047245
v -0.082478 -0.293904 -0.082660
v -0.080803 -0.290954 -0.079268
v -0.103425 -0.239525 -0.103329
v -0.101087 -0.237930 -0.099591
v -0.133398 -0.185102 -0.090905
v -0.129818 -0.185525 -0.087616
v -0.159455 -0.156945 -0.045684
v -0.155065 -0.158603 -0.043924
v -0.171974 -0.146710 0.010909
v -0.167344 -0.148607 0.010913
v -0.160247 -0.157343 0.063405
v -0.155989 -0.158443 0.061717
v -0.141836 -0.186016 0.101201
v -0.138321 -0.186015 0.098202
v -0.109342 -0.242495 0.126885
v -0.106555 -0.241290 0.123653
v -0.085295 -0.302721 0.114295
v -0.083361 -0.299241 0.111519
v -0.078335 -0.335936 0.071448
v -0.077841 -0.330713 0.070265
v -0.070461 -0.353591 0.008802
v -0.070075 -0.348004 0.009166
v -0.078820 -0.320189 -0.035668
v -0.074915 -0.322127 -0.038252
v -0.084177 -0.282196 -0.062167
v -0.087426 -0.281697 -0.058563
v -0.100963 -0.236601 -0.080763
v -0.103075 -0.237572 -0.076419
v -0.124310 -0.192622 -0.072111
v -0.125390 -0.195546 -0.068115
v -0.145505 -0.172323 -0.034859
v -0.145919 -0.176336 -0.032828
v -0.156230 -0.163144 0.010543
v -0.155989 -0.167670 0.010349
v -0.145592 -0.171277 0.052139
v -0.145492 -0.175495 0.049796
v -0.131044 -0.193920 0.082577
v -0.131478 -0.197376 0.079003
v -0.103831 -0.241743 0.105307
v -0.105419 -0.243081 0.100521
v -0.085474 -0.290063 0.096656
v -0.088382 -0.288935 0.091891
v -0.085165 -0.315309 0.061345
v -0.089002 -0.314264 0.058414
v -0.078264 -0.331214 0.008829
v -0.082467 -0.329234 0.008923
v -0.140284 -0.355788 -0.033591
v -0.144904 -0.346121 -0.027336
v -0.151984 -0.320439 -0.064945
v -0.155353 -0.315425 -0.054363
v -0.171506 -0.275506 -0.076180
v -0.172594 -0.276216 -0.064094
v -0.194391 -0.233625 -0.064262
v -0.192434 -0.239497 -0.053777
v -0.213901 -0.205256 -0.032511
v -0.209124 -0.214687 -0.026469
v -0.222928 -0.198183 0.009582
v -0.217013 -0.208607 0.009557
v -0.213953 -0.205696 0.051702
v -0.209262 -0.215099 0.045609
v -0.194086 -0.233503 0.083219
v -0.192298 -0.239645 0.072854
v -0.170855 -0.275478 0.095440
v -0.172026 -0.276308 0.083367
v -0.151008 -0.320785 0.084351
v -0.154421 -0.315829 0.073762
v -0.139212 -0.356778 0.053132
v -0.143859 -0.347005 0.046920
v -0.136100 -0.367360 0.009832
v -0.141157 -0.356059 0.009846
vt 0.573799 0.979122
vt 0.573981 0.976144
vt 0.582811 0.974885
vt 0.584370 0.977637
vt 0.563037 0.976379
vt 0.565175 0.973988
vt 0.554474 0.968147
vt 0.558063 0.966453
vt 0.552098 0.955107
vt 0.555936 0.955244
vt 0.556922 0.942292
vt 0.560109 0.944446
vt 0.566357 0.935129
vt 0.567987 0.937687
vt 0.576940 0.933551
vt 0.576893 0.936060
vt 0.587413 0.936938
vt 0.585556 0.938536
vt 0.596302 0.944863
vt 0.593113 0.946185
vt 0.599100 0.958095
vt 0.595525 0.957939
vt 0.593526 0.970908
vt 0.590878 0.968875
vt 0.586567 0.981429
vt 0.596882 0.973801
vt 0.573659 0.983183
vt 0.560306 0.979353
vt 0.550288 0.969983
vt 0.547376 0.955176
vt 0.552755 0.939899
vt 0.563830 0.931997
vt 0.577079 0.930214
vt 0.590505 0.935189
vt 0.600643 0.943666
vt 0.603608 0.958552
vt 0.581065 0.970964
vt 0.587276 0.965989
vt 0.574215 0.972156
vt 0.567663 0.970361
vt 0.562393 0.964219
vt 0.560888 0.955616
vt 0.563733 0.947362
vt 0.569729 0.941847
vt 0.576697 0.940289
vt 0.583484 0.942164
vt 0.588765 0.948729
vt 0.590446 0.957794
vt 0.492306 0.979781
vt 0.482539 0.975819
vt 0.485001 0.972973
vt 0.492979 0.976089
vt 0.503077 0.979485
vt 0.501547 0.975830
vt 0.512685 0.973442
vt 0.509370 0.970502
vt 0.518106 0.962187
vt 0.513681 0.961427
vt 0.517000 0.949754
vt 0.512774 0.951423
vt 0.509823 0.940864
vt 0.507233 0.943687
vt 0.500173 0.936579
vt 0.499394 0.940042
vt 0.489317 0.937043
vt 0.490731 0.940295
vt 0.479632 0.942921
vt 0.482674 0.945662
vt 0.474137 0.954443
vt 0.478208 0.955159
vt 0.475813 0.967298
vt 0.479430 0.965525
vt 0.480136 0.978423
vt 0.472766 0.969045
vt 0.491605 0.983169
vt 0.504657 0.982715
vt 0.515628 0.975798
vt 0.522019 0.963006
vt 0.520913 0.948398
vt 0.512421 0.938598
vt 0.500935 0.933386
vt 0.487346 0.934344
vt 0.476644 0.940860
vt 0.470361 0.954003
vt 0.514831 0.936934
vt 0.515495 0.936473
vt 0.524568 0.948285
vt 0.523762 0.948534
vt 0.501745 0.930624
vt 0.501772 0.929729
vt 0.525985 0.964072
vt 0.525242 0.963891
vt 0.519221 0.978088
vt 0.518597 0.977646
vt 0.506461 0.986164
vt 0.506114 0.985403
vt 0.490804 0.986837
vt 0.490954 0.986062
vt 0.477603 0.981131
vt 0.478100 0.980536
vt 0.469656 0.970973
vt 0.470358 0.970605
vt 0.466624 0.953689
vt 0.467360 0.953758
vt 0.473398 0.939290
vt 0.474090 0.939620
vt 0.484562 0.931664
vt 0.485134 0.932411
vt 0.560939 0.929109
vt 0.560201 0.928007
vt 0.577002 0.925466
vt 0.577026 0.926684
vt 0.549048 0.939590
vt 0.547995 0.938897
vt 0.542868 0.955234
vt 0.541582 0.955194
vt 0.545763 0.971413
vt 0.544515 0.971894
vt 0.557588 0.982173
vt 0.556826 0.983073
vt 0.573592 0.987222
vt 0.573568 0.988412
vt 0.588769 0.984948
vt 0.589383 0.986056
vt 0.599665 0.976519
vt 0.600639 0.977390
vt 0.607679 0.959268
vt 0.609043 0.959419
vt 0.604666 0.942983
vt 0.606052 0.942455
vt 0.593863 0.933904
vt 0.594939 0.933188
vt 0.517339 0.934289
vt 0.527559 0.947209
vt 0.528983 0.964576
vt 0.521362 0.980118
vt 0.507154 0.988995
vt 0.490308 0.989984
vt 0.475983 0.983460
vt 0.466766 0.972242
vt 0.463710 0.953228
vt 0.471228 0.937408
vt 0.483814 0.928628
vt 0.502078 0.926724
vt 0.505794 0.945539
vt 0.504557 0.947092
vt 0.498561 0.944270
vt 0.498949 0.942331
vt 0.510480 0.952386
vt 0.508542 0.953173
vt 0.511205 0.961168
vt 0.509136 0.960834
vt 0.507434 0.969067
vt 0.505896 0.967700
vt 0.500652 0.973692
vt 0.500049 0.971752
vt 0.493337 0.973935
vt 0.493636 0.972108
vt 0.486517 0.971275
vt 0.487702 0.969658
vt 0.481622 0.964716
vt 0.483526 0.963852
vt 0.480647 0.955734
vt 0.482724 0.956093
vt 0.484439 0.947436
vt 0.485934 0.948902
vt 0.491371 0.942583
vt 0.491923 0.944576
vt 0.485965 0.962903
vt 0.489224 0.967746
vt 0.494023 0.969789
vt 0.499230 0.969414
vt 0.503892 0.966058
vt 0.506477 0.960395
vt 0.506064 0.953986
vt 0.502928 0.948828
vt 0.498084 0.946568
vt 0.492734 0.946845
vt 0.487964 0.950566
vt 0.485333 0.956470
vn 0.559326 -0.828573 -0.024913
vn 0.492937 -0.689023 -0.531283
vn 0.687128 -0.504730 -0.522592
vn 0.788129 -0.615498 -0.003969
vn 0.571775 -0.652553 0.497239
vn 0.729851 -0.465231 0.500877
vn 0.449301 -0.250028 0.857680
vn 0.579421 -0.133518 0.804017
vn 0.182728 0.140993 0.973001
vn 0.378081 0.193773 0.905266
vn -0.036546 0.438859 0.897812
vn 0.211189 0.507840 0.835164
vn -0.248939 0.786362 0.565389
vn 0.089187 0.844728 0.527713
vn -0.421593 0.906769 -0.005493
vn 0.013597 0.999849 0.010811
vn -0.292031 0.799264 -0.525257
vn 0.093156 0.856569 -0.507554
vn 0.085825 0.484164 -0.870758
vn 0.266589 0.515764 -0.814198
vn 0.299917 0.083776 -0.950280
vn 0.408992 0.171417 -0.896293
vn 0.409550 -0.326423 -0.851890
vn 0.538758 -0.182242 -0.822513
vn 0.546869 -0.660855 -0.514009
vn 0.449864 -0.329239 -0.830195
vn 0.567993 -0.822549 -0.028227
vn 0.520990 -0.710109 0.473618
vn 0.387289 -0.317387 0.865605
vn 0.121975 0.130262 0.983948
vn -0.110229 0.418891 0.901321
vn -0.328142 0.767828 0.550239
vn -0.507090 0.860519 -0.048664
vn -0.380919 0.777289 -0.500722
vn 0.080747 0.490195 -0.867865
vn 0.328737 0.059909 -0.942519
vn 0.220202 -0.393854 -0.892407
vn 0.425886 -0.726791 -0.538883
vn 0.495316 -0.868707 -0.003294
vn 0.456107 -0.709929 0.536626
vn 0.256296 -0.373821 0.891387
vn 0.042758 0.011523 0.999019
vn -0.131068 0.402163 0.906138
vn -0.271129 0.772450 0.574291
vn -0.308769 0.950890 0.021700
vn -0.249522 0.783082 -0.569668
vn -0.104673 0.401146 -0.910014
vn 0.043388 0.001834 -0.999057
vn -0.727421 0.685984 0.016871
vn -0.833656 0.552242 0.006832
vn -0.745126 0.440751 0.500526
vn -0.646753 0.564007 0.513426
vn -0.694130 0.532220 -0.484691
vn -0.781588 0.399345 -0.479212
vn -0.543707 0.181418 -0.819433
vn -0.624910 0.093044 -0.775133
vn -0.300286 -0.183270 -0.936077
vn -0.426801 -0.220773 -0.876983
vn -0.098923 -0.493218 -0.864263
vn -0.269999 -0.526420 -0.806215
vn 0.054766 -0.839385 -0.540771
vn -0.167318 -0.846032 -0.506196
vn 0.165052 -0.986284 0.001571
vn -0.109171 -0.993962 -0.010988
vn 0.058504 -0.862013 0.503499
vn -0.180317 -0.858442 0.480169
vn -0.208390 -0.525437 0.824918
vn -0.325170 -0.532321 0.781600
vn -0.393859 -0.145895 0.907518
vn -0.459604 -0.200690 0.865152
vn -0.527578 0.231890 0.817245
vn -0.593703 0.139205 0.792552
vn -0.538565 0.674845 0.504512
vn -0.435691 0.337727 0.834334
vn -0.558727 0.829082 0.021146
vn -0.509733 0.714515 -0.479209
vn -0.370053 0.335165 -0.866444
vn -0.115919 -0.107690 -0.987404
vn 0.132921 -0.432701 -0.891685
vn 0.347891 -0.767247 -0.538798
vn 0.495369 -0.868130 0.030979
vn 0.376823 -0.782010 0.496452
vn -0.030806 -0.496018 0.867766
vn -0.293605 -0.063806 0.953795
vn 0.605565 -0.606687 -0.514997
vn 0.366428 -0.300007 -0.880753
vn 0.960389 0.262026 -0.094840
vn 0.978514 0.206137 -0.004196
vn 0.962978 0.262798 0.060089
vn 0.731281 -0.680479 0.046655
vn 0.107768 0.010456 -0.994121
vn 0.895421 0.401154 -0.193123
vn -0.137338 0.461074 -0.876669
vn 0.770868 0.620209 -0.145269
vn -0.277275 0.845558 -0.456235
vn 0.695474 0.718528 -0.005805
vn -0.373924 0.927259 0.019281
vn 0.680355 0.732859 0.005891
vn -0.380334 0.784356 0.490033
vn 0.698139 0.712026 0.074970
vn -0.267253 0.475793 0.837972
vn 0.756285 0.616501 0.218996
vn -0.086848 0.070649 0.993713
vn 0.850932 0.449650 0.271532
vn 0.196814 -0.391963 0.898682
vn 0.959399 0.228419 0.165465
vn 0.628683 -0.625769 0.461705
vn 0.972114 0.234021 0.015097
vn -0.087410 0.791677 0.604655
vn -0.341879 0.938294 -0.052189
vn 0.866205 0.498027 0.040722
vn 0.910897 0.386494 0.144533
vn 0.924768 0.359797 0.123897
vn 0.079604 0.430663 0.898995
vn 0.906732 0.419736 0.040718
vn 0.292896 0.196074 0.935824
vn 0.843122 0.534319 0.060402
vn 0.514392 -0.173646 0.839791
vn 0.824375 0.555027 0.111137
vn 0.625677 -0.609119 0.487343
vn 0.832023 0.554725 0.004252
vn 0.730131 -0.682843 -0.025187
vn 0.827769 0.559606 -0.040487
vn 0.731198 -0.474891 -0.489723
vn 0.849844 0.526373 0.026407
vn 0.634688 -0.192816 -0.748327
vn 0.896282 0.442049 0.035651
vn 0.536908 0.139081 -0.832098
vn 0.942437 0.330367 -0.051678
vn 0.375315 0.483996 -0.790498
vn 0.896256 0.430685 -0.106000
vn -0.183806 0.848911 -0.495546
vn -0.518004 -0.768134 -0.376354
vn -0.495156 -0.868785 -0.005778
vn -0.996805 -0.078704 0.013643
vn -0.982121 -0.134974 0.131226
vn -0.939932 -0.250204 0.232218
vn -0.581803 -0.542918 -0.605595
vn -0.864650 -0.424589 0.268524
vn -0.669914 -0.318393 -0.670702
vn -0.771365 -0.595219 0.225189
vn -0.788666 -0.092877 -0.607767
vn -0.686150 -0.722424 0.085452
vn -0.913346 0.105520 -0.393275
vn -0.649227 -0.760577 -0.005264
vn -0.986740 0.162308 0.000288
vn -0.692014 -0.717466 -0.079741
vn -0.911407 0.105216 0.397827
vn -0.776013 -0.597237 -0.202758
vn -0.778444 -0.088103 0.621500
vn -0.865099 -0.433386 -0.252548
vn -0.665277 -0.311950 0.678302
vn -0.938829 -0.257227 -0.228985
vn -0.583727 -0.538127 0.608015
vn -0.983686 -0.136282 -0.117426
vn -0.517908 -0.767033 0.378725
s 1
g body hip_socket_right
usemtl head_plateSG
f 652/701/603 651/704/604 653/703/605 654/702/606
f 655/705/607 652/701/603 654/702/606 656/706/608
f 657/707/609 655/705/607 656/706/608 658/708/610
f 659/709/611 657/707/609 658/708/610 660/710/612
f 661/711/613 659/709/611 660/710/612 662/712/614
f 663/713/615 661/711/613 662/712/614 664/714/616
f 665/715/617 663/713/615 664/714/616 666/716/618
f 667/717/619 665/715/617 666/716/618 668/718/620
f 669/719/621 667/717/619 668/718/620 670/720/622
f 671/721/623 669/719/621 670/720/622 672/722/624
f 673/723/625 671/721/623 672/722/624 674/724/626
f 651/704/604 673/723/625 674/724/626 653/703/605
f 645/725/627 646/726/628 673/723/625 651/704/604
f 644/727/629 645/725/627 651/704/604 652/701/603
f 643/728/630 644/727/629 652/701/603 655/705/607
f 642/729/631 643/728/630 655/705/607 657/707/609
f 641/730/632 642/729/631 657/707/609 659/709/611
f 639/731/633 641/730/632 659/709/611 661/711/613
f 640/732/634 639/731/633 661/711/613 663/713/615
f 650/733/635 640/732/634 663/713/615 665/715/617
f 649/734/636 650/733/635 665/715/617 667/717/619
f 648/735/637 649/734/636 667/717/619 669/719/621
f 647/736/638 648/735/637 669/719/621 671/721/623
f 646/726/628 647/736/638 671/721/623 673/723/625
f 653/703/605 674/724/626 675/738/639 676/737/640
f 654/702/606 653/703/605 676/737/640 677/739/641
f 656/706/608 654/702/606 677/739/641 678/740/642
f 658/708/610 656/706/608 678/740/642 679/741/643
f 660/710/612 658/708/610 679/741/643 680/742/644
f 662/712/614 660/710/612 680/742/644 681/743/645
f 664/714/616 662/712/614 681/743/645 682/744/646
f 666/716/618 664/714/616 682/744/646 683/745/647
f 668/718/620 666/716/618 683/745/647 684/746/648
f 670/720/622 668/718/620 684/746/648 685/747/649
f 672/722/624 670/720/622 685/747/649 686/748/650
f 674/724/626 672/722/624 686/748/650 675/738/639
f 604/749/651 629/752/652 628/751/653 603/750/654
f 605/753/655 630/754/656 629/752/652 604/749/651
f 606/755/657 631/756/658 630/754/656 605/753/655
f 607/757/659 632/758/660 631/756/658 606/755/657
f 608/759/661 633/760/662 632/758/660 607/757/659
f 609/761/663 634/762/664 633/760/662 608/759/661
f 610/763/665 635/764/666 634/762/664 609/761/663
f 611/765/667 636/766/668 635/764/666 610/763/665
f 612/767/669 637/768/670 636/766/668 611/765/667
f 613/769/671 638/770/672 637/768/670 612/767/669
f 614/771/673 627/772/674 638/770/672 613/769/671
f 603/750/654 628/751/653 627/772/674 614/771/673
f 616/773/675 603/750/654 614/771/673 615/774/676
f 617/775/677 604/749/651 603/750/654 616/773/675
f 618/776/678 605/753/655 604/749/651 617/775/677
f 619/777/679 606/755/657 605/753/655 618/776/678
f 620/778/680 607/757/659 606/755/657 619/777/679
f 621/779/681 608/759/661 607/757/659 620/778/680
f 622/780/682 609/761/663 608/759/661 621/779/681
f 623/781/683 610/763/665 609/761/663 622/780/682
f 624/782/684 611/765/667 610/763/665 623/781/683
f 625/783/685 612/767/669 611/765/667 624/782/684
f 626/784/686 613/769/671 612/767/669 625/783/685
f 615/774/676 614/771/673 613/769/671 626/784/686
f 687/785/687 689/788/688 690/787/689 688/786/690
f 688/786/690 710/790/691 709/789/692 687/785/687
f 689/788/688 691/792/693 692/791/694 690/787/689
f 691/792/693 693/794/695 694/793/696 692/791/694
f 693/794/695 695/796/697 696/795/698 694/793/696
f 695/796/697 697/798/699 698/797/700 696/795/698
f 697/798/699 699/800/701 700/799/702 698/797/700
f 699/800/701 701/802/703 702/801/704 700/799/702
f 701/802/703 703/804/705 704/803/706 702/801/704
f 703/804/705 705/806/707 706/805/708 704/803/706
f 705/806/707 707/808/709 708/807/710 706/805/708
f 707/808/709 709/789/692 710/790/691 708/807/710
f 711/809/711 734/812/712 733/811/713 712/810/714
f 712/810/714 713/814/715 714/813/716 711/809/711
f 713/814/715 715/816/717 716/815/718 714/813/716
f 715/816/717 717/818/719 718/817/720 716/815/718
f 717/818/719 719/820/721 720/819/722 718/817/720
f 719/820/721 721/822/723 722/821/724 720/819/722
f 721/822/723 723/824/725 724/823/726 722/821/724
f 723/824/725 725/826/727 726/825/728 724/823/726
f 725/826/727 727/828/729 728/827/730 726/825/728
f 727/828/729 729/830/731 730/829/732 728/827/730
f 729/830/731 731/832/733 732/831/734 730/829/732
f 731/832/733 733/811/713 734/812/712 732/831/734
f 711/809/711 714/813/716 639/731/633 640/732/634
f 714/813/716 716/815/718 641/730/632 639/731/633
f 716/815/718 718/817/720 642/729/631 641/730/632
f 718/817/720 720/819/722 643/728/630 642/729/631
f 720/819/722 722/821/724 644/727/629 643/728/630
f 722/821/724 724/823/726 645/725/627 644/727/629
f 724/823/726 726/825/728 646/726/628 645/725/627
f 726/825/728 728/827/730 647/736/638 646/726/628
f 728/827/730 730/829/732 648/735/637 647/736/638
f 730/829/732 732/831/734 649/734/636 648/735/637
f 732/831/734 734/812/712 650/733/635 649/734/636
f 734/812/712 711/809/711 640/732/634 650/733/635
f 687/785/687 622/780/682 621/779/681 689/788/688
f 689/788/688 621/779/681 620/778/680 691/792/693
f 691/792/693 620/778/680 619/777/679 693/794/695
f 693/794/695 619/777/679 618/776/678 695/796/697
f 695/796/697 618/776/678 617/775/677 697/798/699
f 697/798/699 617/775/677 616/773/675 699/800/701
f 699/800/701 616/773/675 615/774/676 701/802/703
f 701/802/703 615/774/676 626/784/686 703/804/705
f 703/804/705 626/784/686 625/783/685 705/806/707
f 705/806/707 625/783/685 624/782/684 707/808/709
f 707/808/709 624/782/684 623/781/683 709/789/692
f 709/789/692 623/781/683 622/780/682 687/785/687
f 688/786/690 690/787/689 713/834/715 712/833/714
f 690/787/689 692/791/694 715/835/717 713/834/715
f 692/791/694 694/793/696 717/836/719 715/835/717
f 694/793/696 696/795/698 719/837/721 717/836/719
f 696/795/698 698/797/700 721/838/723 719/837/721
f 698/797/700 700/799/702 723/839/725 721/838/723
f 700/799/702 702/801/704 725/840/727 723/839/725
f 702/801/704 704/803/706 727/841/729 725/840/727
f 704/803/706 706/805/708 729/842/731 727/841/729
f 706/805/708 708/807/710 731/843/733 729/842/731
f 708/807/710 710/790/691 733/844/713 731/843/733
f 710/790/691 688/786/690 712/833/714 733/844/713
f 735/845/735 757/848/736 758/847/737 736/846/738
f 736/846/738 738/850/739 737/849/740 735/845/735
f 738/850/739 740/852/741 739/851/742 737/849/740
f 740/852/741 742/854/743 741/853/744 739/851/742
f 742/854/743 744/856/745 743/855/746 741/853/744
f 744/856/745 746/858/747 745/857/748 743/855/746
f 746/858/747 748/860/749 747/859/750 745/857/748
f 748/860/749 750/862/751 749/861/752 747/859/750
f 750/862/751 752/864/753 751/863/754 749/861/752
f 752/864/753 754/866/755 753/865/756 751/863/754
f 754/866/755 756/868/757 755/867/758 753/865/756
f 756/868/757 758/847/737 757/848/736 755/867/758
f 628/751/653 747/859/750 749/861/752 627/772/674
f 629/752/652 745/857/748 747/859/750 628/751/653
f 630/754/656 743/855/746 745/857/748 629/752/652
f 631/756/658 741/853/744 743/855/746 630/754/656
f 632/758/660 739/851/742 741/853/744 631/756/658
f 633/760/662 737/849/740 739/851/742 632/758/660
f 634/762/664 735/845/735 737/849/740 633/760/662
f 635/764/666 757/848/736 735/845/735 634/762/664
f 636/766/668 755/867/758 757/848/736 635/764/666
f 637/768/670 753/865/756 755/867/758 636/766/668
f 638/770/672 751/863/754 753/865/756 637/768/670
f 627/772/674 749/861/752 751/863/754 638/770/672
f 750/862/751 748/860/749 676/870/640 675/869/639
f 748/860/749 746/858/747 677/871/641 676/870/640
f 746/858/747 744/856/745 678/872/642 677/871/641
f 744/856/745 742/854/743 679/873/643 678/872/642
f 742/854/743 740/852/741 680/874/644 679/873/643
f 740/852/741 738/850/739 681/875/645 680/874/644
f 738/850/739 736/846/738 682/876/646 681/875/645
f 736/846/738 758/847/737 683/877/647 682/876/646
f 758/847/737 756/868/757 684/878/648 683/877/647
f 756/868/757 754/866/755 685/879/649 684/878/648
f 754/866/755 752/864/753 686/880/650 685/879/649
f 752/864/753 750/862/751 675/869/639 686/880/650
g default
v -0.001609 -0.287240 -0.126632
v -0.001609 -0.371556 0.126030
v -0.001609 -0.247463 0.218051
v -0.001609 -0.138588 -0.136988
v -0.001609 -0.386108 -0.017378
v -0.001609 -0.313891 0.187875
v -0.001609 -0.211401 -0.146755
v -0.001609 -0.325841 -0.102734
v -0.001609 -0.389003 0.080508
v -0.001609 -0.107777 -0.125126
v -0.001609 -0.218766 0.223806
v -0.001609 -0.279960 0.207316
v -0.001609 -0.173287 -0.144978
v -0.001609 -0.250344 -0.140626
v -0.001609 -0.348602 0.161319
v -0.001609 -0.359565 -0.063141
v -0.001609 -0.397161 0.032627
v -0.001609 -0.189560 0.226248
v -0.001609 -0.082001 -0.111069
v -0.099572 -0.348138 0.096494
v -0.144818 -0.235788 0.142615
v -0.070087 -0.308371 0.174661
v -0.061686 -0.213369 -0.136054
v -0.047069 -0.323779 -0.097087
v -0.049648 -0.382692 0.076166
v -0.082731 -0.245107 0.198989
v -0.073786 -0.145753 -0.122468
v -0.044209 -0.379107 -0.016898
v -0.056031 -0.364775 0.119243
v -0.123213 -0.294899 0.134630
v -0.051161 -0.285789 -0.119168
v -0.078551 -0.117449 -0.108827
v -0.151203 -0.210020 0.146610
v -0.085077 -0.217848 0.204767
v -0.044845 -0.218525 0.218818
v -0.043591 -0.246849 0.213079
v -0.036608 -0.312463 0.184458
v -0.029108 -0.369814 0.124287
v -0.025736 -0.387377 0.079454
v -0.022726 -0.382622 -0.017212
v -0.024217 -0.325318 -0.101302
v -0.026405 -0.286871 -0.124731
v -0.031928 -0.211905 -0.144015
v -0.038349 -0.140420 -0.133275
v -0.040958 -0.110247 -0.120963
v -0.095572 -0.283612 -0.101856
v -0.115574 -0.218416 -0.109906
v -0.136400 -0.161807 -0.087291
v -0.143821 -0.138150 -0.069608
v -0.040227 -0.278878 0.203052
v -0.076708 -0.275789 0.190883
v -0.134384 -0.264421 0.142144
v -0.126601 -0.187998 -0.101741
v -0.067885 -0.177672 -0.132470
v -0.035191 -0.174410 -0.141775
v -0.028908 -0.250349 -0.138306
v -0.055914 -0.250365 -0.131546
v -0.104795 -0.251192 -0.109913
v -0.111357 -0.326840 0.120303
v -0.063056 -0.342183 0.151479
v -0.032830 -0.346947 0.158782
v -0.044776 -0.356067 -0.060003
v -0.022981 -0.358680 -0.062346
v -0.023657 -0.393052 0.032011
v -0.045808 -0.388898 0.030140
v -0.087448 -0.319263 -0.084620
v -0.082673 -0.346783 -0.054100
v -0.080882 -0.366107 -0.017876
v -0.082839 -0.373562 0.021644
v -0.088976 -0.366290 0.061119
v -0.121735 -0.215493 0.180392
v -0.117293 -0.241773 0.175421
v -0.108748 -0.270986 0.170461
v -0.099591 -0.302307 0.158011
v -0.089836 -0.335093 0.138747
v -0.079982 -0.357096 0.110147
v -0.070987 -0.375304 0.070094
v -0.065695 -0.382112 0.026576
v -0.063758 -0.373298 -0.017038
v -0.064857 -0.351818 -0.057012
v -0.068323 -0.321631 -0.091145
v -0.074346 -0.284575 -0.111107
v -0.081302 -0.250596 -0.121609
v -0.089642 -0.215575 -0.124187
v -0.098414 -0.182321 -0.118596
v -0.106514 -0.153080 -0.106567
v -0.112893 -0.126989 -0.091099
v -0.044223 -0.189730 0.221513
v -0.084157 -0.190209 0.208144
v -0.120893 -0.189319 0.185777
v -0.151947 -0.184842 0.154163
v -0.179850 -0.172342 0.104019
v -0.187133 -0.156285 0.079876
v -0.189589 -0.143812 0.047310
v -0.187253 -0.134908 0.015729
v -0.176181 -0.132739 -0.019793
v -0.146456 -0.115135 -0.054317
v -0.115113 -0.103033 -0.076819
v -0.080156 -0.092573 -0.094957
v -0.041954 -0.084720 -0.106926
v 0.096355 -0.348138 0.096494
v 0.141600 -0.235788 0.142615
v 0.066869 -0.308371 0.174661
v 0.058469 -0.213369 -0.136054
v 0.043851 -0.323779 -0.097087
v 0.046430 -0.382692 0.076166
v 0.079513 -0.245107 0.198989
v 0.070568 -0.145753 -0.122468
v 0.040991 -0.379107 -0.016898
v 0.052813 -0.364775 0.119243
v 0.119995 -0.294899 0.134630
v 0.047943 -0.285789 -0.119168
v 0.075334 -0.117449 -0.108827
v 0.147985 -0.210020 0.146610
v 0.081860 -0.217848 0.204767
v 0.041627 -0.218525 0.218818
v 0.040374 -0.246849 0.213079
v 0.033390 -0.312463 0.184458
v 0.025890 -0.369814 0.124287
v 0.022518 -0.387377 0.079454
v 0.019508 -0.382622 -0.017212
v 0.020999 -0.325318 -0.101302
v 0.023187 -0.286871 -0.124731
v 0.028710 -0.211905 -0.144015
v 0.035131 -0.140420 -0.133275
v 0.037741 -0.110247 -0.120963
v 0.092354 -0.283612 -0.101856
v 0.112356 -0.218416 -0.109906
v 0.133183 -0.161807 -0.087291
v 0.140603 -0.138150 -0.069608
v 0.037009 -0.278878 0.203052
v 0.073490 -0.275789 0.190883
v 0.131166 -0.264421 0.142144
v 0.123383 -0.187998 -0.101741
v 0.064667 -0.177672 -0.132470
v 0.031973 -0.174410 -0.141775
v 0.025691 -0.250349 -0.138306
v 0.052696 -0.250365 -0.131546
v 0.101577 -0.251192 -0.109913
v 0.108140 -0.326840 0.120303
v 0.059839 -0.342183 0.151479
v 0.029613 -0.346947 0.158782
v 0.041558 -0.356067 -0.060003
v 0.019763 -0.358680 -0.062346
v 0.020440 -0.393052 0.032011
v 0.042590 -0.388898 0.030140
v 0.084230 -0.319263 -0.084620
v 0.079455 -0.346783 -0.054100
v 0.077665 -0.366107 -0.017876
v 0.079621 -0.373562 0.021644
v 0.085758 -0.366290 0.061119
v 0.118517 -0.215493 0.180392
v 0.114075 -0.241773 0.175421
v 0.105530 -0.270986 0.170461
v 0.096373 -0.302307 0.158011
v 0.086618 -0.335093 0.138747
v 0.076764 -0.357096 0.110147
v 0.067769 -0.375304 0.070094
v 0.062477 -0.382112 0.026576
v 0.060540 -0.373298 -0.017038
v 0.061640 -0.351818 -0.057012
v 0.065105 -0.321631 -0.091145
v 0.071128 -0.284575 -0.111107
v 0.078084 -0.250596 -0.121609
v 0.086424 -0.215575 -0.124187
v 0.095196 -0.182321 -0.118596
v 0.103296 -0.153080 -0.106567
v 0.109675 -0.126989 -0.091099
v 0.041006 -0.189730 0.221513
v 0.080939 -0.190209 0.208144
v 0.117675 -0.189319 0.185777
v 0.148729 -0.184842 0.154163
v 0.176632 -0.172342 0.104019
v 0.183915 -0.156285 0.079876
v 0.186371 -0.143812 0.047310
v 0.184036 -0.134908 0.015729
v 0.172963 -0.132739 -0.019793
v 0.143239 -0.115135 -0.054317
v 0.111895 -0.103033 -0.076819
v 0.076938 -0.092573 -0.094957
v 0.038736 -0.084720 -0.106926
v -0.034302 -0.352836 0.164221
v -0.030425 -0.376989 0.127921
v -0.066028 -0.347856 0.156520
v -0.058676 -0.371714 0.122600
v -0.094298 -0.340396 0.143035
v -0.083931 -0.363628 0.113003
v -0.117060 -0.331671 0.123551
v -0.104592 -0.354159 0.098726
v -0.122693 -0.244024 0.181096
v -0.113924 -0.274011 0.175982
v -0.151586 -0.238043 0.146556
v -0.140882 -0.267276 0.146149
v -0.045420 -0.248954 0.220736
v -0.041966 -0.282143 0.210314
v -0.086387 -0.247269 0.205944
v -0.080194 -0.278958 0.197533
v -0.046655 -0.219731 0.226672
v -0.088691 -0.219194 0.211947
v -0.127102 -0.217098 0.186311
v -0.158011 -0.211915 0.150669
v -0.149540 -0.135407 -0.074725
v -0.141538 -0.159410 -0.093146
v -0.040104 -0.138041 -0.140870
v -0.042860 -0.106909 -0.128151
v -0.077002 -0.143479 -0.129603
v -0.082008 -0.114341 -0.115521
v -0.036762 -0.173297 -0.149694
v -0.070795 -0.176631 -0.140011
v -0.131120 -0.186855 -0.108426
v -0.108438 -0.253191 -0.116924
v -0.098984 -0.286972 -0.108450
v -0.027569 -0.290432 -0.131969
v -0.030195 -0.252424 -0.146082
v -0.053302 -0.289275 -0.126216
v -0.058294 -0.252438 -0.139059
v -0.025221 -0.330568 -0.107455
v -0.048932 -0.328929 -0.103123
v -0.077165 -0.287960 -0.117963
v -0.070790 -0.326673 -0.097054
v -0.090495 -0.324166 -0.090373
v -0.023837 -0.365285 -0.067042
v -0.046426 -0.362568 -0.064633
v -0.026915 -0.395208 0.081377
v -0.024653 -0.401138 0.031829
v -0.052025 -0.390277 0.077964
v -0.047843 -0.396787 0.029963
v -0.093490 -0.372961 0.062358
v -0.074545 -0.382469 0.071649
v -0.043799 -0.080106 -0.113386
v -0.083603 -0.088552 -0.101151
v -0.183550 -0.131219 -0.022923
v -0.152342 -0.112297 -0.059188
v -0.195258 -0.134789 0.014201
v -0.187544 -0.173668 0.106358
v -0.195172 -0.157422 0.080582
v -0.158550 -0.186049 0.158784
v -0.125998 -0.189965 0.192096
v -0.045995 -0.189983 0.229464
v -0.087609 -0.190536 0.215520
v -0.001609 -0.189787 0.234399
v -0.001609 -0.219921 0.231884
v -0.001609 -0.249547 0.225940
v -0.001609 -0.283256 0.214779
v -0.001609 -0.378809 0.129758
v -0.001609 -0.354561 0.166890
v -0.001609 -0.331128 -0.108937
v -0.001609 -0.366209 -0.067862
v -0.001609 -0.290831 -0.133949
v -0.001609 -0.252419 -0.148507
v -0.001609 -0.172143 -0.153047
v -0.001609 -0.136160 -0.144766
v -0.001609 -0.104342 -0.132513
v -0.001609 -0.077170 -0.117638
v -0.068783 -0.389651 0.026369
v -0.086891 -0.380626 0.021341
v -0.067170 -0.358199 -0.061524
v -0.085444 -0.353057 -0.058502
v -0.084467 -0.252644 -0.128834
v -0.102314 -0.181331 -0.125683
v -0.110780 -0.150883 -0.113155
v -0.117443 -0.124079 -0.097202
v -0.119736 -0.099549 -0.082556
v -0.001609 -0.318383 0.194686
v -0.038218 -0.316897 0.191104
v -0.073343 -0.312624 0.180804
v -0.129417 -0.298517 0.138482
v -0.104476 -0.306266 0.163196
v -0.119608 -0.218886 -0.116971
v -0.093164 -0.216096 -0.131519
v -0.033340 -0.212349 -0.152030
v -0.064311 -0.213861 -0.143753
v -0.001609 -0.211825 -0.154894
v -0.197659 -0.144864 0.046874
v -0.066337 -0.380601 -0.019490
v -0.084151 -0.373114 -0.020318
v -0.023589 -0.390299 -0.019757
v -0.045946 -0.386642 -0.019405
v 0.027208 -0.376989 0.127921
v 0.055458 -0.371714 0.122600
v 0.062811 -0.347856 0.156520
v 0.031084 -0.352836 0.164221
v 0.080713 -0.363628 0.113003
v 0.101374 -0.354159 0.098726
v 0.113843 -0.331671 0.123551
v 0.091080 -0.340396 0.143035
v 0.110706 -0.274011 0.175982
v 0.137665 -0.267276 0.146149
v 0.148369 -0.238043 0.146556
v 0.119475 -0.244024 0.181096
v 0.038748 -0.282143 0.210314
v 0.076977 -0.278958 0.197533
v 0.083169 -0.247269 0.205944
v 0.042202 -0.248954 0.220736
v 0.085474 -0.219194 0.211947
v 0.043437 -0.219731 0.226672
v 0.154793 -0.211915 0.150669
v 0.123884 -0.217098 0.186311
v 0.138320 -0.159410 -0.093146
v 0.146322 -0.135407 -0.074725
v 0.039642 -0.106909 -0.128151
v 0.078790 -0.114341 -0.115521
v 0.073785 -0.143479 -0.129603
v 0.036886 -0.138041 -0.140870
v 0.067577 -0.176631 -0.140011
v 0.033544 -0.173297 -0.149694
v 0.127903 -0.186855 -0.108426
v 0.095766 -0.286972 -0.108450
v 0.105221 -0.253191 -0.116924
v 0.026978 -0.252424 -0.146082
v 0.055076 -0.252438 -0.139059
v 0.050084 -0.289275 -0.126216
v 0.024351 -0.290432 -0.131969
v 0.045714 -0.328929 -0.103123
v 0.022004 -0.330568 -0.107455
v 0.087278 -0.324166 -0.090373
v 0.067572 -0.326673 -0.097054
v 0.073947 -0.287960 -0.117963
v 0.043208 -0.362568 -0.064633
v 0.020619 -0.365285 -0.067042
v 0.021435 -0.401138 0.031829
v 0.044626 -0.396787 0.029963
v 0.048807 -0.390277 0.077964
v 0.023697 -0.395208 0.081377
v 0.090273 -0.372961 0.062358
v 0.071328 -0.382469 0.071649
v 0.080385 -0.088552 -0.101151
v 0.040581 -0.080106 -0.113386
v 0.180333 -0.131219 -0.022923
v 0.149125 -0.112297 -0.059188
v 0.192040 -0.134789 0.014201
v 0.184326 -0.173668 0.106358
v 0.191954 -0.157422 0.080582
v 0.155332 -0.186049 0.158784
v 0.122781 -0.189965 0.192096
v 0.042777 -0.189983 0.229464
v 0.084391 -0.190536 0.215520
v 0.065565 -0.389651 0.026369
v 0.083673 -0.380626 0.021341
v 0.082227 -0.353057 -0.058502
v 0.063952 -0.358199 -0.061524
v 0.081249 -0.252644 -0.128834
v 0.107562 -0.150883 -0.113155
v 0.099096 -0.181331 -0.125683
v 0.114225 -0.124079 -0.097202
v 0.116519 -0.099549 -0.082556
v 0.035001 -0.316897 0.191104
v 0.070125 -0.312624 0.180804
v 0.126200 -0.298517 0.138482
v 0.101258 -0.306266 0.163196
v 0.116391 -0.218886 -0.116971
v 0.089946 -0.216096 -0.131519
v 0.061093 -0.213861 -0.143753
v 0.030122 -0.212349 -0.152030
v 0.194441 -0.144864 0.046874
v 0.080933 -0.373114 -0.020318
v 0.063119 -0.380601 -0.019490
v 0.042729 -0.386642 -0.019405
v 0.020371 -0.390299 -0.019757
v -0.113335 -0.282702 -0.093124
v -0.115981 -0.283422 -0.093802
v -0.102330 -0.314199 -0.076712
v -0.105031 -0.314828 -0.077218
v -0.113386 -0.340456 0.080559
v -0.115923 -0.341164 0.079607
v -0.102243 -0.357755 0.051845
v -0.104870 -0.358376 0.051096
v -0.126013 -0.319049 0.098841
v -0.128592 -0.319591 0.097905
v -0.164162 -0.225392 0.103206
v -0.167085 -0.225460 0.102041
v -0.152331 -0.255870 0.110437
v -0.155094 -0.256089 0.109473
v -0.125408 -0.251181 -0.098356
v -0.128127 -0.251669 -0.099090
v -0.163603 -0.168852 -0.063274
v -0.166597 -0.168571 -0.063260
v -0.152122 -0.191457 -0.084345
v -0.155018 -0.191337 -0.084831
v -0.175024 -0.155550 -0.030226
v -0.177365 -0.157013 -0.030747
v -0.176562 -0.198338 0.089533
v -0.178563 -0.199965 0.088449
v -0.181379 -0.151318 0.010133
v -0.182701 -0.153753 0.009090
v -0.182383 -0.157901 0.039042
v -0.183446 -0.160333 0.038105
v -0.180510 -0.174377 0.066977
v -0.181860 -0.176543 0.065766
v -0.095157 -0.365052 0.018166
v -0.097852 -0.365583 0.017636
v -0.093259 -0.361688 -0.018934
v -0.095788 -0.362623 -0.019583
v -0.095906 -0.345876 -0.051665
v -0.098320 -0.347159 -0.052305
v -0.139271 -0.286858 0.108627
v -0.141962 -0.287187 0.107709
v -0.138931 -0.220421 -0.096465
v -0.141715 -0.220661 -0.097200
v 0.110117 -0.282702 -0.093124
v 0.112763 -0.283422 -0.093802
v 0.099113 -0.314199 -0.076712
v 0.101813 -0.314828 -0.077218
v 0.110168 -0.340456 0.080559
v 0.112705 -0.341164 0.079607
v 0.099025 -0.357755 0.051845
v 0.101652 -0.358376 0.051096
v 0.122795 -0.319049 0.098841
v 0.125374 -0.319591 0.097905
v 0.160994 -0.225365 0.103103
v 0.163867 -0.225460 0.102041
v 0.149123 -0.255865 0.110420
v 0.151876 -0.256089 0.109473
v 0.122190 -0.251181 -0.098356
v 0.124909 -0.251669 -0.099090
v 0.160385 -0.168852 -0.063274
v 0.163380 -0.168571 -0.063260
v 0.148905 -0.191457 -0.084345
v 0.151800 -0.191337 -0.084831
v 0.171806 -0.155550 -0.030226
v 0.174148 -0.157013 -0.030747
v 0.173344 -0.198338 0.089533
v 0.175345 -0.199965 0.088449
v 0.178140 -0.151377 0.010113
v 0.179484 -0.153753 0.009090
v 0.179166 -0.157899 0.039043
v 0.180230 -0.160333 0.038104
v 0.177292 -0.174377 0.066977
v 0.178642 -0.176543 0.065766
v 0.091939 -0.365052 0.018166
v 0.094634 -0.365583 0.017636
v 0.090042 -0.361688 -0.018934
v 0.092570 -0.362623 -0.019583
v 0.092688 -0.345876 -0.051665
v 0.095102 -0.347159 -0.052305
v 0.136071 -0.286849 0.108598
v 0.138745 -0.287187 0.107709
v 0.135713 -0.220421 -0.096465
v 0.138497 -0.220661 -0.097200
v -0.168957 -0.167466 -0.065446
v -0.168843 -0.166153 -0.068813
v -0.182063 -0.154074 -0.033209
v -0.180791 -0.156422 -0.032237
v -0.157251 -0.190694 -0.087844
v -0.156741 -0.190089 -0.090849
v -0.117857 -0.285116 -0.097014
v -0.116963 -0.286063 -0.099546
v -0.129207 -0.253142 -0.105263
v -0.130027 -0.252650 -0.102550
v -0.131717 -0.321895 0.099216
v -0.132160 -0.323606 0.101451
v -0.118811 -0.346208 0.082458
v -0.118717 -0.344105 0.080573
v -0.170368 -0.226453 0.103414
v -0.171345 -0.227603 0.106347
v -0.159341 -0.258597 0.113538
v -0.158489 -0.257420 0.110990
v -0.182391 -0.200950 0.089230
v -0.184212 -0.200082 0.091243
v -0.146004 -0.290280 0.111664
v -0.145347 -0.288921 0.109258
v -0.143746 -0.220837 -0.100587
v -0.143017 -0.220784 -0.103445
v -0.106766 -0.317234 -0.080050
v -0.105958 -0.318889 -0.082203
v -0.099744 -0.350169 -0.054370
v -0.098369 -0.352103 -0.056011
v -0.097570 -0.365979 -0.020734
v -0.096489 -0.368493 -0.021417
v -0.100174 -0.369000 0.017463
v -0.099687 -0.371770 0.017823
v -0.107382 -0.361634 0.051633
v -0.107130 -0.364155 0.052909
v -0.185841 -0.177724 0.065610
v -0.188257 -0.176743 0.066645
v -0.187352 -0.161746 0.037617
v -0.189932 -0.160808 0.038252
v -0.186579 -0.154606 0.008395
v -0.189036 -0.153234 0.008603
v 0.165625 -0.166153 -0.068813
v 0.165739 -0.167466 -0.065446
v 0.177573 -0.156422 -0.032237
v 0.178845 -0.154074 -0.033209
v 0.153523 -0.190089 -0.090849
v 0.154033 -0.190694 -0.087844
v 0.113745 -0.286063 -0.099546
v 0.114640 -0.285116 -0.097014
v 0.126809 -0.252650 -0.102550
v 0.125989 -0.253142 -0.105263
v 0.115499 -0.344105 0.080573
v 0.115594 -0.346208 0.082458
v 0.128943 -0.323606 0.101451
v 0.128499 -0.321895 0.099216
v 0.155271 -0.257420 0.110990
v 0.156073 -0.258620 0.113626
v 0.168127 -0.227603 0.106347
v 0.167150 -0.226453 0.103414
v 0.180994 -0.200082 0.091243
v 0.179173 -0.200950 0.089230
v 0.142129 -0.288921 0.109258
v 0.142787 -0.290280 0.111664
v 0.139799 -0.220784 -0.103445
v 0.140528 -0.220837 -0.100587
v 0.102741 -0.318889 -0.082203
v 0.103549 -0.317234 -0.080050
v 0.095151 -0.352103 -0.056011
v 0.096527 -0.350169 -0.054370
v 0.093272 -0.368493 -0.021417
v 0.094352 -0.365979 -0.020734
v 0.096469 -0.371770 0.017823
v 0.096957 -0.369000 0.017463
v 0.103913 -0.364155 0.052909
v 0.104165 -0.361634 0.051633
v 0.185038 -0.176746 0.066643
v 0.182623 -0.177724 0.065610
v 0.186715 -0.160808 0.038252
v 0.184134 -0.161746 0.037617
v 0.185825 -0.153215 0.008609
v 0.183361 -0.154606 0.008395
v -0.079801 -0.168055 0.206221
v -0.080157 -0.166447 0.207609
v -0.041733 -0.166845 0.219213
v -0.041917 -0.165256 0.220649
v -0.075782 -0.074114 -0.080048
v -0.076157 -0.072006 -0.080257
v -0.039929 -0.067303 -0.087557
v -0.040152 -0.065165 -0.087566
v -0.164751 -0.104601 -0.013025
v -0.165598 -0.102592 -0.013352
v -0.182180 -0.117887 0.023110
v -0.183378 -0.116128 0.023408
v -0.140623 -0.092494 -0.042073
v -0.141442 -0.090512 -0.042304
v -0.169715 -0.153923 0.126424
v -0.170689 -0.153068 0.128329
v -0.143670 -0.163931 0.162031
v -0.144428 -0.162644 0.163632
v -0.186535 -0.129131 0.055190
v -0.187921 -0.127660 0.055933
v -0.182784 -0.142385 0.090329
v -0.184063 -0.141158 0.091619
v -0.001609 -0.166423 0.223747
v -0.001606 -0.164840 0.225212
v -0.001609 -0.064851 -0.090260
v -0.001609 -0.062697 -0.090203
v -0.112941 -0.167859 0.188542
v -0.113379 -0.166380 0.190078
v -0.109511 -0.082548 -0.063791
v -0.110072 -0.080491 -0.064089
v 0.076584 -0.168055 0.206221
v 0.076945 -0.166446 0.207622
v 0.038515 -0.166845 0.219213
v 0.038703 -0.165255 0.220668
v 0.072564 -0.074114 -0.080048
v 0.072938 -0.072008 -0.080254
v 0.036712 -0.067303 -0.087557
v 0.036933 -0.065168 -0.087563
v 0.161534 -0.104601 -0.013025
v 0.162351 -0.102603 -0.013339
v 0.178962 -0.117887 0.023110
v 0.180164 -0.116127 0.023407
v 0.137406 -0.092494 -0.042073
v 0.138216 -0.090518 -0.042296
v 0.166498 -0.153923 0.126424
v 0.167604 -0.153081 0.128388
v 0.140452 -0.163931 0.162031
v 0.141222 -0.162645 0.163641
v 0.183317 -0.129131 0.055190
v 0.184730 -0.127658 0.055933
v 0.179567 -0.142385 0.090329
v 0.180892 -0.141159 0.091629
v 0.109723 -0.167859 0.188542
v 0.110179 -0.166380 0.190101
v 0.106293 -0.082548 -0.063791
v 0.106850 -0.080495 -0.064084
v -0.041984 -0.062566 -0.095384
v -0.041138 -0.062343 -0.091046
v -0.079793 -0.070409 -0.087715
v -0.078028 -0.069627 -0.083654
v -0.173241 -0.103166 -0.017075
v -0.169497 -0.101275 -0.015203
v -0.147568 -0.090400 -0.048166
v -0.144785 -0.088860 -0.045036
v -0.191401 -0.117460 0.020875
v -0.187881 -0.115287 0.022506
v -0.178733 -0.155948 0.128759
v -0.174711 -0.153532 0.130077
v -0.192184 -0.143855 0.091200
v -0.188684 -0.141336 0.092511
v -0.151358 -0.166184 0.167154
v -0.147958 -0.163144 0.166393
v -0.118970 -0.169641 0.195617
v -0.116182 -0.166634 0.193747
v -0.043875 -0.168387 0.228216
v -0.042948 -0.165366 0.225143
v -0.083889 -0.169522 0.214597
v -0.082217 -0.166560 0.211784
v -0.001609 -0.167989 0.232980
v -0.001612 -0.164950 0.229787
v -0.001609 -0.059751 -0.098136
v -0.001607 -0.059708 -0.093722
v -0.115043 -0.079702 -0.070933
v -0.112718 -0.078480 -0.067332
v -0.196002 -0.129999 0.054567
v -0.192676 -0.127456 0.055955
v 0.076575 -0.070409 -0.087715
v 0.074829 -0.069603 -0.083688
v 0.038767 -0.062566 -0.095384
v 0.037926 -0.062328 -0.091066
v 0.144350 -0.090400 -0.048166
v 0.141610 -0.088839 -0.045071
v 0.170023 -0.103167 -0.017075
v 0.166406 -0.101233 -0.015263
v 0.188184 -0.117460 0.020875
v 0.184699 -0.115280 0.022498
v 0.188966 -0.143855 0.091201
v 0.185301 -0.141329 0.092479
v 0.175515 -0.155947 0.128760
v 0.171045 -0.153479 0.129883
v 0.148141 -0.166184 0.167154
v 0.144652 -0.163131 0.166324
v 0.115752 -0.169640 0.195617
v 0.112861 -0.166624 0.193611
v 0.080671 -0.169522 0.214597
v 0.078982 -0.166558 0.211746
v 0.040657 -0.168387 0.228216
v 0.039724 -0.165365 0.225113
v 0.111826 -0.079702 -0.070933
v 0.109530 -0.078458 -0.067369
v 0.192785 -0.129999 0.054567
v 0.189416 -0.127458 0.055955
v -0.001113 -0.390299 -0.019757
v -0.000935 -0.401138 0.031829
v -0.001149 -0.395208 0.081377
vt 0.778880 0.670465
vt 0.779697 0.660649
vt 0.787430 0.661024
vt 0.785950 0.670662
vt 0.792849 0.671279
vt 0.794958 0.661851
vt 0.802250 0.663538
vt 0.799245 0.672571
vt 0.800695 0.644081
vt 0.803480 0.636998
vt 0.814267 0.639261
vt 0.810297 0.646176
vt 0.781771 0.641594
vt 0.782811 0.633675
vt 0.793102 0.634987
vt 0.791244 0.642518
vt 0.783351 0.626777
vt 0.793967 0.628256
vt 0.804884 0.630433
vt 0.816116 0.632670
vt 0.566040 0.627681
vt 0.566834 0.635609
vt 0.557469 0.636311
vt 0.555898 0.628560
vt 0.567715 0.644117
vt 0.559211 0.644617
vt 0.569235 0.662706
vt 0.569796 0.672198
vt 0.563282 0.672310
vt 0.562195 0.662919
vt 0.570330 0.683304
vt 0.564291 0.683415
vt 0.551113 0.672844
vt 0.557026 0.672515
vt 0.558602 0.683508
vt 0.553357 0.683597
vt 0.570514 0.696123
vt 0.564643 0.695843
vt 0.777576 0.693353
vt 0.778076 0.681797
vt 0.784556 0.682002
vt 0.783680 0.693416
vt 0.796312 0.683415
vt 0.790687 0.682437
vt 0.772348 0.633143
vt 0.772429 0.626154
vt 0.772253 0.641217
vt 0.771895 0.670344
vt 0.772018 0.660478
vt 0.673128 0.678948
vt 0.576231 0.683227
vt 0.576252 0.696181
vt 0.576213 0.672147
vt 0.576197 0.662627
vt 0.576152 0.635367
vt 0.576166 0.643945
vt 0.576139 0.627375
vt 0.789397 0.693664
vt 0.794603 0.694214
vt 0.559159 0.695350
vt 0.554290 0.694649
vt 0.555335 0.663242
vt 0.548752 0.663634
vt 0.548242 0.637232
vt 0.550826 0.645285
vt 0.542584 0.645954
vt 0.539057 0.638121
vt 0.545918 0.629699
vt 0.535897 0.630841
vt 0.772143 0.650287
vt 0.780789 0.650563
vt 0.789457 0.651184
vt 0.806476 0.654257
vt 0.798015 0.652369
vt 0.553252 0.654054
vt 0.545885 0.654569
vt 0.568536 0.653250
vt 0.560827 0.653584
vt 0.576181 0.653132
vt 0.558489 0.707200
vt 0.794932 0.704721
vt 0.570252 0.709175
vt 0.783995 0.705548
vt 0.772505 0.619088
vt 0.783487 0.619719
vt 0.794159 0.621305
vt 0.804915 0.623582
vt 0.815957 0.625765
vt 0.544875 0.622688
vt 0.534578 0.623946
vt 0.555210 0.621373
vt 0.565642 0.620373
vt 0.576126 0.620003
vt 0.764909 0.670296
vt 0.757834 0.670319
vt 0.756595 0.660653
vt 0.764337 0.660465
vt 0.750921 0.670768
vt 0.744493 0.671901
vt 0.741713 0.662804
vt 0.749047 0.661297
vt 0.743745 0.643406
vt 0.734093 0.645264
vt 0.730291 0.638259
vt 0.741130 0.636261
vt 0.762727 0.641371
vt 0.753233 0.642070
vt 0.751554 0.634502
vt 0.761875 0.633433
vt 0.750845 0.627756
vt 0.761494 0.626528
vt 0.728601 0.631627
vt 0.739882 0.629668
vt 0.586238 0.627647
vt 0.596383 0.628492
vt 0.594838 0.636249
vt 0.585470 0.635578
vt 0.593123 0.644560
vt 0.584618 0.644089
vt 0.583159 0.662684
vt 0.590200 0.662873
vt 0.589143 0.672267
vt 0.582630 0.672177
vt 0.588171 0.683376
vt 0.582131 0.683284
vt 0.601314 0.672762
vt 0.599105 0.683523
vt 0.593860 0.683451
vt 0.595400 0.672452
vt 0.587859 0.695805
vt 0.581988 0.696102
vt 0.765632 0.693204
vt 0.759527 0.693114
vt 0.758943 0.681687
vt 0.765426 0.681642
vt 0.747153 0.682806
vt 0.752802 0.681968
vt 0.753805 0.693219
vt 0.748586 0.693638
vt 0.598208 0.694579
vt 0.593341 0.695295
vt 0.597061 0.663173
vt 0.603645 0.663543
vt 0.604068 0.637139
vt 0.613255 0.637997
vt 0.609754 0.645842
vt 0.601510 0.645200
vt 0.606367 0.629598
vt 0.616391 0.630707
vt 0.763493 0.650358
vt 0.754810 0.650772
vt 0.737717 0.653430
vt 0.746223 0.651750
vt 0.606481 0.654468
vt 0.599114 0.653978
vt 0.591537 0.653533
vt 0.583827 0.653224
vt 0.598931 0.705410
vt 0.753092 0.704565
vt 0.588433 0.708444
vt 0.765229 0.705877
vt 0.761514 0.619471
vt 0.750812 0.620806
vt 0.740013 0.622821
vt 0.728926 0.624732
vt 0.607387 0.622583
vt 0.617688 0.623807
vt 0.597047 0.621302
vt 0.586611 0.620338
vt 0.681162 0.709728
vt 0.690198 0.709667
vt 0.691688 0.722404
vt 0.681740 0.722736
vt 0.698991 0.708950
vt 0.707180 0.707158
vt 0.710698 0.718944
vt 0.701337 0.721305
vt 0.708432 0.744865
vt 0.720763 0.741620
vt 0.726233 0.750514
vt 0.712316 0.754235
vt 0.683670 0.748381
vt 0.696137 0.747178
vt 0.698634 0.757265
vt 0.684859 0.759066
vt 0.700023 0.766275
vt 0.685518 0.768385
vt 0.729416 0.759127
vt 0.714688 0.762919
vt 0.883377 0.755821
vt 0.869547 0.754097
vt 0.871966 0.743563
vt 0.884635 0.744948
vt 0.874491 0.732356
vt 0.885947 0.733353
vt 0.888208 0.708200
vt 0.878769 0.707726
vt 0.880343 0.695035
vt 0.889060 0.695361
vt 0.881836 0.680099
vt 0.889888 0.680406
vt 0.863887 0.693786
vt 0.867132 0.679334
vt 0.874153 0.679711
vt 0.871887 0.694506
vt 0.882407 0.663297
vt 0.890231 0.663107
vt 0.680787 0.679061
vt 0.688500 0.679213
vt 0.688942 0.694443
vt 0.680723 0.694493
vt 0.703881 0.692638
vt 0.696704 0.693956
vt 0.670775 0.759432
vt 0.670497 0.768923
vt 0.671094 0.748529
vt 0.672233 0.709575
vt 0.671851 0.722628
vt 0.672679 0.694316
vt 0.897702 0.680577
vt 0.897840 0.663042
vt 0.897584 0.695520
vt 0.897483 0.708405
vt 0.897191 0.745470
vt 0.897283 0.733735
vt 0.897104 0.756478
vt 0.695712 0.679005
vt 0.702300 0.678324
vt 0.868473 0.664463
vt 0.875089 0.663782
vt 0.869492 0.707015
vt 0.860506 0.706146
vt 0.859435 0.741716
vt 0.847052 0.739728
vt 0.851860 0.729482
vt 0.863120 0.730989
vt 0.855917 0.751869
vt 0.842522 0.749523
vt 0.671453 0.736262
vt 0.682716 0.736244
vt 0.693976 0.735514
vt 0.715836 0.731048
vt 0.705003 0.733822
vt 0.856435 0.718193
vt 0.866537 0.719317
vt 0.876800 0.720294
vt 0.887161 0.720981
vt 0.897381 0.721257
vt 0.868366 0.649912
vt 0.874790 0.647910
vt 0.882106 0.646403
vt 0.681643 0.662453
vt 0.673622 0.662047
vt 0.685722 0.777871
vt 0.670220 0.778387
vt 0.700689 0.775489
vt 0.715515 0.771903
vt 0.730435 0.768095
vt 0.853897 0.761378
vt 0.839966 0.758939
vt 0.868143 0.763791
vt 0.882551 0.765664
vt 0.897025 0.766433
vt 0.663310 0.709205
vt 0.661973 0.722158
vt 0.652061 0.721245
vt 0.654293 0.708617
vt 0.645557 0.707388
vt 0.642493 0.719585
vt 0.633286 0.716681
vt 0.637486 0.705121
vt 0.634034 0.742690
vt 0.629609 0.751816
vt 0.615934 0.747287
vt 0.621914 0.738729
vt 0.658547 0.747646
vt 0.656736 0.758244
vt 0.643090 0.755641
vt 0.646173 0.745717
vt 0.655534 0.767508
vt 0.641177 0.764554
vt 0.626733 0.760346
vt 0.612252 0.755699
vt 0.910839 0.756037
vt 0.909753 0.745146
vt 0.922442 0.743961
vt 0.924694 0.754532
vt 0.908623 0.733531
vt 0.920094 0.732715
vt 0.906760 0.708346
vt 0.906110 0.695495
vt 0.914830 0.695307
vt 0.916205 0.708021
vt 0.905517 0.680529
vt 0.913573 0.680350
vt 0.931304 0.694317
vt 0.923294 0.694911
vt 0.921261 0.680082
vt 0.928287 0.679816
vt 0.905447 0.663227
vt 0.913266 0.663540
vt 0.665476 0.678613
vt 0.664639 0.694023
vt 0.656436 0.693493
vt 0.657768 0.678315
vt 0.641629 0.690818
vt 0.648716 0.692553
vt 0.650580 0.677685
vt 0.644042 0.676621
vt 0.920576 0.664140
vt 0.927180 0.664926
vt 0.925492 0.707457
vt 0.934490 0.706729
vt 0.935001 0.742312
vt 0.931484 0.731527
vt 0.942767 0.730199
vt 0.947413 0.740519
vt 0.938358 0.752519
vt 0.951789 0.750383
vt 0.660209 0.735586
vt 0.649011 0.734199
vt 0.627450 0.728463
vt 0.638102 0.731866
vt 0.928252 0.719804
vt 0.938370 0.718839
vt 0.907605 0.721142
vt 0.917975 0.720619
vt 0.921126 0.648275
vt 0.643531 0.662981
vt 0.665591 0.661984
vt 0.657514 0.662414
vt 0.654775 0.776965
vt 0.639973 0.773713
vt 0.625382 0.769266
vt 0.610711 0.764592
vt 0.940228 0.762058
vt 0.954195 0.759839
vt 0.925946 0.764246
vt 0.911510 0.765892
vt 0.857013 0.693147
vt 0.544436 0.673441
vt 0.547014 0.683551
vt 0.860997 0.679378
vt 0.852302 0.705643
vt 0.541134 0.664159
vt 0.549285 0.694521
vt 0.863745 0.664346
vt 0.713923 0.704058
vt 0.806005 0.675306
vt 0.810107 0.666668
vt 0.719089 0.715445
vt 0.709658 0.690828
vt 0.802371 0.685100
vt 0.707397 0.677825
vt 0.800280 0.694696
vt 0.815678 0.657084
vt 0.725852 0.728021
vt 0.740951 0.747641
vt 0.827230 0.640996
vt 0.833392 0.635207
vt 0.750101 0.754197
vt 0.732802 0.738752
vt 0.821095 0.648556
vt 0.847088 0.717658
vt 0.537567 0.655112
vt 0.834307 0.739349
vt 0.528151 0.638424
vt 0.533271 0.646293
vt 0.841125 0.729227
vt 0.824174 0.747905
vt 0.520736 0.632100
vt 0.811135 0.754184
vt 0.511387 0.626717
vt 0.840961 0.630593
vt 0.760672 0.758261
vt 0.800806 0.755606
vt 0.848299 0.626885
vt 0.708083 0.664912
vt 0.548700 0.703773
vt 0.938188 0.693787
vt 0.607993 0.673337
vt 0.611264 0.664044
vt 0.942701 0.706355
vt 0.934421 0.679957
vt 0.605448 0.683456
vt 0.931910 0.664883
vt 0.603212 0.694435
vt 0.630936 0.701632
vt 0.737666 0.674464
vt 0.741053 0.684337
vt 0.635967 0.688674
vt 0.625113 0.712698
vt 0.733779 0.665737
vt 0.742899 0.693975
vt 0.638983 0.675825
vt 0.617617 0.724853
vt 0.728445 0.656028
vt 0.601371 0.743549
vt 0.717291 0.639670
vt 0.723241 0.647373
vt 0.610056 0.735160
vt 0.591891 0.749566
vt 0.711268 0.633738
vt 0.614801 0.654984
vt 0.947725 0.718450
vt 0.960163 0.740341
vt 0.624162 0.638266
vt 0.631555 0.631919
vt 0.970159 0.749055
vt 0.953505 0.730113
vt 0.619068 0.646152
vt 0.640885 0.626510
vt 0.983098 0.755516
vt 0.581100 0.753005
vt 0.703813 0.628938
vt 0.647933 0.623406
vt 0.570131 0.753339
vt 0.742990 0.703594
vt 0.931942 0.651898
vt 0.528828 0.637910
vt 0.529733 0.637834
vt 0.534855 0.645785
vt 0.534092 0.645850
vt 0.521371 0.631413
vt 0.521816 0.630872
vt 0.511905 0.625847
vt 0.512145 0.625177
vt 0.539188 0.654665
vt 0.538463 0.654731
vt 0.545410 0.673172
vt 0.546110 0.673099
vt 0.548738 0.683394
vt 0.548024 0.683401
vt 0.542084 0.663836
vt 0.542799 0.663771
vt 0.809214 0.666225
vt 0.808580 0.665978
vt 0.814171 0.656316
vt 0.814830 0.656539
vt 0.805032 0.674978
vt 0.804392 0.674717
vt 0.801368 0.684891
vt 0.800703 0.684703
vt 0.826555 0.640369
vt 0.825740 0.640188
vt 0.832313 0.633930
vt 0.832743 0.634467
vt 0.820321 0.647968
vt 0.819624 0.647777
vt 0.840073 0.629105
vt 0.840409 0.629720
vt 0.550971 0.694563
vt 0.550259 0.694542
vt 0.550377 0.704182
vt 0.798972 0.704528
vt 0.798550 0.694602
vt 0.799250 0.694662
vt 0.847526 0.625368
vt 0.504759 0.622692
vt 0.622578 0.637680
vt 0.623483 0.637754
vt 0.618246 0.645711
vt 0.617482 0.645648
vt 0.630471 0.630695
vt 0.630918 0.631235
vt 0.640123 0.624968
vt 0.640365 0.625640
vt 0.613904 0.654607
vt 0.613179 0.654542
vt 0.606318 0.673000
vt 0.607018 0.673071
vt 0.604437 0.683309
vt 0.603724 0.683305
vt 0.609598 0.663661
vt 0.610314 0.663723
vt 0.738646 0.674161
vt 0.739293 0.673917
vt 0.742730 0.683982
vt 0.742060 0.684154
vt 0.734682 0.665318
vt 0.735323 0.665086
vt 0.729306 0.655505
vt 0.729971 0.655298
vt 0.724030 0.646804
vt 0.724751 0.646633
vt 0.717980 0.639061
vt 0.718799 0.638900
vt 0.711934 0.633014
vt 0.712377 0.632487
vt 0.704386 0.628080
vt 0.704736 0.627474
vt 0.602238 0.694459
vt 0.601526 0.694482
vt 0.602843 0.703879
vt 0.744643 0.704015
vt 0.743930 0.693967
vt 0.744631 0.693925
vt 0.697073 0.624161
vt 0.647344 0.621799
vt 0.830558 0.626389
vt 0.837435 0.623399
vt 0.845730 0.620917
vt 0.513433 0.620238
vt 0.521977 0.624445
vt 0.714316 0.624995
vt 0.707515 0.621835
vt 0.646670 0.616853
vt 0.638825 0.620037
vt 0.630291 0.624268
vt 0.749834 0.764446
vt 0.759617 0.766006
vt 0.799835 0.761807
vt 0.811078 0.760516
vt 0.823272 0.756689
vt 0.591558 0.759813
vt 0.581700 0.760799
vt 0.570110 0.759353
vt 0.983055 0.761871
vt 0.970923 0.757852
vt 0.700684 0.783105
vt 0.793942 0.613847
vt 0.783326 0.612304
vt 0.685465 0.785580
vt 0.714494 0.779741
vt 0.803626 0.615959
vt 0.772580 0.611712
vt 0.669997 0.786013
vt 0.868270 0.772211
vt 0.555726 0.613434
vt 0.545619 0.614528
vt 0.854179 0.770120
vt 0.882240 0.774653
vt 0.565700 0.612043
vt 0.896954 0.775511
vt 0.576111 0.611550
vt 0.826183 0.767165
vt 0.525738 0.615210
vt 0.515426 0.613581
vt 0.811345 0.767205
vt 0.840154 0.768199
vt 0.535554 0.615431
vt 0.507384 0.610781
vt 0.770830 0.770962
vt 0.744506 0.773498
vt 0.824786 0.618652
vt 0.813889 0.617934
vt 0.728987 0.776175
vt 0.758093 0.771852
vt 0.834352 0.617609
vt 0.761835 0.612078
vt 0.654581 0.784676
vt 0.911679 0.774884
vt 0.586525 0.612005
vt 0.639533 0.781316
vt 0.751198 0.613364
vt 0.741478 0.615249
vt 0.625943 0.777151
vt 0.925686 0.772663
vt 0.596504 0.613361
vt 0.939808 0.770794
vt 0.606616 0.614420
vt 0.967847 0.768281
vt 0.626502 0.615027
vt 0.616685 0.615287
vt 0.953862 0.769095
vt 0.982683 0.768555
vt 0.636815 0.613384
vt 0.994652 0.769221
vt 0.702016 0.613291
vt 0.596347 0.769162
vt 0.720266 0.617464
vt 0.710738 0.616148
vt 0.582880 0.766723
vt 0.611683 0.772743
vt 0.731179 0.616966
vt 0.565696 0.614251
vt 0.565715 0.613167
vt 0.576114 0.612672
vt 0.576115 0.613745
vt 0.555650 0.615679
vt 0.555734 0.614562
vt 0.545505 0.616795
vt 0.545605 0.615682
vt 0.525172 0.617407
vt 0.525564 0.616321
vt 0.535487 0.616575
vt 0.535359 0.617682
vt 0.514754 0.615739
vt 0.515088 0.614687
vt 0.506479 0.612893
vt 0.843623 0.616070
vt 0.825603 0.620754
vt 0.824948 0.619725
vt 0.834653 0.618733
vt 0.835161 0.619732
vt 0.814217 0.620190
vt 0.813933 0.619052
vt 0.803754 0.618209
vt 0.803577 0.617093
vt 0.793906 0.616071
vt 0.793895 0.614987
vt 0.783285 0.614485
vt 0.783272 0.613417
vt 0.772558 0.613877
vt 0.772570 0.612817
vt 0.761827 0.614245
vt 0.761863 0.613172
vt 0.586514 0.613137
vt 0.586537 0.614215
vt 0.596588 0.615609
vt 0.596500 0.614502
vt 0.606633 0.615589
vt 0.606737 0.616692
vt 0.616888 0.617545
vt 0.616758 0.616449
vt 0.626686 0.616181
vt 0.627077 0.617239
vt 0.637157 0.614497
vt 0.637492 0.615542
vt 0.645385 0.611627
vt 0.701008 0.615328
vt 0.709881 0.618228
vt 0.710423 0.617212
vt 0.720106 0.618378
vt 0.719408 0.619484
vt 0.731111 0.618051
vt 0.730798 0.619203
vt 0.741500 0.616335
vt 0.741298 0.617478
vt 0.751219 0.614491
vt 0.751184 0.615582
vt 0.771299 0.706059
vt 0.771427 0.693447
vt 0.771634 0.681866
vt 0.603913 0.694442
vt 0.604513 0.703695
vt 0.742210 0.693948
vt 0.703405 0.629496
vt 0.696156 0.625605
vt 0.641376 0.627034
vt 0.710816 0.634250
vt 0.631997 0.632454
vt 0.619534 0.646739
vt 0.615353 0.655455
vt 0.624460 0.638982
vt 0.611859 0.664432
vt 0.727948 0.656532
vt 0.722842 0.647999
vt 0.717036 0.640409
vt 0.733187 0.666083
vt 0.740365 0.684411
vt 0.736993 0.674631
vt 0.606109 0.683670
vt 0.608632 0.673618
vt 0.800618 0.704200
vt 0.548585 0.694531
vt 0.800969 0.694687
vt 0.503965 0.624221
vt 0.841354 0.631160
vt 0.510888 0.627249
vt 0.833831 0.635729
vt 0.520296 0.632636
vt 0.537017 0.655584
vt 0.532806 0.646883
vt 0.527854 0.639141
vt 0.540541 0.664550
vt 0.821479 0.649197
vt 0.816166 0.657607
vt 0.827462 0.641766
vt 0.810689 0.667029
vt 0.803056 0.685192
vt 0.806672 0.675490
vt 0.546353 0.683767
vt 0.543798 0.673724
vt 0.644583 0.610109
vt 0.710762 0.615606
vt 0.731065 0.616447
vt 0.741329 0.614741
vt 0.720105 0.616913
vt 0.606670 0.613892
vt 0.616700 0.614756
vt 0.636668 0.612870
vt 0.626541 0.614491
vt 0.596569 0.612834
vt 0.586562 0.611477
vt 0.751095 0.612848
vt 0.761773 0.611556
vt 0.576110 0.611017
vt 0.772586 0.611185
vt 0.834345 0.617074
vt 0.842994 0.614481
vt 0.803787 0.615460
vt 0.814015 0.617420
vt 0.824965 0.618134
vt 0.535538 0.614897
vt 0.545562 0.613999
vt 0.515572 0.613067
vt 0.525698 0.614668
vt 0.565661 0.611515
vt 0.555659 0.612906
vt 0.783397 0.611787
vt 0.794056 0.613336
vt 0.576407 0.709364
vt 0.582291 0.709158
vt 0.777651 0.706041
vt 0.644856 0.610576
vt 0.701521 0.614345
vt 0.506850 0.611848
vt 0.843148 0.614988
vt 0.645762 0.612678
vt 0.699287 0.619144
vt 0.505580 0.617070
vt 0.844106 0.617059
vt 0.994276 0.763340
vt 0.702187 0.612785
vt 0.570217 0.765089
vt 0.507655 0.610318
vt 0.799366 0.767682
vt 0.771272 0.765242
vt 0.696569 0.625047
vt 0.647504 0.622474
vt 0.603826 0.703686
vt 0.743953 0.703834
vt 0.847818 0.625987
vt 0.504332 0.623625
vt 0.549684 0.703963
vt 0.799941 0.704314
vt 0.648301 0.624002
vt 0.993403 0.757124
vt 0.927517 0.650378
vt 0.742316 0.703463
vt 0.639053 0.662894
vt 0.848698 0.627452
vt 0.771603 0.759236
vt 0.548013 0.703785
vt 0.863917 0.651362
vt 0.703608 0.664737
vt 0.697380 0.623550
vt 0.602151 0.704100
vt 0.747989 0.704130
vt 0.504918 0.622017
vt 0.553601 0.705481
vt 0.798280 0.704690
vt 0.594047 0.707145
vt 0.758901 0.705229
vt 0.789819 0.705028
vt 0.564108 0.708480
vt 0.650091 0.662829
vt 0.913834 0.646653
vt 0.905860 0.645723
vt 0.897982 0.645019
vt 0.697068 0.664203
vt 0.689682 0.663355
vt 0.890094 0.645599
vn -0.152805 -0.883930 0.441948
vn -0.182416 -0.714184 0.675771
vn -0.362567 -0.687974 0.628679
vn -0.321079 -0.852278 0.412953
vn -0.479424 -0.803447 0.353023
vn -0.545828 -0.642155 0.538245
vn -0.698956 -0.583761 0.413139
vn -0.608803 -0.742586 0.279149
vn -0.632215 -0.372312 0.679476
vn -0.661541 -0.276660 0.697010
vn -0.831373 -0.276028 0.482315
vn -0.793777 -0.350811 0.496839
vn -0.213153 -0.402495 0.890261
vn -0.223822 -0.261260 0.938961
vn -0.446950 -0.267110 0.853749
vn -0.424481 -0.390840 0.816737
vn -0.221656 -0.148105 0.963812
vn -0.443038 -0.165177 0.881155
vn -0.658523 -0.196602 0.726427
vn -0.843650 -0.233017 0.483692
vn -0.231672 0.409076 -0.882601
vn -0.213969 0.292078 -0.932152
vn -0.391957 0.279375 -0.876538
vn -0.421370 0.381206 -0.822878
vn -0.191715 0.137616 -0.971755
vn -0.354660 0.128951 -0.926061
vn -0.157437 -0.249492 -0.955493
vn -0.142163 -0.439825 -0.886761
vn -0.259953 -0.430908 -0.864143
vn -0.290275 -0.249314 -0.923896
vn -0.122823 -0.646801 -0.752704
vn -0.225809 -0.633798 -0.739805
vn -0.414689 -0.412044 -0.811328
vn -0.343502 -0.418085 -0.840958
vn -0.300954 -0.617435 -0.726775
vn -0.371617 -0.598846 -0.709426
vn -0.100037 -0.823297 -0.558727
vn -0.201389 -0.809541 -0.551440
vn -0.090151 -0.995121 -0.040093
vn -0.118624 -0.963448 0.240202
vn -0.289344 -0.929882 0.227155
vn -0.245640 -0.968416 -0.042798
vn -0.547866 -0.821152 0.159854
vn -0.433324 -0.879299 0.197645
vn 0.000000 -0.259061 0.965861
vn 0.000000 -0.143230 0.989689
vn -0.000000 -0.406316 0.913733
vn -0.000126 -0.893767 0.448531
vn 0.000000 -0.722441 0.691432
vn 0.000000 -0.651836 -0.758360
vn -0.000079 -0.828631 -0.559795
vn -0.000000 -0.442819 -0.896611
vn 0.000000 -0.248943 -0.968518
vn 0.000000 0.298074 -0.954543
vn -0.000000 0.141610 -0.989923
vn 0.000000 0.421858 -0.906662
vn -0.369523 -0.928103 -0.045577
vn -0.465644 -0.883580 -0.049623
vn -0.278653 -0.795234 -0.538475
vn -0.314871 -0.778820 -0.542491
vn -0.387408 -0.245995 -0.888483
vn -0.447206 -0.240093 -0.861605
vn -0.521642 0.270440 -0.809167
vn -0.476656 0.123087 -0.870430
vn -0.554368 0.138942 -0.820592
vn -0.633311 0.292627 -0.716440
vn -0.556856 0.357169 -0.749894
vn -0.709692 0.329204 -0.622867
vn 0.000000 -0.552092 0.833783
vn -0.198565 -0.544947 0.814619
vn -0.396023 -0.523420 0.754452
vn -0.756188 -0.445824 0.478979
vn -0.595550 -0.487172 0.638736
vn -0.430711 -0.059910 -0.900499
vn -0.495581 -0.053361 -0.866921
vn -0.172635 -0.050926 -0.983668
vn -0.320100 -0.056737 -0.945683
vn 0.000000 -0.048080 -0.998843
vn -0.306702 -0.895451 -0.322648
vn -0.354079 -0.883359 -0.307091
vn -0.084866 -0.938584 -0.334452
vn -0.208941 -0.919814 -0.332093
vn 0.000000 -0.023468 0.999725
vn -0.217475 -0.019599 0.975869
vn -0.424815 -0.029099 0.904812
vn -0.631614 -0.065176 0.772538
vn -0.826300 -0.136924 0.546333
vn -0.568464 0.443456 -0.692961
vn -0.732861 0.357398 -0.578949
vn -0.423768 0.503693 -0.752804
vn -0.226606 0.572057 -0.788290
vn 0.000000 0.601793 -0.798652
vn 0.153450 -0.883578 0.442429
vn 0.321079 -0.852278 0.412953
vn 0.362567 -0.687974 0.628679
vn 0.182416 -0.714183 0.675771
vn 0.479424 -0.803447 0.353023
vn 0.608803 -0.742586 0.279149
vn 0.698956 -0.583761 0.413138
vn 0.545828 -0.642155 0.538246
vn 0.632215 -0.372312 0.679476
vn 0.793736 -0.350823 0.496896
vn 0.831358 -0.276041 0.482334
vn 0.661541 -0.276660 0.697010
vn 0.213153 -0.402495 0.890260
vn 0.424481 -0.390840 0.816737
vn 0.446950 -0.267110 0.853749
vn 0.223822 -0.261260 0.938961
vn 0.443038 -0.165177 0.881155
vn 0.221656 -0.148105 0.963812
vn 0.843650 -0.233016 0.483692
vn 0.658523 -0.196602 0.726427
vn 0.231672 0.409076 -0.882601
vn 0.421371 0.381207 -0.822878
vn 0.391958 0.279375 -0.876538
vn 0.213969 0.292078 -0.932152
vn 0.354660 0.128951 -0.926061
vn 0.191715 0.137616 -0.971755
vn 0.157437 -0.249492 -0.955493
vn 0.290275 -0.249314 -0.923896
vn 0.259953 -0.430908 -0.864143
vn 0.142163 -0.439825 -0.886761
vn 0.225809 -0.633797 -0.739805
vn 0.122823 -0.646801 -0.752704
vn 0.414689 -0.412045 -0.811328
vn 0.371617 -0.598846 -0.709426
vn 0.300954 -0.617435 -0.726775
vn 0.343502 -0.418085 -0.840958
vn 0.201389 -0.809541 -0.551440
vn 0.100592 -0.822835 -0.559307
vn 0.092433 -0.994919 -0.039896
vn 0.245640 -0.968416 -0.042798
vn 0.289345 -0.929882 0.227155
vn 0.120476 -0.962997 0.241084
vn 0.547865 -0.821152 0.159854
vn 0.433325 -0.879299 0.197645
vn 0.369524 -0.928103 -0.045577
vn 0.465643 -0.883580 -0.049623
vn 0.314870 -0.778820 -0.542491
vn 0.278653 -0.795234 -0.538475
vn 0.387408 -0.245995 -0.888483
vn 0.447206 -0.240093 -0.861605
vn 0.521642 0.270440 -0.809167
vn 0.633310 0.292628 -0.716441
vn 0.554367 0.138941 -0.820593
vn 0.476656 0.123087 -0.870430
vn 0.556856 0.357170 -0.749894
vn 0.709691 0.329205 -0.622867
vn 0.198565 -0.544947 0.814619
vn 0.396023 -0.523420 0.754452
vn 0.756159 -0.445842 0.479007
vn 0.595550 -0.487172 0.638736
vn 0.495581 -0.053361 -0.866921
vn 0.430711 -0.059910 -0.900499
vn 0.320100 -0.056737 -0.945684
vn 0.172635 -0.050926 -0.983669
vn 0.354077 -0.883360 -0.307091
vn 0.306702 -0.895451 -0.322648
vn 0.208941 -0.919814 -0.332093
vn 0.086483 -0.938078 -0.335457
vn 0.217476 -0.019599 0.975869
vn 0.424815 -0.029099 0.904812
vn 0.631614 -0.065175 0.772539
vn 0.826300 -0.136926 0.546333
vn 0.568464 0.443456 -0.692962
vn 0.732860 0.357397 -0.578950
vn 0.423768 0.503693 -0.752804
vn 0.226607 0.572057 -0.788290
vn 0.162020 0.881089 -0.444332
vn 0.320772 0.853092 -0.411508
vn 0.362302 0.687357 -0.629505
vn 0.182248 0.713455 -0.676585
vn 0.479454 0.804170 -0.351332
vn 0.609057 0.743049 -0.277359
vn 0.700339 0.582642 -0.412376
vn 0.546245 0.641491 -0.538614
vn 0.632666 0.372203 -0.679116
vn 0.795252 0.350525 -0.494678
vn 0.832297 0.276909 -0.480211
vn 0.661811 0.276618 -0.696771
vn 0.212978 0.402533 -0.890285
vn 0.424305 0.390802 -0.816847
vn 0.446767 0.266724 -0.853966
vn 0.223632 0.260731 -0.939153
vn 0.442686 0.165074 -0.881351
vn 0.221359 0.147987 -0.963898
vn 0.843868 0.233963 -0.482854
vn 0.658585 0.196840 -0.726305
vn 0.232744 -0.407918 0.882855
vn 0.422586 -0.380416 0.822621
vn 0.392829 -0.279743 0.876031
vn 0.214719 -0.292260 0.931923
vn 0.355247 -0.129241 0.925795
vn 0.192216 -0.137862 0.971621
vn 0.157918 0.249790 0.955336
vn 0.290832 0.249724 0.923610
vn 0.260633 0.430233 0.864274
vn 0.142716 0.439264 0.886950
vn 0.226126 0.634007 0.739528
vn 0.123111 0.647258 0.752263
vn 0.414309 0.410960 0.812072
vn 0.369731 0.598946 0.710326
vn 0.300963 0.617455 0.726754
vn 0.343814 0.417273 0.841234
vn 0.201327 0.809258 0.551878
vn 0.118323 0.817221 0.564048
vn 0.166229 0.985357 0.037936
vn 0.245399 0.968454 0.043324
vn 0.289534 0.929693 -0.227685
vn 0.158897 0.955513 -0.248487
vn 0.548904 0.820364 -0.160332
vn 0.434114 0.878812 -0.198077
vn -0.000000 0.258491 -0.966014
vn -0.000000 0.143166 -0.989699
vn -0.000000 0.406383 -0.913703
vn 0.000000 0.890311 -0.455354
vn 0.000000 0.721653 -0.692255
vn -0.000000 0.965738 -0.259519
vn 0.000000 0.999498 0.031700
vn -0.000000 0.652421 0.757856
vn -0.000000 0.820635 0.571452
vn -0.000000 0.442295 0.896869
vn 0.000000 0.249169 0.968460
vn 0.000000 -0.298200 0.954504
vn 0.000000 -0.141845 0.989889
vn 0.000000 -0.420647 0.907224
vn 0.369495 0.928100 0.045863
vn 0.464557 0.884181 0.049092
vn 0.310143 0.779415 0.544356
vn 0.278251 0.794995 0.539035
vn 0.387683 0.246312 0.888275
vn 0.446691 0.240049 0.861884
vn 0.521982 -0.270878 0.808802
vn 0.632962 -0.293988 0.716192
vn 0.553912 -0.140069 0.820709
vn 0.476943 -0.123313 0.870241
vn 0.557023 -0.356831 0.749931
vn 0.707186 -0.331394 0.624552
vn 0.000000 0.551241 -0.834346
vn 0.198391 0.544088 -0.815236
vn 0.395809 0.522552 -0.755165
vn 0.757791 0.444455 -0.477716
vn 0.596098 0.486194 -0.638970
vn 0.494947 0.053384 0.867282
vn 0.431015 0.060149 0.900338
vn 0.320590 0.056864 0.945510
vn 0.173054 0.050943 0.983594
vn 0.000000 0.048032 0.998846
vn 0.349011 0.884403 0.309874
vn 0.305856 0.894907 0.324953
vn 0.208414 0.919264 0.333942
vn 0.146277 0.927116 0.345049
vn -0.000000 0.937151 0.348924
vn 0.217791 -0.003395 -0.975990
vn 0.000000 0.001504 -0.999999
vn 0.423935 0.005193 -0.905678
vn 0.629577 0.041093 -0.775851
vn 0.825218 0.114255 -0.553138
vn 0.566604 -0.462981 0.681622
vn 0.728609 -0.380109 0.569778
vn 0.423602 -0.522643 0.739869
vn 0.226557 -0.590878 0.774296
vn 0.000000 -0.620879 0.783907
vn -0.162020 0.881089 -0.444333
vn -0.182248 0.713455 -0.676585
vn -0.362302 0.687357 -0.629506
vn -0.320772 0.853092 -0.411509
vn -0.479454 0.804170 -0.351332
vn -0.546245 0.641491 -0.538614
vn -0.700357 0.582624 -0.412370
vn -0.609057 0.743049 -0.277359
vn -0.632666 0.372203 -0.679116
vn -0.661811 0.276617 -0.696771
vn -0.832345 0.276886 -0.480141
vn -0.795296 0.350502 -0.494623
vn -0.212978 0.402533 -0.890285
vn -0.223632 0.260731 -0.939153
vn -0.446767 0.266724 -0.853966
vn -0.424305 0.390802 -0.816847
vn -0.221359 0.147987 -0.963898
vn -0.442686 0.165074 -0.881351
vn -0.658586 0.196840 -0.726305
vn -0.843884 0.233958 -0.482829
vn -0.232744 -0.407918 0.882855
vn -0.214719 -0.292260 0.931923
vn -0.392829 -0.279743 0.876031
vn -0.422586 -0.380416 0.822621
vn -0.192216 -0.137862 0.971621
vn -0.355247 -0.129241 0.925795
vn -0.157918 0.249790 0.955336
vn -0.142717 0.439263 0.886950
vn -0.260633 0.430233 0.864274
vn -0.290832 0.249724 0.923610
vn -0.123112 0.647258 0.752263
vn -0.226126 0.634007 0.739528
vn -0.414309 0.410960 0.812072
vn -0.343814 0.417273 0.841234
vn -0.300963 0.617455 0.726754
vn -0.369731 0.598946 0.710326
vn -0.118323 0.817221 0.564048
vn -0.201327 0.809258 0.551878
vn -0.166229 0.985357 0.037936
vn -0.158897 0.955513 -0.248487
vn -0.289534 0.929693 -0.227685
vn -0.245399 0.968454 0.043324
vn -0.548904 0.820365 -0.160332
vn -0.434114 0.878812 -0.198077
vn -0.369495 0.928100 0.045863
vn -0.464557 0.884182 0.049092
vn -0.278251 0.794995 0.539036
vn -0.310142 0.779415 0.544356
vn -0.387683 0.246312 0.888275
vn -0.446691 0.240050 0.861884
vn -0.521982 -0.270878 0.808802
vn -0.476943 -0.123313 0.870241
vn -0.553911 -0.140069 0.820709
vn -0.632961 -0.293988 0.716192
vn -0.557023 -0.356831 0.749931
vn -0.707187 -0.331394 0.624552
vn -0.198390 0.544088 -0.815236
vn -0.395809 0.522552 -0.755166
vn -0.757815 0.444446 -0.477687
vn -0.596098 0.486194 -0.638970
vn -0.431015 0.060149 0.900338
vn -0.494947 0.053384 0.867282
vn -0.173054 0.050943 0.983594
vn -0.320590 0.056864 0.945510
vn -0.305856 0.894907 0.324953
vn -0.349010 0.884404 0.309875
vn -0.146277 0.927116 0.345049
vn -0.208414 0.919264 0.333942
vn -0.217791 -0.003394 -0.975990
vn -0.423935 0.005195 -0.905678
vn -0.629577 0.041097 -0.775851
vn -0.825217 0.114260 -0.553138
vn -0.566604 -0.462978 0.681624
vn -0.728609 -0.380105 0.569780
vn -0.423602 -0.522641 0.739870
vn -0.226556 -0.590878 0.774297
vn 0.383671 0.393682 0.835351
vn -0.671567 0.008612 0.740894
vn -0.706949 0.233943 0.667453
vn 0.344204 0.578484 0.739513
vn 0.407990 0.200358 0.890731
vn -0.623848 -0.217962 0.750537
vn -0.779066 0.417612 0.467608
vn 0.198259 0.784565 0.587496
vn 0.624344 0.731151 -0.274979
vn -0.406594 0.592423 -0.695497
vn -0.256535 0.342209 -0.903926
vn 0.740689 0.554302 -0.379644
vn 0.544346 0.822141 -0.166649
vn -0.531166 0.724939 -0.438550
vn 0.428970 0.902964 0.025312
vn -0.631168 0.764912 -0.128590
vn -0.139675 0.115366 -0.983454
vn 0.802290 0.415860 -0.428242
vn 0.880869 0.243630 -0.405850
vn 0.071845 -0.337337 -0.938639
vn 0.274756 -0.529665 -0.802474
vn 0.919365 0.214575 -0.329736
vn 0.846025 0.312042 -0.432287
vn -0.057842 -0.125914 -0.990354
vn 0.463928 -0.015058 0.885745
vn -0.580682 -0.429428 0.691665
vn 0.688094 -0.388187 0.613056
vn -0.292119 -0.874796 0.386521
vn -0.503674 -0.636625 0.583970
vn 0.550575 -0.236714 0.800521
vn 0.832752 -0.264451 0.486405
vn 0.089655 -0.976128 0.197828
vn 0.978170 0.097724 0.183396
vn 0.457907 -0.888999 -0.001177
vn 0.525187 -0.642975 -0.557460
vn 0.973483 0.228346 -0.013728
vn 0.958998 0.269288 0.088356
vn 0.617159 -0.726381 -0.302465
vn 0.218799 0.927318 0.303660
vn -0.740735 0.649538 0.171502
vn -0.383671 0.393682 0.835351
vn 0.671567 0.008612 0.740894
vn 0.623847 -0.217962 0.750538
vn -0.407990 0.200357 0.890731
vn -0.344204 0.578484 0.739513
vn 0.706949 0.233944 0.667453
vn -0.198259 0.784565 0.587496
vn 0.779067 0.417611 0.467607
vn -0.624344 0.731151 -0.274979
vn 0.406594 0.592424 -0.695496
vn 0.531166 0.724939 -0.438550
vn -0.544346 0.822141 -0.166649
vn -0.740727 0.554256 -0.379636
vn 0.257806 0.341621 -0.903787
vn 0.631170 0.764911 -0.128591
vn -0.428970 0.902964 0.025312
vn -0.802274 0.415826 -0.428306
vn 0.142757 0.114090 -0.983160
vn -0.880858 0.243479 -0.405965
vn -0.064594 -0.339698 -0.938314
vn 0.064142 -0.128365 -0.989651
vn -0.846079 0.311972 -0.432232
vn -0.919355 0.214658 -0.329710
vn -0.272207 -0.530986 -0.802469
vn 0.580678 -0.429428 0.691668
vn -0.463928 -0.015057 0.885745
vn -0.688095 -0.388187 0.613055
vn 0.292123 -0.874798 0.386514
vn -0.087352 -0.976435 0.197341
vn -0.832765 -0.264454 0.486380
vn -0.550575 -0.236713 0.800521
vn 0.503677 -0.636622 0.583970
vn -0.453126 -0.891444 -0.001917
vn -0.978198 0.097436 0.183398
vn -0.973487 0.228330 -0.013739
vn -0.525238 -0.642939 -0.557454
vn -0.615291 -0.727825 -0.302801
vn -0.958981 0.269326 0.088422
vn 0.740738 0.649534 0.171502
vn -0.218799 0.927318 0.303660
vn -0.767451 -0.639031 0.051566
vn -0.755885 0.305904 -0.578844
vn -0.645883 0.157871 -0.746935
vn -0.869737 -0.480247 0.113666
vn -0.509901 -0.860192 0.008444
vn -0.870279 0.141137 -0.471906
vn -0.199874 -0.974605 -0.100970
vn -0.948935 -0.243986 -0.199981
vn -0.570650 -0.045304 -0.819943
vn -0.891607 -0.423969 0.159020
vn -0.938520 -0.251326 0.236677
vn -0.521310 -0.411972 -0.747339
vn -0.510212 -0.564096 -0.649214
vn -0.967880 -0.134197 0.212601
vn -0.910325 -0.353380 0.215478
vn -0.528791 -0.243096 -0.813194
vn -0.742526 -0.011656 -0.669716
vn -0.796904 -0.532628 0.285046
vn -0.847115 -0.416399 0.330165
vn -0.653313 -0.138894 -0.744239
vn -0.834573 0.130477 -0.535223
vn -0.708887 -0.679300 0.189816
vn -0.912044 0.211043 -0.351619
vn -0.660192 -0.744448 0.099722
vn -0.469049 -0.492495 -0.733104
vn -0.903857 -0.276483 0.326496
vn -0.927343 -0.267131 0.262060
vn -0.334343 -0.647692 -0.684624
vn -0.585390 -0.307190 -0.750302
vn -0.879917 -0.332437 0.339457
vn -0.943060 -0.327025 -0.060773
vn -0.107346 -0.797161 -0.594148
vn -0.409834 -0.748809 -0.520884
vn -0.992880 -0.072980 0.094141
vn -0.432498 -0.854588 -0.287447
vn -0.997373 0.072398 0.002360
vn -0.589777 -0.805647 -0.055650
vn -0.966548 0.208740 -0.149042
vn -0.911571 -0.386615 -0.139882
vn -0.006157 -0.927664 -0.373365
vn 0.755883 0.305907 -0.578845
vn 0.767454 -0.639027 0.051568
vn 0.869737 -0.480247 0.113665
vn 0.645881 0.157870 -0.746938
vn 0.870275 0.141142 -0.471912
vn 0.510516 -0.859828 0.008325
vn 0.948947 -0.243937 -0.199988
vn 0.201555 -0.974245 -0.101101
vn 0.891607 -0.423969 0.159018
vn 0.570650 -0.045303 -0.819943
vn 0.521309 -0.411972 -0.747339
vn 0.938520 -0.251326 0.236677
vn 0.967880 -0.134195 0.212602
vn 0.510212 -0.564096 -0.649214
vn 0.528790 -0.243096 -0.813194
vn 0.910325 -0.353381 0.215478
vn 0.834573 0.130476 -0.535224
vn 0.708887 -0.679300 0.189816
vn 0.660191 -0.744448 0.099721
vn 0.912044 0.211042 -0.351620
vn 0.742525 -0.011656 -0.669717
vn 0.796904 -0.532629 0.285045
vn 0.656186 -0.140097 -0.741480
vn 0.847141 -0.416402 0.330092
vn 0.590682 -0.309005 -0.745393
vn 0.879861 -0.332443 0.339597
vn 0.470943 -0.492956 -0.731578
vn 0.903862 -0.276512 0.326458
vn 0.334193 -0.647716 -0.684674
vn 0.927344 -0.267129 0.262058
vn 0.107045 -0.797169 -0.594192
vn 0.943057 -0.327033 -0.060780
vn 0.992881 -0.072971 0.094147
vn 0.409833 -0.748809 -0.520885
vn 0.997372 0.072411 0.002365
vn 0.432497 -0.854588 -0.287447
vn 0.966547 0.208744 -0.149041
vn 0.589775 -0.805648 -0.055649
vn 0.006862 -0.927640 -0.373411
vn 0.911563 -0.386629 -0.139893
vn -0.930987 -0.162502 0.326889
vn -0.987616 -0.120604 0.100346
vn -0.993537 -0.105186 -0.042653
vn -0.976754 0.082071 -0.198031
vn -0.885725 0.225185 -0.405935
vn 0.930989 -0.162504 0.326881
vn 0.987616 -0.120611 0.100338
vn 0.993540 -0.105170 -0.042646
vn 0.976745 0.082152 -0.198042
vn 0.885702 0.225239 -0.405956
vn 0.930841 0.140872 -0.337180
vn 0.989514 0.082800 -0.118349
vn 0.997765 0.061029 0.027229
vn 0.972952 -0.130632 0.190526
vn 0.880136 -0.255406 0.400160
vn -0.930841 0.140876 -0.337177
vn -0.989514 0.082806 -0.118347
vn -0.997759 0.061117 0.027256
vn -0.973001 -0.130326 0.190484
vn -0.880227 -0.255211 0.400085
vn 0.399034 -0.064509 -0.914664
vn 0.067838 0.977176 -0.201309
vn 0.027014 0.976666 -0.213060
vn 0.209390 -0.054394 -0.976318
vn 0.579321 -0.035025 -0.814346
vn 0.125509 0.985240 -0.116401
vn -0.000012 0.977053 -0.212998
vn 0.000013 -0.042208 -0.999109
vn 0.394421 -0.599400 0.696528
vn 0.094194 0.666504 0.739527
vn 0.175718 0.726038 0.664824
vn 0.551312 -0.505779 0.663508
vn 0.200581 -0.686308 0.699105
vn 0.027088 0.605324 0.795518
vn -0.000002 -0.721437 0.692480
vn 0.000011 0.586744 0.809772
vn 0.829844 -0.374894 0.413295
vn 0.292261 0.809532 0.509158
vn 0.304616 0.857866 0.413854
vn 0.937491 -0.282289 0.203529
vn 0.708349 -0.429303 0.560305
vn 0.228660 0.773697 0.590853
vn 0.275593 0.900794 0.335586
vn 0.992487 -0.115780 -0.039552
vn 0.877639 0.058083 -0.475789
vn 0.202445 0.965832 0.161818
vn 0.179581 0.983337 0.028275
vn 0.768656 0.029867 -0.638964
vn 0.967734 -0.016934 -0.251405
vn 0.238557 0.933676 0.267094
vn -0.027244 0.976450 -0.214018
vn -0.209379 -0.053803 -0.976353
vn -0.200583 -0.686384 0.699030
vn -0.026875 0.606145 0.794900
vn -0.399041 -0.063707 -0.914717
vn -0.068960 0.976525 -0.204070
vn -0.128209 0.984392 -0.120560
vn -0.579370 -0.034090 -0.814351
vn -0.394414 -0.599542 0.696410
vn -0.093587 0.667780 0.738452
vn -0.551286 -0.506041 0.663330
vn -0.174633 0.727391 0.663630
vn -0.829732 -0.375484 0.412985
vn -0.289406 0.811266 0.508027
vn -0.226690 0.775489 0.589261
vn -0.708279 -0.429816 0.559999
vn -0.937476 -0.282348 0.203513
vn -0.303067 0.858433 0.413816
vn -0.992673 -0.114362 -0.039005
vn -0.277941 0.900144 0.335396
vn -0.877857 0.061714 -0.474931
vn -0.212518 0.964676 0.155677
vn -0.246949 0.932049 0.265144
vn -0.968053 -0.013741 -0.250369
vn -0.768843 0.032061 -0.638634
vn -0.186413 0.982253 0.020714
vn -0.200507 0.764263 -0.612943
vn -0.084776 0.950410 0.299222
vn -0.000048 0.949479 0.313831
vn -0.000019 0.794194 -0.607664
vn -0.387604 0.683267 -0.618796
vn -0.138117 0.959908 0.243927
vn -0.537600 0.601741 -0.590672
vn -0.159123 0.965357 0.206798
vn -0.810276 0.463717 -0.358356
vn -0.226505 0.948349 0.222104
vn -0.202282 0.959389 0.196607
vn -0.693745 0.516092 -0.502361
vn -0.907668 0.395240 -0.141153
vn -0.276722 0.926648 0.254459
vn -0.960252 0.262984 0.093575
vn -0.324903 0.886384 0.329791
vn -0.866738 0.056974 0.495500
vn -0.304840 0.850097 0.429428
vn -0.331433 0.860984 0.385822
vn -0.942745 0.166382 0.289048
vn -0.755759 0.089256 0.648739
vn -0.260052 0.870876 0.417071
vn -0.570467 0.160506 0.805485
vn -0.212852 0.901269 0.377369
vn -0.395925 0.191559 0.898081
vn -0.168046 0.918502 0.357932
vn -0.209357 0.188388 0.959521
vn -0.101083 0.918836 0.381475
vn 0.000029 0.176563 0.984289
vn 0.000044 0.916898 0.399122
vn 0.209363 0.189315 0.959337
vn 0.101271 0.918648 0.381877
vn 0.084656 0.950413 0.299248
vn 0.200496 0.763787 -0.613540
vn 0.387716 0.682344 -0.619744
vn 0.138036 0.959943 0.243836
vn 0.158998 0.965357 0.206895
vn 0.537860 0.600432 -0.591767
vn 0.694182 0.514210 -0.503687
vn 0.201819 0.959456 0.196757
vn 0.226578 0.948379 0.221900
vn 0.811021 0.461380 -0.359684
vn 0.277151 0.926427 0.254795
vn 0.908234 0.393709 -0.141788
vn 0.325717 0.885933 0.330199
vn 0.959593 0.265032 0.094547
vn 0.940601 0.174037 0.291514
vn 0.332228 0.860244 0.386789
vn 0.305340 0.850636 0.428001
vn 0.864794 0.066482 0.497707
vn 0.261951 0.870157 0.417382
vn 0.754386 0.097116 0.649208
vn 0.213165 0.901317 0.377078
vn 0.569862 0.164798 0.805046
vn 0.168672 0.918139 0.358568
vn 0.395831 0.194097 0.897577
vn 0.000132 -0.971127 0.238563
vn 0.000000 -0.999091 -0.042628
vn 0.000080 -0.942367 -0.334582
s 1
g body lower_body
usemtl head_plateSG
f 941/881/759 940/882/760 942/883/761 943/884/762
f 945/885/763 944/886/764 946/887/765 947/888/766
f 949/889/767 948/890/768 950/891/769 951/892/770
f 953/893/771 952/894/772 954/895/773 955/896/774
f 952/894/772 956/897/775 957/898/776 954/895/773
f 950/891/769 948/890/768 958/899/777 959/900/778
f 963/901/779 962/902/780 964/903/781 965/904/782
f 962/902/780 966/905/783 967/906/784 964/903/781
f 972/907/785 971/908/786 973/909/787 974/910/788
f 971/908/786 975/911/789 976/912/790 973/909/787
f 970/913/791 977/914/792 978/915/793 979/916/794
f 975/911/789 980/917/795 981/918/796 976/912/790
f 983/919/797 982/920/798 984/921/799 985/922/800
f 986/923/801 987/924/802 945/885/763 947/888/766
f 982/920/798 941/881/759 943/884/762 984/921/799
f 1001/925/803 1000/926/804 956/897/775 952/894/772
f 1002/927/805 1001/925/803 952/894/772 953/893/771
f 1003/928/806 1004/929/807 940/882/760 941/881/759
f 1005/931/808 1006/932/809 980/917/795 975/911/789
f 1007/933/810 1005/931/808 975/911/789 971/908/786
f 1008/934/811 1007/933/810 971/908/786 972/907/785
f 1010/935/812 1009/936/813 966/905/783 962/902/780
f 1011/937/814 1010/935/812 962/902/780 963/901/779
f 1013/938/815 987/924/802 986/923/801 1014/939/816
f 978/915/793 1015/940/817 1016/941/818 979/916/794
f 1017/942/819 977/914/792 970/913/791 969/943/820
f 1019/944/821 1018/945/822 968/946/823 961/947/824
f 1020/948/825 1019/944/821 961/947/824 960/949/826
f 1022/950/827 1002/927/805 953/893/771 1023/951/828
f 1023/951/828 953/893/771 955/896/774 1024/952/829
f 1025/953/830 1026/954/831 949/889/767 951/892/770
f 1018/945/822 1028/955/832 1027/956/833 968/946/823
f 966/905/783 1029/957/834 1030/958/835 967/906/784
f 1009/936/813 1031/959/836 1029/957/834 966/905/783
f 1031/959/836 1008/934/811 972/907/785 1029/957/834
f 1029/957/834 972/907/785 974/910/788 1030/958/835
f 1028/955/832 1017/942/819 969/943/820 1027/956/833
f 946/887/765 944/886/764 1026/954/831 1025/953/830
f 940/882/760 1023/951/828 1024/952/829 942/883/761
f 1004/929/807 1022/950/827 1023/951/828 940/882/760
f 1015/940/817 1033/960/837 1034/1622/838 1016/941/818
f 980/917/795 1035/962/839 1036/1627/840 981/918/796
f 1035/1585/839 983/919/797 985/922/800 1036/963/840
f 1033/1626/837 1013/938/815 1014/939/816 1034/961/838
f 948/890/768 954/895/773 957/898/776 958/899/777
f 955/896/774 954/895/773 948/890/768 949/889/767
f 1026/954/831 1024/952/829 955/896/774 949/889/767
f 944/886/764 942/883/761 1024/952/829 1026/954/831
f 943/884/762 942/883/761 944/886/764 945/885/763
f 987/924/802 984/921/799 943/884/762 945/885/763
f 985/922/800 984/921/799 987/924/802 1013/938/815
f 1036/963/840 985/922/800 1013/938/815 1033/1626/837
f 981/918/796 1036/1627/840 1033/960/837 1015/940/817
f 976/912/790 981/918/796 1015/940/817 978/915/793
f 977/914/792 973/909/787 976/912/790 978/915/793
f 974/910/788 973/909/787 977/914/792 1017/942/819
f 1030/958/835 974/910/788 1017/942/819 1028/955/832
f 967/906/784 1030/958/835 1028/955/832 1018/945/822
f 964/903/781 967/906/784 1018/945/822 1019/944/821
f 965/904/782 964/903/781 1019/944/821 1020/948/825
f 1000/926/804 999/964/841 997/965/842 956/897/775
f 956/897/775 997/965/842 998/966/843 957/898/776
f 958/899/777 957/898/776 998/966/843 996/967/844
f 959/900/778 958/899/777 996/967/844 995/968/845
f 1021/969/846 1020/948/825 960/949/826 991/970/847
f 989/971/848 965/904/782 1020/948/825 1021/969/846
f 988/972/849 963/901/779 965/904/782 989/971/848
f 1012/973/850 1011/937/814 963/901/779 988/972/849
f 1037/974/851 1038/975/852 1039/976/853 1040/977/854
f 1041/978/855 1042/979/856 1043/980/857 1044/981/858
f 1045/982/859 1046/983/860 1047/984/861 1048/985/862
f 1049/986/863 1050/987/864 1051/988/865 1052/989/866
f 1052/989/866 1051/988/865 1053/990/867 1054/991/868
f 1047/984/861 1055/992/869 1056/993/870 1048/985/862
f 1059/994/871 1060/995/872 1061/996/873 1062/997/874
f 1062/997/874 1061/996/873 1063/998/875 1064/999/876
f 1068/1000/877 1069/1001/878 1070/1002/879 1071/1003/880
f 1071/1003/880 1070/1002/879 1072/1004/881 1073/1005/882
f 1066/1006/883 1074/1007/884 1075/1008/885 1076/1009/886
f 1073/1005/882 1072/1004/881 1077/1010/887 1078/1011/888
f 1079/1012/889 1080/1013/890 1081/1014/891 1082/1015/892
f 1083/1016/893 1042/979/856 1041/978/855 1084/1017/894
f 1082/1015/892 1081/1014/891 1038/975/852 1037/974/851
f 1001/925/803 1052/989/866 1054/991/868 1000/926/804
f 1002/927/805 1049/986/863 1052/989/866 1001/925/803
f 1003/928/806 1037/974/851 1040/977/854 1004/929/807
f 1005/931/808 1073/1005/882 1078/1011/888 1006/932/809
f 1007/933/810 1071/1003/880 1073/1005/882 1005/931/808
f 1008/934/811 1068/1000/877 1071/1003/880 1007/933/810
f 1010/935/812 1062/997/874 1064/999/876 1009/936/813
f 1011/937/814 1059/994/871 1062/997/874 1010/935/812
f 1096/1018/895 1097/1019/896 1083/1016/893 1084/1017/894
f 1075/1008/885 1074/1007/884 1098/1020/897 1099/1021/898
f 1100/1022/899 1067/1023/900 1066/1006/883 1076/1009/886
f 1101/1024/901 1057/1025/902 1065/1026/903 1102/1027/904
f 1103/1028/905 1058/1029/906 1057/1025/902 1101/1024/901
f 1022/950/827 1105/1030/907 1049/986/863 1002/927/805
f 1105/1030/907 1106/1031/908 1050/987/864 1049/986/863
f 1107/1032/909 1046/983/860 1045/982/859 1108/1033/910
f 1102/1027/904 1065/1026/903 1109/1034/911 1110/1035/912
f 1064/999/876 1063/998/875 1111/1036/913 1112/1037/914
f 1009/936/813 1064/999/876 1112/1037/914 1031/959/836
f 1031/959/836 1112/1037/914 1068/1000/877 1008/934/811
f 1112/1037/914 1111/1036/913 1069/1001/878 1068/1000/877
f 1110/1035/912 1109/1034/911 1067/1023/900 1100/1022/899
f 1043/980/857 1107/1032/909 1108/1033/910 1044/981/858
f 1040/977/854 1039/976/853 1106/1031/908 1105/1030/907
f 1004/929/807 1040/977/854 1105/1030/907 1022/950/827
f 1099/1021/898 1098/1020/897 1114/1038/915 1115/1624/916
f 1078/1011/888 1077/1010/887 1116/1040/917 1117/1584/918
f 1117/1041/918 1116/1625/917 1080/1013/890 1079/1012/889
f 1115/1039/916 1114/1620/915 1097/1019/896 1096/1018/895
f 1048/985/862 1056/993/870 1053/990/867 1051/988/865
f 1050/987/864 1045/982/859 1048/985/862 1051/988/865
f 1108/1033/910 1045/982/859 1050/987/864 1106/1031/908
f 1044/981/858 1108/1033/910 1106/1031/908 1039/976/853
f 1038/975/852 1041/978/855 1044/981/858 1039/976/853
f 1084/1017/894 1041/978/855 1038/975/852 1081/1014/891
f 1080/1013/890 1096/1018/895 1084/1017/894 1081/1014/891
f 1116/1625/917 1115/1039/916 1096/1018/895 1080/1013/890
f 1077/1010/887 1099/1021/898 1115/1624/916 1116/1040/917
f 1072/1004/881 1075/1008/885 1099/1021/898 1077/1010/887
f 1076/1009/886 1075/1008/885 1072/1004/881 1070/1002/879
f 1069/1001/878 1100/1022/899 1076/1009/886 1070/1002/879
f 1111/1036/913 1110/1035/912 1100/1022/899 1069/1001/878
f 1063/998/875 1102/1027/904 1110/1035/912 1111/1036/913
f 1061/996/873 1101/1024/901 1102/1027/904 1063/998/875
f 1060/995/872 1103/1028/905 1101/1024/901 1061/996/873
f 1000/926/804 1054/991/868 1094/1042/919 999/964/841
f 1054/991/868 1053/990/867 1095/1043/920 1094/1042/919
f 1056/993/870 1093/1044/921 1095/1043/920 1053/990/867
f 1055/992/869 1092/1045/922 1093/1044/921 1056/993/870
f 1104/1046/923 1088/1047/924 1058/1029/906 1103/1028/905
f 1085/1048/925 1104/1046/923 1103/1028/905 1060/995/872
f 1086/1049/926 1085/1048/925 1060/995/872 1059/994/871
f 1012/973/850 1086/1049/926 1059/994/871 1011/937/814
f 796/1050/927 787/1051/928 818/1052/929 819/1053/930
f 834/1054/931 778/1055/932 817/1056/933 833/1057/934
f 831/1058/935 810/1059/936 779/1060/937 830/1061/938
f 808/1062/939 809/1063/940 784/1064/941 794/1065/942
f 794/1065/942 784/1064/941 792/1066/943 793/1067/944
f 779/1060/937 791/1068/945 829/1069/946 830/1061/938
f 803/1070/947 790/1071/948 785/1072/949 802/1073/950
f 802/1073/950 785/1072/949 812/1074/951 813/1075/952
f 814/1076/953 815/1077/954 789/1078/955 800/1079/956
f 800/1079/956 789/1078/955 782/1080/957 799/1081/958
f 804/1082/959 824/1083/960 839/1084/961 840/1085/962
f 799/1081/958 782/1080/957 820/1086/963 821/1087/964
f 822/1088/965 823/1089/966 783/1090/967 797/1091/968
f 828/1092/969 778/1055/932 834/1054/931 835/1093/970
f 797/1091/968 783/1090/967 787/1051/928 796/1050/927
f 761/1094/971 794/1065/942 793/1067/944 769/1095/972
f 770/1096/973 808/1062/939 794/1065/942 761/1094/971
f 760/1097/974 796/1050/927 819/1053/930 773/1098/975
f 767/1099/976 797/1091/968 796/1050/927 760/1097/974
f 775/930/977 822/1088/965 797/1091/968 767/1099/976
f 766/1100/978 799/1081/958 821/1087/964 774/1101/979
f 759/1102/980 800/1079/956 799/1081/958 766/1100/978
f 772/1103/981 814/1076/953 800/1079/956 759/1102/980
f 762/1104/982 802/1073/950 813/1075/952 771/1105/983
f 768/1106/984 803/1070/947 802/1073/950 762/1104/982
f 836/1107/985 827/1108/986 828/1092/969 835/1093/970
f 839/1084/961 824/1083/960 825/1109/987 838/1110/988
f 841/1111/989 816/1112/990 804/1082/959 840/1085/962
f 844/1113/991 806/1114/992 811/1115/993 843/1116/994
f 845/1117/995 807/1118/996 806/1114/992 844/1113/991
f 764/1119/997 795/1120/998 808/1062/939 770/1096/973
f 795/1120/998 780/1121/999 809/1063/940 808/1062/939
f 788/1122/1000 810/1059/936 831/1058/935 832/1123/1001
f 843/1116/994 811/1115/993 805/1124/1002 842/1125/1003
f 813/1075/952 812/1074/951 781/1126/1004 801/1127/1005
f 771/1105/983 813/1075/952 801/1127/1005 765/1128/1006
f 765/1128/1006 801/1127/1005 814/1076/953 772/1103/981
f 801/1127/1005 781/1126/1004 815/1077/954 814/1076/953
f 842/1125/1003 805/1124/1002 816/1112/990 841/1111/989
f 817/1056/933 788/1122/1000 832/1123/1001 833/1057/934
f 819/1053/930 818/1052/929 780/1121/999 795/1120/998
f 773/1098/975 819/1053/930 795/1120/998 764/1119/997
f 838/1110/988 825/1109/987 826/1129/1007 837/1130/1008
f 821/1087/964 820/1086/963 786/1131/1009 798/1634/1010
f 774/1101/979 821/1087/964 798/1634/1010 763/1631/1011
f 763/1133/1011 798/1132/1010 822/1088/965 775/930/977
f 798/1132/1010 786/1633/1009 823/1089/966 822/1088/965
f 837/1632/1008 826/1617/1007 827/1108/986 836/1107/985
f 830/1061/938 829/1069/946 792/1066/943 784/1064/941
f 809/1063/940 831/1058/935 830/1061/938 784/1064/941
f 832/1123/1001 831/1058/935 809/1063/940 780/1121/999
f 833/1057/934 832/1123/1001 780/1121/999 818/1052/929
f 787/1051/928 834/1054/931 833/1057/934 818/1052/929
f 835/1093/970 834/1054/931 787/1051/928 783/1090/967
f 823/1089/966 836/1107/985 835/1093/970 783/1090/967
f 786/1633/1009 837/1632/1008 836/1107/985 823/1089/966
f 820/1086/963 838/1110/988 837/1130/1008 786/1131/1009
f 782/1080/957 839/1084/961 838/1110/988 820/1086/963
f 840/1085/962 839/1084/961 782/1080/957 789/1078/955
f 815/1077/954 841/1111/989 840/1085/962 789/1078/955
f 781/1126/1004 842/1125/1003 841/1111/989 815/1077/954
f 812/1074/951 843/1116/994 842/1125/1003 781/1126/1004
f 785/1072/949 844/1113/991 843/1116/994 812/1074/951
f 790/1071/948 845/1117/995 844/1113/991 785/1072/949
f 769/1095/972 793/1067/944 846/1134/1012 776/1135/1013
f 793/1067/944 792/1066/943 847/1136/1014 846/1134/1012
f 829/1069/946 848/1137/1015 847/1136/1014 792/1066/943
f 791/1068/945 849/1138/1016 848/1137/1015 829/1069/946
f 856/1139/1017 855/1140/1018 807/1118/996 845/1117/995
f 857/1141/1019 856/1139/1017 845/1117/995 790/1071/948
f 858/1142/1020 857/1141/1019 790/1071/948 803/1070/947
f 777/1143/1021 858/1142/1020 803/1070/947 768/1106/984
f 877/1144/1022 900/1145/1023 899/1146/1024 868/1147/1025
f 915/1148/1026 914/1149/1027 898/1150/1028 859/1151/1029
f 912/1152/1030 911/1153/1031 860/1154/1032 891/1155/1033
f 889/1156/1034 875/1157/1035 865/1158/1036 890/1159/1037
f 875/1157/1035 874/1160/1038 873/1161/1039 865/1158/1036
f 860/1154/1032 911/1153/1031 910/1162/1040 872/1163/1041
f 884/1164/1042 883/1165/1043 866/1166/1044 871/1167/1045
f 883/1165/1043 894/1168/1046 893/1169/1047 866/1166/1044
f 895/1170/1048 881/1171/1049 870/1172/1050 896/1173/1051
f 881/1171/1049 880/1174/1052 863/1175/1053 870/1172/1050
f 885/1176/1054 921/1177/1055 920/1178/1056 905/1179/1057
f 880/1174/1052 902/1180/1058 901/1181/1059 863/1175/1053
f 903/1182/1060 878/1183/1061 864/1184/1062 904/1185/1063
f 909/1186/1064 916/1187/1065 915/1148/1026 859/1151/1029
f 878/1183/1061 877/1144/1022 868/1147/1025 864/1184/1062
f 761/1094/971 769/1095/972 874/1160/1038 875/1157/1035
f 770/1096/973 761/1094/971 875/1157/1035 889/1156/1034
f 760/1097/974 773/1098/975 900/1145/1023 877/1144/1022
f 767/1099/976 760/1097/974 877/1144/1022 878/1183/1061
f 775/930/977 767/1099/976 878/1183/1061 903/1182/1060
f 766/1100/978 774/1101/979 902/1180/1058 880/1174/1052
f 759/1102/980 766/1100/978 880/1174/1052 881/1171/1049
f 772/1103/981 759/1102/980 881/1171/1049 895/1170/1048
f 762/1104/982 771/1105/983 894/1168/1046 883/1165/1043
f 768/1106/984 762/1104/982 883/1165/1043 884/1164/1042
f 917/1188/1066 916/1187/1065 909/1186/1064 908/1189/1067
f 920/1178/1056 919/1190/1068 906/1191/1069 905/1179/1057
f 922/1192/1070 921/1177/1055 885/1176/1054 897/1193/1071
f 925/1194/1072 924/1195/1073 892/1196/1074 887/1197/1075
f 926/1198/1076 925/1194/1072 887/1197/1075 888/1199/1077
f 764/1119/997 770/1096/973 889/1156/1034 876/1200/1078
f 876/1200/1078 889/1156/1034 890/1159/1037 861/1201/1079
f 869/1202/1080 913/1203/1081 912/1152/1030 891/1155/1033
f 924/1195/1073 923/1204/1082 886/1205/1083 892/1196/1074
f 894/1168/1046 882/1206/1084 862/1207/1085 893/1169/1047
f 771/1105/983 765/1128/1006 882/1206/1084 894/1168/1046
f 765/1128/1006 772/1103/981 895/1170/1048 882/1206/1084
f 882/1206/1084 895/1170/1048 896/1173/1051 862/1207/1085
f 923/1204/1082 922/1192/1070 897/1193/1071 886/1205/1083
f 898/1150/1028 914/1149/1027 913/1203/1081 869/1202/1080
f 900/1145/1023 876/1200/1078 861/1201/1079 899/1146/1024
f 773/1098/975 764/1119/997 876/1200/1078 900/1145/1023
f 919/1190/1068 918/1208/1086 907/1610/1087 906/1191/1069
f 902/1180/1058 879/1630/1088 867/1629/1089 901/1181/1059
f 774/1101/979 763/1631/1011 879/1630/1088 902/1180/1058
f 763/1133/1011 775/930/977 903/1182/1060 879/1210/1088
f 879/1210/1088 903/1182/1060 904/1185/1063 867/1211/1089
f 918/1628/1086 917/1188/1066 908/1189/1067 907/1209/1087
f 911/1153/1031 865/1158/1036 873/1161/1039 910/1162/1040
f 890/1159/1037 865/1158/1036 911/1153/1031 912/1152/1030
f 913/1203/1081 861/1201/1079 890/1159/1037 912/1152/1030
f 914/1149/1027 899/1146/1024 861/1201/1079 913/1203/1081
f 868/1147/1025 899/1146/1024 914/1149/1027 915/1148/1026
f 916/1187/1065 864/1184/1062 868/1147/1025 915/1148/1026
f 904/1185/1063 864/1184/1062 916/1187/1065 917/1188/1066
f 867/1211/1089 904/1185/1063 917/1188/1066 918/1628/1086
f 901/1181/1059 867/1629/1089 918/1208/1086 919/1190/1068
f 863/1175/1053 901/1181/1059 919/1190/1068 920/1178/1056
f 921/1177/1055 870/1172/1050 863/1175/1053 920/1178/1056
f 896/1173/1051 870/1172/1050 921/1177/1055 922/1192/1070
f 862/1207/1085 896/1173/1051 922/1192/1070 923/1204/1082
f 893/1169/1047 862/1207/1085 923/1204/1082 924/1195/1073
f 866/1166/1044 893/1169/1047 924/1195/1073 925/1194/1072
f 871/1167/1045 866/1166/1044 925/1194/1072 926/1198/1076
f 769/1095/972 776/1135/1013 927/1212/1090 874/1160/1038
f 874/1160/1038 927/1212/1090 928/1213/1091 873/1161/1039
f 910/1162/1040 873/1161/1039 928/1213/1091 929/1214/1092
f 872/1163/1041 910/1162/1040 929/1214/1092 930/1215/1093
f 937/1216/1094 926/1198/1076 888/1199/1077 936/1217/1095
f 938/1218/1096 871/1167/1045 926/1198/1076 937/1216/1094
f 939/1219/1097 884/1164/1042 871/1167/1045 938/1218/1096
f 777/1143/1021 768/1106/984 884/1164/1042 939/1219/1097
f 1118/1554/1098 1119/1221/1099 1121/1222/1100 1120/1553/1101
f 1119/1221/1099 1118/1554/1098 1132/1546/1102 1133/1225/1103
f 1120/1553/1101 1121/1222/1100 1153/1226/1104 1152/1536/1105
f 1122/1552/1106 1123/1229/1107 1127/1230/1108 1126/1550/1109
f 1123/1229/1107 1122/1552/1106 1124/1551/1110 1125/1233/1111
f 1125/1233/1111 1124/1551/1110 1148/1537/1112 1149/1235/1113
f 1126/1550/1109 1127/1230/1108 1155/1236/1114 1154/1548/1115
f 1128/1549/1116 1129/1239/1117 1141/1240/1118 1140/1541/1119
f 1129/1239/1117 1128/1549/1116 1130/1547/1120 1131/1243/1121
f 1131/1243/1121 1130/1547/1120 1154/1548/1115 1155/1236/1114
f 1133/1225/1103 1132/1546/1102 1156/1543/1122 1157/1245/1123
f 1134/1545/1124 1135/1247/1125 1137/1248/1126 1136/1544/1127
f 1135/1247/1125 1134/1545/1124 1138/1542/1128 1139/1251/1129
f 1136/1544/1127 1137/1248/1126 1157/1245/1123 1156/1543/1122
f 1139/1251/1129 1138/1542/1128 1142/1540/1130 1143/1253/1131
f 1140/1541/1119 1141/1240/1118 1147/1254/1132 1146/1539/1133
f 1143/1253/1131 1142/1540/1130 1144/1538/1134 1145/1605/1135
f 1145/1257/1135 1144/1613/1134 1146/1539/1133 1147/1254/1132
f 1149/1235/1113 1148/1537/1112 1150/1535/1136 1151/1607/1137
f 1151/1259/1137 1150/1615/1136 1152/1536/1105 1153/1226/1104
f 1158/1534/1138 1159/1261/1139 1173/1262/1140 1172/1526/1141
f 1159/1261/1139 1158/1534/1138 1160/1533/1142 1161/1265/1143
f 1161/1265/1143 1160/1533/1142 1192/1515/1144 1193/1267/1145
f 1162/1532/1146 1163/1269/1147 1165/1270/1148 1164/1531/1149
f 1163/1269/1147 1162/1532/1146 1166/1530/1150 1167/1273/1151
f 1164/1531/1149 1165/1270/1148 1189/1274/1152 1188/1517/1153
f 1167/1273/1151 1166/1530/1150 1194/1527/1154 1195/1277/1155
f 1168/1529/1156 1169/1279/1157 1171/1280/1158 1170/1528/1159
f 1169/1279/1157 1168/1529/1156 1180/1521/1160 1181/1283/1161
f 1170/1528/1159 1171/1280/1158 1195/1277/1155 1194/1527/1154
f 1172/1526/1141 1173/1262/1140 1197/1284/1162 1196/1524/1163
f 1174/1525/1164 1175/1287/1165 1179/1288/1166 1178/1522/1167
f 1175/1287/1165 1174/1525/1164 1176/1523/1168 1177/1291/1169
f 1177/1291/1169 1176/1523/1168 1196/1524/1163 1197/1284/1162
f 1178/1522/1167 1179/1288/1166 1183/1292/1170 1182/1520/1171
f 1181/1283/1161 1180/1521/1160 1186/1518/1172 1187/1295/1173
f 1182/1520/1171 1183/1292/1170 1185/1296/1174 1184/1608/1175
f 1184/1519/1175 1185/1600/1174 1187/1295/1173 1186/1518/1172
f 1188/1517/1153 1189/1274/1152 1191/1298/1176 1190/1611/1177
f 1190/1516/1177 1191/1602/1176 1193/1267/1145 1192/1515/1144
f 1198/1300/1178 1199/1301/1179 1203/1302/1180 1202/1303/1181
f 1199/1301/1179 1198/1300/1178 1201/1304/1182 1200/1305/1183
f 1200/1305/1183 1201/1304/1182 1236/1306/1184 1237/1307/1185
f 1202/1303/1181 1203/1302/1180 1221/1308/1186 1220/1309/1187
f 1204/1310/1188 1205/1311/1189 1223/1312/1190 1222/1313/1191
f 1205/1311/1189 1204/1310/1188 1207/1314/1192 1206/1315/1193
f 1206/1315/1193 1207/1314/1192 1220/1309/1187 1221/1308/1186
f 1208/1316/1194 1209/1317/1195 1218/1318/1196 1219/1319/1197
f 1209/1317/1195 1208/1316/1194 1211/1320/1198 1210/1321/1199
f 1210/1321/1199 1211/1320/1198 1230/1322/1200 1231/1323/1201
f 1212/1324/1202 1213/1325/1203 1217/1326/1204 1216/1327/1205
f 1213/1325/1203 1212/1324/1202 1215/1328/1206 1214/1329/1207
f 1214/1329/1207 1215/1328/1206 1219/1319/1197 1218/1318/1196
f 1216/1327/1205 1217/1326/1204 1233/1330/1208 1232/1331/1209
f 1222/1313/1191 1223/1312/1190 1225/1332/1210 1224/1333/1211
f 1224/1333/1211 1225/1332/1210 1227/1334/1212 1226/1606/1213
f 1226/1335/1213 1227/1623/1212 1229/1336/1214 1228/1337/1215
f 1228/1337/1215 1229/1336/1214 1231/1323/1201 1230/1322/1200
f 1232/1331/1209 1233/1330/1208 1235/1338/1216 1234/1604/1217
f 1234/1339/1217 1235/1621/1216 1237/1307/1185 1236/1306/1184
f 1238/1340/1218 1239/1341/1219 1243/1342/1220 1242/1343/1221
f 1239/1341/1219 1238/1340/1218 1241/1344/1222 1240/1345/1223
f 1240/1345/1223 1241/1344/1222 1276/1346/1224 1277/1347/1225
f 1242/1343/1221 1243/1342/1220 1261/1348/1226 1260/1349/1227
f 1244/1350/1228 1245/1351/1229 1263/1352/1230 1262/1353/1231
f 1245/1351/1229 1244/1350/1228 1247/1354/1232 1246/1355/1233
f 1246/1355/1233 1247/1354/1232 1260/1349/1227 1261/1348/1226
f 1248/1356/1234 1249/1357/1235 1270/1358/1236 1271/1359/1237
f 1249/1357/1235 1248/1356/1234 1251/1360/1238 1250/1361/1239
f 1250/1361/1239 1251/1360/1238 1258/1362/1240 1259/1363/1241
f 1252/1364/1242 1253/1365/1243 1259/1363/1241 1258/1362/1240
f 1253/1365/1243 1252/1364/1242 1255/1366/1244 1254/1367/1245
f 1254/1367/1245 1255/1366/1244 1257/1368/1246 1256/1369/1247
f 1256/1369/1247 1257/1368/1246 1273/1370/1248 1272/1371/1249
f 1262/1353/1231 1263/1352/1230 1265/1372/1250 1264/1373/1251
f 1264/1373/1251 1265/1372/1250 1267/1374/1252 1266/1619/1253
f 1266/1375/1253 1267/1603/1252 1269/1376/1254 1268/1377/1255
f 1268/1377/1255 1269/1376/1254 1271/1359/1237 1270/1358/1236
f 1272/1371/1249 1273/1370/1248 1275/1378/1256 1274/1618/1257
f 1274/1379/1257 1275/1601/1256 1277/1347/1225 1276/1346/1224
f 1199/1301/1179 1200/1305/1183 960/949/826 961/947/824
f 1203/1302/1180 1199/1301/1179 961/947/824 968/946/823
f 1205/1311/1189 1206/1315/1193 969/943/820 970/913/791
f 947/888/766 946/887/765 1209/1317/1195 1210/1321/1199
f 951/892/770 950/891/769 1213/1325/1203 1214/1329/1207
f 950/891/769 959/900/778 1217/1326/1204 1213/1325/1203
f 1025/953/830 951/892/770 1214/1329/1207 1218/1318/1196
f 1221/1308/1186 1203/1302/1180 968/946/823 1027/956/833
f 969/943/820 1206/1315/1193 1221/1308/1186 1027/956/833
f 946/887/765 1025/953/830 1218/1318/1196 1209/1317/1195
f 970/913/791 979/916/794 1223/1312/1190 1205/1311/1189
f 1016/941/818 1225/1332/1210 1223/1312/1190 979/916/794
f 1034/1622/838 1227/1334/1212 1225/1332/1210 1016/941/818
f 1014/939/816 1229/1336/1214 1227/1623/1212 1034/961/838
f 986/923/801 1231/1323/1201 1229/1336/1214 1014/939/816
f 1231/1323/1201 986/923/801 947/888/766 1210/1321/1199
f 959/900/778 995/968/845 993/1380/1258 1217/1326/1204
f 1217/1326/1204 993/1380/1258 994/1381/1259 1233/1330/1208
f 1032/1382/1260 1235/1338/1216 1233/1330/1208 994/1381/1259
f 1235/1621/1216 1032/1592/1260 992/1383/1261 1237/1307/1185
f 1237/1307/1185 992/1383/1261 990/1384/1262 1200/1305/1183
f 1200/1305/1183 990/1384/1262 991/970/847 960/949/826
f 1238/1340/1218 1057/1025/902 1058/1029/906 1241/1344/1222
f 1242/1343/1221 1065/1026/903 1057/1025/902 1238/1340/1218
f 1244/1350/1228 1066/1006/883 1067/1023/900 1247/1354/1232
f 1042/979/856 1249/1357/1235 1250/1361/1239 1043/980/857
f 1046/983/860 1253/1365/1243 1254/1367/1245 1047/984/861
f 1047/984/861 1254/1367/1245 1256/1369/1247 1055/992/869
f 1107/1032/909 1259/1363/1241 1253/1365/1243 1046/983/860
f 1260/1349/1227 1109/1034/911 1065/1026/903 1242/1343/1221
f 1067/1023/900 1109/1034/911 1260/1349/1227 1247/1354/1232
f 1043/980/857 1250/1361/1239 1259/1363/1241 1107/1032/909
f 1066/1006/883 1244/1350/1228 1262/1353/1231 1074/1007/884
f 1098/1020/897 1074/1007/884 1262/1353/1231 1264/1373/1251
f 1114/1038/915 1098/1020/897 1264/1373/1251 1266/1619/1253
f 1097/1019/896 1114/1620/915 1266/1375/1253 1268/1377/1255
f 1083/1016/893 1097/1019/896 1268/1377/1255 1270/1358/1236
f 1270/1358/1236 1249/1357/1235 1042/979/856 1083/1016/893
f 1055/992/869 1256/1369/1247 1090/1385/1263 1092/1045/922
f 1256/1369/1247 1272/1371/1249 1091/1386/1264 1090/1385/1263
f 1113/1591/1265 1091/1386/1264 1272/1371/1249 1274/1618/1257
f 1274/1379/1257 1276/1346/1224 1089/1388/1266 1113/1387/1265
f 1276/1346/1224 1241/1344/1222 1087/1389/1267 1089/1388/1266
f 1241/1344/1222 1058/1029/906 1088/1047/924 1087/1389/1267
f 1134/1246/1124 806/1114/992 807/1118/996 1138/1250/1128
f 1136/1249/1127 811/1115/993 806/1114/992 1134/1246/1124
f 1118/1220/1098 804/1082/959 816/1112/990 1132/1224/1102
f 778/1055/932 1122/1228/1106 1126/1231/1109 817/1056/933
f 810/1059/936 1130/1242/1120 1128/1238/1116 779/1060/937
f 779/1060/937 1128/1238/1116 1140/1241/1119 791/1068/945
f 788/1122/1000 1154/1237/1115 1130/1242/1120 810/1059/936
f 1156/1244/1122 805/1124/1002 811/1115/993 1136/1249/1127
f 816/1112/990 805/1124/1002 1156/1244/1122 1132/1224/1102
f 817/1056/933 1126/1231/1109 1154/1237/1115 788/1122/1000
f 804/1082/959 1118/1220/1098 1120/1223/1101 824/1083/960
f 825/1109/987 824/1083/960 1120/1223/1101 1152/1227/1105
f 826/1129/1007 825/1109/987 1152/1227/1105 1150/1616/1136
f 827/1108/986 826/1617/1007 1150/1258/1136 1148/1234/1112
f 828/1092/969 827/1108/986 1148/1234/1112 1124/1232/1110
f 1124/1232/1110 1122/1228/1106 778/1055/932 828/1092/969
f 791/1068/945 1140/1241/1119 850/1390/1268 849/1138/1016
f 1140/1241/1119 1146/1255/1133 851/1391/1269 850/1390/1268
f 852/1599/1270 851/1391/1269 1146/1255/1133 1144/1614/1134
f 1144/1256/1134 1142/1252/1130 853/1393/1271 852/1392/1270
f 1142/1252/1130 1138/1250/1128 854/1394/1272 853/1393/1271
f 1138/1250/1128 807/1118/996 855/1140/1018 854/1394/1272
f 1174/1286/1164 1178/1289/1167 888/1199/1077 887/1197/1075
f 1176/1290/1168 1174/1286/1164 887/1197/1075 892/1196/1074
f 1158/1260/1138 1172/1263/1141 897/1193/1071 885/1176/1054
f 859/1151/1029 898/1150/1028 1166/1272/1150 1162/1268/1146
f 891/1155/1033 860/1154/1032 1168/1278/1156 1170/1281/1159
f 860/1154/1032 872/1163/1041 1180/1282/1160 1168/1278/1156
f 869/1202/1080 891/1155/1033 1170/1281/1159 1194/1276/1154
f 1196/1285/1163 1176/1290/1168 892/1196/1074 886/1205/1083
f 897/1193/1071 1172/1263/1141 1196/1285/1163 886/1205/1083
f 898/1150/1028 869/1202/1080 1194/1276/1154 1166/1272/1150
f 885/1176/1054 905/1179/1057 1160/1264/1142 1158/1260/1138
f 906/1191/1069 1192/1266/1144 1160/1264/1142 905/1179/1057
f 907/1610/1087 1190/1299/1177 1192/1266/1144 906/1191/1069
f 908/1189/1067 1188/1275/1153 1190/1612/1177 907/1209/1087
f 909/1186/1064 1164/1271/1149 1188/1275/1153 908/1189/1067
f 1164/1271/1149 909/1186/1064 859/1151/1029 1162/1268/1146
f 872/1163/1041 930/1215/1093 931/1395/1273 1180/1282/1160
f 1180/1282/1160 931/1395/1273 932/1396/1274 1186/1294/1172
f 933/1397/1275 1184/1297/1175 1186/1294/1172 932/1396/1274
f 1184/1609/1175 933/1594/1275 934/1398/1276 1182/1293/1171
f 1182/1293/1171 934/1398/1276 935/1399/1277 1178/1289/1167
f 1178/1289/1167 935/1399/1277 936/1217/1095 888/1199/1077
f 1135/1247/1125 1139/1251/1129 1201/1304/1182 1198/1300/1178
f 1137/1248/1126 1135/1247/1125 1198/1300/1178 1202/1303/1181
f 1119/1221/1099 1133/1225/1103 1207/1314/1192 1204/1310/1188
f 1127/1230/1108 1123/1229/1107 1211/1320/1198 1208/1316/1194
f 1129/1239/1117 1131/1243/1121 1215/1328/1206 1212/1324/1202
f 1141/1240/1118 1129/1239/1117 1212/1324/1202 1216/1327/1205
f 1131/1243/1121 1155/1236/1114 1219/1319/1197 1215/1328/1206
f 1157/1245/1123 1137/1248/1126 1202/1303/1181 1220/1309/1187
f 1133/1225/1103 1157/1245/1123 1220/1309/1187 1207/1314/1192
f 1155/1236/1114 1127/1230/1108 1208/1316/1194 1219/1319/1197
f 1121/1222/1100 1119/1221/1099 1204/1310/1188 1222/1313/1191
f 1153/1226/1104 1121/1222/1100 1222/1313/1191 1224/1333/1211
f 1151/1259/1137 1153/1226/1104 1224/1333/1211 1226/1606/1213
f 1149/1235/1113 1151/1607/1137 1226/1335/1213 1228/1337/1215
f 1125/1233/1111 1149/1235/1113 1228/1337/1215 1230/1322/1200
f 1123/1229/1107 1125/1233/1111 1230/1322/1200 1211/1320/1198
f 1147/1254/1132 1141/1240/1118 1216/1327/1205 1232/1331/1209
f 1145/1257/1135 1147/1254/1132 1232/1331/1209 1234/1604/1217
f 1143/1253/1131 1145/1605/1135 1234/1339/1217 1236/1306/1184
f 1139/1251/1129 1143/1253/1131 1236/1306/1184 1201/1304/1182
f 1179/1288/1166 1175/1287/1165 1239/1341/1219 1240/1345/1223
f 1175/1287/1165 1177/1291/1169 1243/1342/1220 1239/1341/1219
f 1173/1262/1140 1159/1261/1139 1245/1351/1229 1246/1355/1233
f 1163/1269/1147 1167/1273/1151 1251/1360/1238 1248/1356/1234
f 1171/1280/1158 1169/1279/1157 1255/1366/1244 1252/1364/1242
f 1169/1279/1157 1181/1283/1161 1257/1368/1246 1255/1366/1244
f 1195/1277/1155 1171/1280/1158 1252/1364/1242 1258/1362/1240
f 1177/1291/1169 1197/1284/1162 1261/1348/1226 1243/1342/1220
f 1197/1284/1162 1173/1262/1140 1246/1355/1233 1261/1348/1226
f 1167/1273/1151 1195/1277/1155 1258/1362/1240 1251/1360/1238
f 1159/1261/1139 1161/1265/1143 1263/1352/1230 1245/1351/1229
f 1161/1265/1143 1193/1267/1145 1265/1372/1250 1263/1352/1230
f 1193/1267/1145 1191/1602/1176 1267/1374/1252 1265/1372/1250
f 1191/1298/1176 1189/1274/1152 1269/1376/1254 1267/1603/1252
f 1189/1274/1152 1165/1270/1148 1271/1359/1237 1269/1376/1254
f 1165/1270/1148 1163/1269/1147 1248/1356/1234 1271/1359/1237
f 1181/1283/1161 1187/1295/1173 1273/1370/1248 1257/1368/1246
f 1187/1295/1173 1185/1600/1174 1275/1378/1256 1273/1370/1248
f 1185/1296/1174 1183/1292/1170 1277/1347/1225 1275/1601/1256
f 1183/1292/1170 1179/1288/1166 1240/1345/1223 1277/1347/1225
f 1278/1582/1278 1279/1401/1279 1281/1402/1280 1280/1581/1281
f 1279/1401/1279 1278/1582/1278 1304/1572/1282 1305/1405/1283
f 1280/1581/1281 1281/1402/1280 1301/1406/1284 1300/1569/1285
f 1282/1580/1286 1283/1409/1287 1307/1410/1288 1306/1576/1289
f 1283/1409/1287 1282/1580/1286 1284/1579/1290 1285/1413/1291
f 1285/1413/1291 1284/1579/1290 1302/1568/1292 1303/1415/1293
f 1286/1578/1294 1287/1417/1295 1289/1418/1296 1288/1577/1297
f 1287/1417/1295 1286/1578/1294 1290/1575/1298 1291/1421/1299
f 1288/1577/1297 1289/1418/1296 1297/1422/1300 1296/1597/1301
f 1291/1421/1299 1290/1575/1298 1306/1576/1289 1307/1410/1288
f 1292/1574/1302 1293/1425/1303 1295/1426/1304 1294/1573/1305
f 1293/1425/1303 1292/1574/1302 1298/1570/1306 1299/1429/1307
f 1294/1573/1305 1295/1426/1304 1305/1405/1283 1304/1572/1282
f 1296/1571/1301 1297/1589/1300 1299/1429/1307 1298/1570/1306
f 1300/1569/1285 1301/1406/1284 1311/1430/1308 1310/1567/1309
f 1303/1415/1293 1302/1568/1292 1314/1565/1310 1315/1433/1311
f 1308/1566/1312 1309/1435/1313 1331/1436/1314 1330/1558/1315
f 1309/1435/1313 1308/1566/1312 1310/1567/1309 1311/1430/1308
f 1312/1564/1316 1313/1439/1317 1315/1433/1311 1314/1565/1310
f 1313/1439/1317 1312/1564/1316 1332/1560/1318 1333/1441/1319
f 1316/1563/1320 1317/1443/1321 1321/1444/1322 1320/1561/1323
f 1317/1443/1321 1316/1563/1320 1318/1562/1324 1319/1447/1325
f 1319/1447/1325 1318/1562/1324 1326/1555/1326 1327/1586/1327
f 1320/1561/1323 1321/1444/1322 1333/1441/1319 1332/1560/1318
f 1322/1559/1328 1323/1451/1329 1329/1452/1330 1328/1556/1331
f 1323/1451/1329 1322/1559/1328 1324/1557/1332 1325/1455/1333
f 1325/1455/1333 1324/1557/1332 1330/1558/1315 1331/1436/1314
f 1327/1449/1327 1326/1595/1326 1328/1556/1331 1329/1452/1330
f 1284/1412/1290 1282/1408/1286 857/1141/1019 858/1142/1020
f 854/1394/1272 855/1140/1018 1290/1420/1298 1286/1416/1294
f 853/1393/1271 854/1394/1272 1286/1416/1294 1288/1419/1297
f 850/1390/1268 851/1391/1269 1298/1428/1306 1292/1424/1302
f 849/1138/1016 850/1390/1268 1292/1424/1302 1294/1427/1305
f 849/1138/1016 1294/1427/1305 1304/1404/1282 848/1137/1015
f 846/1134/1012 847/1136/1014 1278/1400/1278 1280/1403/1281
f 776/1135/1013 846/1134/1012 1280/1403/1281 1300/1407/1285
f 1302/1414/1292 1284/1412/1290 858/1142/1020 777/1143/1021
f 1306/1411/1289 1290/1420/1298 855/1140/1018 856/1139/1017
f 852/1392/1270 853/1393/1271 1288/1419/1297 1296/1598/1301
f 1298/1428/1306 851/1391/1269 852/1599/1270 1296/1423/1301
f 848/1137/1015 1304/1404/1282 1278/1400/1278 847/1136/1014
f 1282/1408/1286 1306/1411/1289 856/1139/1017 857/1141/1019
f 1314/1432/1310 939/1219/1097 938/1218/1096 1312/1438/1316
f 935/1399/1277 1316/1442/1320 1320/1445/1323 936/1217/1095
f 934/1398/1276 1318/1446/1324 1316/1442/1320 935/1399/1277
f 931/1395/1273 1322/1450/1328 1328/1453/1331 932/1396/1274
f 930/1215/1093 1324/1454/1332 1322/1450/1328 931/1395/1273
f 930/1215/1093 929/1214/1092 1330/1437/1315 1324/1454/1332
f 927/1212/1090 1310/1431/1309 1308/1434/1312 928/1213/1091
f 776/1135/1013 1300/1407/1285 1310/1431/1309 927/1212/1090
f 1302/1414/1292 777/1143/1021 939/1219/1097 1314/1432/1310
f 1332/1440/1318 937/1216/1094 936/1217/1095 1320/1445/1323
f 933/1594/1275 1326/1448/1326 1318/1446/1324 934/1398/1276
f 1328/1453/1331 1326/1596/1326 933/1397/1275 932/1396/1274
f 929/1214/1092 928/1213/1091 1308/1434/1312 1330/1437/1315
f 1312/1438/1316 938/1218/1096 937/1216/1094 1332/1440/1318
f 1334/1456/1334 1335/1457/1335 1359/1458/1336 1358/1459/1337
f 1335/1457/1335 1334/1456/1334 1336/1460/1338 1337/1461/1339
f 1337/1461/1339 1336/1460/1338 1360/1462/1340 1361/1463/1341
f 1338/1464/1342 1339/1465/1343 1341/1466/1344 1340/1467/1345
f 1339/1465/1343 1338/1464/1342 1342/1468/1346 1343/1469/1347
f 1340/1467/1345 1341/1466/1344 1361/1463/1341 1360/1462/1340
f 1343/1469/1347 1342/1468/1346 1362/1470/1348 1363/1588/1349
f 1344/1472/1350 1345/1473/1351 1347/1474/1352 1346/1475/1353
f 1345/1473/1351 1344/1472/1350 1348/1476/1354 1349/1477/1355
f 1346/1475/1353 1347/1474/1352 1363/1471/1349 1362/1593/1348
f 1349/1477/1355 1348/1476/1354 1350/1478/1356 1351/1479/1357
f 1351/1479/1357 1350/1478/1356 1354/1480/1358 1355/1481/1359
f 1352/1482/1360 1353/1483/1361 1355/1481/1359 1354/1480/1358
f 1353/1483/1361 1352/1482/1360 1356/1484/1362 1357/1485/1363
f 1357/1485/1363 1356/1484/1362 1384/1486/1364 1385/1487/1365
f 1358/1459/1337 1359/1458/1336 1367/1488/1366 1366/1489/1367
f 1364/1490/1368 1365/1491/1369 1387/1492/1370 1386/1493/1371
f 1365/1491/1369 1364/1490/1368 1366/1489/1367 1367/1488/1366
f 1368/1494/1372 1369/1495/1373 1371/1496/1374 1370/1497/1375
f 1369/1495/1373 1368/1494/1372 1386/1493/1371 1387/1492/1370
f 1370/1497/1375 1371/1496/1374 1373/1498/1376 1372/1499/1377
f 1372/1499/1377 1373/1498/1376 1389/1500/1378 1388/1590/1379
f 1374/1502/1380 1375/1503/1381 1377/1504/1382 1376/1505/1383
f 1375/1503/1381 1374/1502/1380 1388/1501/1379 1389/1587/1378
f 1376/1505/1383 1377/1504/1382 1379/1506/1384 1378/1507/1385
f 1378/1507/1385 1379/1506/1384 1381/1508/1386 1380/1509/1387
f 1380/1509/1387 1381/1508/1386 1383/1510/1388 1382/1511/1389
f 1382/1511/1389 1383/1510/1388 1385/1487/1365 1384/1486/1364
f 1334/1456/1334 988/972/849 989/971/848 1336/1460/1338
f 990/1384/1262 1338/1464/1342 1340/1467/1345 991/970/847
f 992/1383/1261 1342/1468/1346 1338/1464/1342 990/1384/1262
f 993/1380/1258 1344/1472/1350 1346/1475/1353 994/1381/1259
f 995/968/845 1348/1476/1354 1344/1472/1350 993/1380/1258
f 995/968/845 996/967/844 1350/1478/1356 1348/1476/1354
f 997/965/842 1352/1482/1360 1354/1480/1358 998/966/843
f 999/964/841 1356/1484/1362 1352/1482/1360 997/965/842
f 1358/1459/1337 1012/973/850 988/972/849 1334/1456/1334
f 1360/1462/1340 1021/969/846 991/970/847 1340/1467/1345
f 1032/1592/1260 1362/1470/1348 1342/1468/1346 992/1383/1261
f 1346/1475/1353 1362/1593/1348 1032/1382/1260 994/1381/1259
f 996/967/844 998/966/843 1354/1480/1358 1350/1478/1356
f 1336/1460/1338 989/971/848 1021/969/846 1360/1462/1340
f 1366/1489/1367 1364/1490/1368 1085/1048/925 1086/1049/926
f 1087/1389/1267 1088/1047/924 1368/1494/1372 1370/1497/1375
f 1089/1388/1266 1087/1389/1267 1370/1497/1375 1372/1499/1377
f 1090/1385/1263 1091/1386/1264 1374/1502/1380 1376/1505/1383
f 1092/1045/922 1090/1385/1263 1376/1505/1383 1378/1507/1385
f 1092/1045/922 1378/1507/1385 1380/1509/1387 1093/1044/921
f 1094/1042/919 1095/1043/920 1382/1511/1389 1384/1486/1364
f 999/964/841 1094/1042/919 1384/1486/1364 1356/1484/1362
f 1358/1459/1337 1366/1489/1367 1086/1049/926 1012/973/850
f 1386/1493/1371 1368/1494/1372 1088/1047/924 1104/1046/923
f 1113/1387/1265 1089/1388/1266 1372/1499/1377 1388/1590/1379
f 1374/1502/1380 1091/1386/1264 1113/1591/1265 1388/1501/1379
f 1093/1044/921 1380/1509/1387 1382/1511/1389 1095/1043/920
f 1364/1490/1368 1386/1493/1371 1104/1046/923 1085/1048/925
f 1283/1409/1287 1285/1413/1291 1335/1457/1335 1337/1461/1339
f 1287/1417/1295 1291/1421/1299 1341/1466/1344 1339/1465/1343
f 1289/1418/1296 1287/1417/1295 1339/1465/1343 1343/1469/1347
f 1293/1425/1303 1299/1429/1307 1347/1474/1352 1345/1473/1351
f 1295/1426/1304 1293/1425/1303 1345/1473/1351 1349/1477/1355
f 1305/1405/1283 1295/1426/1304 1349/1477/1355 1351/1479/1357
f 1281/1402/1280 1279/1401/1279 1355/1481/1359 1353/1483/1361
f 1301/1406/1284 1281/1402/1280 1353/1483/1361 1357/1485/1363
f 1285/1413/1291 1303/1415/1293 1359/1458/1336 1335/1457/1335
f 1291/1421/1299 1307/1410/1288 1361/1463/1341 1341/1466/1344
f 1297/1422/1300 1289/1418/1296 1343/1469/1347 1363/1588/1349
f 1299/1429/1307 1297/1589/1300 1363/1471/1349 1347/1474/1352
f 1279/1401/1279 1305/1405/1283 1351/1479/1357 1355/1481/1359
f 1307/1410/1288 1283/1409/1287 1337/1461/1339 1361/1463/1341
f 1315/1433/1311 1313/1439/1317 1365/1491/1369 1367/1488/1366
f 1321/1444/1322 1317/1443/1321 1371/1496/1374 1369/1495/1373
f 1317/1443/1321 1319/1447/1325 1373/1498/1376 1371/1496/1374
f 1329/1452/1330 1323/1451/1329 1377/1504/1382 1375/1503/1381
f 1323/1451/1329 1325/1455/1333 1379/1506/1384 1377/1504/1382
f 1325/1455/1333 1331/1436/1314 1381/1508/1386 1379/1506/1384
f 1309/1435/1313 1311/1430/1308 1385/1487/1365 1383/1510/1388
f 1311/1430/1308 1301/1406/1284 1357/1485/1363 1385/1487/1365
f 1303/1415/1293 1315/1433/1311 1367/1488/1366 1359/1458/1336
f 1333/1441/1319 1321/1444/1322 1369/1495/1373 1387/1492/1370
f 1319/1447/1325 1327/1586/1327 1389/1500/1378 1373/1498/1376
f 1327/1449/1327 1329/1452/1330 1375/1503/1381 1389/1587/1378
f 1331/1436/1314 1309/1435/1313 1383/1510/1388 1381/1508/1386
f 1313/1439/1317 1333/1441/1319 1387/1492/1370 1365/1491/1369
f 982/920/798 1392/1514/1390 1003/928/806 941/881/759
f 983/919/797 1391/1513/1391 1392/1514/1390 982/920/798
f 983/919/797 1035/1585/839 1390/1512/1392 1391/1513/1391
f 1006/932/809 1390/1583/1392 1035/962/839 980/917/795
f 1117/1584/918 1390/1583/1392 1006/932/809 1078/1011/888
f 1391/1513/1391 1390/1512/1392 1117/1041/918 1079/1012/889
f 1392/1514/1390 1391/1513/1391 1079/1012/889 1082/1015/892
f 1003/928/806 1392/1514/1390 1082/1015/892 1037/974/851
g default
v 0.168966 -0.137659 0.154048
v 0.097653 -0.141209 0.215108
v 0.000239 -0.140808 0.239805
v -0.097176 -0.141209 0.215108
v -0.168489 -0.137659 0.154048
v -0.194591 -0.118963 0.068156
v -0.168489 -0.090425 -0.015619
v -0.097176 -0.063778 -0.075617
v 0.000239 -0.051347 -0.095272
v 0.097653 -0.063778 -0.075617
v 0.168966 -0.090425 -0.015619
v 0.195068 -0.118963 0.068156
v 0.142777 -0.070177 0.007628
v 0.082533 -0.048967 -0.046945
v 0.000239 -0.039255 -0.065194
v -0.082056 -0.048967 -0.046945
v -0.142300 -0.070177 0.007628
v -0.164351 -0.088446 0.083260
v -0.142300 -0.093577 0.161209
v -0.082056 -0.089011 0.209215
v 0.000239 -0.086911 0.229781
v 0.082533 -0.089011 0.209215
v 0.142777 -0.093577 0.161209
v 0.164827 -0.088446 0.083260
v 0.142777 -0.050716 0.006773
v 0.082533 -0.034172 -0.048428
v 0.000239 -0.026601 -0.066889
v -0.082056 -0.034172 -0.048428
v -0.142300 -0.050716 0.006773
v -0.164351 -0.064986 0.083266
v -0.142300 -0.069036 0.162093
v -0.082056 -0.065517 0.210634
v 0.000239 -0.063897 0.231428
v 0.082533 -0.065517 0.210634
v 0.142777 -0.069036 0.162093
v 0.164827 -0.064986 0.083266
v 0.178208 -0.004652 0.084423
v 0.154364 -0.007126 0.168219
v 0.089223 -0.005508 0.220046
v 0.000239 -0.004757 0.242253
v -0.088746 -0.005508 0.220046
v -0.153888 -0.007126 0.168219
v -0.177731 -0.004652 0.084423
v -0.153888 0.003153 0.003498
v -0.088746 0.012190 -0.056604
v 0.000239 0.017030 -0.076306
v 0.089223 0.012186 -0.056560
v 0.154364 0.003153 0.003498
v 0.132421 0.040459 0.014757
v 0.076203 0.037090 -0.038211
v -0.000593 0.037319 -0.055022
v -0.077389 0.037090 -0.038211
v -0.133608 0.040459 0.014757
v -0.154185 0.043963 0.085451
v -0.133608 0.047608 0.158997
v -0.077389 0.049873 0.204678
v -0.000593 0.050844 0.224254
v 0.076203 0.049873 0.204678
v 0.132421 0.047608 0.158997
v 0.152999 0.043963 0.085451
v 0.132421 0.057800 0.010240
v 0.076203 0.053823 -0.041629
v -0.000593 0.053768 -0.058442
v -0.077389 0.053823 -0.041629
v -0.133608 0.057800 0.010240
v -0.154185 0.062500 0.080865
v -0.133608 0.067390 0.154339
v -0.077389 0.070427 0.199974
v -0.000593 0.071728 0.219531
v 0.076203 0.070427 0.199974
v 0.132421 0.067390 0.154339
v 0.152999 0.062500 0.080865
v 0.175640 0.104972 0.069074
v 0.152267 0.117595 0.146904
v 0.088411 0.125436 0.195244
v 0.001183 0.128796 0.215961
v -0.086046 0.125436 0.195244
v -0.149901 0.117595 0.146904
v -0.186570 0.104972 0.069074
v -0.149901 0.092838 -0.005738
v -0.086046 0.084409 -0.058995
v 0.001183 0.082179 -0.076825
v 0.088411 0.084399 -0.059006
v 0.152267 0.092838 -0.005738
v 0.092860 -0.067915 -0.067688
v 0.160343 -0.093164 -0.011027
v 0.000239 -0.056019 -0.086265
v -0.092383 -0.067915 -0.067688
v -0.159866 -0.093164 -0.011027
v -0.184470 -0.119648 0.067913
v -0.159938 -0.136575 0.148694
v -0.092483 -0.139412 0.206293
v 0.000239 -0.138973 0.229825
v 0.092961 -0.139412 0.206293
v 0.160415 -0.136575 0.148694
v 0.184947 -0.119648 0.067913
v 0.151984 -0.089138 0.164359
v 0.087381 -0.094247 0.214549
v 0.000239 -0.091600 0.236093
v -0.086904 -0.094247 0.214549
v -0.151507 -0.089138 0.164359
v -0.175323 -0.084162 0.081341
v -0.151877 -0.064695 0.000571
v -0.087239 -0.052785 -0.056929
v 0.000239 -0.042337 -0.076266
v 0.087717 -0.052785 -0.056929
v 0.152354 -0.064695 0.000571
v 0.175800 -0.084162 0.081341
v 0.079208 -0.058009 -0.043764
v 0.139046 -0.079610 0.007358
v 0.000239 -0.047955 -0.059975
v -0.078731 -0.058009 -0.043764
v -0.138569 -0.079610 0.007358
v -0.161729 -0.098128 0.081732
v -0.139743 -0.103118 0.158886
v -0.079714 -0.097538 0.204239
v 0.000239 -0.095049 0.223721
v 0.080191 -0.097538 0.204239
v 0.140220 -0.103118 0.158886
v 0.162206 -0.098128 0.081732
v 0.080733 -0.026463 -0.042081
v 0.138386 -0.042963 0.011628
v 0.000239 -0.018891 -0.060343
v -0.080256 -0.026463 -0.042081
v -0.137909 -0.042963 0.011628
v -0.158283 -0.056930 0.084387
v -0.137568 -0.060638 0.158924
v -0.079723 -0.057236 0.205253
v 0.000239 -0.055505 0.225726
v 0.080200 -0.057236 0.205253
v 0.138044 -0.060638 0.158924
v 0.158760 -0.056930 0.084387
v 0.087771 -0.027300 -0.053996
v 0.151264 -0.044833 0.004105
v 0.000239 -0.019211 -0.073557
v -0.087294 -0.027300 -0.053996
v -0.150788 -0.044833 0.004105
v -0.173839 -0.059938 0.084068
v -0.150749 -0.064376 0.166195
v -0.087387 -0.060538 0.217034
v 0.000239 -0.058866 0.239179
v 0.087864 -0.060538 0.217034
v 0.151226 -0.064376 0.166195
v 0.174316 -0.059938 0.084068
v 0.084556 0.009110 -0.048084
v 0.145869 0.000945 0.008588
v 0.000218 0.013557 -0.066751
v -0.084100 0.009208 -0.048062
v -0.145376 0.001099 0.008626
v -0.167707 -0.006223 0.084416
v -0.145471 -0.008446 0.162707
v -0.084217 -0.006658 0.211040
v 0.000227 -0.005880 0.232168
v 0.084681 -0.006726 0.211055
v 0.145954 -0.008567 0.162728
v 0.168208 -0.006375 0.084412
v 0.157358 0.036323 0.085652
v 0.136198 0.040375 0.160594
v 0.078615 0.042772 0.207159
v -0.000575 0.043926 0.227269
v -0.079757 0.042815 0.207128
v -0.137295 0.040461 0.160562
v -0.158418 0.036435 0.085659
v -0.137596 0.032558 0.013322
v -0.080026 0.029027 -0.041557
v -0.000563 0.028981 -0.059137
v 0.078925 0.028955 -0.041619
v 0.136532 0.032442 0.013262
v 0.072809 0.029839 -0.031978
v 0.126531 0.033126 0.018562
v -0.000593 0.030283 -0.047711
v -0.073996 0.029839 -0.031978
v -0.127718 0.033126 0.018562
v -0.147781 0.036096 0.085659
v -0.128746 0.039213 0.156025
v -0.074746 0.041432 0.199706
v -0.000593 0.042262 0.218839
v 0.073559 0.041432 0.199706
v 0.127560 0.039213 0.156025
v 0.146595 0.036096 0.085659
v 0.073631 0.062171 -0.036466
v 0.127418 0.066177 0.013023
v -0.000593 0.062087 -0.052634
v -0.074818 0.062171 -0.036466
v -0.128604 0.066177 0.013023
v -0.147798 0.070379 0.080570
v -0.127947 0.074800 0.150340
v -0.074121 0.077204 0.193167
v -0.000593 0.078496 0.211971
v 0.072935 0.077204 0.193167
v 0.126760 0.074800 0.150340
v 0.146611 0.070379 0.080570
v 0.080285 0.060659 -0.046626
v 0.139017 0.064610 0.006899
v -0.000554 0.060526 -0.064222
v -0.081346 0.060536 -0.046563
v -0.140393 0.064685 0.007069
v -0.161743 0.069627 0.080160
v -0.140114 0.073861 0.156100
v -0.081205 0.076527 0.203517
v -0.000552 0.077707 0.224036
v 0.080112 0.076638 0.203550
v 0.138786 0.073839 0.156247
v 0.160312 0.069377 0.080213
v 0.084033 0.085131 -0.049607
v 0.143828 0.094761 -0.000077
v 0.001143 0.082398 -0.066441
v -0.081749 0.085020 -0.049557
v -0.141709 0.094642 0.000312
v -0.176279 0.105987 0.068944
v -0.141797 0.115829 0.140726
v -0.081880 0.121353 0.186704
v 0.001144 0.124016 0.206790
v 0.084172 0.121464 0.186688
v 0.143892 0.116056 0.141035
v 0.165391 0.106343 0.068882
v 0.166034 -0.107014 -0.022393
v 0.163837 -0.109093 -0.021986
v 0.095985 -0.079099 -0.079671
v 0.094778 -0.081526 -0.078319
v 0.000239 -0.065923 -0.098170
v 0.000239 -0.068451 -0.096484
v -0.095508 -0.079099 -0.079671
v -0.094298 -0.081527 -0.078313
v -0.165558 -0.107014 -0.022393
v -0.163395 -0.109090 -0.022008
v -0.191114 -0.140537 0.057811
v -0.188673 -0.142131 0.057017
v -0.165406 -0.168099 0.139584
v -0.163458 -0.169362 0.137677
v -0.095387 -0.177733 0.203586
v -0.094293 -0.179088 0.201125
v 0.000239 -0.178768 0.228587
v 0.000239 -0.180161 0.225883
v 0.095864 -0.177733 0.203586
v 0.094752 -0.179076 0.201093
v 0.165883 -0.168099 0.139584
v 0.163878 -0.169343 0.137644
v 0.191591 -0.140537 0.057811
v 0.189096 -0.142124 0.057020
v 0.160772 0.122144 -0.023631
v 0.159312 0.125011 -0.022632
v 0.092945 0.109247 -0.075637
v 0.092247 0.111757 -0.073451
v 0.000294 0.104990 -0.092891
v 0.000247 0.107286 -0.090475
v -0.092359 0.109252 -0.075636
v -0.091791 0.111791 -0.073547
v -0.160165 0.122056 -0.023618
v -0.158876 0.124907 -0.022533
v -0.185747 0.140333 0.048944
v -0.183403 0.142530 0.048172
v -0.160207 0.158981 0.124529
v -0.158504 0.160573 0.122146
v -0.092406 0.170849 0.171286
v -0.091813 0.171577 0.168035
v 0.000286 0.175898 0.191333
v 0.000248 0.176314 0.188000
v 0.092979 0.170848 0.171287
v 0.092314 0.171550 0.168060
v 0.160808 0.159076 0.124473
v 0.159407 0.160698 0.121910
v 0.185618 0.140242 0.048978
v 0.183829 0.142855 0.048088
v 0.157825 -0.107707 -0.017112
v 0.159324 -0.109457 -0.019082
v 0.092284 -0.082551 -0.073546
v 0.091507 -0.080941 -0.071125
v 0.000239 -0.069655 -0.091011
v 0.000239 -0.068034 -0.088514
v -0.091801 -0.082553 -0.073533
v -0.091030 -0.080941 -0.071125
v -0.158848 -0.109457 -0.019082
v -0.157348 -0.107707 -0.017112
v -0.183388 -0.141423 0.057211
v -0.181472 -0.139271 0.058238
v -0.159005 -0.167837 0.135096
v -0.157314 -0.165280 0.134933
v -0.091763 -0.177359 0.196495
v -0.090882 -0.174729 0.195329
v 0.000239 -0.178518 0.220608
v 0.000239 -0.175902 0.219151
v 0.092235 -0.177355 0.196485
v 0.091359 -0.174729 0.195329
v 0.159426 -0.167818 0.135064
v 0.157791 -0.165280 0.134932
v 0.183807 -0.141414 0.057214
v 0.181949 -0.139271 0.058238
v 0.175848 0.142176 0.048547
v 0.178575 0.143867 0.047868
v 0.154923 0.159790 0.119118
v 0.152918 0.157239 0.118497
v 0.090064 0.168445 0.163249
v 0.088970 0.165313 0.162777
v 0.000250 0.172548 0.182937
v 0.000288 0.169273 0.182479
v -0.089563 0.168569 0.163203
v -0.088384 0.165461 0.162701
v -0.154447 0.159187 0.118780
v -0.152441 0.156573 0.118184
v -0.178380 0.142787 0.048145
v -0.176118 0.140598 0.048979
v -0.154508 0.126029 -0.019071
v -0.152201 0.124327 -0.017306
v -0.089480 0.112382 -0.068086
v -0.088168 0.110264 -0.065763
v 0.000248 0.107273 -0.084109
v 0.000296 0.104903 -0.081797
v 0.089922 0.112243 -0.067931
v 0.088754 0.110065 -0.065734
v 0.154916 0.126348 -0.019481
v 0.152697 0.124621 -0.017849
v 0.158151 -0.061141 -0.002030
v 0.151572 -0.060193 0.003020
v 0.091526 -0.046930 -0.061975
v 0.087592 -0.045089 -0.054890
v 0.000239 -0.036357 -0.082185
v 0.000239 -0.034841 -0.074137
v -0.091049 -0.046930 -0.061975
v -0.087115 -0.045089 -0.054890
v -0.157674 -0.061141 -0.002030
v -0.151096 -0.060193 0.003020
v -0.181951 -0.082102 0.080944
v -0.173830 -0.080180 0.083315
v -0.157569 -0.089897 0.166190
v -0.148893 -0.087176 0.164859
v -0.090543 -0.093206 0.220275
v -0.086157 -0.087862 0.215540
v 0.000239 -0.091049 0.243007
v 0.000239 -0.085706 0.236846
v 0.091020 -0.093206 0.220275
v 0.086634 -0.087862 0.215540
v 0.158046 -0.089896 0.166190
v 0.149369 -0.087176 0.164859
v 0.182428 -0.082102 0.080944
v 0.174307 -0.080180 0.083315
v 0.151049 -0.050975 0.002974
v 0.157065 -0.043900 -0.000419
v 0.087217 -0.033395 -0.055866
v 0.090742 -0.025847 -0.061082
v 0.000239 -0.025399 -0.075334
v 0.000239 -0.017652 -0.081295
v -0.086807 -0.033384 -0.055973
v -0.090265 -0.025850 -0.061089
v -0.150822 -0.050977 0.002819
v -0.156589 -0.043900 -0.000419
v -0.173826 -0.065975 0.083323
v -0.180895 -0.059394 0.083493
v -0.150508 -0.070205 0.166050
v -0.156635 -0.063766 0.170078
v -0.086499 -0.066472 0.217563
v -0.090322 -0.059777 0.223401
v 0.000239 -0.064726 0.239119
v 0.000239 -0.058072 0.246247
v 0.086893 -0.066454 0.217434
v 0.090799 -0.059777 0.223401
v 0.150979 -0.070204 0.166046
v 0.157111 -0.063760 0.170078
v 0.174161 -0.065960 0.083322
v 0.181372 -0.059394 0.083493
v 0.140665 0.057532 0.006221
v 0.146159 0.062198 0.002173
v 0.080784 0.053799 -0.048896
v 0.084368 0.058797 -0.054254
v -0.000593 0.053742 -0.066398
v -0.000270 0.058900 -0.072674
v -0.081838 0.053800 -0.048686
v -0.084979 0.058948 -0.054280
v -0.141801 0.057535 0.006252
v -0.146883 0.062427 0.002114
v -0.163967 0.062499 0.080857
v -0.170768 0.066919 0.079608
v -0.141346 0.067638 0.158068
v -0.146782 0.073542 0.159707
v -0.081892 0.070807 0.205688
v -0.084906 0.077243 0.209575
v -0.000593 0.072170 0.226172
v -0.000398 0.078771 0.230964
v 0.080648 0.070800 0.205573
v 0.084107 0.077149 0.209603
v 0.139909 0.067627 0.157905
v 0.145976 0.073367 0.159758
v 0.162081 0.062500 0.080861
v 0.168681 0.067533 0.079437
v 0.143332 0.036151 0.008980
v 0.138163 0.040322 0.011984
v 0.082876 0.033351 -0.048440
v 0.079415 0.037159 -0.043305
v -0.000444 0.033804 -0.067003
v -0.000593 0.037397 -0.060743
v -0.083824 0.033275 -0.048476
v -0.080509 0.037157 -0.043158
v -0.144364 0.036055 0.008964
v -0.139326 0.040323 0.011999
v -0.166347 0.039578 0.085336
v -0.160565 0.043963 0.085450
v -0.144055 0.043294 0.164585
v -0.139121 0.047738 0.161609
v -0.083400 0.045577 0.213794
v -0.080720 0.050081 0.208880
v -0.000522 0.046571 0.234884
v -0.000593 0.051090 0.229227
v 0.082349 0.045615 0.213789
v 0.079509 0.050079 0.208832
v 0.142992 0.043360 0.164580
v 0.137854 0.047735 0.161557
v 0.165285 0.039665 0.085337
v 0.159348 0.043963 0.085451
vt 0.274582 0.344649
vt 0.274163 0.376086
vt 0.264365 0.366134
vt 0.262351 0.332543
vt 0.286038 0.350943
vt 0.284695 0.380369
vt 0.298025 0.345701
vt 0.295571 0.377045
vt 0.311323 0.334739
vt 0.306227 0.368011
vt 0.325310 0.327076
vt 0.321421 0.353575
vt 0.339428 0.326580
vt 0.335462 0.345633
vt 0.351985 0.331240
vt 0.349936 0.344254
vt 0.364032 0.335875
vt 0.210338 0.339407
vt 0.222215 0.325325
vt 0.223023 0.338497
vt 0.235143 0.321850
vt 0.237297 0.341202
vt 0.249143 0.323643
vt 0.250547 0.350390
vt 0.232487 0.346257
vt 0.222680 0.341533
vt 0.211384 0.341968
vt 0.349989 0.347301
vt 0.339773 0.351104
vt 0.328616 0.356741
vt 0.314615 0.368606
vt 0.299317 0.379735
vt 0.284517 0.384362
vt 0.270190 0.378431
vt 0.255951 0.365974
vt 0.243081 0.352893
vt 0.230400 0.368790
vt 0.218045 0.362711
vt 0.206828 0.359272
vt 0.352580 0.368727
vt 0.339773 0.373705
vt 0.325241 0.381908
vt 0.308694 0.395086
vt 0.295417 0.406680
vt 0.283300 0.411703
vt 0.271677 0.405626
vt 0.259479 0.392889
vt 0.244156 0.378273
vt 0.227965 0.370548
vt 0.216394 0.366113
vt 0.205182 0.363228
vt 0.353955 0.372319
vt 0.342041 0.375669
vt 0.327579 0.383021
vt 0.310481 0.396591
vt 0.296432 0.409042
vt 0.283185 0.414311
vt 0.270458 0.407891
vt 0.257566 0.394230
vt 0.241727 0.379174
vt 0.228512 0.399142
vt 0.215369 0.390062
vt 0.203293 0.387008
vt 0.352894 0.396204
vt 0.338993 0.404135
vt 0.323927 0.416001
vt 0.308185 0.431004
vt 0.294784 0.441684
vt 0.281792 0.445787
vt 0.269223 0.440536
vt 0.256828 0.428680
vt 0.242476 0.412307
vt 0.258069 0.459018
vt 0.242525 0.439939
vt 0.270239 0.469653
vt 0.280685 0.473183
vt 0.291395 0.470550
vt 0.304442 0.461040
vt 0.321515 0.443432
vt 0.337058 0.425080
vt 0.350859 0.410159
vt 0.204435 0.399169
vt 0.216039 0.404203
vt 0.228550 0.420263
vt 0.228002 0.422597
vt 0.216108 0.407592
vt 0.205275 0.403206
vt 0.350517 0.413458
vt 0.337434 0.427361
vt 0.322803 0.444244
vt 0.306799 0.461040
vt 0.293780 0.471533
vt 0.280588 0.475532
vt 0.267788 0.470435
vt 0.255752 0.458847
vt 0.241203 0.440703
vt 0.227494 0.443102
vt 0.215191 0.428102
vt 0.205792 0.420420
vt 0.349730 0.433897
vt 0.336272 0.447754
vt 0.320540 0.465162
vt 0.303873 0.482430
vt 0.291151 0.492479
vt 0.279748 0.496757
vt 0.268686 0.491575
vt 0.256753 0.480496
vt 0.241765 0.461773
vt 0.224329 0.442675
vt 0.211635 0.428345
vt 0.202059 0.421883
vt 0.353284 0.434409
vt 0.339395 0.447661
vt 0.322399 0.466036
vt 0.304733 0.484275
vt 0.291383 0.495265
vt 0.279632 0.499814
vt 0.268252 0.494401
vt 0.255754 0.482293
vt 0.239790 0.462374
vt 0.224675 0.460712
vt 0.211341 0.442786
vt 0.199725 0.435206
vt 0.352694 0.448772
vt 0.337727 0.465459
vt 0.320828 0.486951
vt 0.303851 0.507492
vt 0.290708 0.519781
vt 0.278502 0.524953
vt 0.266726 0.518909
vt 0.254682 0.505721
vt 0.239662 0.483763
vt 0.530107 0.362074
vt 0.542110 0.357898
vt 0.544382 0.368439
vt 0.531074 0.373514
vt 0.554700 0.358496
vt 0.383064 0.363391
vt 0.397755 0.354992
vt 0.395087 0.365448
vt 0.409588 0.359618
vt 0.408190 0.371021
vt 0.422363 0.365590
vt 0.423412 0.379930
vt 0.437933 0.378602
vt 0.440580 0.394340
vt 0.453637 0.391161
vt 0.455233 0.406740
vt 0.469157 0.397187
vt 0.468877 0.412466
vt 0.484887 0.391799
vt 0.482720 0.407309
vt 0.501052 0.379887
vt 0.497810 0.395504
vt 0.517107 0.367524
vt 0.515509 0.381801
vt 0.527345 0.436832
vt 0.542467 0.423763
vt 0.541666 0.434977
vt 0.526160 0.447251
vt 0.554425 0.421186
vt 0.383983 0.427360
vt 0.395000 0.420765
vt 0.395331 0.431973
vt 0.409554 0.434389
vt 0.410294 0.444815
vt 0.425693 0.451123
vt 0.426544 0.462079
vt 0.441870 0.468454
vt 0.442669 0.480081
vt 0.454680 0.479229
vt 0.455423 0.490945
vt 0.467459 0.483708
vt 0.467174 0.495760
vt 0.480409 0.479867
vt 0.479136 0.491609
vt 0.493644 0.469651
vt 0.492389 0.481323
vt 0.510511 0.452944
vt 0.509202 0.463902
vt 0.527795 0.322154
vt 0.527722 0.320853
vt 0.541294 0.324418
vt 0.541484 0.325719
vt 0.513685 0.320484
vt 0.513716 0.319214
vt 0.554915 0.326812
vt 0.385727 0.324766
vt 0.399836 0.321539
vt 0.399597 0.322832
vt 0.413609 0.318475
vt 0.413481 0.319775
vt 0.427755 0.317412
vt 0.427726 0.318685
vt 0.441729 0.319981
vt 0.441820 0.321318
vt 0.456119 0.328394
vt 0.456282 0.329948
vt 0.470398 0.333449
vt 0.470365 0.335066
vt 0.484877 0.328941
vt 0.484647 0.330490
vt 0.499644 0.321121
vt 0.499489 0.322454
vt 0.524331 0.483884
vt 0.523929 0.486038
vt 0.508472 0.510908
vt 0.508567 0.509309
vt 0.539682 0.466542
vt 0.539057 0.468744
vt 0.553400 0.463053
vt 0.383034 0.461706
vt 0.395901 0.463534
vt 0.396432 0.465744
vt 0.410368 0.481356
vt 0.410707 0.483512
vt 0.425170 0.507203
vt 0.425162 0.508568
vt 0.440949 0.533657
vt 0.440712 0.534328
vt 0.453992 0.548252
vt 0.453643 0.548576
vt 0.465019 0.552674
vt 0.464985 0.553215
vt 0.476481 0.549314
vt 0.476785 0.549667
vt 0.491313 0.535822
vt 0.491535 0.536493
vt 0.234119 0.311239
vt 0.527772 0.319963
vt 0.513655 0.318396
vt 0.247714 0.308935
vt 0.221362 0.316042
vt 0.541426 0.323413
vt 0.209112 0.320745
vt 0.386133 0.322332
vt 0.353712 0.322088
vt 0.399739 0.320527
vt 0.341450 0.316118
vt 0.413594 0.317577
vt 0.328116 0.312565
vt 0.427850 0.316589
vt 0.314265 0.313118
vt 0.441969 0.319248
vt 0.300108 0.320497
vt 0.456318 0.327517
vt 0.287255 0.324626
vt 0.470417 0.332478
vt 0.274841 0.319375
vt 0.484718 0.328061
vt 0.261439 0.310756
vt 0.499431 0.320372
vt 0.237728 0.502574
vt 0.508732 0.511904
vt 0.523709 0.487956
vt 0.223446 0.476358
vt 0.252456 0.527373
vt 0.492785 0.536225
vt 0.265245 0.541583
vt 0.479476 0.550125
vt 0.277712 0.548342
vt 0.464813 0.555974
vt 0.290652 0.542646
vt 0.450931 0.548743
vt 0.304576 0.528915
vt 0.439233 0.533656
vt 0.321157 0.504981
vt 0.424729 0.509174
vt 0.337604 0.481080
vt 0.410844 0.485382
vt 0.352798 0.461562
vt 0.396803 0.467808
vt 0.365673 0.453293
vt 0.551999 0.467122
vt 0.209983 0.455322
vt 0.538619 0.470757
vt 0.542279 0.336855
vt 0.528043 0.334614
vt 0.384380 0.335711
vt 0.398383 0.333939
vt 0.412720 0.332215
vt 0.427608 0.334940
vt 0.442153 0.344005
vt 0.456062 0.356149
vt 0.469823 0.362372
vt 0.483812 0.356705
vt 0.498173 0.345132
vt 0.513062 0.336710
vt 0.491347 0.512721
vt 0.507841 0.490064
vt 0.478499 0.525483
vt 0.466327 0.529975
vt 0.454571 0.524471
vt 0.442355 0.511125
vt 0.426644 0.488214
vt 0.410345 0.465687
vt 0.394567 0.450686
vt 0.554978 0.450607
vt 0.541371 0.453718
vt 0.525010 0.468171
vt 0.527486 0.356001
vt 0.527115 0.357988
vt 0.512056 0.365643
vt 0.512327 0.363433
vt 0.542399 0.352303
vt 0.542088 0.355872
vt 0.555735 0.353333
vt 0.384491 0.353399
vt 0.397677 0.349383
vt 0.397854 0.352966
vt 0.412437 0.353643
vt 0.412731 0.355647
vt 0.427292 0.361696
vt 0.427480 0.363917
vt 0.442965 0.376753
vt 0.442986 0.378607
vt 0.455984 0.387776
vt 0.456069 0.390387
vt 0.469230 0.393270
vt 0.469191 0.395364
vt 0.482671 0.388320
vt 0.482487 0.390926
vt 0.496095 0.377835
vt 0.496004 0.379687
vt 0.532136 0.374573
vt 0.532238 0.378293
vt 0.516179 0.386817
vt 0.516605 0.382611
vt 0.545125 0.370308
vt 0.545825 0.374347
vt 0.557252 0.368921
vt 0.380948 0.369743
vt 0.394266 0.367318
vt 0.393407 0.371339
vt 0.407049 0.372068
vt 0.406820 0.375805
vt 0.422269 0.380707
vt 0.422542 0.384932
vt 0.439778 0.395441
vt 0.440263 0.400507
vt 0.454868 0.408421
vt 0.454921 0.414102
vt 0.468842 0.414287
vt 0.468734 0.420284
vt 0.483016 0.408973
vt 0.482755 0.414675
vt 0.498569 0.396635
vt 0.497894 0.401683
vt 0.545211 0.401425
vt 0.530093 0.409067
vt 0.379698 0.397064
vt 0.392959 0.398404
vt 0.407792 0.406624
vt 0.423982 0.419263
vt 0.440879 0.435239
vt 0.454698 0.447012
vt 0.468164 0.452145
vt 0.481795 0.447600
vt 0.496008 0.436388
vt 0.513459 0.421079
vt 0.527902 0.447678
vt 0.527987 0.450071
vt 0.509866 0.467937
vt 0.510079 0.464826
vt 0.543706 0.435829
vt 0.543798 0.438184
vt 0.555114 0.432532
vt 0.381315 0.431226
vt 0.393317 0.432720
vt 0.393072 0.435112
vt 0.408549 0.445172
vt 0.408363 0.447656
vt 0.425556 0.463028
vt 0.425583 0.465800
vt 0.442368 0.481685
vt 0.442753 0.485857
vt 0.455296 0.492864
vt 0.455413 0.497776
vt 0.467124 0.497811
vt 0.467019 0.503018
vt 0.479171 0.493509
vt 0.478844 0.498439
vt 0.492624 0.482888
vt 0.492108 0.487052
vt 0.527722 0.431970
vt 0.527128 0.435579
vt 0.509874 0.452298
vt 0.510232 0.449384
vt 0.543260 0.418083
vt 0.542609 0.422106
vt 0.555998 0.415293
vt 0.382731 0.416042
vt 0.394399 0.415022
vt 0.394928 0.419155
vt 0.409354 0.429474
vt 0.409823 0.433156
vt 0.426109 0.447543
vt 0.426361 0.450504
vt 0.443006 0.465908
vt 0.442949 0.468211
vt 0.455874 0.476751
vt 0.455839 0.478689
vt 0.467529 0.480892
vt 0.467483 0.482618
vt 0.479333 0.477348
vt 0.479287 0.479272
vt 0.492616 0.467081
vt 0.492596 0.469360
vt 0.223275 0.477199
vt 0.209808 0.456293
vt 0.197558 0.447164
vt 0.352907 0.462494
vt 0.337733 0.481897
vt 0.321128 0.506262
vt 0.304323 0.530754
vt 0.290436 0.544746
vt 0.277635 0.550504
vt 0.265311 0.543703
vt 0.252572 0.529197
vt 0.237607 0.503598
vt 0.247556 0.307304
vt 0.261388 0.309145
vt 0.274908 0.317936
vt 0.287319 0.323264
vt 0.300174 0.319056
vt 0.314466 0.311513
vt 0.328428 0.310948
vt 0.341817 0.314531
vt 0.354070 0.320472
vt 0.365868 0.326307
vt 0.221159 0.314398
vt 0.233904 0.309624
vt 0.554924 0.419499
vt 0.383159 0.417745
vt 0.381791 0.411809
vt 0.558514 0.400596
vt 0.555649 0.434740
vt 0.381070 0.447082
vt 0.553204 0.430770
vt 0.382004 0.429049
vt 0.558338 0.373220
vt 0.556472 0.366794
vt 0.382205 0.365489
vt 0.555424 0.356761
vt 0.385150 0.355157
vt 0.384309 0.349963
vt 0.556190 0.339101
vt 0.365857 0.454317
vt 0.383630 0.463627
vt 0.552678 0.465226
vt 0.208873 0.319094
vt 0.554921 0.325679
vt 0.386099 0.323465
vt 0.382394 0.459509
vt 0.555240 0.328125
vt 0.364922 0.442234
vt 0.197833 0.446156
vt 0.209796 0.328800
vt 0.365473 0.327927
vt 0.363311 0.428818
vt 0.359724 0.427046
vt 0.361683 0.410002
vt 0.362864 0.406067
vt 0.365215 0.394103
vt 0.365320 0.370343
vt 0.364065 0.366457
vt 0.361217 0.348809
vt 0.362495 0.346367
vn -0.448232 0.201807 -0.870840
vn -0.410336 -0.092599 -0.907221
vn -0.732472 -0.258253 -0.629913
vn -0.831580 0.119055 -0.542494
vn -0.000000 0.207065 -0.978327
vn -0.000000 -0.078938 -0.996880
vn 0.448231 0.201806 -0.870841
vn 0.410334 -0.092599 -0.907222
vn 0.831580 0.119053 -0.542495
vn 0.732471 -0.258254 -0.629914
vn 0.995881 -0.071528 -0.055725
vn 0.815740 -0.547577 -0.186355
vn 0.866174 -0.279594 0.414210
vn 0.610374 -0.779327 0.141752
vn 0.499162 -0.410671 0.763012
vn 0.332247 -0.879227 0.341425
vn -0.000000 -0.457378 0.889273
vn -0.000000 -0.923059 0.384659
vn -0.499163 -0.410670 0.763012
vn -0.332247 -0.879228 0.341424
vn -0.866175 -0.279592 0.414211
vn -0.610374 -0.779327 0.141751
vn -0.995881 -0.071525 -0.055725
vn -0.815741 -0.547575 -0.186356
vn -0.701715 -0.669589 0.243405
vn -0.450295 -0.637546 0.625116
vn -0.000002 -0.599277 0.800542
vn 0.450296 -0.637538 0.625123
vn 0.701718 -0.669585 0.243408
vn 0.762179 -0.637865 -0.110511
vn 0.695145 -0.527783 -0.488076
vn 0.403277 -0.372345 -0.835899
vn 0.000000 -0.336663 -0.941625
vn -0.403278 -0.372347 -0.835898
vn -0.695145 -0.527785 -0.488074
vn -0.762178 -0.637866 -0.110511
vn -0.726188 0.400922 0.558491
vn -0.340752 0.459657 0.820124
vn -0.000001 0.482737 0.875765
vn 0.340749 0.459661 0.820123
vn 0.726186 0.400928 0.558490
vn 0.926691 0.372852 0.047161
vn 0.760250 0.408930 -0.504773
vn 0.373798 0.425612 -0.824093
vn 0.000000 0.453378 -0.891318
vn -0.373799 0.425609 -0.824094
vn -0.760253 0.408923 -0.504775
vn -0.926695 0.372843 0.047160
vn -0.851616 0.128905 0.508069
vn -0.474775 0.118235 0.872129
vn 0.000093 0.122466 0.992473
vn 0.475075 0.117628 0.872048
vn 0.851785 0.128027 0.508006
vn 0.990795 0.134557 -0.014807
vn 0.830737 0.116023 -0.544439
vn 0.432673 0.099943 -0.895994
vn 0.000072 0.087589 -0.996157
vn -0.432535 0.100206 -0.896031
vn -0.830626 0.116542 -0.544499
vn -0.990692 0.135312 -0.014839
vn -0.853865 -0.210498 0.476031
vn -0.488248 -0.248602 0.836547
vn -0.001896 -0.261468 0.965210
vn 0.486420 -0.238454 0.840557
vn 0.855600 -0.195845 0.479159
vn 0.987070 -0.158536 -0.023653
vn 0.829490 -0.136829 -0.541502
vn 0.435872 -0.118308 -0.892199
vn -0.001051 -0.115864 -0.993265
vn -0.437087 -0.124839 -0.890713
vn -0.828949 -0.148594 -0.539225
vn -0.984643 -0.172958 -0.023756
vn -0.777604 -0.331513 -0.534257
vn -0.911784 -0.409486 -0.031154
vn -0.410916 -0.265415 -0.872183
vn 0.002549 -0.236734 -0.971571
vn 0.415571 -0.253126 -0.873629
vn 0.785519 -0.308131 -0.536671
vn 0.924262 -0.380443 -0.031655
vn 0.768331 -0.476643 0.427175
vn 0.410678 -0.585724 0.698764
vn 0.004312 -0.658234 0.752801
vn -0.397949 -0.603989 0.690531
vn -0.753305 -0.504682 0.421696
vn -0.812914 -0.288455 0.505930
vn -0.443583 -0.262191 0.857024
vn -0.000194 -0.234036 0.972228
vn 0.443559 -0.260038 0.857692
vn 0.813721 -0.285447 0.506339
vn 0.934584 -0.355743 0.000010
vn 0.759316 -0.428868 -0.489400
vn 0.397416 -0.437295 -0.806743
vn -0.000145 -0.453472 -0.891271
vn -0.397493 -0.437984 -0.806331
vn -0.758888 -0.430427 -0.488693
vn -0.933626 -0.358250 0.000327
vn -0.733103 0.526374 0.430685
vn -0.399102 0.541746 0.739749
vn -0.000412 0.530639 0.847598
vn 0.399410 0.541343 0.739878
vn 0.733575 0.527035 0.429072
vn 0.890470 0.454705 -0.017502
vn 0.783529 0.349734 -0.513583
vn 0.425233 0.230057 -0.875357
vn -0.000385 0.211143 -0.977455
vn -0.425066 0.230879 -0.875222
vn -0.783021 0.348720 -0.515046
vn -0.891706 0.452280 -0.017400
vn -0.757939 0.506790 0.410721
vn -0.394319 0.519164 0.758275
vn 0.009339 0.485580 0.874142
vn 0.418631 0.479445 0.771285
vn 0.735585 0.519904 0.434298
vn 0.902405 0.417143 -0.107971
vn 0.764942 0.113482 -0.634023
vn 0.408594 -0.103324 -0.906849
vn 0.005922 -0.146325 -0.989219
vn -0.400079 -0.075420 -0.913372
vn -0.778482 0.120648 -0.615962
vn -0.926749 0.364929 -0.089238
vn -0.819699 0.363257 0.442874
vn -0.445091 0.407026 0.797636
vn -0.005848 0.388459 0.921447
vn 0.437319 0.393176 0.808805
vn 0.793710 0.354402 0.494393
vn 0.987914 0.132878 -0.079806
vn 0.776815 -0.159638 -0.609159
vn 0.391987 -0.357307 -0.847749
vn -0.003352 -0.405571 -0.914058
vn -0.397739 -0.347266 -0.849241
vn -0.801948 -0.140350 -0.580672
vn -0.984197 0.162240 -0.070958
vn 0.681937 0.713496 -0.160893
vn 0.453326 0.714962 -0.532282
vn 0.280587 -0.600904 -0.748456
vn 0.658672 -0.519302 -0.544496
vn 0.000000 0.681172 -0.732124
vn 0.000122 -0.631178 -0.775638
vn -0.453324 0.714966 -0.532278
vn -0.278107 -0.605738 -0.745479
vn -0.681930 0.713503 -0.160887
vn -0.653105 -0.527884 -0.542948
vn -0.772651 0.615369 0.155987
vn -0.885188 -0.461631 -0.057790
vn -0.725169 0.461067 0.511417
vn -0.745874 -0.451411 0.489796
vn -0.419345 0.321861 0.848855
vn -0.376049 -0.434100 0.818624
vn 0.000000 0.296604 0.955001
vn 0.000088 -0.444868 0.895596
vn 0.419347 0.321858 0.848856
vn 0.376819 -0.430838 0.819991
vn 0.725173 0.461057 0.511420
vn 0.747269 -0.448094 0.490715
vn 0.772660 0.615357 0.155985
vn 0.888358 -0.455606 -0.056945
vn 0.825280 0.284567 -0.487785
vn 0.462727 0.222016 -0.858250
vn 0.364671 -0.632340 -0.683492
vn 0.683007 -0.607246 -0.405900
vn 0.000001 0.180365 -0.983600
vn 0.000000 -0.620645 -0.784092
vn -0.463486 0.215841 -0.859414
vn -0.366363 -0.627464 -0.687072
vn -0.826174 0.281293 -0.488171
vn -0.681518 -0.609708 -0.404708
vn -0.924243 0.381253 0.020509
vn -0.851473 -0.524140 0.016450
vn -0.739530 0.457674 0.493589
vn -0.780102 -0.364822 0.508278
vn -0.389516 0.458775 0.798626
vn -0.432525 -0.188244 0.881752
vn -0.000001 0.467452 0.884018
vn 0.000000 -0.144732 0.989471
vn 0.389918 0.456785 0.799570
vn 0.433255 -0.181655 0.882775
vn 0.740814 0.454450 0.494642
vn 0.786286 -0.347395 0.510952
vn 0.924920 0.379602 0.020617
vn 0.861807 -0.507011 0.015088
vn 0.830426 -0.019999 -0.556770
vn 0.141764 -0.863365 -0.484256
vn 0.037786 -0.846100 -0.531683
vn 0.449724 0.088402 -0.888782
vn 0.977751 -0.206062 -0.039275
vn 0.200529 -0.916000 -0.347464
vn 0.000038 -0.847863 -0.530215
vn 0.000005 0.116175 -0.993229
vn -0.037638 -0.846216 -0.531510
vn -0.449779 0.088715 -0.888723
vn -0.142288 -0.863125 -0.484530
vn -0.830682 -0.018861 -0.556428
vn -0.202737 -0.915547 -0.347377
vn -0.978087 -0.204565 -0.038710
vn -0.148213 -0.976724 -0.155058
vn -0.810801 -0.339573 0.476751
vn -0.054101 -0.998363 -0.018539
vn -0.441714 -0.355475 0.823727
vn -0.000012 -0.999786 0.020675
vn -0.000010 -0.339156 0.940730
vn 0.053499 -0.998376 -0.019574
vn 0.441623 -0.356160 0.823480
vn 0.146243 -0.976817 -0.156338
vn 0.810560 -0.340842 0.476256
vn 0.780424 -0.411863 -0.470434
vn 0.333442 0.841391 -0.425298
vn 0.462558 0.856779 -0.227968
vn 0.980781 -0.194699 0.012671
vn 0.404597 -0.480921 -0.777828
vn 0.100472 0.906852 -0.409299
vn -0.003651 -0.489730 -0.871867
vn -0.000801 0.936668 -0.350218
vn -0.407530 -0.501058 -0.763453
vn -0.101858 0.905755 -0.411380
vn -0.771013 -0.387717 -0.505188
vn -0.291932 0.864573 -0.409009
vn -0.995674 -0.091617 -0.015462
vn -0.378527 0.894725 -0.237033
vn -0.813558 0.222601 0.537190
vn -0.213758 0.969617 -0.118958
vn -0.412445 0.414230 0.811358
vn -0.030473 0.976688 -0.212490
vn -0.002184 0.493295 0.869860
vn -0.000720 0.961567 -0.274571
vn 0.407601 0.428341 0.806465
vn 0.032651 0.977337 -0.209155
vn 0.837374 0.156231 0.523829
vn 0.281312 0.955772 -0.085809
vn -0.856481 -0.187099 0.481076
vn -0.312741 -0.930108 -0.192592
vn -0.340986 -0.881087 -0.327740
vn -0.998781 0.043127 -0.024022
vn -0.476398 -0.322032 0.818132
vn -0.208163 -0.975795 -0.067020
vn -0.000019 -0.345019 0.938596
vn -0.000004 -1.000000 -0.000695
vn 0.476373 -0.321547 0.818338
vn 0.208122 -0.975791 -0.067208
vn 0.856496 -0.187682 0.480821
vn 0.312068 -0.930220 -0.193140
vn 0.998851 0.041014 -0.024773
vn 0.339421 -0.881611 -0.327957
vn 0.825540 0.207148 -0.524950
vn 0.304548 -0.858122 -0.413372
vn 0.450121 0.246598 -0.858243
vn 0.200730 -0.858305 -0.472251
vn 0.000004 0.238446 -0.971156
vn 0.000083 -0.862961 -0.505270
vn -0.450068 0.247233 -0.858088
vn -0.201127 -0.857817 -0.472968
vn -0.825423 0.208974 -0.524411
vn -0.305965 -0.857318 -0.413995
vn -0.949372 0.311988 -0.036825
vn -0.106484 0.964286 -0.242514
vn -0.127181 0.982233 -0.137995
vn -0.750419 0.515466 0.413723
vn -0.838010 -0.047437 -0.543589
vn -0.199278 0.893775 -0.401815
vn -0.411049 -0.353515 -0.840277
vn -0.190397 0.738870 -0.646390
vn 0.002513 -0.429197 -0.903207
vn 0.000176 0.679278 -0.733881
vn 0.417045 -0.338069 -0.843672
vn 0.191170 0.741457 -0.643191
vn 0.814505 -0.122765 -0.567019
vn 0.250836 0.870578 -0.423292
vn 0.977101 0.212659 -0.007013
vn 0.214703 0.947285 -0.237809
vn 0.739571 0.497132 0.453755
vn 0.172170 0.978864 -0.110380
vn 0.396648 0.596202 0.698007
vn 0.130728 0.989269 0.065242
vn 0.003897 0.587566 0.809167
vn 0.000249 0.982773 0.184814
vn -0.394352 0.579330 0.713347
vn -0.131668 0.988619 0.072779
vn 0.492399 0.446058 -0.747379
vn 0.859196 0.314747 -0.403381
vn 0.000000 0.493530 -0.869729
vn -0.492398 0.446058 -0.747380
vn -0.859196 0.314746 -0.403383
vn -0.992195 0.106940 0.064128
vn -0.832411 -0.080737 0.548246
vn -0.452872 -0.162171 0.876703
vn -0.000000 -0.169115 0.985596
vn 0.452873 -0.162171 0.876702
vn 0.832412 -0.080736 0.548244
vn 0.992195 0.106941 0.064128
vn 0.801686 0.114347 0.586706
vn 0.981417 -0.175139 0.078402
vn 0.402240 0.312395 0.860588
vn 0.003538 0.368683 0.929548
vn -0.396002 0.320476 0.860510
vn -0.779525 0.132015 0.612301
vn -0.985895 -0.143885 0.085485
vn -0.791819 -0.369043 -0.486652
vn -0.427975 -0.424429 -0.797933
vn 0.005623 -0.420295 -0.907370
vn 0.436500 -0.431609 -0.789418
vn 0.814118 -0.379227 -0.439771
vn 0.760154 0.583309 -0.286211
vn -0.116219 0.946270 0.301772
vn -0.220533 0.958976 0.178128
vn 0.917152 0.377249 0.128512
vn 0.426953 0.714524 -0.554226
vn 0.030833 0.978112 0.205782
vn -0.000000 0.774115 -0.633045
vn 0.000000 0.992903 0.118925
vn -0.426953 0.714522 -0.554229
vn -0.030832 0.978112 0.205783
vn -0.760157 0.583303 -0.286215
vn 0.116219 0.946270 0.301772
vn -0.917156 0.377241 0.128511
vn 0.220525 0.958978 0.178131
vn -0.781562 0.172527 0.599495
vn 0.086956 0.993236 0.076948
vn -0.424647 0.052212 0.903852
vn -0.082501 0.967430 0.239317
vn -0.000000 0.033935 0.999424
vn -0.000000 0.931325 0.364189
vn 0.424647 0.052214 0.903852
vn 0.082497 0.967431 0.239313
vn 0.781561 0.172533 0.599495
vn -0.086966 0.993236 0.076938
vn 0.308680 -0.870211 -0.383992
vn 0.861996 -0.037965 -0.505491
vn 0.998236 -0.056699 0.017599
vn 0.389370 -0.915548 -0.100815
vn 0.145795 -0.825801 -0.544791
vn 0.485203 -0.011627 -0.874324
vn 0.000176 -0.812202 -0.583376
vn 0.000142 -0.000756 -1.000000
vn -0.145927 -0.825290 -0.545528
vn -0.485479 -0.009730 -0.874195
vn -0.310135 -0.869488 -0.384457
vn -0.862389 -0.034910 -0.505040
vn -0.390140 -0.915279 -0.100278
vn -0.998347 -0.054603 0.017949
vn -0.324937 -0.922426 0.208676
vn -0.836945 -0.053078 0.544707
vn -0.151097 -0.908138 0.390454
vn -0.439785 -0.042287 0.897107
vn 0.000210 -0.900524 0.434805
vn 0.000015 -0.036763 0.999324
vn 0.150832 -0.908429 0.389880
vn 0.439748 -0.043292 0.897077
vn 0.324641 -0.922560 0.208544
vn 0.836892 -0.054218 0.544677
vn 0.488182 0.230638 -0.841715
vn 0.855645 0.192104 -0.480591
vn 0.001947 0.245522 -0.969389
vn -0.486158 0.221263 -0.845395
vn -0.857006 0.178329 -0.483466
vn -0.989575 0.142307 0.022137
vn -0.832148 0.123255 0.540683
vn -0.438141 0.108946 0.892280
vn 0.001116 0.107239 0.994233
vn 0.439478 0.115144 0.890843
vn 0.831834 0.134459 0.538491
vn 0.987503 0.156030 0.022193
vn 0.314491 -0.939593 -0.135129
vn 0.806905 -0.377142 -0.454608
vn 0.964687 -0.252364 0.075438
vn 0.376251 -0.923492 0.074819
vn 0.173716 -0.933650 -0.313242
vn 0.428914 -0.371578 -0.823385
vn -0.002988 -0.923181 -0.384353
vn -0.005608 -0.327987 -0.944665
vn -0.183889 -0.928662 -0.322136
vn -0.443687 -0.334034 -0.831603
vn -0.312507 -0.939449 -0.140626
vn -0.787166 -0.388461 -0.479028
vn -0.361705 -0.929370 0.073764
vn -0.949279 -0.300005 0.094165
vn -0.345548 -0.883794 0.315445
vn -0.783494 -0.033066 0.620520
vn -0.210674 -0.834258 0.509538
vn -0.413460 0.148775 0.898286
vn -0.002238 -0.816313 0.577606
vn -0.003807 0.179678 0.983718
vn 0.203247 -0.841148 0.501160
vn 0.408299 0.122639 0.904573
vn 0.348540 -0.884587 0.309881
vn 0.796089 -0.041877 0.603730
vn 0.792742 0.422216 -0.439652
vn 0.297460 0.927971 -0.224470
vn 0.381751 0.923466 -0.038437
vn 0.936700 0.348565 0.033098
vn 0.436346 0.503954 -0.745408
vn 0.151398 0.935258 -0.319954
vn -0.003120 0.544537 -0.838731
vn -0.001570 0.942992 -0.332811
vn -0.445670 0.485909 -0.751845
vn -0.156190 0.932903 -0.324496
vn -0.804471 0.393957 -0.444549
vn -0.306226 0.923990 -0.229058
vn -0.947043 0.319379 0.033257
vn -0.392291 0.919036 -0.038476
vn -0.797880 0.267336 0.540296
vn -0.352364 0.916120 0.191215
vn -0.421900 0.225735 0.878091
vn -0.195049 0.911463 0.362203
vn -0.001896 0.217505 0.976057
vn -0.000858 0.906893 0.421359
vn 0.418231 0.237841 0.876650
vn 0.191862 0.913689 0.358276
vn 0.791216 0.290437 0.538166
vn 0.344196 0.920111 0.186881
s 1
g body middle_body
usemtl head_plateSG
f 1486/1635/1393 1490/1636/1394 1489/1637/1395 1487/1638/1396
f 1485/1639/1397 1491/1640/1398 1490/1636/1394 1486/1635/1393
f 1484/1641/1399 1492/1642/1400 1491/1640/1398 1485/1639/1397
f 1483/1643/1401 1493/1644/1402 1492/1642/1400 1484/1641/1399
f 1482/1645/1403 1494/1646/1404 1493/1644/1402 1483/1643/1401
f 1481/1647/1405 1495/1648/1406 1494/1646/1404 1482/1645/1403
f 1480/1649/1407 1496/1650/1408 1495/1648/1406 1481/1647/1405
f 1479/1651/1409 1497/2102/1410 1496/1650/1408 1480/1649/1407
f 1477/1653/1411 1498/1654/1412 1497/1652/1410 1479/2092/1409
f 1478/1655/1413 1499/1656/1414 1498/1654/1412 1477/1653/1411
f 1488/1657/1415 1500/1658/1416 1499/1656/1414 1478/1655/1413
f 1487/1638/1396 1489/1637/1395 1500/1658/1416 1488/1657/1415
f 1499/1656/1414 1502/1659/1417 1501/1660/1418 1498/1654/1412
f 1498/1654/1412 1501/1660/1418 1503/1661/1419 1497/1652/1410
f 1497/2102/1410 1503/2101/1419 1504/1662/1420 1496/1650/1408
f 1496/1650/1408 1504/1662/1420 1505/1663/1421 1495/1648/1406
f 1495/1648/1406 1505/1663/1421 1506/1664/1422 1494/1646/1404
f 1494/1646/1404 1506/1664/1422 1507/1665/1423 1493/1644/1402
f 1493/1644/1402 1507/1665/1423 1508/1666/1424 1492/1642/1400
f 1492/1642/1400 1508/1666/1424 1509/1667/1425 1491/1640/1398
f 1491/1640/1398 1509/1667/1425 1510/1668/1426 1490/1636/1394
f 1490/1636/1394 1510/1668/1426 1511/1669/1427 1489/1637/1395
f 1489/1637/1395 1511/1669/1427 1512/1670/1428 1500/1658/1416
f 1500/1658/1416 1512/1670/1428 1502/1659/1417 1499/1656/1414
f 1502/1659/1417 1514/1671/1429 1513/1672/1430 1501/1660/1418
f 1501/1660/1418 1513/1672/1430 1515/1673/1431 1503/1661/1419
f 1503/2101/1419 1515/2100/1431 1516/1674/1432 1504/1662/1420
f 1504/1662/1420 1516/1674/1432 1517/1675/1433 1505/1663/1421
f 1505/1663/1421 1517/1675/1433 1518/1676/1434 1506/1664/1422
f 1506/1664/1422 1518/1676/1434 1519/1677/1435 1507/1665/1423
f 1507/1665/1423 1519/1677/1435 1520/1678/1436 1508/1666/1424
f 1508/1666/1424 1520/1678/1436 1521/1679/1437 1509/1667/1425
f 1509/1667/1425 1521/1679/1437 1522/1680/1438 1510/1668/1426
f 1510/1668/1426 1522/1680/1438 1523/1681/1439 1511/1669/1427
f 1511/1669/1427 1523/1681/1439 1524/1682/1440 1512/1670/1428
f 1512/1670/1428 1524/1682/1440 1514/1671/1429 1502/1659/1417
f 1514/1671/1429 1526/1683/1441 1525/1684/1442 1513/1672/1430
f 1513/1672/1430 1525/1684/1442 1527/1685/1443 1515/1673/1431
f 1515/2100/1431 1527/2099/1443 1528/1686/1444 1516/1674/1432
f 1516/1674/1432 1528/1686/1444 1529/1687/1445 1517/1675/1433
f 1517/1675/1433 1529/1687/1445 1530/1688/1446 1518/1676/1434
f 1518/1676/1434 1530/1688/1446 1531/1689/1447 1519/1677/1435
f 1519/1677/1435 1531/1689/1447 1532/1690/1448 1520/1678/1436
f 1520/1678/1436 1532/1690/1448 1533/1691/1449 1521/1679/1437
f 1521/1679/1437 1533/1691/1449 1534/1692/1450 1522/1680/1438
f 1522/1680/1438 1534/1692/1450 1535/1693/1451 1523/1681/1439
f 1523/1681/1439 1535/1693/1451 1536/1694/1452 1524/1682/1440
f 1524/1682/1440 1536/1694/1452 1526/1683/1441 1514/1671/1429
f 1526/1683/1441 1538/1695/1453 1537/1696/1454 1525/1684/1442
f 1525/1684/1442 1537/1696/1454 1539/1697/1455 1527/1685/1443
f 1527/2099/1443 1539/2098/1455 1540/1698/1456 1528/1686/1444
f 1528/1686/1444 1540/1698/1456 1541/1699/1457 1529/1687/1445
f 1529/1687/1445 1541/1699/1457 1542/1700/1458 1530/1688/1446
f 1530/1688/1446 1542/1700/1458 1543/1701/1459 1531/1689/1447
f 1531/1689/1447 1543/1701/1459 1544/1702/1460 1532/1690/1448
f 1532/1690/1448 1544/1702/1460 1545/1703/1461 1533/1691/1449
f 1533/1691/1449 1545/1703/1461 1546/1704/1462 1534/1692/1450
f 1534/1692/1450 1546/1704/1462 1547/1705/1463 1535/1693/1451
f 1535/1693/1451 1547/1705/1463 1548/1706/1464 1536/1694/1452
f 1536/1694/1452 1548/1706/1464 1538/1695/1453 1526/1683/1441
f 1547/1705/1463 1550/1707/1465 1549/1708/1466 1548/1706/1464
f 1546/1704/1462 1551/1709/1467 1550/1707/1465 1547/1705/1463
f 1545/1703/1461 1552/1710/1468 1551/1709/1467 1546/1704/1462
f 1544/1702/1460 1553/1711/1469 1552/1710/1468 1545/1703/1461
f 1543/1701/1459 1554/1712/1470 1553/1711/1469 1544/1702/1460
f 1542/1700/1458 1555/1713/1471 1554/1712/1470 1543/1701/1459
f 1541/1699/1457 1556/1714/1472 1555/1713/1471 1542/1700/1458
f 1540/1698/1456 1557/1715/1473 1556/1714/1472 1541/1699/1457
f 1539/2098/1455 1558/2097/1474 1557/1715/1473 1540/1698/1456
f 1537/1696/1454 1559/1717/1475 1558/1716/1474 1539/1697/1455
f 1538/1695/1453 1560/1718/1476 1559/1717/1475 1537/1696/1454
f 1548/1706/1464 1549/1708/1466 1560/1718/1476 1538/1695/1453
f 1560/1718/1476 1562/1719/1477 1561/1720/1478 1559/1717/1475
f 1559/1717/1475 1561/1720/1478 1563/1721/1479 1558/1716/1474
f 1558/2097/1474 1563/2096/1479 1564/1722/1480 1557/1715/1473
f 1557/1715/1473 1564/1722/1480 1565/1723/1481 1556/1714/1472
f 1556/1714/1472 1565/1723/1481 1566/1724/1482 1555/1713/1471
f 1555/1713/1471 1566/1724/1482 1567/1725/1483 1554/1712/1470
f 1554/1712/1470 1567/1725/1483 1568/1726/1484 1553/1711/1469
f 1553/1711/1469 1568/1726/1484 1569/1727/1485 1552/1710/1468
f 1552/1710/1468 1569/1727/1485 1570/1728/1486 1551/1709/1467
f 1551/1709/1467 1570/1728/1486 1571/1729/1487 1550/1707/1465
f 1550/1707/1465 1571/1729/1487 1572/1730/1488 1549/1708/1466
f 1549/1708/1466 1572/1730/1488 1562/1719/1477 1560/1718/1476
f 1562/1719/1477 1574/1731/1489 1573/1732/1490 1561/1720/1478
f 1561/1720/1478 1573/1732/1490 1575/1733/1491 1563/1721/1479
f 1563/2096/1479 1575/2095/1491 1576/1734/1492 1564/1722/1480
f 1564/1722/1480 1576/1734/1492 1577/1735/1493 1565/1723/1481
f 1565/1723/1481 1577/1735/1493 1578/1736/1494 1566/1724/1482
f 1566/1724/1482 1578/1736/1494 1579/1737/1495 1567/1725/1483
f 1567/1725/1483 1579/1737/1495 1580/1738/1496 1568/1726/1484
f 1568/1726/1484 1580/1738/1496 1581/1739/1497 1569/1727/1485
f 1569/1727/1485 1581/1739/1497 1582/1740/1498 1570/1728/1486
f 1570/1728/1486 1582/1740/1498 1583/1741/1499 1571/1729/1487
f 1571/1729/1487 1583/1741/1499 1584/1742/1500 1572/1730/1488
f 1572/1730/1488 1584/1742/1500 1574/1731/1489 1562/1719/1477
f 1574/1731/1489 1586/1743/1501 1585/1744/1502 1573/1732/1490
f 1573/1732/1490 1585/1744/1502 1587/1745/1503 1575/1733/1491
f 1575/2095/1491 1587/2094/1503 1588/1746/1504 1576/1734/1492
f 1576/1734/1492 1588/1746/1504 1589/1747/1505 1577/1735/1493
f 1577/1735/1493 1589/1747/1505 1590/1748/1506 1578/1736/1494
f 1578/1736/1494 1590/1748/1506 1591/1749/1507 1579/1737/1495
f 1579/1737/1495 1591/1749/1507 1592/1750/1508 1580/1738/1496
f 1580/1738/1496 1592/1750/1508 1593/1751/1509 1581/1739/1497
f 1581/1739/1497 1593/1751/1509 1594/1752/1510 1582/1740/1498
f 1582/1740/1498 1594/1752/1510 1595/1753/1511 1583/1741/1499
f 1583/1741/1499 1595/1753/1511 1596/1754/1512 1584/1742/1500
f 1584/1742/1500 1596/1754/1512 1586/1743/1501 1574/1731/1489
f 1586/1743/1501 1598/1755/1513 1597/1756/1514 1585/1744/1502
f 1585/1744/1502 1597/1756/1514 1599/1757/1515 1587/1745/1503
f 1587/2094/1503 1599/2090/1515 1600/1758/1516 1588/1746/1504
f 1588/1746/1504 1600/1758/1516 1601/1759/1517 1589/1747/1505
f 1589/1747/1505 1601/1759/1517 1602/1760/1518 1590/1748/1506
f 1590/1748/1506 1602/1760/1518 1603/1761/1519 1591/1749/1507
f 1591/1749/1507 1603/1761/1519 1604/1762/1520 1592/1750/1508
f 1592/1750/1508 1604/1762/1520 1605/1763/1521 1593/1751/1509
f 1593/1751/1509 1605/1763/1521 1606/1764/1522 1594/1752/1510
f 1594/1752/1510 1606/1764/1522 1607/1765/1523 1595/1753/1511
f 1595/1753/1511 1607/1765/1523 1608/1766/1524 1596/1754/1512
f 1596/1754/1512 1608/1766/1524 1598/1755/1513 1586/1743/1501
f 1405/1767/1525 1406/1768/1526 1418/1769/1527 1417/1770/1528
f 1406/1768/1526 1407/1771/1529 1419/2076/1530 1418/1769/1527
f 1407/2079/1529 1408/1773/1531 1420/1774/1532 1419/1772/1530
f 1408/1773/1531 1409/1775/1533 1421/1776/1534 1420/1774/1532
f 1409/1775/1533 1410/1777/1535 1422/1778/1536 1421/1776/1534
f 1410/1777/1535 1411/1779/1537 1423/1780/1538 1422/1778/1536
f 1411/1779/1537 1412/1781/1539 1424/1782/1540 1423/1780/1538
f 1412/1781/1539 1413/1783/1541 1425/1784/1542 1424/1782/1540
f 1413/1783/1541 1414/1785/1543 1426/1786/1544 1425/1784/1542
f 1414/1785/1543 1415/1787/1545 1427/1788/1546 1426/1786/1544
f 1415/1787/1545 1416/1789/1547 1428/1790/1548 1427/1788/1546
f 1416/1789/1547 1405/1767/1525 1417/1770/1528 1428/1790/1548
f 1441/1791/1549 1442/1792/1550 1454/1793/1551 1453/1794/1552
f 1442/1792/1550 1443/1795/1553 1455/2073/1554 1454/1793/1551
f 1443/2068/1553 1444/1797/1555 1456/1798/1556 1455/1796/1554
f 1444/1797/1555 1445/1799/1557 1457/1800/1558 1456/1798/1556
f 1445/1799/1557 1446/1801/1559 1458/1802/1560 1457/1800/1558
f 1446/1801/1559 1447/1803/1561 1459/1804/1562 1458/1802/1560
f 1447/1803/1561 1448/1805/1563 1460/1806/1564 1459/1804/1562
f 1448/1805/1563 1449/1807/1565 1461/1808/1566 1460/1806/1564
f 1449/1807/1565 1450/1809/1567 1462/1810/1568 1461/1808/1566
f 1450/1809/1567 1451/1811/1569 1463/1812/1570 1462/1810/1568
f 1451/1811/1569 1452/1813/1571 1464/1814/1572 1463/1812/1570
f 1452/1813/1571 1441/1791/1549 1453/1794/1552 1464/1814/1572
f 1609/1815/1573 1610/1816/1574 1612/1817/1575 1611/1818/1576
f 1610/1816/1574 1609/1815/1573 1631/1819/1577 1632/1820/1578
f 1611/1818/1576 1612/1817/1575 1614/1821/1579 1613/2089/1580
f 1613/1822/1580 1614/2087/1579 1616/1823/1581 1615/1824/1582
f 1615/1824/1582 1616/1823/1581 1618/1825/1583 1617/1826/1584
f 1617/1826/1584 1618/1825/1583 1620/1827/1585 1619/1828/1586
f 1619/1828/1586 1620/1827/1585 1622/1829/1587 1621/1830/1588
f 1621/1830/1588 1622/1829/1587 1624/1831/1589 1623/1832/1590
f 1623/1832/1590 1624/1831/1589 1626/1833/1591 1625/1834/1592
f 1625/1834/1592 1626/1833/1591 1628/1835/1593 1627/1836/1594
f 1627/1836/1594 1628/1835/1593 1630/1837/1595 1629/1838/1596
f 1629/1838/1596 1630/1837/1595 1632/1820/1578 1631/1819/1577
f 1633/1839/1597 1634/1840/1598 1656/1841/1599 1655/1842/1600
f 1634/1840/1598 1633/1839/1597 1635/1843/1601 1636/1844/1602
f 1636/1844/1602 1635/1843/1601 1637/1845/1603 1638/2084/1604
f 1638/1846/1604 1637/2088/1603 1639/1847/1605 1640/1848/1606
f 1640/1848/1606 1639/1847/1605 1641/1849/1607 1642/1850/1608
f 1642/1850/1608 1641/1849/1607 1643/1851/1609 1644/1852/1610
f 1644/1852/1610 1643/1851/1609 1645/1853/1611 1646/1854/1612
f 1646/1854/1612 1645/1853/1611 1647/1855/1613 1648/1856/1614
f 1648/1856/1614 1647/1855/1613 1649/1857/1615 1650/1858/1616
f 1650/1858/1616 1649/1857/1615 1651/1859/1617 1652/1860/1618
f 1652/1860/1618 1651/1859/1617 1653/1861/1619 1654/1862/1620
f 1654/1862/1620 1653/1861/1619 1655/1842/1600 1656/1841/1599
f 1657/1863/1621 1658/2066/1622 1679/2055/1623 1680/1866/1624
f 1658/2066/1622 1657/1863/1621 1660/1867/1625 1659/2065/1626
f 1659/2065/1626 1660/1867/1625 1662/1869/1627 1661/2085/1628
f 1661/2064/1628 1662/2093/1627 1664/1871/1629 1663/2063/1630
f 1663/2063/1630 1664/1871/1629 1666/1873/1631 1665/2062/1632
f 1665/2062/1632 1666/1873/1631 1668/1875/1633 1667/2061/1634
f 1667/2061/1634 1668/1875/1633 1670/1877/1635 1669/2060/1636
f 1669/2060/1636 1670/1877/1635 1672/1879/1637 1671/2059/1638
f 1671/2059/1638 1672/1879/1637 1674/1881/1639 1673/2058/1640
f 1673/2058/1640 1674/1881/1639 1676/1883/1641 1675/2057/1642
f 1675/2057/1642 1676/1883/1641 1678/1885/1643 1677/2056/1644
f 1677/2056/1644 1678/1885/1643 1680/1866/1624 1679/2055/1623
f 1681/1887/1645 1682/2054/1646 1703/2043/1647 1704/1890/1648
f 1682/2054/1646 1681/1887/1645 1684/1891/1649 1683/2053/1650
f 1683/2053/1650 1684/1891/1649 1686/1893/1651 1685/2052/1652
f 1685/2052/1652 1686/1893/1651 1688/1895/1653 1687/2051/1654
f 1687/2051/1654 1688/1895/1653 1690/1897/1655 1689/2050/1656
f 1689/2050/1656 1690/1897/1655 1692/1899/1657 1691/2049/1658
f 1691/2049/1658 1692/1899/1657 1694/1901/1659 1693/2048/1660
f 1693/2048/1660 1694/1901/1659 1696/1903/1661 1695/2047/1662
f 1695/2047/1662 1696/1903/1661 1698/1905/1663 1697/2046/1664
f 1697/2046/1664 1698/1905/1663 1700/1907/1665 1699/2082/1666
f 1699/2045/1666 1700/2091/1665 1702/1909/1667 1701/2044/1668
f 1701/2044/1668 1702/1909/1667 1704/1890/1648 1703/2043/1647
f 1657/1863/1621 1478/1655/1413 1477/1653/1411 1660/1867/1625
f 1660/1867/1625 1477/1653/1411 1479/2092/1409 1662/1869/1627
f 1662/2093/1627 1479/1651/1409 1480/1649/1407 1664/1871/1629
f 1664/1871/1629 1480/1649/1407 1481/1647/1405 1666/1873/1631
f 1666/1873/1631 1481/1647/1405 1482/1645/1403 1668/1875/1633
f 1668/1875/1633 1482/1645/1403 1483/1643/1401 1670/1877/1635
f 1670/1877/1635 1483/1643/1401 1484/1641/1399 1672/1879/1637
f 1672/1879/1637 1484/1641/1399 1485/1639/1397 1674/1881/1639
f 1674/1881/1639 1485/1639/1397 1486/1635/1393 1676/1883/1641
f 1676/1883/1641 1486/1635/1393 1487/1638/1396 1678/1885/1643
f 1678/1885/1643 1487/1638/1396 1488/1657/1415 1680/1866/1624
f 1680/1866/1624 1488/1657/1415 1478/1655/1413 1657/1863/1621
f 1607/1765/1523 1684/1891/1649 1681/1887/1645 1608/1766/1524
f 1606/1764/1522 1686/1893/1651 1684/1891/1649 1607/1765/1523
f 1605/1763/1521 1688/1895/1653 1686/1893/1651 1606/1764/1522
f 1604/1762/1520 1690/1897/1655 1688/1895/1653 1605/1763/1521
f 1603/1761/1519 1692/1899/1657 1690/1897/1655 1604/1762/1520
f 1602/1760/1518 1694/1901/1659 1692/1899/1657 1603/1761/1519
f 1601/1759/1517 1696/1903/1661 1694/1901/1659 1602/1760/1518
f 1600/1758/1516 1698/1905/1663 1696/1903/1661 1601/1759/1517
f 1599/2090/1515 1700/1907/1665 1698/1905/1663 1600/1758/1516
f 1597/1756/1514 1702/1909/1667 1700/2091/1665 1599/1757/1515
f 1598/1755/1513 1704/1890/1648 1702/1909/1667 1597/1756/1514
f 1608/1766/1524 1681/1887/1645 1704/1890/1648 1598/1755/1513
f 1609/1815/1573 1611/1818/1576 1402/1911/1669 1403/1912/1670
f 1611/1818/1576 1613/2089/1580 1401/2081/1671 1402/1911/1669
f 1613/1822/1580 1615/1824/1582 1400/1914/1672 1401/1913/1671
f 1615/1824/1582 1617/1826/1584 1399/1915/1673 1400/1914/1672
f 1617/1826/1584 1619/1828/1586 1398/1916/1674 1399/1915/1673
f 1619/1828/1586 1621/1830/1588 1397/1917/1675 1398/1916/1674
f 1621/1830/1588 1623/1832/1590 1396/1918/1676 1397/1917/1675
f 1623/1832/1590 1625/1834/1592 1395/1919/1677 1396/1918/1676
f 1625/1834/1592 1627/1836/1594 1394/1920/1678 1395/1919/1677
f 1627/1836/1594 1629/1838/1596 1393/1921/1679 1394/1920/1678
f 1629/1838/1596 1631/1819/1577 1404/1922/1680 1393/1921/1679
f 1631/1819/1577 1609/1815/1573 1403/1912/1670 1404/1922/1680
f 1466/1923/1681 1465/1924/1682 1655/1842/1600 1653/1861/1619
f 1467/1925/1683 1466/1923/1681 1653/1861/1619 1651/1859/1617
f 1468/1926/1684 1467/1925/1683 1651/1859/1617 1649/1857/1615
f 1469/1927/1685 1468/1926/1684 1649/1857/1615 1647/1855/1613
f 1470/1928/1686 1469/1927/1685 1647/1855/1613 1645/1853/1611
f 1471/1929/1687 1470/1928/1686 1645/1853/1611 1643/1851/1609
f 1472/1930/1688 1471/1929/1687 1643/1851/1609 1641/1849/1607
f 1473/1931/1689 1472/1930/1688 1641/1849/1607 1639/1847/1605
f 1474/2072/1690 1473/1931/1689 1639/1847/1605 1637/2088/1603
f 1475/1933/1691 1474/1932/1690 1637/1845/1603 1635/1843/1601
f 1476/1934/1692 1475/1933/1691 1635/1843/1601 1633/1839/1597
f 1465/1924/1682 1476/1934/1692 1633/1839/1597 1655/1842/1600
f 1610/1816/1574 1658/1864/1622 1659/1868/1626 1612/1817/1575
f 1612/1817/1575 1659/1868/1626 1661/2086/1628 1614/1821/1579
f 1614/2087/1579 1661/1870/1628 1663/1872/1630 1616/1823/1581
f 1616/1823/1581 1663/1872/1630 1665/1874/1632 1618/1825/1583
f 1618/1825/1583 1665/1874/1632 1667/1876/1634 1620/1827/1585
f 1620/1827/1585 1667/1876/1634 1669/1878/1636 1622/1829/1587
f 1622/1829/1587 1669/1878/1636 1671/1880/1638 1624/1831/1589
f 1624/1831/1589 1671/1880/1638 1673/1882/1640 1626/1833/1591
f 1626/1833/1591 1673/1882/1640 1675/1884/1642 1628/1835/1593
f 1628/1835/1593 1675/1884/1642 1677/1886/1644 1630/1837/1595
f 1630/1837/1595 1677/1886/1644 1679/1865/1623 1632/1820/1578
f 1632/1820/1578 1679/1865/1623 1658/1864/1622 1610/1816/1574
f 1656/1841/1599 1682/1888/1646 1683/1892/1650 1654/1862/1620
f 1654/1862/1620 1683/1892/1650 1685/1894/1652 1652/1860/1618
f 1652/1860/1618 1685/1894/1652 1687/1896/1654 1650/1858/1616
f 1650/1858/1616 1687/1896/1654 1689/1898/1656 1648/1856/1614
f 1648/1856/1614 1689/1898/1656 1691/1900/1658 1646/1854/1612
f 1646/1854/1612 1691/1900/1658 1693/1902/1660 1644/1852/1610
f 1644/1852/1610 1693/1902/1660 1695/1904/1662 1642/1850/1608
f 1642/1850/1608 1695/1904/1662 1697/1906/1664 1640/1848/1606
f 1640/1848/1606 1697/1906/1664 1699/2083/1666 1638/1846/1604
f 1638/2084/1604 1699/1908/1666 1701/1910/1668 1636/1844/1602
f 1636/1844/1602 1701/1910/1668 1703/1889/1647 1634/1840/1598
f 1634/1840/1598 1703/1889/1647 1682/1888/1646 1656/1841/1599
f 1705/1935/1693 1706/1936/1694 1728/1937/1695 1727/1938/1696
f 1706/1936/1694 1705/1935/1693 1707/1939/1697 1708/1940/1698
f 1708/1940/1698 1707/1939/1697 1709/1941/1699 1710/2078/1700
f 1710/1942/1700 1709/2080/1699 1711/1943/1701 1712/1944/1702
f 1712/1944/1702 1711/1943/1701 1713/1945/1703 1714/1946/1704
f 1714/1946/1704 1713/1945/1703 1715/1947/1705 1716/1948/1706
f 1716/1948/1706 1715/1947/1705 1717/1949/1707 1718/1950/1708
f 1718/1950/1708 1717/1949/1707 1719/1951/1709 1720/1952/1710
f 1720/1952/1710 1719/1951/1709 1721/1953/1711 1722/1954/1712
f 1722/1954/1712 1721/1953/1711 1723/1955/1713 1724/1956/1714
f 1724/1956/1714 1723/1955/1713 1725/1957/1715 1726/1958/1716
f 1726/1958/1716 1725/1957/1715 1727/1938/1696 1728/1937/1695
f 1394/1920/1678 1393/1921/1679 1725/1957/1715 1723/1955/1713
f 1395/1919/1677 1394/1920/1678 1723/1955/1713 1721/1953/1711
f 1396/1918/1676 1395/1919/1677 1721/1953/1711 1719/1951/1709
f 1397/1917/1675 1396/1918/1676 1719/1951/1709 1717/1949/1707
f 1398/1916/1674 1397/1917/1675 1717/1949/1707 1715/1947/1705
f 1399/1915/1673 1398/1916/1674 1715/1947/1705 1713/1945/1703
f 1400/1914/1672 1399/1915/1673 1713/1945/1703 1711/1943/1701
f 1401/1913/1671 1400/1914/1672 1711/1943/1701 1709/2080/1699
f 1402/1911/1669 1401/2081/1671 1709/1941/1699 1707/1939/1697
f 1403/1912/1670 1402/1911/1669 1707/1939/1697 1705/1935/1693
f 1404/1922/1680 1403/1912/1670 1705/1935/1693 1727/1938/1696
f 1393/1921/1679 1404/1922/1680 1727/1938/1696 1725/1957/1715
f 1706/1936/1694 1708/1940/1698 1406/1768/1526 1405/1767/1525
f 1708/1940/1698 1710/2078/1700 1407/1771/1529 1406/1768/1526
f 1710/1942/1700 1712/1944/1702 1408/1773/1531 1407/2079/1529
f 1712/1944/1702 1714/1946/1704 1409/1775/1533 1408/1773/1531
f 1714/1946/1704 1716/1948/1706 1410/1777/1535 1409/1775/1533
f 1716/1948/1706 1718/1950/1708 1411/1779/1537 1410/1777/1535
f 1718/1950/1708 1720/1952/1710 1412/1781/1539 1411/1779/1537
f 1720/1952/1710 1722/1954/1712 1413/1783/1541 1412/1781/1539
f 1722/1954/1712 1724/1956/1714 1414/1785/1543 1413/1783/1541
f 1724/1956/1714 1726/1958/1716 1415/1787/1545 1414/1785/1543
f 1726/1958/1716 1728/1937/1695 1416/1789/1547 1415/1787/1545
f 1728/1937/1695 1706/1936/1694 1405/1767/1525 1416/1789/1547
f 1729/1959/1717 1730/1960/1718 1752/1961/1719 1751/1962/1720
f 1730/1960/1718 1729/1959/1717 1731/1963/1721 1732/1964/1722
f 1732/1964/1722 1731/1963/1721 1733/1965/1723 1734/2075/1724
f 1734/1966/1724 1733/2077/1723 1735/1967/1725 1736/1968/1726
f 1736/1968/1726 1735/1967/1725 1737/1969/1727 1738/1970/1728
f 1738/1970/1728 1737/1969/1727 1739/1971/1729 1740/1972/1730
f 1740/1972/1730 1739/1971/1729 1741/1973/1731 1742/1974/1732
f 1742/1974/1732 1741/1973/1731 1743/1975/1733 1744/1976/1734
f 1744/1976/1734 1743/1975/1733 1745/1977/1735 1746/1978/1736
f 1746/1978/1736 1745/1977/1735 1747/1979/1737 1748/1980/1738
f 1748/1980/1738 1747/1979/1737 1749/1981/1739 1750/1982/1740
f 1750/1982/1740 1749/1981/1739 1751/1962/1720 1752/1961/1719
f 1417/1770/1528 1418/1769/1527 1731/1963/1721 1729/1959/1717
f 1418/1769/1527 1419/2076/1530 1733/1965/1723 1731/1963/1721
f 1419/1772/1530 1420/1774/1532 1735/1967/1725 1733/2077/1723
f 1420/1774/1532 1421/1776/1534 1737/1969/1727 1735/1967/1725
f 1421/1776/1534 1422/1778/1536 1739/1971/1729 1737/1969/1727
f 1422/1778/1536 1423/1780/1538 1741/1973/1731 1739/1971/1729
f 1423/1780/1538 1424/1782/1540 1743/1975/1733 1741/1973/1731
f 1424/1782/1540 1425/1784/1542 1745/1977/1735 1743/1975/1733
f 1425/1784/1542 1426/1786/1544 1747/1979/1737 1745/1977/1735
f 1426/1786/1544 1427/1788/1546 1749/1981/1739 1747/1979/1737
f 1427/1788/1546 1428/1790/1548 1751/1962/1720 1749/1981/1739
f 1428/1790/1548 1417/1770/1528 1729/1959/1717 1751/1962/1720
f 1730/1960/1718 1732/1964/1722 1439/1983/1741 1440/1984/1742
f 1732/1964/1722 1734/2075/1724 1438/2070/1743 1439/1983/1741
f 1734/1966/1724 1736/1968/1726 1437/1986/1744 1438/1985/1743
f 1736/1968/1726 1738/1970/1728 1436/1987/1745 1437/1986/1744
f 1738/1970/1728 1740/1972/1730 1435/1988/1746 1436/1987/1745
f 1740/1972/1730 1742/1974/1732 1434/1989/1747 1435/1988/1746
f 1742/1974/1732 1744/1976/1734 1433/1990/1748 1434/1989/1747
f 1744/1976/1734 1746/1978/1736 1432/1991/1749 1433/1990/1748
f 1746/1978/1736 1748/1980/1738 1431/1992/1750 1432/1991/1749
f 1748/1980/1738 1750/1982/1740 1430/1993/1751 1431/1992/1750
f 1750/1982/1740 1752/1961/1719 1429/1994/1752 1430/1993/1751
f 1752/1961/1719 1730/1960/1718 1440/1984/1742 1429/1994/1752
f 1753/1995/1753 1754/1996/1754 1776/1997/1755 1775/1998/1756
f 1754/1996/1754 1753/1995/1753 1755/1999/1757 1756/2000/1758
f 1756/2000/1758 1755/1999/1757 1757/2001/1759 1758/2071/1760
f 1758/2002/1760 1757/2074/1759 1759/2003/1761 1760/2004/1762
f 1760/2004/1762 1759/2003/1761 1761/2005/1763 1762/2006/1764
f 1762/2006/1764 1761/2005/1763 1763/2007/1765 1764/2008/1766
f 1764/2008/1766 1763/2007/1765 1765/2009/1767 1766/2010/1768
f 1766/2010/1768 1765/2009/1767 1767/2011/1769 1768/2012/1770
f 1768/2012/1770 1767/2011/1769 1769/2013/1771 1770/2014/1772
f 1770/2014/1772 1769/2013/1771 1771/2015/1773 1772/2016/1774
f 1772/2016/1774 1771/2015/1773 1773/2017/1775 1774/2018/1776
f 1774/2018/1776 1773/2017/1775 1775/1998/1756 1776/1997/1755
f 1453/1794/1552 1454/1793/1551 1755/1999/1757 1753/1995/1753
f 1454/1793/1551 1455/2073/1554 1757/2001/1759 1755/1999/1757
f 1455/1796/1554 1456/1798/1556 1759/2003/1761 1757/2074/1759
f 1456/1798/1556 1457/1800/1558 1761/2005/1763 1759/2003/1761
f 1457/1800/1558 1458/1802/1560 1763/2007/1765 1761/2005/1763
f 1458/1802/1560 1459/1804/1562 1765/2009/1767 1763/2007/1765
f 1459/1804/1562 1460/1806/1564 1767/2011/1769 1765/2009/1767
f 1460/1806/1564 1461/1808/1566 1769/2013/1771 1767/2011/1769
f 1461/1808/1566 1462/1810/1568 1771/2015/1773 1769/2013/1771
f 1462/1810/1568 1463/1812/1570 1773/2017/1775 1771/2015/1773
f 1463/1812/1570 1464/1814/1572 1775/1998/1756 1773/2017/1775
f 1464/1814/1572 1453/1794/1552 1753/1995/1753 1775/1998/1756
f 1754/1996/1754 1756/2000/1758 1475/1933/1691 1476/1934/1692
f 1756/2000/1758 1758/2071/1760 1474/1932/1690 1475/1933/1691
f 1758/2002/1760 1760/2004/1762 1473/1931/1689 1474/2072/1690
f 1760/2004/1762 1762/2006/1764 1472/1930/1688 1473/1931/1689
f 1762/2006/1764 1764/2008/1766 1471/1929/1687 1472/1930/1688
f 1764/2008/1766 1766/2010/1768 1470/1928/1686 1471/1929/1687
f 1766/2010/1768 1768/2012/1770 1469/1927/1685 1470/1928/1686
f 1768/2012/1770 1770/2014/1772 1468/1926/1684 1469/1927/1685
f 1770/2014/1772 1772/2016/1774 1467/1925/1683 1468/1926/1684
f 1772/2016/1774 1774/2018/1776 1466/1923/1681 1467/1925/1683
f 1774/2018/1776 1776/1997/1755 1465/1924/1682 1466/1923/1681
f 1776/1997/1755 1754/1996/1754 1476/1934/1692 1465/1924/1682
f 1777/2019/1777 1778/2020/1778 1800/2021/1779 1799/2022/1780
f 1778/2020/1778 1777/2019/1777 1779/2023/1781 1780/2024/1782
f 1780/2024/1782 1779/2023/1781 1781/2025/1783 1782/2067/1784
f 1782/2026/1784 1781/2069/1783 1783/2027/1785 1784/2028/1786
f 1784/2028/1786 1783/2027/1785 1785/2029/1787 1786/2030/1788
f 1786/2030/1788 1785/2029/1787 1787/2031/1789 1788/2032/1790
f 1788/2032/1790 1787/2031/1789 1789/2033/1791 1790/2034/1792
f 1790/2034/1792 1789/2033/1791 1791/2035/1793 1792/2036/1794
f 1792/2036/1794 1791/2035/1793 1793/2037/1795 1794/2038/1796
f 1794/2038/1796 1793/2037/1795 1795/2039/1797 1796/2040/1798
f 1796/2040/1798 1795/2039/1797 1797/2041/1799 1798/2042/1800
f 1798/2042/1800 1797/2041/1799 1799/2022/1780 1800/2021/1779
f 1430/1993/1751 1429/1994/1752 1799/2022/1780 1797/2041/1799
f 1431/1992/1750 1430/1993/1751 1797/2041/1799 1795/2039/1797
f 1432/1991/1749 1431/1992/1750 1795/2039/1797 1793/2037/1795
f 1433/1990/1748 1432/1991/1749 1793/2037/1795 1791/2035/1793
f 1434/1989/1747 1433/1990/1748 1791/2035/1793 1789/2033/1791
f 1435/1988/1746 1434/1989/1747 1789/2033/1791 1787/2031/1789
f 1436/1987/1745 1435/1988/1746 1787/2031/1789 1785/2029/1787
f 1437/1986/1744 1436/1987/1745 1785/2029/1787 1783/2027/1785
f 1438/1985/1743 1437/1986/1744 1783/2027/1785 1781/2069/1783
f 1439/1983/1741 1438/2070/1743 1781/2025/1783 1779/2023/1781
f 1440/1984/1742 1439/1983/1741 1779/2023/1781 1777/2019/1777
f 1429/1994/1752 1440/1984/1742 1777/2019/1777 1799/2022/1780
f 1778/2020/1778 1780/2024/1782 1442/1792/1550 1441/1791/1549
f 1780/2024/1782 1782/2067/1784 1443/1795/1553 1442/1792/1550
f 1782/2026/1784 1784/2028/1786 1444/1797/1555 1443/2068/1553
f 1784/2028/1786 1786/2030/1788 1445/1799/1557 1444/1797/1555
f 1786/2030/1788 1788/2032/1790 1446/1801/1559 1445/1799/1557
f 1788/2032/1790 1790/2034/1792 1447/1803/1561 1446/1801/1559
f 1790/2034/1792 1792/2036/1794 1448/1805/1563 1447/1803/1561
f 1792/2036/1794 1794/2038/1796 1449/1807/1565 1448/1805/1563
f 1794/2038/1796 1796/2040/1798 1450/1809/1567 1449/1807/1565
f 1796/2040/1798 1798/2042/1800 1451/1811/1569 1450/1809/1567
f 1798/2042/1800 1800/2021/1779 1452/1813/1571 1451/1811/1569
f 1800/2021/1779 1778/2020/1778 1441/1791/1549 1452/1813/1571
g default
v 0.162701 0.310898 0.047397
v 0.159719 0.323832 0.007560
v 0.162578 0.312840 -0.033963
v 0.169078 0.281886 -0.066635
v 0.180951 0.235034 -0.076382
v 0.190823 0.188958 -0.064706
v 0.202083 0.156688 -0.035066
v 0.207320 0.145664 0.007524
v 0.204240 0.157609 0.050353
v 0.195075 0.189158 0.081081
v 0.183107 0.235186 0.091565
v 0.171332 0.281202 0.077065
v 0.147919 0.280048 0.079714
v 0.138686 0.307325 0.048724
v 0.135603 0.321735 0.007952
v 0.138758 0.309888 -0.036185
v 0.143727 0.279723 -0.071766
v 0.156358 0.230145 -0.080630
v 0.164943 0.182083 -0.066464
v 0.179370 0.149901 -0.037860
v 0.186698 0.140576 0.007772
v 0.183200 0.154038 0.054165
v 0.173530 0.182591 0.086993
v 0.160619 0.230898 0.097410
v 0.194867 0.280358 0.069916
v 0.187483 0.309640 0.043636
v 0.184997 0.319499 0.007349
v 0.187415 0.309911 -0.028919
v 0.194834 0.280490 -0.056217
v 0.204967 0.240306 -0.066414
v 0.215166 0.199861 -0.056801
v 0.222719 0.169910 -0.029856
v 0.225615 0.158427 0.007393
v 0.223032 0.168669 0.044880
v 0.215359 0.199095 0.071722
v 0.205051 0.239972 0.081218
v 0.161317 0.191892 -0.046893
v 0.174961 0.168353 -0.026348
v 0.153768 0.230719 -0.058599
v 0.143453 0.268393 -0.052688
v 0.141037 0.290507 -0.025622
v 0.138519 0.299744 0.007381
v 0.140067 0.288267 0.037442
v 0.146986 0.267558 0.061396
v 0.156519 0.228367 0.075750
v 0.167653 0.192564 0.068062
v 0.179074 0.172930 0.043281
v 0.183112 0.162462 0.007047
v 0.161665 0.291834 0.036090
v 0.159282 0.301653 0.007015
v 0.180626 0.291160 0.033443
v 0.178408 0.298311 0.007123
v 0.160653 0.293378 -0.023479
v 0.179862 0.291406 -0.019277
v 0.164767 0.270412 -0.048138
v 0.185653 0.269099 -0.039534
v 0.175039 0.234233 -0.055008
v 0.194227 0.237745 -0.047166
v 0.183701 0.197481 -0.045495
v 0.202523 0.205803 -0.039560
v 0.193146 0.173330 -0.023423
v 0.207977 0.182760 -0.019370
v 0.198018 0.165810 0.007470
v 0.210004 0.174196 0.007650
v 0.195005 0.174489 0.039299
v 0.208015 0.181588 0.034882
v 0.186111 0.197244 0.062462
v 0.202059 0.204650 0.054850
v 0.176451 0.232583 0.070557
v 0.194206 0.236746 0.062129
v 0.167886 0.269114 0.058777
v 0.186441 0.268683 0.053031
v 0.203680 0.265653 0.043110
v 0.198661 0.283250 0.027593
v 0.196922 0.288769 0.007284
v 0.198486 0.283436 -0.013067
v 0.203368 0.265845 -0.028607
v 0.209798 0.241236 -0.034610
v 0.215869 0.216349 -0.028944
v 0.220001 0.198136 -0.013387
v 0.221454 0.191202 0.007655
v 0.220175 0.197078 0.028586
v 0.215993 0.215591 0.043787
v 0.210029 0.240816 0.049310
v 0.159708 0.146658 -0.039586
v 0.155944 0.149127 -0.038058
v 0.140026 0.176878 -0.066350
v 0.136633 0.177648 -0.063640
v 0.134324 0.226124 -0.082863
v 0.130960 0.225706 -0.079877
v 0.120720 0.274619 -0.072937
v 0.117917 0.272341 -0.070309
v 0.118929 0.305417 -0.036811
v 0.116428 0.301972 -0.035405
v 0.115421 0.317945 0.008401
v 0.112925 0.314229 0.008404
v 0.118801 0.305557 0.050339
v 0.115894 0.302501 0.048991
v 0.128624 0.278876 0.080534
v 0.125463 0.276872 0.078139
v 0.142095 0.227800 0.101053
v 0.138570 0.226898 0.098471
v 0.155947 0.178655 0.090995
v 0.152108 0.179597 0.088777
v 0.166311 0.154932 0.056765
v 0.162958 0.157736 0.055820
v 0.170344 0.140254 0.008036
v 0.167028 0.143353 0.007914
v 0.156849 0.164429 -0.028809
v 0.154088 0.161034 -0.030873
v 0.134705 0.184739 -0.049979
v 0.137551 0.186901 -0.047099
v 0.129917 0.226406 -0.064835
v 0.132629 0.227057 -0.061365
v 0.118724 0.265139 -0.057923
v 0.122008 0.264076 -0.054730
v 0.119051 0.288676 -0.028163
v 0.122602 0.286610 -0.026540
v 0.115312 0.299615 0.008108
v 0.118896 0.296896 0.007954
v 0.116911 0.289226 0.041339
v 0.120173 0.286750 0.039467
v 0.125032 0.268177 0.065655
v 0.128071 0.266436 0.062800
v 0.136257 0.225069 0.083815
v 0.138719 0.225205 0.079991
v 0.148996 0.186230 0.076903
v 0.151209 0.188570 0.073096
v 0.161440 0.171045 0.048694
v 0.164493 0.173863 0.046352
v 0.166154 0.158544 0.007085
v 0.169133 0.161826 0.006938
v 0.233432 0.183607 -0.024337
v 0.232073 0.191255 -0.019747
v 0.226923 0.209052 -0.047345
v 0.226649 0.213502 -0.039580
v 0.218169 0.243518 -0.055590
v 0.219133 0.243682 -0.046721
v 0.209595 0.277790 -0.046844
v 0.211483 0.273615 -0.039150
v 0.203355 0.302832 -0.023545
v 0.205804 0.295327 -0.019111
v 0.201341 0.310975 0.007344
v 0.204022 0.302382 0.007326
v 0.203406 0.302605 0.038252
v 0.205920 0.295161 0.033781
v 0.209449 0.277708 0.061380
v 0.211583 0.273473 0.053774
v 0.218266 0.243240 0.070348
v 0.219262 0.243374 0.061489
v 0.227104 0.208412 0.062211
v 0.226797 0.212846 0.054440
v 0.233703 0.182556 0.039302
v 0.232252 0.190271 0.034744
v 0.235921 0.173864 0.007382
v 0.234122 0.182744 0.007460
vt 0.944461 0.960485
vt 0.947729 0.959231
vt 0.951221 0.963772
vt 0.948869 0.966474
vt 0.943063 0.953039
vt 0.946666 0.953556
vt 0.945408 0.945216
vt 0.948952 0.947446
vt 0.952758 0.939774
vt 0.954569 0.943266
vt 0.961981 0.938318
vt 0.961561 0.942272
vt 0.969363 0.941305
vt 0.967579 0.944251
vt 0.973750 0.947384
vt 0.971278 0.948707
vt 0.975279 0.955147
vt 0.972473 0.954523
vt 0.973131 0.962957
vt 0.970188 0.960698
vt 0.965917 0.968743
vt 0.964512 0.965206
vt 0.956223 0.969598
vt 0.957203 0.966075
vt 0.946362 0.969541
vt 0.954879 0.973425
vt 0.940680 0.962148
vt 0.939402 0.952406
vt 0.942012 0.942897
vt 0.950705 0.936150
vt 0.962043 0.933951
vt 0.970796 0.937849
vt 0.976357 0.945919
vt 0.978101 0.956517
vt 0.975903 0.965827
vt 0.967170 0.972681
vt 0.953677 0.960915
vt 0.957963 0.962353
vt 0.951122 0.957783
vt 0.950499 0.953777
vt 0.952338 0.949713
vt 0.956194 0.946874
vt 0.960933 0.945975
vt 0.965233 0.947274
vt 0.968039 0.950332
vt 0.968707 0.954421
vt 0.966785 0.958563
vt 0.962813 0.961499
vt 0.888787 0.970901
vt 0.879478 0.966955
vt 0.882169 0.963185
vt 0.889408 0.966363
vt 0.898957 0.969534
vt 0.897256 0.965262
vt 0.907954 0.963615
vt 0.903987 0.960146
vt 0.912306 0.952844
vt 0.907253 0.952082
vt 0.911392 0.941513
vt 0.906657 0.943465
vt 0.904876 0.933311
vt 0.901784 0.936756
vt 0.895411 0.929336
vt 0.894610 0.933479
vt 0.884986 0.930087
vt 0.886675 0.933955
vt 0.876204 0.935972
vt 0.879789 0.938961
vt 0.871472 0.946763
vt 0.876135 0.947323
vt 0.873233 0.958740
vt 0.877280 0.956425
vt 0.876754 0.970789
vt 0.869400 0.961329
vt 0.888175 0.975247
vt 0.900889 0.973906
vt 0.911637 0.966728
vt 0.917313 0.953687
vt 0.916119 0.939775
vt 0.908208 0.930249
vt 0.896210 0.925223
vt 0.882749 0.926554
vt 0.872427 0.933369
vt 0.866820 0.946462
vt 0.911532 0.927837
vt 0.912244 0.927279
vt 0.921897 0.937868
vt 0.921008 0.938171
vt 0.896850 0.921890
vt 0.896993 0.921011
vt 0.922920 0.954841
vt 0.922033 0.954651
vt 0.916079 0.970035
vt 0.915378 0.969511
vt 0.903016 0.978696
vt 0.902648 0.977873
vt 0.887386 0.980308
vt 0.887503 0.979397
vt 0.874064 0.974897
vt 0.874552 0.974131
vt 0.865378 0.964274
vt 0.866154 0.963782
vt 0.861872 0.946388
vt 0.862776 0.946401
vt 0.868157 0.931177
vt 0.868959 0.931578
vt 0.879781 0.923150
vt 0.880334 0.923905
vt 0.971862 0.933893
vt 0.972257 0.932789
vt 0.979674 0.944160
vt 0.978840 0.944603
vt 0.961685 0.929314
vt 0.961681 0.928312
vt 0.948426 0.931970
vt 0.947958 0.931052
vt 0.938531 0.940173
vt 0.937654 0.939523
vt 0.935446 0.951815
vt 0.934482 0.951673
vt 0.937052 0.963883
vt 0.936126 0.964336
vt 0.943812 0.972569
vt 0.943179 0.973358
vt 0.953291 0.977073
vt 0.952930 0.978044
vt 0.968051 0.976540
vt 0.968353 0.977540
vt 0.978311 0.968900
vt 0.979124 0.969738
vt 0.980635 0.958301
vt 0.981567 0.958818
vt 0.974453 0.930236
vt 0.962228 0.924700
vt 0.946444 0.927781
vt 0.934761 0.937636
vt 0.930864 0.951446
vt 0.932887 0.965778
vt 0.940972 0.976269
vt 0.952294 0.981625
vt 0.969697 0.980874
vt 0.982014 0.971470
vt 0.985106 0.959078
vt 0.982982 0.942795
vt 0.899780 0.939423
vt 0.898734 0.940677
vt 0.893713 0.938249
vt 0.894008 0.936678
vt 0.903546 0.944821
vt 0.901964 0.945443
vt 0.904012 0.951656
vt 0.902393 0.951440
vt 0.901413 0.958047
vt 0.900090 0.957037
vt 0.896121 0.962169
vt 0.895505 0.960667
vt 0.889861 0.963053
vt 0.890087 0.961429
vt 0.884095 0.960463
vt 0.885103 0.959170
vt 0.880177 0.955018
vt 0.881717 0.954364
vt 0.879464 0.947893
vt 0.881113 0.948168
vt 0.882220 0.941297
vt 0.883494 0.942396
vt 0.887621 0.937219
vt 0.888176 0.938775
vt 0.884427 0.953410
vt 0.886886 0.957097
vt 0.890494 0.958650
vt 0.894379 0.958215
vt 0.897744 0.955397
vt 0.899518 0.951053
vt 0.899203 0.946395
vt 0.896842 0.942712
vt 0.893241 0.940872
vt 0.889244 0.941269
vt 0.885847 0.944150
vt 0.883980 0.948616
vn -0.002086 -0.999671 -0.025586
vn -0.281079 -0.959653 -0.007775
vn -0.293360 -0.828657 -0.476726
vn -0.030039 -0.852395 -0.522035
vn -0.080635 -0.870936 0.484735
vn -0.329963 -0.826963 0.455253
vn -0.196737 -0.497341 0.844954
vn -0.404466 -0.499883 0.765849
vn -0.259171 -0.023549 0.965545
vn -0.466760 -0.108824 0.877663
vn -0.301844 0.362474 0.881761
vn -0.547814 0.259037 0.795487
vn -0.389716 0.732342 0.558387
vn -0.655039 0.567633 0.498715
vn -0.395364 0.918523 -0.001592
vn -0.705954 0.708063 0.016598
vn -0.397339 0.761313 -0.512371
vn -0.675349 0.568717 -0.469536
vn -0.400734 0.330216 -0.854617
vn -0.590789 0.231468 -0.772911
vn -0.292249 -0.131489 -0.947260
vn -0.478698 -0.146801 -0.865620
vn -0.148430 -0.527414 -0.836542
vn -0.368530 -0.510945 -0.776609
vn 0.052321 -0.855904 -0.514482
vn -0.059989 -0.544902 -0.836351
vn 0.120847 -0.992331 -0.025979
vn 0.089315 -0.873509 0.478544
vn -0.038802 -0.488567 0.871663
vn -0.131940 0.045189 0.990227
vn -0.166165 0.401980 0.900445
vn -0.217033 0.797773 0.562544
vn -0.165189 0.985638 -0.035085
vn -0.190253 0.849601 -0.491917
vn -0.296358 0.376623 -0.877683
vn -0.200667 -0.148003 -0.968415
vn 0.150836 -0.816071 -0.557921
vn 0.094819 -0.430620 -0.897539
vn 0.157691 -0.987486 -0.002065
vn 0.128713 -0.823737 0.552169
vn 0.066307 -0.440758 0.895174
vn -0.018313 -0.013384 0.999743
vn -0.133703 0.409717 0.902361
vn -0.260368 0.776506 0.573800
vn -0.330738 0.943456 0.022435
vn -0.275918 0.775417 -0.567977
vn -0.146790 0.394487 -0.907101
vn -0.013172 -0.019945 -0.999714
vn 0.017528 0.999635 0.020584
vn 0.046077 0.859169 0.509613
vn 0.273904 0.837579 0.472692
vn 0.260787 0.965343 0.010128
vn 0.087704 0.871753 -0.482031
vn 0.309752 0.836047 -0.452857
vn 0.195510 0.504262 -0.841127
vn 0.385749 0.506141 -0.771375
vn 0.263896 0.035063 -0.963914
vn 0.450680 0.103762 -0.886634
vn 0.317155 -0.374344 -0.871367
vn 0.532202 -0.279690 -0.799083
vn 0.400041 -0.740280 -0.540327
vn 0.632600 -0.595102 -0.495653
vn 0.415294 -0.909681 -0.003242
vn 0.679304 -0.733669 -0.016621
vn 0.414713 -0.758721 0.502350
vn 0.653963 -0.596788 0.464948
vn 0.401998 -0.346950 0.847363
vn 0.575596 -0.254591 0.777092
vn 0.296744 0.119998 0.947388
vn 0.463561 0.141261 0.874732
vn 0.158307 0.530984 0.832463
vn 0.351376 0.519291 0.779020
vn -0.063055 0.860464 0.505594
vn 0.048998 0.542101 0.838883
vn -0.129894 0.991336 0.019518
vn -0.096943 0.869553 -0.484231
vn 0.021277 0.491731 -0.870487
vn 0.118373 -0.026953 -0.992603
vn 0.162639 -0.425250 -0.890343
vn 0.204961 -0.814819 -0.542274
vn 0.171609 -0.984863 0.024395
vn 0.195490 -0.847745 0.493064
vn 0.271244 -0.406617 0.872404
vn 0.184517 0.121726 0.975262
vn 0.025626 -0.832335 -0.553680
vn -0.866045 -0.489110 0.103622
vn -0.926547 -0.358860 -0.112826
vn -0.007180 -0.465306 -0.885121
vn -0.064246 -0.996588 0.051826
vn -0.932309 -0.348917 0.095167
vn -0.933630 -0.202573 -0.295464
vn -0.029269 -0.067582 -0.997284
vn -0.974791 -0.066495 -0.212982
vn -0.164539 0.449976 -0.877752
vn -0.994471 0.051164 -0.091706
vn -0.276245 0.833058 -0.479275
vn -0.997433 0.071442 -0.004936
vn -0.282809 0.959084 0.013300
vn -0.979807 0.039400 0.196025
vn -0.197961 0.844713 0.497264
vn -0.938840 -0.055161 0.339907
vn -0.097946 0.537959 0.837261
vn -0.904483 -0.201726 0.375790
vn 0.014197 0.109630 0.993871
vn -0.874052 -0.423604 0.237893
vn 0.092477 -0.441404 0.892531
vn -0.920842 -0.389928 0.002571
vn -0.028345 -0.881616 0.471116
vn -0.326480 0.686927 0.649263
vn -0.925989 -0.215101 0.310282
vn -0.997612 0.015412 0.067319
vn -0.254281 0.965994 -0.046865
vn -0.286416 0.336151 0.897200
vn -0.958356 -0.217148 0.185475
vn -0.231391 0.039573 0.972056
vn -0.981103 -0.184838 0.057200
vn -0.162851 -0.492716 0.854816
vn -0.969256 -0.231293 0.083948
vn 0.000561 -0.879852 0.475247
vn -0.961987 -0.261035 0.080254
vn -0.036415 -0.999038 -0.024423
vn -0.963928 -0.266008 -0.009112
vn -0.121392 -0.873873 -0.470754
vn -0.966301 -0.255281 0.033078
vn -0.213344 -0.593572 -0.775988
vn -0.966049 -0.249880 0.065650
vn -0.349689 -0.223292 -0.909867
vn -0.964455 -0.261384 0.038801
vn -0.465259 0.241674 -0.851544
vn -0.952015 -0.296587 -0.075522
vn -0.317319 0.814765 -0.485248
vn -0.982195 -0.088065 -0.165944
vn 0.883679 -0.309561 -0.351118
vn 0.851673 0.490053 0.185746
vn 0.835417 0.549564 0.007680
vn 0.915697 -0.401701 -0.011662
vn 0.814354 -0.086752 -0.573848
vn 0.886138 0.365434 0.284987
vn 0.738644 0.190788 -0.646533
vn 0.921850 0.230326 0.311676
vn 0.674476 0.470432 -0.569013
vn 0.954218 0.094960 0.283637
vn 0.628565 0.700017 -0.338943
vn 0.984209 -0.026704 0.174986
vn 0.612845 0.790199 0.002544
vn 0.996101 -0.088194 -0.002183
vn 0.625488 0.700170 0.344276
vn 0.984923 -0.019400 -0.171904
vn 0.665138 0.472170 0.578487
vn 0.956768 0.101098 -0.272716
vn 0.733671 0.197102 0.650290
vn 0.923961 0.229186 -0.306219
vn 0.814689 -0.080493 0.574285
vn 0.885911 0.362229 -0.289745
vn 0.886162 -0.309861 0.344534
vn 0.853222 0.489092 -0.181111
s 1
g body shoulder_left
usemtl head_plateSG
f 1850/2103/1801 1852/2104/1802 1851/2105/1803 1849/2106/1804
f 1853/2107/1805 1854/2108/1806 1852/2104/1802 1850/2103/1801
f 1855/2109/1807 1856/2110/1808 1854/2108/1806 1853/2107/1805
f 1857/2111/1809 1858/2112/1810 1856/2110/1808 1855/2109/1807
f 1859/2113/1811 1860/2114/1812 1858/2112/1810 1857/2111/1809
f 1861/2115/1813 1862/2116/1814 1860/2114/1812 1859/2113/1811
f 1863/2117/1815 1864/2118/1816 1862/2116/1814 1861/2115/1813
f 1865/2119/1817 1866/2120/1818 1864/2118/1816 1863/2117/1815
f 1867/2121/1819 1868/2122/1820 1866/2120/1818 1865/2119/1817
f 1869/2123/1821 1870/2124/1822 1868/2122/1820 1867/2121/1819
f 1871/2125/1823 1872/2126/1824 1870/2124/1822 1869/2123/1821
f 1849/2106/1804 1851/2105/1803 1872/2126/1824 1871/2125/1823
f 1843/2127/1825 1849/2106/1804 1871/2125/1823 1844/2128/1826
f 1842/2129/1827 1850/2103/1801 1849/2106/1804 1843/2127/1825
f 1841/2130/1828 1853/2107/1805 1850/2103/1801 1842/2129/1827
f 1840/2131/1829 1855/2109/1807 1853/2107/1805 1841/2130/1828
f 1839/2132/1830 1857/2111/1809 1855/2109/1807 1840/2131/1829
f 1837/2133/1831 1859/2113/1811 1857/2111/1809 1839/2132/1830
f 1838/2134/1832 1861/2115/1813 1859/2113/1811 1837/2133/1831
f 1848/2135/1833 1863/2117/1815 1861/2115/1813 1838/2134/1832
f 1847/2136/1834 1865/2119/1817 1863/2117/1815 1848/2135/1833
f 1846/2137/1835 1867/2121/1819 1865/2119/1817 1847/2136/1834
f 1845/2138/1836 1869/2123/1821 1867/2121/1819 1846/2137/1835
f 1844/2128/1826 1871/2125/1823 1869/2123/1821 1845/2138/1836
f 1851/2105/1803 1874/2139/1837 1873/2140/1838 1872/2126/1824
f 1852/2104/1802 1875/2141/1839 1874/2139/1837 1851/2105/1803
f 1854/2108/1806 1876/2142/1840 1875/2141/1839 1852/2104/1802
f 1856/2110/1808 1877/2143/1841 1876/2142/1840 1854/2108/1806
f 1858/2112/1810 1878/2144/1842 1877/2143/1841 1856/2110/1808
f 1860/2114/1812 1879/2145/1843 1878/2144/1842 1858/2112/1810
f 1862/2116/1814 1880/2146/1844 1879/2145/1843 1860/2114/1812
f 1864/2118/1816 1881/2147/1845 1880/2146/1844 1862/2116/1814
f 1866/2120/1818 1882/2148/1846 1881/2147/1845 1864/2118/1816
f 1868/2122/1820 1883/2149/1847 1882/2148/1846 1866/2120/1818
f 1870/2124/1822 1884/2150/1848 1883/2149/1847 1868/2122/1820
f 1872/2126/1824 1873/2140/1838 1884/2150/1848 1870/2124/1822
f 1802/2151/1849 1801/2152/1850 1826/2153/1851 1827/2154/1852
f 1803/2155/1853 1802/2151/1849 1827/2154/1852 1828/2156/1854
f 1804/2157/1855 1803/2155/1853 1828/2156/1854 1829/2158/1856
f 1805/2159/1857 1804/2157/1855 1829/2158/1856 1830/2160/1858
f 1806/2161/1859 1805/2159/1857 1830/2160/1858 1831/2162/1860
f 1807/2163/1861 1806/2161/1859 1831/2162/1860 1832/2164/1862
f 1808/2165/1863 1807/2163/1861 1832/2164/1862 1833/2166/1864
f 1809/2167/1865 1808/2165/1863 1833/2166/1864 1834/2168/1866
f 1810/2169/1867 1809/2167/1865 1834/2168/1866 1835/2170/1868
f 1811/2171/1869 1810/2169/1867 1835/2170/1868 1836/2172/1870
f 1812/2173/1871 1811/2171/1869 1836/2172/1870 1825/2174/1872
f 1801/2152/1850 1812/2173/1871 1825/2174/1872 1826/2153/1851
f 1814/2175/1873 1813/2176/1874 1812/2173/1871 1801/2152/1850
f 1815/2177/1875 1814/2175/1873 1801/2152/1850 1802/2151/1849
f 1816/2178/1876 1815/2177/1875 1802/2151/1849 1803/2155/1853
f 1817/2179/1877 1816/2178/1876 1803/2155/1853 1804/2157/1855
f 1818/2180/1878 1817/2179/1877 1804/2157/1855 1805/2159/1857
f 1819/2181/1879 1818/2180/1878 1805/2159/1857 1806/2161/1859
f 1820/2182/1880 1819/2181/1879 1806/2161/1859 1807/2163/1861
f 1821/2183/1881 1820/2182/1880 1807/2163/1861 1808/2165/1863
f 1822/2184/1882 1821/2183/1881 1808/2165/1863 1809/2167/1865
f 1823/2185/1883 1822/2184/1882 1809/2167/1865 1810/2169/1867
f 1824/2186/1884 1823/2185/1883 1810/2169/1867 1811/2171/1869
f 1813/2176/1874 1824/2186/1884 1811/2171/1869 1812/2173/1871
f 1885/2187/1885 1886/2188/1886 1888/2189/1887 1887/2190/1888
f 1886/2188/1886 1885/2187/1885 1907/2191/1889 1908/2192/1890
f 1887/2190/1888 1888/2189/1887 1890/2193/1891 1889/2194/1892
f 1889/2194/1892 1890/2193/1891 1892/2195/1893 1891/2196/1894
f 1891/2196/1894 1892/2195/1893 1894/2197/1895 1893/2198/1896
f 1893/2198/1896 1894/2197/1895 1896/2199/1897 1895/2200/1898
f 1895/2200/1898 1896/2199/1897 1898/2201/1899 1897/2202/1900
f 1897/2202/1900 1898/2201/1899 1900/2203/1901 1899/2204/1902
f 1899/2204/1902 1900/2203/1901 1902/2205/1903 1901/2206/1904
f 1901/2206/1904 1902/2205/1903 1904/2207/1905 1903/2208/1906
f 1903/2208/1906 1904/2207/1905 1906/2209/1907 1905/2210/1908
f 1905/2210/1908 1906/2209/1907 1908/2192/1890 1907/2191/1889
f 1909/2211/1909 1910/2212/1910 1931/2213/1911 1932/2214/1912
f 1910/2212/1910 1909/2211/1909 1912/2215/1913 1911/2216/1914
f 1911/2216/1914 1912/2215/1913 1914/2217/1915 1913/2218/1916
f 1913/2218/1916 1914/2217/1915 1916/2219/1917 1915/2220/1918
f 1915/2220/1918 1916/2219/1917 1918/2221/1919 1917/2222/1920
f 1917/2222/1920 1918/2221/1919 1920/2223/1921 1919/2224/1922
f 1919/2224/1922 1920/2223/1921 1922/2225/1923 1921/2226/1924
f 1921/2226/1924 1922/2225/1923 1924/2227/1925 1923/2228/1926
f 1923/2228/1926 1924/2227/1925 1926/2229/1927 1925/2230/1928
f 1925/2230/1928 1926/2229/1927 1928/2231/1929 1927/2232/1930
f 1927/2232/1930 1928/2231/1929 1930/2233/1931 1929/2234/1932
f 1929/2234/1932 1930/2233/1931 1932/2214/1912 1931/2213/1911
f 1909/2211/1909 1838/2134/1832 1837/2133/1831 1912/2215/1913
f 1912/2215/1913 1837/2133/1831 1839/2132/1830 1914/2217/1915
f 1914/2217/1915 1839/2132/1830 1840/2131/1829 1916/2219/1917
f 1916/2219/1917 1840/2131/1829 1841/2130/1828 1918/2221/1919
f 1918/2221/1919 1841/2130/1828 1842/2129/1827 1920/2223/1921
f 1920/2223/1921 1842/2129/1827 1843/2127/1825 1922/2225/1923
f 1922/2225/1923 1843/2127/1825 1844/2128/1826 1924/2227/1925
f 1924/2227/1925 1844/2128/1826 1845/2138/1836 1926/2229/1927
f 1926/2229/1927 1845/2138/1836 1846/2137/1835 1928/2231/1929
f 1928/2231/1929 1846/2137/1835 1847/2136/1834 1930/2233/1931
f 1930/2233/1931 1847/2136/1834 1848/2135/1833 1932/2214/1912
f 1932/2214/1912 1848/2135/1833 1838/2134/1832 1909/2211/1909
f 1885/2187/1885 1887/2190/1888 1819/2181/1879 1820/2182/1880
f 1887/2190/1888 1889/2194/1892 1818/2180/1878 1819/2181/1879
f 1889/2194/1892 1891/2196/1894 1817/2179/1877 1818/2180/1878
f 1891/2196/1894 1893/2198/1896 1816/2178/1876 1817/2179/1877
f 1893/2198/1896 1895/2200/1898 1815/2177/1875 1816/2178/1876
f 1895/2200/1898 1897/2202/1900 1814/2175/1873 1815/2177/1875
f 1897/2202/1900 1899/2204/1902 1813/2176/1874 1814/2175/1873
f 1899/2204/1902 1901/2206/1904 1824/2186/1884 1813/2176/1874
f 1901/2206/1904 1903/2208/1906 1823/2185/1883 1824/2186/1884
f 1903/2208/1906 1905/2210/1908 1822/2184/1882 1823/2185/1883
f 1905/2210/1908 1907/2191/1889 1821/2183/1881 1822/2184/1882
f 1907/2191/1889 1885/2187/1885 1820/2182/1880 1821/2183/1881
f 1886/2235/1886 1910/2212/1910 1911/2216/1914 1888/2236/1887
f 1888/2236/1887 1911/2216/1914 1913/2218/1916 1890/2237/1891
f 1890/2237/1891 1913/2218/1916 1915/2220/1918 1892/2238/1893
f 1892/2238/1893 1915/2220/1918 1917/2222/1920 1894/2239/1895
f 1894/2239/1895 1917/2222/1920 1919/2224/1922 1896/2240/1897
f 1896/2240/1897 1919/2224/1922 1921/2226/1924 1898/2241/1899
f 1898/2241/1899 1921/2226/1924 1923/2228/1926 1900/2242/1901
f 1900/2242/1901 1923/2228/1926 1925/2230/1928 1902/2243/1903
f 1902/2243/1903 1925/2230/1928 1927/2232/1930 1904/2244/1905
f 1904/2244/1905 1927/2232/1930 1929/2234/1932 1906/2245/1907
f 1906/2245/1907 1929/2234/1932 1931/2213/1911 1908/2246/1890
f 1908/2246/1890 1931/2213/1911 1910/2212/1910 1886/2235/1886
f 1933/2247/1933 1934/2248/1934 1956/2249/1935 1955/2250/1936
f 1934/2248/1934 1933/2247/1933 1935/2251/1937 1936/2252/1938
f 1936/2252/1938 1935/2251/1937 1937/2253/1939 1938/2254/1940
f 1938/2254/1940 1937/2253/1939 1939/2255/1941 1940/2256/1942
f 1940/2256/1942 1939/2255/1941 1941/2257/1943 1942/2258/1944
f 1942/2258/1944 1941/2257/1943 1943/2259/1945 1944/2260/1946
f 1944/2260/1946 1943/2259/1945 1945/2261/1947 1946/2262/1948
f 1946/2262/1948 1945/2261/1947 1947/2263/1949 1948/2264/1950
f 1948/2264/1950 1947/2263/1949 1949/2265/1951 1950/2266/1952
f 1950/2266/1952 1949/2265/1951 1951/2267/1953 1952/2268/1954
f 1952/2268/1954 1951/2267/1953 1953/2269/1955 1954/2270/1956
f 1954/2270/1956 1953/2269/1955 1955/2250/1936 1956/2249/1935
f 1826/2153/1851 1825/2174/1872 1947/2263/1949 1945/2261/1947
f 1827/2154/1852 1826/2153/1851 1945/2261/1947 1943/2259/1945
f 1828/2156/1854 1827/2154/1852 1943/2259/1945 1941/2257/1943
f 1829/2158/1856 1828/2156/1854 1941/2257/1943 1939/2255/1941
f 1830/2160/1858 1829/2158/1856 1939/2255/1941 1937/2253/1939
f 1831/2162/1860 1830/2160/1858 1937/2253/1939 1935/2251/1937
f 1832/2164/1862 1831/2162/1860 1935/2251/1937 1933/2247/1933
f 1833/2166/1864 1832/2164/1862 1933/2247/1933 1955/2250/1936
f 1834/2168/1866 1833/2166/1864 1955/2250/1936 1953/2269/1955
f 1835/2170/1868 1834/2168/1866 1953/2269/1955 1951/2267/1953
f 1836/2172/1870 1835/2170/1868 1951/2267/1953 1949/2265/1951
f 1825/2174/1872 1836/2172/1870 1949/2265/1951 1947/2263/1949
f 1948/2264/1950 1873/2271/1838 1874/2272/1837 1946/2262/1948
f 1946/2262/1948 1874/2272/1837 1875/2273/1839 1944/2260/1946
f 1944/2260/1946 1875/2273/1839 1876/2274/1840 1942/2258/1944
f 1942/2258/1944 1876/2274/1840 1877/2275/1841 1940/2256/1942
f 1940/2256/1942 1877/2275/1841 1878/2276/1842 1938/2254/1940
f 1938/2254/1940 1878/2276/1842 1879/2277/1843 1936/2252/1938
f 1936/2252/1938 1879/2277/1843 1880/2278/1844 1934/2248/1934
f 1934/2248/1934 1880/2278/1844 1881/2279/1845 1956/2249/1935
f 1956/2249/1935 1881/2279/1845 1882/2280/1846 1954/2270/1956
f 1954/2270/1956 1882/2280/1846 1883/2281/1847 1952/2268/1954
f 1952/2268/1954 1883/2281/1847 1884/2282/1848 1950/2266/1952
f 1950/2266/1952 1884/2282/1848 1873/2271/1838 1948/2264/1950
g default
v -0.001580 0.136531 -0.109429
v -0.001580 0.204795 0.198531
v -0.001580 0.167408 -0.119165
v -0.001580 0.243873 0.196235
v -0.001580 0.200847 -0.123820
v -0.001580 0.278039 0.182668
v -0.001580 0.234548 -0.123350
v -0.001580 0.307332 0.160354
v -0.001580 0.256667 -0.120783
v -0.001580 0.328831 0.134565
v -0.001580 0.277698 -0.117591
v -0.001580 0.342135 0.111856
v -0.001580 0.117655 -0.100578
v -0.001580 0.185378 0.197991
v -0.001580 0.126952 0.033143
v -0.001580 0.141005 0.093863
v -0.001580 0.162101 0.184774
v -0.001580 0.168263 0.192101
v -0.001580 0.103675 -0.087084
v -0.001580 0.101259 -0.077715
v -0.055308 0.139597 -0.100631
v -0.074312 0.202075 0.186735
v -0.139067 0.197727 0.149660
v -0.054046 0.170153 -0.111022
v -0.073995 0.240837 0.184115
v -0.132838 0.231889 0.149868
v -0.052221 0.203405 -0.116725
v -0.072094 0.274964 0.170985
v -0.127705 0.266144 0.139714
v -0.050600 0.236909 -0.116679
v -0.068744 0.304508 0.149544
v -0.122401 0.296461 0.120732
v -0.049048 0.259982 -0.113759
v -0.064516 0.326672 0.124586
v -0.120670 0.319206 0.096126
v -0.110947 0.147257 -0.084005
v -0.104659 0.175086 -0.095214
v -0.099594 0.208017 -0.102771
v -0.095819 0.241324 -0.103116
v -0.096269 0.266800 -0.098264
v -0.045616 0.282021 -0.111087
v -0.090533 0.290768 -0.096217
v -0.128183 0.308661 -0.065806
v -0.142542 0.323625 -0.038764
v -0.144243 0.333938 -0.003994
v -0.141726 0.335720 0.029760
v -0.111523 0.337121 0.080183
v -0.059365 0.341213 0.102652
v -0.054857 0.119308 -0.092457
v -0.109163 0.124134 -0.076191
v -0.154806 0.130822 -0.043281
v -0.174673 0.128165 -0.006162
v -0.186854 0.141376 0.051513
v -0.175655 0.164796 0.098050
v -0.137043 0.177469 0.154441
v -0.073425 0.182322 0.186599
v -0.148115 0.114285 0.011089
v -0.101118 0.119018 0.020659
v -0.053384 0.124066 0.027423
v -0.158881 0.126971 0.063497
v -0.108212 0.131836 0.073970
v -0.057388 0.137774 0.085350
v -0.023693 0.278798 -0.115936
v -0.025423 0.257514 -0.118989
v -0.026162 0.235153 -0.121642
v -0.026764 0.201493 -0.122028
v -0.027404 0.168088 -0.117146
v -0.027866 0.137283 -0.107272
v -0.028437 0.118058 -0.098500
v -0.028793 0.126156 0.031566
v -0.030821 0.140126 0.091547
v -0.038583 0.184549 0.194966
v -0.037446 0.204119 0.195601
v -0.037042 0.243127 0.193259
v -0.036481 0.277272 0.179753
v -0.035348 0.306610 0.157591
v -0.033433 0.328273 0.131986
v -0.030771 0.341897 0.109483
v -0.068398 0.285705 -0.105000
v -0.073089 0.262673 -0.107342
v -0.073701 0.238878 -0.110797
v -0.076332 0.205503 -0.110548
v -0.079761 0.172396 -0.103999
v -0.083333 0.142778 -0.093338
v -0.082252 0.121141 -0.085509
v -0.077295 0.121836 0.023926
v -0.082889 0.135135 0.079444
v -0.107202 0.180085 0.173819
v -0.109202 0.200133 0.172199
v -0.106303 0.237283 0.170408
v -0.102633 0.271377 0.158420
v -0.097995 0.301137 0.138085
v -0.094402 0.323484 0.113562
v -0.086634 0.339694 0.093691
v -0.111561 0.298671 -0.082965
v -0.118222 0.275719 -0.086652
v -0.118364 0.244859 -0.095812
v -0.123680 0.210824 -0.095735
v -0.130765 0.177511 -0.086689
v -0.136992 0.149713 -0.071599
v -0.134309 0.128308 -0.062486
v -0.124838 0.115907 0.016820
v -0.133570 0.128398 0.068900
v -0.160158 0.173360 0.128254
v -0.162325 0.192012 0.121480
v -0.156416 0.223520 0.126269
v -0.149597 0.260461 0.118023
v -0.143934 0.292462 0.099907
v -0.140178 0.317894 0.071413
v -0.130745 0.336226 0.057650
v -0.171123 0.119454 0.000076
v -0.163855 0.115303 0.005019
v -0.148577 0.112843 -0.032745
v -0.146806 0.108730 -0.022510
v -0.127975 0.108686 -0.050695
v -0.126125 0.104601 -0.041333
v -0.050800 0.100753 -0.070863
v -0.052692 0.103686 -0.079842
v -0.028175 0.103678 -0.085124
v -0.027171 0.101123 -0.075861
v -0.036264 0.161228 0.181930
v -0.038283 0.167349 0.189084
v -0.068703 0.158823 0.174090
v -0.070947 0.164950 0.181170
v -0.099155 0.155978 0.164067
v -0.102381 0.162314 0.170563
v -0.127179 0.152131 0.149847
v -0.130998 0.159135 0.155288
v -0.151118 0.146896 0.130258
v -0.154655 0.155170 0.134422
v -0.167448 0.140364 0.105259
v -0.171132 0.149238 0.108459
v -0.183665 0.133511 0.055472
v -0.175904 0.128645 0.059149
v -0.101263 0.102023 -0.055298
v -0.103703 0.105585 -0.064083
v -0.078406 0.104114 -0.073271
v -0.076091 0.100891 -0.064465
v -0.001580 0.168811 -0.113019
v -0.001580 0.138808 -0.103551
v -0.001580 0.204691 0.192228
v -0.001580 0.242503 0.190082
v -0.001580 0.201255 -0.117530
v -0.001580 0.274950 0.177173
v -0.001580 0.234141 -0.117059
v -0.001580 0.302993 0.155782
v -0.001580 0.255830 -0.114535
v -0.001580 0.323695 0.130910
v -0.001580 0.276721 -0.111363
v -0.001580 0.336607 0.108826
v -0.001580 0.121174 -0.095348
v -0.001580 0.186481 0.191784
v -0.001580 0.147145 0.092434
v -0.001580 0.133092 0.031715
v -0.001580 0.109060 -0.083806
v -0.001580 0.107561 -0.077545
v -0.001580 0.171769 0.186862
v -0.001580 0.167702 0.181881
v -0.130252 0.152193 -0.064225
v -0.108122 0.149173 -0.078670
v -0.102146 0.176482 -0.089594
v -0.124604 0.180518 -0.076042
v -0.026853 0.139499 -0.101459
v -0.026414 0.169494 -0.111081
v -0.036447 0.203993 0.189378
v -0.036003 0.241764 0.187193
v -0.072356 0.201880 0.180745
v -0.105913 0.199733 0.166837
v -0.102995 0.235973 0.165207
v -0.071971 0.239494 0.178298
v -0.134547 0.196801 0.145423
v -0.150744 0.189365 0.115293
v -0.144757 0.220393 0.114937
v -0.128407 0.230507 0.145629
v -0.097275 0.208395 -0.096913
v -0.118440 0.211396 -0.084816
v -0.025862 0.201909 -0.115803
v -0.035471 0.274216 0.174333
v -0.099439 0.268615 0.153743
v -0.070140 0.271998 0.165777
v -0.139218 0.254665 0.107712
v -0.123418 0.263698 0.135801
v -0.093494 0.240616 -0.097291
v -0.113203 0.242926 -0.085392
v -0.025318 0.234728 -0.115409
v -0.034446 0.302311 0.153069
v -0.095113 0.297219 0.134071
v -0.067004 0.300318 0.145168
v -0.133590 0.286790 0.094712
v -0.118410 0.293036 0.117273
v -0.093694 0.265586 -0.092622
v -0.111801 0.272643 -0.077197
v -0.024586 0.256652 -0.112800
v -0.032686 0.323178 0.128350
v -0.091881 0.318833 0.110119
v -0.063069 0.321701 0.120990
v -0.132100 0.314022 0.068374
v -0.116927 0.315167 0.093059
v -0.124009 0.306581 -0.061565
v -0.137535 0.320771 -0.036210
v -0.087815 0.289526 -0.090656
v -0.108024 0.297033 -0.077980
v -0.022887 0.277819 -0.109761
v -0.030199 0.336408 0.106436
v -0.084652 0.334627 0.090480
v -0.058274 0.335858 0.099510
v -0.126339 0.332389 0.055304
v -0.108311 0.332656 0.077115
v -0.138802 0.330788 -0.003535
v -0.136524 0.332355 0.028520
v -0.077747 0.173786 -0.098185
v -0.081220 0.144741 -0.087726
v -0.053707 0.141698 -0.094907
v -0.052460 0.171569 -0.105087
v -0.074438 0.205933 -0.104549
v -0.050744 0.203839 -0.110612
v -0.071856 0.238353 -0.104789
v -0.049213 0.236444 -0.110548
v -0.071163 0.261690 -0.101418
v -0.047684 0.259080 -0.107671
v -0.066450 0.284669 -0.099089
v -0.044289 0.281057 -0.104999
v -0.027542 0.121468 -0.093274
v -0.053425 0.122505 -0.087216
v -0.080242 0.124146 -0.080338
v -0.106366 0.127003 -0.071311
v -0.130586 0.131121 -0.058215
v -0.150306 0.133564 -0.039822
v -0.169162 0.130626 -0.004340
v -0.180681 0.142585 0.051102
v -0.169724 0.164692 0.095917
v -0.154890 0.173122 0.124804
v -0.132814 0.177592 0.149790
v -0.104233 0.180744 0.168293
v -0.071651 0.183300 0.180630
v -0.037641 0.185629 0.188828
v -0.124804 0.122124 0.015453
v -0.101429 0.125155 0.019228
v -0.133475 0.134632 0.067449
v -0.108445 0.137940 0.072391
v -0.077651 0.127957 0.022459
v -0.053696 0.130191 0.025963
v -0.083161 0.141247 0.077922
v -0.057606 0.143899 0.083876
v -0.028984 0.132291 0.030128
v -0.030949 0.146262 0.090106
v -0.147757 0.120453 0.009837
v -0.158408 0.133053 0.061909
v -0.166561 0.123699 0.001029
v -0.161559 0.121158 0.004583
v -0.145041 0.114780 -0.022366
v -0.144898 0.117355 -0.030327
v -0.178358 0.136768 0.054484
v -0.173045 0.134061 0.057654
v -0.124860 0.110770 -0.041027
v -0.124982 0.113389 -0.047718
v -0.100560 0.108280 -0.054956
v -0.101547 0.110492 -0.060753
v -0.050741 0.107053 -0.070635
v -0.051801 0.108899 -0.076411
v -0.076971 0.109190 -0.069814
v -0.075784 0.107183 -0.064185
v -0.027160 0.107423 -0.075660
v -0.027649 0.109001 -0.081787
v -0.036093 0.166835 0.179053
v -0.037601 0.170859 0.183892
v -0.068379 0.164435 0.171238
v -0.069710 0.168426 0.176057
v -0.098499 0.161532 0.161142
v -0.100256 0.165544 0.165567
v -0.125881 0.157506 0.146818
v -0.127716 0.161832 0.150639
v -0.148971 0.152086 0.127414
v -0.150180 0.157307 0.130542
v -0.164700 0.145489 0.102827
v -0.165886 0.151237 0.105591
v -0.175855 0.137144 -0.011716
v -0.174629 0.138896 -0.012034
v -0.157428 0.151137 -0.051531
v -0.157400 0.152657 -0.050230
v -0.175952 0.180015 0.088021
v -0.174916 0.180729 0.086498
v -0.187976 0.149238 0.047995
v -0.186706 0.150665 0.047356
v -0.150385 0.310616 -0.038048
v -0.149873 0.308771 -0.037363
v -0.133439 0.284747 -0.067469
v -0.133572 0.285472 -0.068960
v -0.149619 0.317441 0.040105
v -0.149240 0.315684 0.039269
v -0.149457 0.321569 -0.002493
v -0.148937 0.319673 -0.002211
v -0.150518 0.181455 -0.072730
v -0.150990 0.182001 -0.070840
v -0.167457 0.215378 0.099058
v -0.166771 0.215103 0.097208
v -0.142473 0.213781 -0.083483
v -0.143068 0.214015 -0.081640
v -0.160592 0.252486 0.093372
v -0.160060 0.251734 0.091672
v -0.135778 0.247342 -0.083548
v -0.136341 0.247283 -0.081666
v -0.155110 0.285708 0.076183
v -0.154618 0.284840 0.074448
v -0.145418 0.308020 -0.035561
v -0.147306 0.307475 -0.036089
v -0.131333 0.283702 -0.065019
v -0.129737 0.283684 -0.064403
v -0.146200 0.314042 0.038598
v -0.144320 0.314393 0.038856
v -0.145850 0.317977 -0.002008
v -0.144002 0.318515 -0.002115
v -0.153140 0.153334 -0.047640
v -0.154967 0.153829 -0.048056
v -0.171722 0.139804 -0.011005
v -0.170272 0.139008 -0.009771
v -0.183375 0.150926 0.047236
v -0.181865 0.149852 0.047735
v -0.171498 0.180448 0.085424
v -0.169949 0.179882 0.086085
v -0.134672 0.246631 -0.078642
v -0.132878 0.246203 -0.078119
v -0.141448 0.214161 -0.078528
v -0.139624 0.214047 -0.077912
v -0.149194 0.182834 -0.068028
v -0.147324 0.182977 -0.067561
v -0.151615 0.283374 0.073189
v -0.149866 0.283072 0.073914
v -0.001580 0.353270 0.091789
v -0.001580 0.352734 0.090184
v -0.001580 0.297489 -0.116551
v -0.001580 0.298477 -0.115174
v -0.132429 0.334139 -0.038237
v -0.130801 0.334501 -0.037807
v -0.116296 0.325215 -0.063680
v -0.114910 0.325779 -0.062888
v -0.100928 0.318562 -0.080968
v -0.099744 0.319286 -0.079997
v -0.041631 0.302833 -0.109752
v -0.041125 0.303805 -0.108469
v -0.021651 0.298836 -0.114814
v -0.021384 0.299822 -0.113461
v -0.029198 0.353388 0.088904
v -0.028966 0.352873 0.087310
v -0.053909 0.353737 0.082017
v -0.053481 0.353289 0.080447
v -0.077543 0.352905 0.073695
v -0.076820 0.352581 0.072187
v -0.098683 0.353553 0.063313
v -0.097603 0.353481 0.061991
v -0.116359 0.352710 0.044486
v -0.114969 0.352901 0.043487
v -0.128357 0.349584 0.021176
v -0.126779 0.349954 0.020586
v -0.135907 0.343283 -0.005056
v -0.134256 0.343699 -0.005122
v -0.082418 0.312400 -0.094817
v -0.081476 0.313266 -0.093706
v -0.062302 0.307304 -0.103826
v -0.061594 0.308247 -0.102615
v -0.001580 0.295257 -0.110544
v -0.001580 0.298045 -0.112538
v -0.001580 0.347090 0.090076
v -0.001580 0.350340 0.088982
v -0.020998 0.296613 -0.108838
v -0.021056 0.299393 -0.110847
v -0.060743 0.305083 -0.098012
v -0.060764 0.307795 -0.100106
v -0.040632 0.300669 -0.103787
v -0.040548 0.303382 -0.105879
v -0.080192 0.309938 -0.089333
v -0.080338 0.312700 -0.091359
v -0.098048 0.315620 -0.076038
v -0.098285 0.318496 -0.077896
v -0.112949 0.321772 -0.059468
v -0.113228 0.324772 -0.061119
v -0.128432 0.330091 -0.035612
v -0.128887 0.333285 -0.036778
v -0.131138 0.339064 -0.004369
v -0.132037 0.342356 -0.004898
v -0.123822 0.345219 0.020193
v -0.124695 0.348543 0.020018
v -0.112700 0.347919 0.042544
v -0.113242 0.351297 0.042456
v -0.096324 0.348167 0.060799
v -0.096423 0.351580 0.060672
v -0.076250 0.346999 0.071093
v -0.076118 0.350377 0.070834
v -0.053106 0.347667 0.079027
v -0.053102 0.350974 0.079169
v -0.027434 0.347230 0.085436
v -0.028761 0.350496 0.086095
v 0.052148 0.139597 -0.100631
v 0.071152 0.202075 0.186735
v 0.135907 0.197727 0.149660
v 0.050886 0.170153 -0.111022
v 0.070835 0.240837 0.184115
v 0.129678 0.231889 0.149868
v 0.049061 0.203405 -0.116725
v 0.068934 0.274964 0.170985
v 0.124545 0.266144 0.139714
v 0.047440 0.236909 -0.116679
v 0.065584 0.304508 0.149544
v 0.119241 0.296461 0.120732
v 0.045888 0.259982 -0.113759
v 0.061356 0.326672 0.124586
v 0.117510 0.319206 0.096126
v 0.107787 0.147257 -0.084005
v 0.101499 0.175086 -0.095214
v 0.096434 0.208017 -0.102771
v 0.092659 0.241324 -0.103116
v 0.093109 0.266800 -0.098264
v 0.042455 0.282021 -0.111087
v 0.087373 0.290768 -0.096217
v 0.125022 0.308661 -0.065806
v 0.139382 0.323625 -0.038764
v 0.141083 0.333938 -0.003994
v 0.138565 0.335720 0.029760
v 0.108363 0.337121 0.080183
v 0.056204 0.341213 0.102652
v 0.051697 0.119308 -0.092457
v 0.105988 0.124133 -0.076192
v 0.151646 0.130822 -0.043281
v 0.171513 0.128165 -0.006162
v 0.183694 0.141376 0.051513
v 0.172495 0.164796 0.098050
v 0.133872 0.177470 0.154436
v 0.070265 0.182322 0.186599
v 0.144955 0.114285 0.011089
v 0.097957 0.119018 0.020659
v 0.050224 0.124066 0.027423
v 0.155721 0.126971 0.063497
v 0.105052 0.131836 0.073970
v 0.054228 0.137774 0.085350
v 0.020533 0.278798 -0.115936
v 0.022263 0.257514 -0.118989
v 0.023002 0.235153 -0.121642
v 0.023603 0.201493 -0.122028
v 0.024244 0.168088 -0.117146
v 0.024706 0.137283 -0.107272
v 0.025277 0.118058 -0.098500
v 0.025632 0.126156 0.031566
v 0.027661 0.140126 0.091547
v 0.035423 0.184549 0.194966
v 0.034286 0.204119 0.195601
v 0.033882 0.243127 0.193259
v 0.033321 0.277272 0.179753
v 0.032187 0.306610 0.157591
v 0.030273 0.328273 0.131986
v 0.027611 0.341897 0.109483
v 0.065238 0.285705 -0.105000
v 0.069929 0.262673 -0.107342
v 0.070541 0.238878 -0.110797
v 0.073171 0.205503 -0.110548
v 0.076601 0.172396 -0.103999
v 0.080173 0.142778 -0.093338
v 0.079062 0.121140 -0.085511
v 0.074135 0.121836 0.023926
v 0.079729 0.135135 0.079444
v 0.104020 0.180086 0.173812
v 0.106042 0.200133 0.172199
v 0.103143 0.237283 0.170408
v 0.099473 0.271377 0.158420
v 0.094835 0.301137 0.138085
v 0.091242 0.323484 0.113562
v 0.083473 0.339694 0.093691
v 0.108400 0.298671 -0.082965
v 0.115062 0.275719 -0.086652
v 0.115204 0.244859 -0.095812
v 0.120520 0.210824 -0.095735
v 0.127604 0.177511 -0.086689
v 0.133831 0.149713 -0.071599
v 0.131143 0.128308 -0.062488
v 0.121678 0.115907 0.016820
v 0.130410 0.128398 0.068900
v 0.156993 0.173360 0.128252
v 0.159164 0.192012 0.121480
v 0.153256 0.223520 0.126269
v 0.146437 0.260461 0.118023
v 0.140774 0.292462 0.099907
v 0.137018 0.317894 0.071413
v 0.127585 0.336226 0.057650
v 0.167963 0.119454 0.000076
v 0.160694 0.115303 0.005019
v 0.145416 0.112843 -0.032745
v 0.143646 0.108730 -0.022510
v 0.124815 0.108686 -0.050695
v 0.122965 0.104601 -0.041333
v 0.047640 0.100753 -0.070863
v 0.049532 0.103686 -0.079842
v 0.025015 0.103678 -0.085124
v 0.024011 0.101123 -0.075861
v 0.033103 0.161228 0.181930
v 0.035122 0.167349 0.189084
v 0.065543 0.158823 0.174090
v 0.067786 0.164950 0.181170
v 0.095995 0.155978 0.164067
v 0.099220 0.162314 0.170563
v 0.124019 0.152131 0.149847
v 0.127838 0.159135 0.155288
v 0.147957 0.146896 0.130258
v 0.151495 0.155170 0.134422
v 0.164288 0.140364 0.105259
v 0.167972 0.149238 0.108459
v 0.180505 0.133511 0.055472
v 0.172744 0.128645 0.059149
v 0.098103 0.102023 -0.055298
v 0.100543 0.105585 -0.064083
v 0.075246 0.104114 -0.073271
v 0.072931 0.100891 -0.064465
v 0.127129 0.152201 -0.064210
v 0.105036 0.149189 -0.078646
v 0.099031 0.176498 -0.089583
v 0.121466 0.180524 -0.076038
v 0.023693 0.139499 -0.101459
v 0.023254 0.169494 -0.111081
v 0.033287 0.203993 0.189378
v 0.032842 0.241764 0.187193
v 0.069195 0.201880 0.180745
v 0.102957 0.199760 0.166714
v 0.100006 0.235968 0.165100
v 0.068811 0.239494 0.178298
v 0.131476 0.196816 0.145346
v 0.147628 0.189373 0.115251
v 0.141633 0.220392 0.114909
v 0.125323 0.230504 0.145563
v 0.094146 0.208401 -0.096904
v 0.115295 0.211399 -0.084813
v 0.022702 0.201909 -0.115803
v 0.032310 0.274216 0.174333
v 0.096450 0.268588 0.153643
v 0.066980 0.271998 0.165777
v 0.136094 0.254660 0.107686
v 0.120333 0.263681 0.135738
v 0.090377 0.240615 -0.097277
v 0.110064 0.242927 -0.085387
v 0.022158 0.234728 -0.115409
v 0.031286 0.302311 0.153069
v 0.092125 0.297181 0.133993
v 0.063844 0.300318 0.145168
v 0.130467 0.286781 0.094686
v 0.115328 0.293012 0.117225
v 0.090599 0.265597 -0.092594
v 0.108673 0.272652 -0.077184
v 0.021426 0.256652 -0.112800
v 0.029526 0.323178 0.128350
v 0.088907 0.318794 0.110055
v 0.059909 0.321701 0.120990
v 0.128980 0.314010 0.068348
v 0.113850 0.315146 0.093018
v 0.120848 0.306581 -0.061565
v 0.134375 0.320771 -0.036210
v 0.084734 0.289549 -0.090622
v 0.104899 0.297047 -0.077957
v 0.019726 0.277819 -0.109761
v 0.027039 0.336408 0.106436
v 0.081685 0.334621 0.090405
v 0.055114 0.335858 0.099510
v 0.123213 0.332388 0.055271
v 0.105236 0.332654 0.077065
v 0.135642 0.330788 -0.003535
v 0.133364 0.332355 0.028520
v 0.074678 0.173810 -0.098165
v 0.078214 0.144771 -0.087688
v 0.050547 0.141698 -0.094907
v 0.049300 0.171569 -0.105087
v 0.071341 0.205943 -0.104532
v 0.047584 0.203839 -0.110612
v 0.068783 0.238353 -0.104766
v 0.046053 0.236444 -0.110548
v 0.068143 0.261705 -0.101374
v 0.044524 0.259080 -0.107671
v 0.063460 0.284706 -0.099035
v 0.041129 0.281057 -0.104999
v 0.024382 0.121468 -0.093274
v 0.050265 0.122505 -0.087216
v 0.077228 0.124148 -0.080283
v 0.103275 0.127003 -0.071275
v 0.127456 0.131121 -0.058192
v 0.147146 0.133564 -0.039822
v 0.166002 0.130626 -0.004340
v 0.177521 0.142585 0.051102
v 0.166564 0.164692 0.095917
v 0.151763 0.173120 0.124763
v 0.129736 0.177599 0.149721
v 0.101259 0.180755 0.168184
v 0.068490 0.183300 0.180630
v 0.034481 0.185629 0.188828
v 0.121644 0.122123 0.015452
v 0.098270 0.125153 0.019224
v 0.130315 0.134632 0.067448
v 0.105285 0.137939 0.072389
v 0.074494 0.127955 0.022453
v 0.050536 0.130191 0.025963
v 0.080001 0.141246 0.077920
v 0.054446 0.143899 0.083876
v 0.025824 0.132291 0.030128
v 0.027789 0.146262 0.090106
v 0.144597 0.120453 0.009837
v 0.155248 0.133053 0.061909
v 0.163401 0.123699 0.001029
v 0.158399 0.121158 0.004583
v 0.141881 0.114780 -0.022366
v 0.141738 0.117355 -0.030327
v 0.175198 0.136768 0.054484
v 0.169885 0.134061 0.057654
v 0.121711 0.110772 -0.041011
v 0.121852 0.113389 -0.047694
v 0.097424 0.108280 -0.054927
v 0.098453 0.110488 -0.060713
v 0.047581 0.107053 -0.070635
v 0.048641 0.108899 -0.076411
v 0.073952 0.109182 -0.069752
v 0.072679 0.107182 -0.064143
v 0.024000 0.107423 -0.075660
v 0.024489 0.109001 -0.081787
v 0.032933 0.166835 0.179053
v 0.034441 0.170859 0.183892
v 0.065219 0.164435 0.171238
v 0.066550 0.168426 0.176057
v 0.095408 0.161514 0.161110
v 0.097274 0.165531 0.165503
v 0.122752 0.157495 0.146797
v 0.124638 0.161825 0.150598
v 0.145823 0.152080 0.127401
v 0.147055 0.157302 0.130515
v 0.161539 0.145489 0.102827
v 0.162726 0.151237 0.105591
v 0.172695 0.137144 -0.011716
v 0.171469 0.138896 -0.012034
v 0.154268 0.151137 -0.051531
v 0.154240 0.152657 -0.050230
v 0.172792 0.180015 0.088021
v 0.171756 0.180729 0.086498
v 0.184816 0.149238 0.047995
v 0.183546 0.150665 0.047356
v 0.147225 0.310616 -0.038048
v 0.146713 0.308771 -0.037363
v 0.130279 0.284747 -0.067469
v 0.130412 0.285472 -0.068960
v 0.146459 0.317441 0.040105
v 0.146080 0.315684 0.039269
v 0.146297 0.321569 -0.002493
v 0.145777 0.319673 -0.002211
v 0.147358 0.181455 -0.072730
v 0.147829 0.182001 -0.070840
v 0.164297 0.215378 0.099058
v 0.163611 0.215103 0.097208
v 0.139312 0.213781 -0.083483
v 0.139907 0.214015 -0.081640
v 0.157432 0.252486 0.093372
v 0.156900 0.251734 0.091672
v 0.132618 0.247342 -0.083548
v 0.133181 0.247283 -0.081666
v 0.151950 0.285708 0.076183
v 0.151458 0.284840 0.074448
v 0.142258 0.308020 -0.035561
v 0.144146 0.307475 -0.036089
v 0.128173 0.283702 -0.065019
v 0.126576 0.283684 -0.064403
v 0.143040 0.314042 0.038598
v 0.141160 0.314393 0.038856
v 0.142690 0.317977 -0.002008
v 0.140842 0.318515 -0.002115
v 0.149980 0.153334 -0.047640
v 0.151807 0.153829 -0.048056
v 0.168562 0.139804 -0.011005
v 0.167112 0.139008 -0.009771
v 0.180215 0.150926 0.047236
v 0.178705 0.149852 0.047735
v 0.168193 0.180562 0.085425
v 0.166801 0.179931 0.086039
v 0.131512 0.246631 -0.078642
v 0.129717 0.246203 -0.078119
v 0.138288 0.214161 -0.078528
v 0.136464 0.214047 -0.077912
v 0.146033 0.182834 -0.068028
v 0.144163 0.182977 -0.067561
v 0.148363 0.283244 0.073186
v 0.146779 0.282976 0.073845
v 0.129269 0.334139 -0.038237
v 0.127641 0.334501 -0.037807
v 0.113136 0.325215 -0.063680
v 0.111750 0.325779 -0.062888
v 0.097730 0.318559 -0.080782
v 0.096557 0.319285 -0.079803
v 0.038471 0.302833 -0.109752
v 0.037965 0.303805 -0.108469
v 0.018491 0.298836 -0.114814
v 0.018224 0.299822 -0.113461
v 0.026038 0.353388 0.088904
v 0.025806 0.352873 0.087310
v 0.050749 0.353737 0.082017
v 0.050320 0.353289 0.080447
v 0.073215 0.354113 0.072782
v 0.072525 0.353794 0.071258
v 0.094889 0.354358 0.062686
v 0.093822 0.354288 0.061355
v 0.112919 0.353033 0.044253
v 0.111535 0.353223 0.043248
v 0.125197 0.349584 0.021176
v 0.123619 0.349954 0.020586
v 0.132747 0.343283 -0.005056
v 0.131096 0.343699 -0.005122
v 0.079171 0.312385 -0.094397
v 0.078253 0.313255 -0.093274
v 0.059040 0.307283 -0.103212
v 0.058383 0.308236 -0.101983
v 0.017838 0.296613 -0.108838
v 0.017896 0.299393 -0.110847
v 0.057629 0.305097 -0.097347
v 0.057627 0.307802 -0.099452
v 0.037471 0.300669 -0.103787
v 0.037388 0.303382 -0.105879
v 0.077016 0.309941 -0.088882
v 0.077150 0.312699 -0.090914
v 0.094882 0.315627 -0.075831
v 0.095114 0.318501 -0.077693
v 0.109789 0.321772 -0.059468
v 0.110068 0.324772 -0.061119
v 0.125272 0.330091 -0.035612
v 0.125727 0.333285 -0.036778
v 0.127978 0.339064 -0.004369
v 0.128877 0.342356 -0.004898
v 0.120662 0.345219 0.020193
v 0.121535 0.348543 0.020018
v 0.109324 0.348251 0.042390
v 0.109825 0.351623 0.042206
v 0.092663 0.348993 0.060372
v 0.092677 0.352400 0.060024
v 0.072149 0.348244 0.070472
v 0.071906 0.351613 0.069884
v 0.049946 0.347667 0.079027
v 0.049942 0.350974 0.079169
v 0.024273 0.347230 0.085436
v 0.025601 0.350496 0.086095
v 0.169451 0.130401 0.028440
v 0.171909 0.136758 0.024090
v 0.173056 0.144569 0.019718
v 0.174537 0.145507 0.018861
v 0.177662 0.144931 0.018420
v 0.178910 0.143346 0.018903
v 0.177759 0.134940 0.023413
v 0.174394 0.126662 0.028482
v 0.166873 0.122144 0.032777
v 0.150476 0.120790 0.037964
v 0.126156 0.122312 0.043526
v 0.101596 0.125591 0.047996
v 0.077003 0.128655 0.052395
v 0.052277 0.131095 0.057128
v 0.026673 0.133320 0.062324
v -0.001580 0.134158 0.064280
v -0.029833 0.133320 0.062324
v -0.055437 0.131095 0.057128
v -0.080164 0.128655 0.052395
v -0.104756 0.125591 0.047996
v -0.129316 0.122312 0.043526
v -0.153636 0.120790 0.037964
v -0.170033 0.122144 0.032777
v -0.177555 0.126662 0.028482
v -0.180919 0.134940 0.023413
v -0.182071 0.143346 0.018903
v -0.180822 0.144931 0.018420
v -0.177698 0.145507 0.018861
v -0.176217 0.144569 0.019718
v -0.175069 0.136758 0.024090
v -0.172611 0.130401 0.028440
v -0.167449 0.127774 0.031797
v -0.153219 0.126914 0.036539
v -0.129250 0.128538 0.042116
v -0.105027 0.131711 0.046489
v -0.080476 0.134772 0.050900
v -0.055701 0.137220 0.055660
v -0.029992 0.139455 0.060884
v -0.001580 0.140298 0.062852
v 0.026831 0.139455 0.060884
v 0.052541 0.137220 0.055660
v 0.077318 0.134770 0.050896
v 0.101867 0.131710 0.046487
v 0.126091 0.128537 0.042115
v 0.150059 0.126914 0.036539
v 0.164289 0.127774 0.031797
v -0.161620 0.214461 0.096123
v -0.163442 0.214409 0.095728
v -0.155021 0.250480 0.090529
v -0.156787 0.250616 0.090153
v 0.158611 0.214409 0.095954
v 0.160076 0.214366 0.095637
v 0.152012 0.250440 0.090365
v 0.153432 0.250549 0.090062
v -0.143429 0.329001 -0.020639
v -0.134242 0.338906 -0.020940
v -0.132602 0.339296 -0.020769
v -0.130529 0.338013 -0.020159
v -0.129842 0.334768 -0.019325
v -0.138195 0.325993 -0.019177
v -0.144680 0.313491 -0.018126
v -0.146547 0.312949 -0.018323
v -0.149385 0.314454 -0.019039
v -0.149902 0.316325 -0.019513
v 0.140176 0.328439 -0.022534
v 0.146792 0.315728 -0.021452
v 0.146276 0.313860 -0.020955
v 0.143466 0.312377 -0.020181
v 0.141597 0.312919 -0.019949
v 0.134966 0.325447 -0.020958
v 0.126535 0.334279 -0.021029
v 0.127197 0.337519 -0.021897
v 0.129254 0.338795 -0.022551
v 0.130893 0.338407 -0.022749
vt 0.640564 0.846387
vt 0.646910 0.848677
vt 0.647344 0.856348
vt 0.640662 0.854946
vt 0.667396 0.851114
vt 0.673427 0.851479
vt 0.673124 0.858934
vt 0.667000 0.858663
vt 0.789433 0.861863
vt 0.782307 0.861636
vt 0.782727 0.853478
vt 0.789898 0.853800
vt 0.774727 0.861752
vt 0.767153 0.861948
vt 0.767762 0.853966
vt 0.774961 0.853553
vt 0.759502 0.862563
vt 0.760683 0.854767
vt 0.647593 0.864874
vt 0.641295 0.863948
vt 0.672803 0.866811
vt 0.666603 0.866542
vt 0.782964 0.846030
vt 0.790329 0.846334
vt 0.768113 0.846288
vt 0.775148 0.845985
vt 0.761304 0.846645
vt 0.647527 0.873169
vt 0.641479 0.872621
vt 0.672478 0.874797
vt 0.666169 0.874524
vt 0.783105 0.838387
vt 0.790770 0.838714
vt 0.768159 0.838557
vt 0.775278 0.838325
vt 0.754987 0.838049
vt 0.761380 0.838532
vt 0.646358 0.879488
vt 0.640079 0.880550
vt 0.672261 0.880164
vt 0.665931 0.879964
vt 0.783275 0.831283
vt 0.791182 0.831609
vt 0.767626 0.831424
vt 0.775376 0.831170
vt 0.753974 0.828909
vt 0.760193 0.831216
vt 0.646965 0.885842
vt 0.640555 0.886920
vt 0.672047 0.885439
vt 0.665939 0.885320
vt 0.783552 0.825537
vt 0.791516 0.825860
vt 0.768180 0.825468
vt 0.775644 0.825295
vt 0.754796 0.823338
vt 0.761205 0.825345
vt 0.653849 0.857403
vt 0.653920 0.849694
vt 0.660790 0.850477
vt 0.660369 0.858193
vt 0.653820 0.865611
vt 0.660111 0.866173
vt 0.653537 0.873728
vt 0.659708 0.874217
vt 0.652860 0.879574
vt 0.659449 0.879902
vt 0.653274 0.885571
vt 0.659700 0.885507
vt 0.667581 0.846332
vt 0.673616 0.846832
vt 0.655031 0.844379
vt 0.661456 0.845406
vt 0.642224 0.841009
vt 0.648595 0.843058
vt 0.760845 0.866941
vt 0.754110 0.868758
vt 0.774877 0.865858
vt 0.767795 0.866171
vt 0.789208 0.865779
vt 0.781932 0.865620
vt 0.648913 0.817858
vt 0.642964 0.819911
vt 0.752004 0.893649
vt 0.758515 0.895534
vt 0.661314 0.814875
vt 0.655069 0.816245
vt 0.765248 0.896881
vt 0.772145 0.897646
vt 0.674982 0.813262
vt 0.667789 0.813592
vt 0.779420 0.897819
vt 0.787340 0.898289
vt 0.637337 0.822624
vt 0.745732 0.891382
vt 0.747871 0.872758
vt 0.749021 0.836989
vt 0.632892 0.825956
vt 0.634136 0.824764
vt 0.639310 0.830651
vt 0.639365 0.832811
vt 0.740433 0.889405
vt 0.742054 0.889912
vt 0.644611 0.834318
vt 0.644604 0.836134
vt 0.650584 0.836804
vt 0.650408 0.838358
vt 0.662348 0.839616
vt 0.662116 0.841127
vt 0.656228 0.839919
vt 0.656471 0.838425
vt 0.667868 0.840663
vt 0.667738 0.842210
vt 0.673844 0.841237
vt 0.673780 0.842793
vt 0.789015 0.869141
vt 0.788935 0.870525
vt 0.781865 0.870451
vt 0.781719 0.869026
vt 0.775093 0.870772
vt 0.775048 0.869342
vt 0.768598 0.871095
vt 0.768511 0.869700
vt 0.762351 0.871884
vt 0.762264 0.870512
vt 0.756472 0.873542
vt 0.756428 0.872125
vt 0.751321 0.876548
vt 0.751082 0.874996
vt 0.744706 0.884358
vt 0.743208 0.883877
vt 0.636706 0.837191
vt 0.631468 0.827880
vt 0.741698 0.883185
vt 0.738540 0.888862
vt 0.748098 0.885726
vt 0.760325 0.889595
vt 0.754096 0.887900
vt 0.773416 0.891076
vt 0.766798 0.890634
vt 0.787745 0.891251
vt 0.780321 0.890962
vt 0.513541 0.870426
vt 0.514608 0.861934
vt 0.521349 0.860724
vt 0.520484 0.868445
vt 0.541082 0.866792
vt 0.540924 0.859132
vt 0.547153 0.859034
vt 0.547244 0.866613
vt 0.924788 0.854895
vt 0.924521 0.863189
vt 0.917121 0.862879
vt 0.917415 0.854509
vt 0.909620 0.853800
vt 0.909166 0.862194
vt 0.901719 0.861263
vt 0.901742 0.853081
vt 0.893785 0.852039
vt 0.894418 0.860008
vt 0.886971 0.857688
vt 0.885940 0.849592
vt 0.515531 0.852682
vt 0.521833 0.852029
vt 0.540774 0.851112
vt 0.547056 0.851024
vt 0.924270 0.870999
vt 0.916715 0.870666
vt 0.908736 0.870097
vt 0.901466 0.869280
vt 0.894408 0.868459
vt 0.887306 0.867555
vt 0.515689 0.843721
vt 0.521846 0.843601
vt 0.540577 0.843051
vt 0.546960 0.842969
vt 0.924017 0.878906
vt 0.916224 0.878576
vt 0.908293 0.878046
vt 0.900990 0.877301
vt 0.893967 0.876876
vt 0.886981 0.876917
vt 0.514019 0.835639
vt 0.520722 0.837231
vt 0.540505 0.837608
vt 0.546896 0.837598
vt 0.923785 0.886229
vt 0.915850 0.885887
vt 0.907926 0.885428
vt 0.900074 0.884591
vt 0.892359 0.884325
vt 0.885201 0.885993
vt 0.515111 0.829586
vt 0.521618 0.831142
vt 0.540702 0.832338
vt 0.546834 0.832393
vt 0.923601 0.892096
vt 0.915747 0.891753
vt 0.907938 0.891366
vt 0.900445 0.890748
vt 0.893271 0.890315
vt 0.886423 0.891902
vt 0.527815 0.859930
vt 0.534293 0.859390
vt 0.534446 0.867192
vt 0.527563 0.867699
vt 0.528026 0.851576
vt 0.534283 0.851264
vt 0.527917 0.843352
vt 0.534108 0.843127
vt 0.527381 0.837513
vt 0.534031 0.837459
vt 0.528050 0.831729
vt 0.534514 0.831992
vt 0.541150 0.871821
vt 0.547304 0.871527
vt 0.528462 0.873234
vt 0.534967 0.872486
vt 0.515156 0.876037
vt 0.521852 0.874279
vt 0.895512 0.847556
vt 0.888414 0.845434
vt 0.910151 0.849495
vt 0.902788 0.848711
vt 0.924922 0.850746
vt 0.917400 0.850281
vt 0.521873 0.900903
vt 0.896558 0.817114
vt 0.889676 0.818477
vt 0.515920 0.898557
vt 0.534178 0.904349
vt 0.910575 0.816125
vt 0.903520 0.816317
vt 0.527984 0.902765
vt 0.547725 0.906363
vt 0.926020 0.816799
vt 0.917956 0.816568
vt 0.540588 0.905823
vt 0.882977 0.820309
vt 0.510347 0.895534
vt 0.505099 0.891094
vt 0.512025 0.884475
vt 0.512323 0.887333
vt 0.506840 0.892892
vt 0.878487 0.821828
vt 0.876017 0.822683
vt 0.517535 0.881473
vt 0.517834 0.884048
vt 0.523614 0.879571
vt 0.523996 0.881931
vt 0.535927 0.879689
vt 0.529997 0.880622
vt 0.529611 0.878300
vt 0.535597 0.877363
vt 0.541262 0.876523
vt 0.541444 0.878844
vt 0.547359 0.876151
vt 0.547387 0.878460
vt 0.925048 0.846844
vt 0.917538 0.846333
vt 0.917895 0.844244
vt 0.925114 0.844801
vt 0.910717 0.845483
vt 0.911017 0.843363
vt 0.903961 0.844684
vt 0.904380 0.842570
vt 0.897450 0.843549
vt 0.897964 0.841415
vt 0.891330 0.841691
vt 0.891933 0.839460
vt 0.885868 0.838488
vt 0.886832 0.836163
vt 0.878641 0.828566
vt 0.880825 0.827710
vt 0.503428 0.888685
vt 0.509267 0.879510
vt 0.882046 0.840975
vt 0.876653 0.829502
vt 0.873528 0.823524
vt 0.884868 0.826233
vt 0.897770 0.823225
vt 0.891200 0.824433
vt 0.911220 0.822784
vt 0.904455 0.822689
vt 0.925792 0.823843
vt 0.918226 0.823480
vt 0.507923 0.832967
vt 0.509525 0.826688
vt 0.506311 0.833594
vt 0.634598 0.888917
vt 0.502027 0.886304
vt 0.871328 0.824312
vt 0.870877 0.824506
vt 0.501715 0.885853
vt 0.506219 0.873953
vt 0.506699 0.874056
vt 0.508082 0.863330
vt 0.508581 0.863247
vt 0.878546 0.843705
vt 0.880209 0.855186
vt 0.878107 0.843809
vt 0.874443 0.830712
vt 0.874838 0.830482
vt 0.501274 0.824039
vt 0.507506 0.833098
vt 0.500987 0.824424
vt 0.872730 0.898987
vt 0.873072 0.899300
vt 0.510222 0.843917
vt 0.509737 0.843953
vt 0.878668 0.890266
vt 0.878232 0.890091
vt 0.880813 0.877527
vt 0.509412 0.853502
vt 0.509896 0.853440
vt 0.880768 0.866663
vt 0.626025 0.889234
vt 0.741587 0.817559
vt 0.872083 0.898467
vt 0.500439 0.824931
vt 0.506693 0.833434
vt 0.508868 0.844092
vt 0.636026 0.872288
vt 0.877450 0.889784
vt 0.747761 0.825001
vt 0.633942 0.842332
vt 0.634495 0.853213
vt 0.507236 0.863284
vt 0.505356 0.873781
vt 0.501010 0.885473
vt 0.630015 0.830082
vt 0.870240 0.824915
vt 0.736532 0.888244
vt 0.873765 0.831088
vt 0.740033 0.882233
vt 0.508537 0.853516
vt 0.635540 0.863033
vt 0.627487 0.892763
vt 0.743562 0.815131
vt 0.749206 0.819922
vt 0.503244 0.820928
vt 0.880656 0.895482
vt 0.875520 0.901396
vt 0.923422 0.897765
vt 0.915315 0.897471
vt 0.915326 0.897082
vt 0.923434 0.897375
vt 0.546775 0.827464
vt 0.541019 0.827336
vt 0.541032 0.826913
vt 0.546770 0.827042
vt 0.505319 0.818018
vt 0.877781 0.903334
vt 0.878076 0.903604
vt 0.505588 0.817689
vt 0.512276 0.821647
vt 0.512073 0.822026
vt 0.517601 0.823849
vt 0.517440 0.824248
vt 0.523439 0.825164
vt 0.523325 0.825572
vt 0.535170 0.826770
vt 0.529225 0.826266
vt 0.529304 0.825853
vt 0.535216 0.826352
vt 0.908034 0.897317
vt 0.908034 0.896930
vt 0.901120 0.897080
vt 0.901069 0.896682
vt 0.894890 0.896917
vt 0.894793 0.896528
vt 0.888738 0.898007
vt 0.888585 0.897630
vt 0.883290 0.900262
vt 0.883065 0.899924
vt 0.546763 0.826373
vt 0.541076 0.826245
vt 0.666055 0.890098
vt 0.671857 0.890142
vt 0.923374 0.899188
vt 0.783747 0.820109
vt 0.915323 0.898092
vt 0.923401 0.898387
vt 0.535296 0.825686
vt 0.660076 0.890539
vt 0.654044 0.890925
vt 0.529414 0.825194
vt 0.523586 0.824513
vt 0.648046 0.891353
vt 0.517819 0.823209
vt 0.641973 0.892193
vt 0.512558 0.821044
vt 0.636095 0.893518
vt 0.505978 0.817206
vt 0.628821 0.895785
vt 0.878494 0.904052
vt 0.745253 0.813126
vt 0.883593 0.900782
vt 0.750954 0.815606
vt 0.888972 0.898566
vt 0.756588 0.817875
vt 0.895047 0.897510
vt 0.762640 0.819430
vt 0.901197 0.897706
vt 0.768838 0.819833
vt 0.908053 0.897932
vt 0.775886 0.819841
vt 0.706606 0.849070
vt 0.705809 0.857594
vt 0.699042 0.858451
vt 0.700104 0.850838
vt 0.679468 0.851604
vt 0.679249 0.859160
vt 0.797058 0.854304
vt 0.796538 0.862455
vt 0.804055 0.863440
vt 0.804764 0.855269
vt 0.811909 0.856508
vt 0.811606 0.864501
vt 0.819111 0.865989
vt 0.818827 0.858115
vt 0.826282 0.868902
vt 0.704446 0.866515
vt 0.698097 0.866925
vt 0.679004 0.867045
vt 0.797679 0.846878
vt 0.805448 0.847731
vt 0.812444 0.848847
vt 0.819143 0.849980
vt 0.703559 0.875144
vt 0.697492 0.875195
vt 0.678789 0.875035
vt 0.798421 0.839271
vt 0.806201 0.840109
vt 0.813288 0.841167
vt 0.820000 0.841916
vt 0.704310 0.883164
vt 0.698149 0.881589
vt 0.678586 0.880477
vt 0.799073 0.832195
vt 0.806931 0.832992
vt 0.814643 0.834148
vt 0.822018 0.834786
vt 0.828448 0.833205
vt 0.703311 0.889476
vt 0.697030 0.887873
vt 0.678145 0.885814
vt 0.799464 0.826457
vt 0.807347 0.827129
vt 0.814785 0.828164
vt 0.821685 0.828832
vt 0.828266 0.827570
vt 0.692483 0.858974
vt 0.685897 0.859229
vt 0.686104 0.851505
vt 0.693054 0.851284
vt 0.691838 0.867155
vt 0.685505 0.867203
vt 0.691468 0.875263
vt 0.685254 0.875252
vt 0.691684 0.881146
vt 0.685050 0.880939
vt 0.690794 0.887092
vt 0.684348 0.886506
vt 0.679671 0.846823
vt 0.692376 0.845889
vt 0.685852 0.846398
vt 0.705387 0.843573
vt 0.698879 0.845096
vt 0.817272 0.870185
vt 0.823743 0.872760
vt 0.803435 0.867501
vt 0.810478 0.868625
vt 0.796454 0.866455
vt 0.700591 0.819960
vt 0.816294 0.898852
vt 0.822978 0.897723
vt 0.706354 0.822489
vt 0.688474 0.815979
vt 0.802510 0.899390
vt 0.809451 0.899420
vt 0.694587 0.817853
vt 0.795263 0.898730
vt 0.682123 0.814175
vt 0.829468 0.896187
vt 0.711742 0.825650
vt 0.833011 0.874961
vt 0.829472 0.877440
vt 0.968911 0.880103
vt 0.715901 0.829332
vt 0.708893 0.835638
vt 0.709124 0.833490
vt 0.714759 0.828042
vt 0.833290 0.895147
vt 0.719770 0.823148
vt 0.703410 0.838521
vt 0.703546 0.836711
vt 0.697453 0.840263
vt 0.697394 0.838701
vt 0.685433 0.840554
vt 0.691401 0.839836
vt 0.691542 0.841343
vt 0.685542 0.842079
vt 0.679850 0.842702
vt 0.679846 0.841149
vt 0.796276 0.869864
vt 0.795967 0.871263
vt 0.802866 0.870942
vt 0.802657 0.872357
vt 0.809357 0.872051
vt 0.809087 0.873427
vt 0.815449 0.873571
vt 0.815195 0.874924
vt 0.821052 0.875839
vt 0.820841 0.877242
vt 0.826027 0.879298
vt 0.825612 0.880813
vt 0.832833 0.889019
vt 0.831291 0.889326
vt 0.717165 0.831365
vt 0.711189 0.840219
vt 0.834413 0.888504
vt 0.836901 0.894506
vt 0.827764 0.890298
vt 0.815174 0.892745
vt 0.821556 0.891773
vt 0.802000 0.892719
vt 0.808625 0.893037
vt 0.795153 0.891814
vt 0.581029 0.869611
vt 0.574041 0.867799
vt 0.572989 0.860102
vt 0.579758 0.861148
vt 0.553408 0.866643
vt 0.553382 0.858981
vt 0.932171 0.854982
vt 0.931926 0.863353
vt 0.939997 0.854776
vt 0.947907 0.854564
vt 0.947402 0.862728
vt 0.939909 0.863180
vt 0.955916 0.854038
vt 0.963906 0.852102
vt 0.962354 0.860114
vt 0.954770 0.861947
vt 0.572296 0.851421
vt 0.578611 0.851922
vt 0.553339 0.850960
vt 0.931830 0.871150
vt 0.947137 0.870741
vt 0.939829 0.871091
vt 0.961382 0.869939
vt 0.954235 0.870378
vt 0.572080 0.842996
vt 0.578237 0.842968
vt 0.553343 0.842897
vt 0.931815 0.879075
vt 0.947095 0.878770
vt 0.939760 0.879051
vt 0.961100 0.879304
vt 0.954132 0.878801
vt 0.573049 0.836602
vt 0.579711 0.834850
vt 0.553285 0.837455
vt 0.931723 0.886398
vt 0.947543 0.886089
vt 0.939651 0.886443
vt 0.962280 0.888489
vt 0.955255 0.886334
vt 0.572005 0.830538
vt 0.578472 0.828828
vt 0.552962 0.832192
vt 0.931460 0.892264
vt 0.946787 0.892181
vt 0.939265 0.892376
vt 0.960663 0.894313
vt 0.953953 0.892247
vt 0.566506 0.859463
vt 0.566946 0.867223
vt 0.560053 0.866883
vt 0.560017 0.859080
vt 0.566094 0.851118
vt 0.559832 0.850956
vt 0.566005 0.842893
vt 0.559811 0.842818
vt 0.566400 0.837041
vt 0.559754 0.837150
vt 0.565591 0.831271
vt 0.559142 0.831698
vt 0.553463 0.871673
vt 0.566174 0.872779
vt 0.559660 0.872188
vt 0.579549 0.875258
vt 0.572810 0.873664
vt 0.954480 0.849455
vt 0.961702 0.847795
vt 0.939744 0.850447
vt 0.947141 0.850138
vt 0.932459 0.850765
vt 0.573438 0.900279
vt 0.579332 0.897790
vt 0.962179 0.820815
vt 0.955400 0.819012
vt 0.561220 0.904022
vt 0.567373 0.902289
vt 0.948505 0.817768
vt 0.941477 0.817121
vt 0.554847 0.905651
vt 0.934083 0.817088
vt 0.584830 0.894633
vt 0.968745 0.823074
vt 0.589969 0.890067
vt 0.588272 0.891907
vt 0.582657 0.886483
vt 0.582885 0.883618
vt 0.975535 0.825889
vt 0.973126 0.824878
vt 0.577068 0.883332
vt 0.577304 0.880751
vt 0.570855 0.881364
vt 0.571181 0.878996
vt 0.558874 0.879412
vt 0.559148 0.877079
vt 0.565155 0.877871
vt 0.564825 0.880202
vt 0.553338 0.878700
vt 0.553464 0.876376
vt 0.932354 0.844710
vt 0.932576 0.846817
vt 0.939275 0.844273
vt 0.939438 0.846407
vt 0.945951 0.843909
vt 0.946232 0.846045
vt 0.952429 0.843170
vt 0.952804 0.845331
vt 0.958574 0.841608
vt 0.959032 0.843872
vt 0.963876 0.838646
vt 0.964689 0.841028
vt 0.970414 0.830597
vt 0.972538 0.831591
vt 0.585522 0.878588
vt 0.591581 0.887618
vt 0.974462 0.832652
vt 0.968345 0.843754
vt 0.977965 0.826888
vt 0.966475 0.828863
vt 0.953795 0.825032
vt 0.960272 0.826660
vt 0.940402 0.823725
vt 0.947159 0.824067
vt 0.933365 0.823968
vt 0.585740 0.832030
vt 0.583985 0.825792
vt 0.709900 0.885887
vt 0.709068 0.891958
vt 0.592924 0.885205
vt 0.593226 0.884746
vt 0.980547 0.828037
vt 0.980109 0.827815
vt 0.587957 0.873074
vt 0.588435 0.872960
vt 0.585815 0.862315
vt 0.586316 0.862385
vt 0.971664 0.846701
vt 0.969265 0.858054
vt 0.976210 0.833746
vt 0.976590 0.834001
vt 0.592170 0.822926
vt 0.592465 0.823304
vt 0.586161 0.832150
vt 0.973487 0.902588
vt 0.973849 0.902299
vt 0.584193 0.843057
vt 0.583707 0.843032
vt 0.968504 0.893202
vt 0.968951 0.893055
vt 0.967213 0.880325
vt 0.967664 0.880394
vt 0.584263 0.852543
vt 0.584749 0.852594
vt 0.967965 0.869478
vt 0.593457 0.824057
vt 0.593022 0.823801
vt 0.974528 0.901821
vt 0.842036 0.823341
vt 0.586981 0.832466
vt 0.709016 0.875259
vt 0.585065 0.843175
vt 0.969750 0.892800
vt 0.835053 0.830032
vt 0.713526 0.845569
vt 0.589293 0.872767
vt 0.587160 0.862319
vt 0.712091 0.856369
vt 0.718434 0.833677
vt 0.593921 0.884349
vt 0.981464 0.828831
vt 0.981156 0.828486
vt 0.977243 0.834419
vt 0.977632 0.834641
vt 0.972918 0.847132
vt 0.710252 0.866072
vt 0.585624 0.852587
vt 0.715832 0.896386
vt 0.834198 0.824818
vt 0.840350 0.820703
vt 0.590117 0.819865
vt 0.970904 0.904516
vt 0.966167 0.898282
vt 0.931553 0.897614
vt 0.931537 0.898002
vt 0.552503 0.826778
vt 0.552526 0.827200
vt 0.587950 0.817016
vt 0.587669 0.816695
vt 0.968207 0.906550
vt 0.968518 0.906300
vt 0.581316 0.821203
vt 0.581102 0.820831
vt 0.576028 0.823539
vt 0.575858 0.823144
vt 0.570193 0.824991
vt 0.570075 0.824585
vt 0.558357 0.826505
vt 0.558304 0.826089
vt 0.564241 0.825394
vt 0.564313 0.825809
vt 0.938871 0.897959
vt 0.938846 0.898350
vt 0.945543 0.898389
vt 0.945481 0.898779
vt 0.951888 0.898604
vt 0.951766 0.898987
vt 0.958045 0.899995
vt 0.957868 0.900362
vt 0.963457 0.902559
vt 0.963211 0.902883
vt 0.677645 0.890568
vt 0.552445 0.826111
vt 0.931486 0.898620
vt 0.799904 0.821044
vt 0.683570 0.891491
vt 0.558215 0.825424
vt 0.689616 0.892381
vt 0.564140 0.824734
vt 0.695523 0.893292
vt 0.569919 0.823940
vt 0.701474 0.894627
vt 0.575626 0.822511
vt 0.707190 0.896417
vt 0.580803 0.820237
vt 0.714248 0.899284
vt 0.587264 0.816224
vt 0.838899 0.818518
vt 0.967762 0.906970
vt 0.832950 0.820329
vt 0.962875 0.903384
vt 0.827058 0.821841
vt 0.957608 0.900908
vt 0.820835 0.822549
vt 0.951586 0.899568
vt 0.814558 0.822137
vt 0.945379 0.899385
vt 0.807758 0.821691
vt 0.938771 0.898967
vt 0.938669 0.899733
vt 0.931070 0.899389
vt 0.945243 0.900175
vt 0.951351 0.900342
vt 0.957241 0.901623
vt 0.962451 0.904066
vt 0.967233 0.907583
vt 0.586718 0.815554
vt 0.580442 0.819453
vt 0.575362 0.821692
vt 0.569749 0.823101
vt 0.564024 0.823885
vt 0.558110 0.824574
vt 0.552329 0.825257
vt 0.791806 0.820882
vt 0.546753 0.825510
vt 0.908071 0.898700
vt 0.915684 0.898887
vt 0.901248 0.898498
vt 0.895238 0.898293
vt 0.889301 0.899302
vt 0.883981 0.901485
vt 0.878982 0.904698
vt 0.506503 0.816521
vt 0.512896 0.820250
vt 0.518062 0.822384
vt 0.523739 0.823671
vt 0.529519 0.824344
vt 0.535385 0.824833
vt 0.541173 0.825389
vt 0.876920 0.844190
vt 0.877290 0.844015
vt 0.752032 0.864634
vt 0.746630 0.858680
vt 0.752608 0.856531
vt 0.747984 0.847470
vt 0.753581 0.847137
vt 0.879751 0.855139
vt 0.880326 0.866605
vt 0.878888 0.855177
vt 0.880357 0.877565
vt 0.879536 0.877409
vt 0.879452 0.866540
vt 0.968524 0.880265
vt 0.826634 0.860790
vt 0.826745 0.851354
vt 0.832363 0.863631
vt 0.826394 0.842169
vt 0.832309 0.852337
vt 0.972095 0.846832
vt 0.970637 0.858136
vt 0.969726 0.858037
vt 0.969338 0.869442
vt 0.968410 0.869450
vt 0.499868 0.817641
vt 0.875283 0.906163
vt 0.875594 0.906409
vt 0.876037 0.906794
vt 0.742235 0.811050
vt 0.876611 0.907351
vt 0.740332 0.813161
vt 0.869025 0.901105
vt 0.869283 0.901473
vt 0.869772 0.902049
vt 0.870111 0.902355
vt 0.593049 0.816831
vt 0.976564 0.906197
vt 0.976920 0.905908
vt 0.977432 0.905358
vt 0.846060 0.821658
vt 0.844175 0.818933
vt 0.969669 0.910704
vt 0.842503 0.816609
vt 0.970283 0.910193
vt 0.970755 0.909848
vt 0.971086 0.909627
vt 0.977708 0.905000
vt 0.717583 0.892991
vt 0.738170 0.815647
vt 0.500010 0.825195
vt 0.969677 0.869457
vt 0.832460 0.841823
vt 0.970954 0.858293
vt 0.973260 0.847289
vt 0.879122 0.877201
vt 0.879031 0.866531
vt 0.878483 0.855346
vt 0.744652 0.869899
vt 0.869911 0.825239
vt 0.873362 0.831285
vt 0.838967 0.894121
vt 0.836176 0.887749
vt 0.586098 0.852530
vt 0.587617 0.862172
vt 0.585535 0.843281
vt 0.594440 0.884308
vt 0.589754 0.872648
vt 0.970165 0.892664
vt 0.974911 0.901594
vt 0.587366 0.832617
vt 0.508061 0.853471
vt 0.506776 0.863148
vt 0.508400 0.844209
vt 0.500490 0.885445
vt 0.504893 0.873674
vt 0.877045 0.889620
vt 0.871715 0.898217
vt 0.634275 0.882801
vt 0.590734 0.814129
vt 0.973761 0.907906
vt 0.590437 0.813815
vt 0.589983 0.813375
vt 0.717321 0.901674
vt 0.589329 0.812812
vt 0.718906 0.898990
vt 0.596598 0.821234
vt 0.720716 0.895813
vt 0.596205 0.820941
vt 0.595603 0.820365
vt 0.595282 0.819950
vt 0.497732 0.820782
vt 0.872760 0.904256
vt 0.497423 0.821204
vt 0.496839 0.821805
vt 0.622281 0.892086
vt 0.496458 0.822111
vt 0.623821 0.895374
vt 0.503472 0.813559
vt 0.625175 0.898153
vt 0.502830 0.814137
vt 0.502382 0.814586
vt 0.502091 0.814905
vt 0.718486 0.821818
vt 0.834958 0.894829
vt 0.715119 0.819354
vt 0.709117 0.815976
vt 0.702811 0.813132
vt 0.696333 0.810607
vt 0.689762 0.808333
vt 0.682926 0.806220
vt 0.675308 0.805242
vt 0.667636 0.805598
vt 0.660650 0.807149
vt 0.653917 0.808881
vt 0.647256 0.810872
vt 0.640739 0.813195
vt 0.634482 0.816075
vt 0.630927 0.818258
vt 0.629539 0.819479
vt 0.627975 0.821046
vt 0.496098 0.892232
vt 0.626285 0.822754
vt 0.496544 0.892431
vt 0.497188 0.892922
vt 0.497550 0.893323
vt 0.499204 0.895310
vt 0.501131 0.897392
vt 0.503178 0.899191
vt 0.507205 0.901871
vt 0.513454 0.905082
vt 0.519980 0.907738
vt 0.526597 0.909984
vt 0.533276 0.911940
vt 0.540197 0.913695
vt 0.547821 0.914270
vt 0.555429 0.913511
vt 0.562306 0.911588
vt 0.568936 0.909472
vt 0.575496 0.907066
vt 0.581956 0.904253
vt 0.588125 0.900892
vt 0.592086 0.898115
vt 0.594089 0.896267
vt 0.595965 0.894139
vt 0.597570 0.892112
vt 0.597922 0.891703
vt 0.598554 0.891196
vt 0.722747 0.826677
vt 0.598995 0.890987
vt 0.721201 0.824837
vn 0.530317 0.289284 0.796918
vn 0.450010 0.268691 0.851643
vn 0.434537 0.198122 0.878593
vn 0.472532 0.224150 0.852332
vn 0.165493 0.339013 0.926111
vn -0.000000 0.347311 0.937750
vn -0.000000 0.221918 0.975065
vn 0.160235 0.222704 0.961628
vn -0.000000 -0.030954 -0.999521
vn 0.162431 -0.034497 -0.986117
vn 0.167203 -0.208413 -0.963643
vn 0.000000 -0.209243 -0.977864
vn 0.310880 -0.042822 -0.949484
vn 0.497981 -0.068554 -0.864474
vn 0.502094 -0.201747 -0.840952
vn 0.316808 -0.204594 -0.926161
vn 0.764642 -0.151133 -0.626483
vn 0.848543 -0.194945 -0.491905
vn 0.847044 -0.192174 -0.495566
vn 0.761386 -0.203985 -0.615370
vn 0.419376 0.055110 0.906138
vn 0.433526 0.058602 0.899234
vn 0.000000 0.065316 0.997865
vn 0.145055 0.067242 0.987136
vn 0.162283 -0.483576 -0.860127
vn 0.000000 -0.489859 -0.871802
vn 0.486981 -0.439007 -0.755064
vn 0.305840 -0.469146 -0.828471
vn 0.822193 -0.302033 -0.482467
vn 0.743104 -0.362005 -0.562804
vn 0.419334 -0.101797 0.902107
vn 0.437430 -0.150978 0.886488
vn -0.000000 -0.053994 0.998541
vn 0.136010 -0.056427 0.989099
vn 0.144755 -0.676706 -0.721883
vn -0.000000 -0.683684 -0.729778
vn 0.436868 -0.622749 -0.649099
vn 0.273950 -0.660823 -0.698760
vn 0.786266 -0.426966 -0.446638
vn 0.679300 -0.515037 -0.522769
vn 0.453517 -0.169118 0.875055
vn 0.483822 -0.219846 0.847104
vn -0.000000 -0.132331 0.991206
vn 0.134787 -0.136409 0.981440
vn 0.120987 -0.801707 -0.585344
vn -0.000000 -0.808178 -0.588939
vn 0.378819 -0.737786 -0.558720
vn 0.231544 -0.783307 -0.576904
vn 0.744393 -0.531745 -0.403888
vn 0.616979 -0.617761 -0.487553
vn 0.437295 -0.182398 0.880627
vn 0.549796 -0.236525 0.801112
vn -0.000000 -0.106787 0.994282
vn 0.142270 -0.115139 0.983108
vn 0.097963 -0.866478 -0.489509
vn -0.000000 -0.870634 -0.491932
vn 0.289629 -0.814663 -0.502433
vn 0.180088 -0.852105 -0.491412
vn 0.660205 -0.659823 -0.358837
vn 0.473130 -0.743980 -0.471850
vn 0.305389 0.224243 0.925447
vn 0.309902 0.310028 0.898801
vn 0.255548 0.324878 0.910576
vn 0.251888 0.225366 0.941150
vn 0.292455 0.072452 0.953531
vn 0.234386 0.071077 0.969542
vn 0.281398 -0.073086 0.956804
vn 0.220730 -0.062822 0.973310
vn 0.285509 -0.153252 0.946043
vn 0.216971 -0.143091 0.965634
vn 0.292578 -0.149365 0.944504
vn 0.223872 -0.127484 0.966245
vn 0.146828 0.523253 0.839433
vn -0.000000 0.544757 0.838594
vn 0.293241 0.457846 0.839278
vn 0.231622 0.485985 0.842716
vn 0.564389 0.407771 0.717766
vn 0.420030 0.430752 0.798766
vn 0.671165 -0.034792 -0.740491
vn 0.836592 -0.159284 -0.524158
vn 0.284847 0.132838 -0.949324
vn 0.447197 0.080132 -0.890839
vn -0.000000 0.158492 -0.987360
vn 0.150858 0.151947 -0.976808
vn -0.065960 0.971495 -0.227699
vn -0.042188 0.975272 -0.216943
vn -0.046889 0.969459 -0.240728
vn -0.079892 0.966762 -0.242876
vn -0.052887 0.971091 -0.232778
vn -0.060510 0.970493 -0.233413
vn -0.063841 0.969115 -0.238203
vn -0.044162 0.971549 -0.232683
vn 0.000000 0.973697 -0.227846
vn -0.032105 0.972799 -0.229415
vn -0.024757 0.973306 -0.228173
vn -0.000000 0.974042 -0.226368
vn 0.029131 0.978558 -0.203901
vn 0.042167 0.973163 -0.226220
vn 0.935374 -0.094027 -0.340932
vn 0.889214 -0.129212 -0.438866
vn 0.742094 0.630370 0.227881
vn 0.296444 0.949593 -0.101957
vn 0.113723 0.987463 -0.109471
vn 0.640681 0.620058 0.452831
vn 0.759379 0.650595 0.008383
vn 0.246789 0.952551 -0.178163
vn 0.006736 0.988995 -0.147793
vn 0.501595 0.642340 0.579484
vn -0.034365 0.983608 -0.177016
vn 0.359973 0.671478 0.647717
vn -0.047365 0.978185 -0.202265
vn 0.174868 0.731377 0.659172
vn 0.242270 0.699415 0.672401
vn -0.045277 0.979732 -0.195129
vn -0.029446 0.978862 -0.202392
vn 0.104815 0.764503 0.636042
vn 0.000000 0.979338 -0.202231
vn -0.000000 0.781950 0.623341
vn -0.000000 0.455176 -0.890402
vn -0.000000 0.965849 -0.259107
vn -0.009549 0.965469 -0.260345
vn 0.122026 0.454705 -0.882243
vn -0.015344 0.964401 -0.264000
vn 0.224179 0.442924 -0.868079
vn -0.015121 0.960761 -0.276964
vn 0.351883 0.387484 -0.852076
vn -0.004664 0.954438 -0.298372
vn 0.544053 0.284779 -0.789245
vn 0.041413 0.946534 -0.319935
vn 0.744574 0.168342 -0.645965
vn 0.175054 0.931655 -0.318396
vn 0.887225 0.165282 -0.430712
vn 0.398029 0.881405 -0.254359
vn 0.907238 0.360341 -0.216963
vn 0.710563 0.417646 0.566279
vn 0.840135 0.415214 0.348958
vn 0.982944 0.101421 -0.153411
vn 0.939754 0.317487 0.126746
vn 0.042974 0.965421 -0.257129
vn -0.047813 0.965149 -0.257296
vn -0.025212 0.963656 -0.265955
vn -0.029625 0.972044 -0.232922
vn -0.039997 0.969180 -0.243085
vn -0.000000 0.974312 -0.225205
vn -0.017678 0.973679 -0.227239
vn -0.550669 -0.331802 -0.765944
vn -0.474210 -0.232171 -0.849248
vn -0.341263 -0.232998 -0.910632
vn -0.383021 -0.322261 -0.865704
vn -0.163993 -0.341001 -0.925648
vn -0.159104 -0.222429 -0.961879
vn 0.000000 -0.221807 -0.975091
vn -0.000000 -0.349280 -0.937018
vn 0.000000 0.030671 0.999530
vn 0.000000 0.211407 0.977398
vn -0.167010 0.210514 0.963220
vn -0.162128 0.034206 0.986177
vn -0.311607 0.042748 0.949249
vn -0.317801 0.206580 0.925380
vn -0.502898 0.203236 0.840112
vn -0.498898 0.068570 0.863944
vn -0.688089 0.091777 0.719799
vn -0.672926 0.199251 0.712369
vn -0.835132 0.182829 0.518777
vn -0.868275 0.112248 0.483218
vn -0.423520 -0.049193 -0.904550
vn -0.315674 -0.073434 -0.946022
vn -0.144338 -0.067627 -0.987215
vn -0.000000 -0.065853 -0.997829
vn 0.000000 0.488740 0.872430
vn -0.162086 0.482538 0.860747
vn -0.306765 0.468096 0.828723
vn -0.487403 0.438278 0.755216
vn -0.647201 0.393435 0.652948
vn -0.804921 0.334180 0.490332
vn -0.433545 0.153442 -0.887972
vn -0.314189 0.097939 -0.944295
vn -0.135407 0.055875 -0.989213
vn -0.000000 0.053487 -0.998569
vn 0.000000 0.682798 0.730607
vn -0.144662 0.675848 0.722704
vn -0.274941 0.659717 0.699415
vn -0.437963 0.621593 0.649469
vn -0.592672 0.562190 0.576786
vn -0.767209 0.473622 0.432518
vn -0.510413 0.256132 -0.820899
vn -0.349335 0.196268 -0.916212
vn -0.134078 0.136047 -0.981588
vn -0.000000 0.132021 -0.991247
vn 0.000000 0.807423 0.589974
vn -0.120986 0.800961 0.586365
vn -0.232516 0.782268 0.577922
vn -0.380772 0.736411 0.559206
vn -0.545895 0.667096 0.506933
vn -0.754583 0.550637 0.356936
vn -0.528487 0.296378 -0.795526
vn -0.397415 0.209371 -0.893434
vn -0.140804 0.116582 -0.983149
vn 0.000000 0.108634 -0.994082
vn -0.000000 0.866627 0.498957
vn -0.096713 0.861317 0.498777
vn -0.186174 0.845978 0.499660
vn -0.294172 0.811231 0.505339
vn -0.459949 0.752651 0.471130
vn -0.642750 0.684183 0.344626
vn -0.305545 -0.223611 -0.925549
vn -0.251460 -0.224882 -0.941380
vn -0.254884 -0.326606 -0.910144
vn -0.310194 -0.311659 -0.898136
vn -0.292674 -0.072390 -0.953468
vn -0.234204 -0.071235 -0.969574
vn -0.281711 0.072549 -0.956753
vn -0.220698 0.062280 -0.973352
vn -0.286036 0.153280 -0.945880
vn -0.216976 0.142833 -0.965671
vn -0.293409 0.150415 -0.944080
vn -0.223398 0.128531 -0.966216
vn -0.144301 -0.533485 -0.833409
vn 0.000000 -0.553704 -0.832713
vn -0.292258 -0.469219 -0.833318
vn -0.229481 -0.497529 -0.836542
vn -0.555047 -0.455941 -0.695730
vn -0.402615 -0.459624 -0.791610
vn -0.646324 -0.015190 0.762912
vn -0.826873 0.043002 0.560743
vn -0.283565 -0.144675 0.947977
vn -0.445485 -0.091481 0.890604
vn 0.000000 -0.170456 0.985365
vn -0.149670 -0.164073 0.975028
vn 0.064596 -0.972348 0.224427
vn 0.080963 -0.966667 0.242899
vn 0.045978 -0.969618 0.240265
vn 0.039536 -0.976382 0.212403
vn 0.052582 -0.971543 0.230952
vn 0.044200 -0.971545 0.232695
vn 0.063945 -0.969099 0.238240
vn 0.059582 -0.971109 0.231081
vn 0.000000 -0.974021 0.226458
vn -0.000000 -0.974043 0.226362
vn 0.024774 -0.973305 0.228174
vn 0.032007 -0.973153 0.227924
vn -0.056031 -0.973049 0.223688
vn -0.039222 -0.979316 0.198501
vn -0.730712 -0.648996 -0.211811
vn -0.628902 -0.648063 -0.429530
vn -0.155990 -0.984970 0.074176
vn -0.341700 -0.936471 0.079146
vn -0.299643 -0.939660 0.165085
vn -0.760789 -0.648954 -0.007681
vn -0.490191 -0.671585 -0.555596
vn -0.029860 -0.992587 0.117814
vn -0.350048 -0.701768 -0.620475
vn 0.020532 -0.988359 0.150748
vn 0.043103 -0.981958 0.184119
vn 0.037606 -0.984197 0.173041
vn -0.233558 -0.729553 -0.642808
vn -0.166640 -0.758533 -0.629967
vn -0.098952 -0.785464 -0.610946
vn 0.027385 -0.982125 0.186227
vn 0.000000 -0.799856 -0.600192
vn 0.000000 -0.982374 0.186924
vn 0.000000 -0.480877 0.876788
vn -0.118031 -0.480615 0.868952
vn 0.006343 -0.960525 0.278121
vn 0.000000 -0.960851 0.277067
vn -0.218032 -0.469822 0.855412
vn 0.009048 -0.959458 0.281708
vn -0.343043 -0.418125 0.841126
vn 0.003121 -0.954733 0.297447
vn -0.529887 -0.325898 0.782950
vn -0.018299 -0.946155 0.323197
vn -0.728052 -0.224214 0.647818
vn -0.081645 -0.934009 0.347794
vn -0.870058 -0.236547 0.432486
vn -0.246316 -0.907669 0.339802
vn -0.887844 -0.406719 0.215205
vn -0.450901 -0.855939 0.253095
vn -0.840232 -0.420005 -0.342936
vn -0.718221 -0.438658 -0.540127
vn -0.942049 0.006626 0.335410
vn -0.980815 -0.122300 0.151804
vn -0.937588 -0.324948 -0.123846
vn -0.058145 -0.963721 0.260503
vn 0.043760 -0.964472 0.260537
vn 0.018479 -0.962488 0.270695
vn 0.028745 -0.971684 0.234529
vn 0.037677 -0.968785 0.245022
vn 0.000000 -0.973937 0.226817
vn 0.017352 -0.973309 0.228842
vn -0.682620 0.262071 -0.682165
vn -0.648645 0.379833 -0.659535
vn 0.516202 -0.279876 0.809447
vn 0.639775 -0.356260 0.681005
vn -0.878763 -0.242684 -0.410950
vn -0.979610 -0.083705 -0.182643
vn -0.435934 0.862334 -0.257569
vn -0.615583 0.776660 -0.133627
vn -0.816279 0.571838 0.081787
vn -0.725690 -0.297896 -0.620188
vn -0.934085 0.309723 0.177644
vn -0.649834 -0.204750 -0.731979
vn -0.953818 0.132249 0.269705
vn -0.938826 0.169982 0.299521
vn -0.617302 0.186145 -0.764387
vn -0.483411 0.620385 -0.617606
vn -0.448951 0.804186 -0.389523
vn -0.995076 0.055347 0.082226
vn -0.815602 0.306260 -0.490917
vn -0.905311 -0.362393 0.221548
vn -0.782289 -0.612422 0.113856
vn -0.734421 -0.641865 0.220536
vn -0.920406 0.372727 -0.118016
vn -0.608558 0.195330 -0.769092
vn -0.966180 0.072146 0.247572
vn -0.872382 0.448615 0.194149
vn -0.935170 0.354165 -0.004946
vn -0.745794 -0.665974 0.016406
vn -0.773362 -0.553508 -0.309097
vn -0.744474 -0.344112 -0.572141
vn -0.892761 0.370651 0.256115
vn -0.958082 0.239497 0.157226
vn -0.598952 -0.008621 -0.800739
vn -0.921294 0.264383 0.285165
vn -0.697840 -0.107598 -0.708126
vn 0.721219 -0.432912 0.540769
vn 0.831751 -0.531066 0.161737
vn -0.251088 -0.922320 0.293737
vn -0.418484 -0.828914 0.371178
vn -0.592076 -0.540138 0.598078
vn -0.720680 -0.040153 0.692104
vn 0.293262 -0.188227 0.937320
vn -0.277503 -0.867307 -0.413244
vn -0.246333 -0.969062 0.015458
vn 0.875459 -0.483238 0.007271
vn 0.789536 -0.533767 -0.302862
vn 0.733217 -0.476595 -0.485026
vn -0.286717 -0.582145 -0.760855
vn 0.582868 0.371949 0.722439
vn 0.380021 0.311914 0.870801
vn -0.639192 0.466849 0.611134
vn -0.398219 0.805991 0.437949
vn -0.126895 0.987321 0.095370
vn 0.824411 0.398174 0.402248
vn 0.117849 0.979165 -0.165374
vn 0.928620 0.350855 0.120690
vn 0.110930 0.873854 -0.473365
vn 0.048017 0.597805 -0.800202
vn 0.980326 0.101049 -0.169558
vn -0.710205 0.270345 0.650017
vn 0.293038 0.105389 0.950275
vn 0.725333 -0.478439 0.494963
vn 0.838592 -0.544030 0.028192
vn 0.794111 -0.586621 -0.158947
vn 0.810693 -0.554735 0.187205
vn -0.728969 0.476468 -0.491511
vn -0.791110 0.593677 0.147286
vn -0.839470 0.542607 -0.029465
vn -0.811805 0.551073 -0.193110
vn 0.000000 0.710705 -0.703490
vn 0.136014 0.716725 -0.683963
vn -0.083366 0.890760 0.446763
vn -0.000000 0.894877 0.446314
vn 0.000000 0.110847 -0.993837
vn -0.142626 0.126247 -0.981692
vn 0.100703 0.978515 -0.179911
vn -0.000000 0.985842 -0.167675
vn -0.610341 0.624439 -0.487400
vn -0.669186 0.699398 -0.251062
vn 0.271534 0.933366 -0.234729
vn 0.235546 0.950000 -0.204985
vn 0.242740 0.955744 -0.166225
vn -0.552103 0.522896 -0.649432
vn 0.194617 0.963960 -0.181398
vn -0.495977 0.387958 -0.776850
vn 0.159760 0.965944 -0.203540
vn -0.399315 0.267847 -0.876815
vn -0.219221 0.154898 -0.963301
vn -0.285916 0.188707 -0.939490
vn 0.151986 0.966944 -0.204741
vn 0.153766 0.970686 -0.184732
vn 0.197347 0.743029 -0.639501
vn -0.154911 0.883198 0.442677
vn 0.235508 0.799122 -0.553119
vn -0.230646 0.860807 0.453667
vn 0.269894 0.891830 -0.363039
vn -0.378856 0.819446 0.430089
vn 0.234817 0.938534 -0.253011
vn -0.542937 0.781861 0.306454
vn 0.191075 0.948063 -0.254296
vn -0.652808 0.746971 0.125997
vn 0.171667 0.949512 -0.262598
vn -0.701922 0.710097 -0.055391
vn -0.000000 0.829397 0.558660
vn 0.205312 0.819140 0.535590
vn 0.165895 0.022405 0.985889
vn 0.000000 0.041124 0.999154
vn -0.000000 -0.832441 -0.554113
vn 0.108448 -0.823410 -0.556988
vn 0.196410 0.266733 -0.943545
vn -0.000000 0.194709 -0.980861
vn 0.307509 0.805450 0.506644
vn 0.253238 -0.005603 0.967388
vn 0.321607 -0.046291 0.945741
vn 0.360451 0.803576 0.473647
vn 0.471903 0.770966 0.427689
vn 0.445068 -0.132332 0.885665
vn 0.600867 0.706948 0.373073
vn 0.558615 -0.256209 0.788864
vn 0.713852 0.629266 0.307309
vn 0.641137 -0.379383 0.667092
vn 0.798258 0.583374 0.149864
vn 0.728984 -0.475891 0.492047
vn 0.859309 0.507702 -0.061863
vn 0.831017 -0.514199 0.212156
vn 0.800790 0.539126 -0.260919
vn 0.762659 0.508886 -0.399232
vn 0.752414 -0.630652 -0.190136
vn 0.818565 -0.574414 0.000728
vn 0.716750 0.448196 -0.534219
vn 0.616880 -0.695831 -0.367802
vn 0.572661 0.339530 -0.746176
vn 0.427366 -0.751056 -0.503263
vn 0.379090 0.241044 -0.893414
vn 0.261770 -0.797325 -0.543829
vn 0.286164 0.277833 -0.917016
vn 0.180568 -0.815952 -0.549198
vn -0.530503 0.289337 0.796775
vn -0.472672 0.224030 0.852286
vn -0.434770 0.197969 0.878512
vn -0.450377 0.268700 0.851446
vn -0.165493 0.339013 0.926111
vn -0.160235 0.222704 0.961628
vn -0.167203 -0.208413 -0.963643
vn -0.162431 -0.034497 -0.986117
vn -0.311527 -0.042850 -0.949271
vn -0.317404 -0.204575 -0.925961
vn -0.502278 -0.201784 -0.840833
vn -0.498308 -0.068562 -0.864285
vn -0.765292 -0.151243 -0.625663
vn -0.761977 -0.204088 -0.614605
vn -0.847090 -0.192206 -0.495475
vn -0.848765 -0.194620 -0.491652
vn -0.433635 0.058553 0.899184
vn -0.419539 0.055049 0.906067
vn -0.145055 0.067242 0.987136
vn -0.162283 -0.483576 -0.860127
vn -0.306390 -0.469072 -0.828310
vn -0.487182 -0.438957 -0.754964
vn -0.743721 -0.361750 -0.562153
vn -0.822277 -0.301979 -0.482358
vn -0.437584 -0.150923 0.886421
vn -0.419567 -0.101773 0.902001
vn -0.136010 -0.056427 0.989099
vn -0.144755 -0.676706 -0.721883
vn -0.274439 -0.660707 -0.698677
vn -0.437053 -0.622590 -0.649127
vn -0.680038 -0.514499 -0.522341
vn -0.786654 -0.426692 -0.446217
vn -0.484015 -0.219903 0.846978
vn -0.453941 -0.169151 0.874829
vn -0.134787 -0.136409 0.981440
vn -0.120987 -0.801707 -0.585344
vn -0.231936 -0.783171 -0.576931
vn -0.379017 -0.737601 -0.558830
vn -0.617791 -0.617183 -0.487257
vn -0.745029 -0.531194 -0.403442
vn -0.547324 -0.239562 0.801902
vn -0.433794 -0.189573 0.880843
vn -0.142270 -0.115139 0.983108
vn -0.097963 -0.866478 -0.489510
vn -0.178726 -0.850613 -0.494484
vn -0.289958 -0.811381 -0.507529
vn -0.474614 -0.741952 -0.473549
vn -0.660711 -0.659433 -0.358623
vn -0.305388 0.224221 0.925453
vn -0.251933 0.225409 0.941127
vn -0.255651 0.324907 0.910537
vn -0.310019 0.310123 0.898728
vn -0.292430 0.072420 0.953541
vn -0.234423 0.071078 0.969533
vn -0.281407 -0.073123 0.956799
vn -0.220807 -0.062890 0.973288
vn -0.285617 -0.153286 0.946006
vn -0.217141 -0.143142 0.965588
vn -0.292311 -0.158142 0.943157
vn -0.226473 -0.131738 0.965067
vn -0.146828 0.523253 0.839433
vn -0.293384 0.458000 0.839144
vn -0.231842 0.485934 0.842685
vn -0.564577 0.407862 0.717566
vn -0.420367 0.430879 0.798521
vn -0.671802 -0.035204 -0.739894
vn -0.836888 -0.159148 -0.523728
vn -0.285501 0.132487 -0.949177
vn -0.447574 0.079526 -0.890704
vn -0.150858 0.151947 -0.976808
vn 0.065920 0.971489 -0.227737
vn 0.079876 0.966764 -0.242872
vn 0.046876 0.969461 -0.240725
vn 0.042146 0.975269 -0.216966
vn 0.052953 0.971084 -0.232791
vn 0.044183 0.971548 -0.232685
vn 0.063856 0.969114 -0.238203
vn 0.060574 0.970480 -0.233450
vn 0.024757 0.973306 -0.228173
vn 0.032105 0.972799 -0.229415
vn -0.042174 0.973163 -0.226219
vn -0.029160 0.978555 -0.203910
vn -0.891285 -0.130941 -0.434127
vn -0.935445 -0.093847 -0.340786
vn -0.742096 0.630367 0.227882
vn -0.640745 0.620107 0.452673
vn -0.113781 0.987455 -0.109482
vn -0.296444 0.949593 -0.101957
vn -0.246789 0.952551 -0.178163
vn -0.759381 0.650592 0.008384
vn -0.501719 0.642521 0.579176
vn -0.006757 0.988982 -0.147879
vn -0.360238 0.671767 0.647270
vn 0.034362 0.983582 -0.177162
vn 0.047414 0.978191 -0.202225
vn 0.045406 0.979705 -0.195237
vn -0.242422 0.699658 0.672094
vn -0.175130 0.731246 0.659249
vn -0.104815 0.764503 0.636042
vn 0.029446 0.978862 -0.202392
vn -0.122026 0.454705 -0.882243
vn 0.009549 0.965469 -0.260345
vn -0.224728 0.442274 -0.868269
vn 0.015373 0.964376 -0.264088
vn -0.352464 0.386389 -0.852334
vn 0.015184 0.960740 -0.277035
vn -0.544816 0.283943 -0.789020
vn 0.004613 0.954440 -0.298366
vn -0.744902 0.168235 -0.645614
vn -0.041449 0.946546 -0.319894
vn -0.887312 0.165438 -0.430475
vn -0.175114 0.931657 -0.318357
vn -0.907238 0.360342 -0.216963
vn -0.398026 0.881406 -0.254358
vn -0.840134 0.415215 0.348957
vn -0.710677 0.417664 0.566123
vn -0.982939 0.101329 -0.153502
vn -0.939754 0.317488 0.126747
vn -0.043000 0.965424 -0.257112
vn 0.047795 0.965162 -0.257252
vn 0.025185 0.963665 -0.265924
vn 0.029695 0.972043 -0.232918
vn 0.040052 0.969187 -0.243048
vn 0.017678 0.973679 -0.227239
vn 0.550650 -0.331851 -0.765937
vn 0.383001 -0.322350 -0.865680
vn 0.341264 -0.232998 -0.910632
vn 0.474209 -0.232172 -0.849248
vn 0.163993 -0.341001 -0.925648
vn 0.159104 -0.222429 -0.961879
vn 0.162128 0.034206 0.986177
vn 0.167010 0.210514 0.963219
vn 0.311634 0.042684 0.949243
vn 0.498931 0.068381 0.863940
vn 0.502898 0.203236 0.840112
vn 0.317801 0.206580 0.925380
vn 0.688063 0.091579 0.719849
vn 0.868262 0.112157 0.483263
vn 0.835132 0.182830 0.518776
vn 0.672925 0.199251 0.712370
vn 0.315675 -0.073434 -0.946022
vn 0.423520 -0.049194 -0.904550
vn 0.144338 -0.067627 -0.987215
vn 0.162086 0.482538 0.860747
vn 0.487402 0.438278 0.755216
vn 0.306765 0.468096 0.828723
vn 0.804921 0.334181 0.490331
vn 0.647200 0.393435 0.652948
vn 0.314189 0.097939 -0.944295
vn 0.433545 0.153442 -0.887972
vn 0.135407 0.055875 -0.989213
vn 0.144662 0.675848 0.722705
vn 0.437963 0.621594 0.649469
vn 0.274940 0.659717 0.699415
vn 0.767209 0.473622 0.432518
vn 0.592672 0.562191 0.576786
vn 0.349336 0.196268 -0.916212
vn 0.510414 0.256132 -0.820899
vn 0.134078 0.136047 -0.981588
vn 0.120986 0.800961 0.586365
vn 0.380772 0.736411 0.559206
vn 0.232516 0.782268 0.577922
vn 0.754583 0.550637 0.356936
vn 0.545895 0.667096 0.506933
vn 0.393270 0.216082 -0.893671
vn 0.525639 0.299121 -0.796386
vn 0.140804 0.116582 -0.983149
vn 0.096713 0.861318 0.498777
vn 0.293842 0.809727 0.507936
vn 0.185192 0.845158 0.501411
vn 0.641896 0.684813 0.344964
vn 0.459116 0.752651 0.471942
vn 0.305545 -0.223611 -0.925549
vn 0.310219 -0.311735 -0.898101
vn 0.254905 -0.326628 -0.910131
vn 0.251460 -0.224882 -0.941380
vn 0.292674 -0.072390 -0.953468
vn 0.234204 -0.071235 -0.969574
vn 0.281710 0.072549 -0.956753
vn 0.220698 0.062280 -0.973352
vn 0.286036 0.153280 -0.945880
vn 0.216976 0.142833 -0.965671
vn 0.293022 0.158958 -0.942799
vn 0.225849 0.132647 -0.965089
vn 0.144301 -0.533485 -0.833409
vn 0.292247 -0.469237 -0.833312
vn 0.229526 -0.497533 -0.836528
vn 0.554978 -0.455952 -0.695778
vn 0.402523 -0.459633 -0.791652
vn 0.646225 -0.015231 0.762995
vn 0.826817 0.042988 0.560826
vn 0.283652 -0.144697 0.947947
vn 0.445491 -0.091530 0.890596
vn 0.149669 -0.164073 0.975028
vn -0.064596 -0.972348 0.224427
vn -0.039536 -0.976382 0.212404
vn -0.045978 -0.969618 0.240265
vn -0.080962 -0.966667 0.242898
vn -0.052582 -0.971543 0.230952
vn -0.059582 -0.971109 0.231081
vn -0.063945 -0.969099 0.238240
vn -0.044200 -0.971545 0.232695
vn -0.032007 -0.973153 0.227924
vn -0.024774 -0.973305 0.228174
vn 0.039221 -0.979316 0.198502
vn 0.056030 -0.973049 0.223688
vn 0.730712 -0.648996 -0.211811
vn 0.341699 -0.936471 0.079145
vn 0.155990 -0.984970 0.074177
vn 0.628898 -0.648048 -0.429559
vn 0.760790 -0.648953 -0.007682
vn 0.299643 -0.939660 0.165085
vn 0.029860 -0.992587 0.117814
vn 0.490190 -0.671524 -0.555671
vn -0.020532 -0.988359 0.150748
vn 0.350054 -0.701654 -0.620600
vn -0.043103 -0.981958 0.184119
vn 0.166663 -0.758537 -0.629956
vn 0.233622 -0.729472 -0.642877
vn -0.037606 -0.984197 0.173041
vn -0.027385 -0.982125 0.186227
vn 0.098952 -0.785464 -0.610946
vn -0.006343 -0.960525 0.278121
vn 0.118031 -0.480615 0.868952
vn -0.009048 -0.959458 0.281708
vn 0.218112 -0.469741 0.855436
vn -0.003121 -0.954733 0.297447
vn 0.343212 -0.417793 0.841222
vn 0.018299 -0.946155 0.323197
vn 0.529955 -0.325480 0.783077
vn 0.081645 -0.934009 0.347794
vn 0.728075 -0.223974 0.647876
vn 0.246316 -0.907669 0.339802
vn 0.870065 -0.236481 0.432508
vn 0.450898 -0.855940 0.253096
vn 0.887845 -0.406718 0.215204
vn 0.718199 -0.438662 -0.540153
vn 0.840232 -0.420005 -0.342937
vn 0.980815 -0.122298 0.151803
vn 0.942037 0.006625 0.335445
vn 0.937588 -0.324947 -0.123846
vn 0.058145 -0.963721 0.260503
vn -0.043760 -0.964472 0.260536
vn -0.018480 -0.962488 0.270694
vn -0.028745 -0.971684 0.234529
vn -0.037677 -0.968785 0.245021
vn -0.017352 -0.973309 0.228842
vn 0.682620 0.262071 -0.682165
vn 0.647855 0.380334 -0.660023
vn -0.516343 -0.279991 0.809318
vn -0.639068 -0.356886 0.681340
vn 0.878763 -0.242685 -0.410951
vn 0.615577 0.776666 -0.133625
vn 0.435929 0.862337 -0.257569
vn 0.979610 -0.083708 -0.182642
vn 0.725665 -0.297929 -0.620200
vn 0.816280 0.571838 0.081782
vn 0.649830 -0.204752 -0.731982
vn 0.934088 0.309719 0.177634
vn 0.953814 0.132218 0.269734
vn 0.480978 0.621669 -0.618213
vn 0.610164 0.183701 -0.770684
vn 0.938827 0.169983 0.299515
vn 0.995076 0.055343 0.082227
vn 0.449949 0.803475 -0.389838
vn 0.811048 0.304202 -0.499662
vn 0.782719 -0.612468 0.110606
vn 0.905313 -0.362389 0.221547
vn 0.920868 0.371702 -0.117640
vn 0.735201 -0.641051 0.220301
vn 0.966179 0.072145 0.247573
vn 0.608558 0.195330 -0.769092
vn 0.872382 0.448616 0.194149
vn 0.772943 -0.553047 -0.310963
vn 0.746450 -0.665049 0.022846
vn 0.934789 0.355099 -0.008582
vn 0.892761 0.370651 0.256115
vn 0.741280 -0.346779 -0.574673
vn 0.598950 -0.008624 -0.800740
vn 0.958083 0.239495 0.157221
vn 0.690692 -0.110331 -0.714683
vn 0.921295 0.264384 0.285162
vn -0.717371 -0.428762 0.549128
vn 0.421418 -0.826275 0.373733
vn 0.255464 -0.921180 0.293539
vn -0.830222 -0.533256 0.162386
vn 0.592077 -0.540137 0.598077
vn -0.293310 -0.188221 0.937306
vn 0.720681 -0.040153 0.692103
vn 0.284672 -0.865255 -0.412669
vn -0.790762 -0.532559 -0.301788
vn -0.874692 -0.484531 0.011978
vn 0.246750 -0.968779 0.024135
vn 0.305442 -0.574954 -0.759035
vn -0.736423 -0.474774 -0.481944
vn -0.583022 0.372027 0.722275
vn 0.398219 0.805991 0.437951
vn 0.639188 0.466851 0.611137
vn -0.380087 0.311894 0.870779
vn -0.824412 0.398175 0.402247
vn 0.126896 0.987320 0.095372
vn -0.928618 0.350860 0.120689
vn -0.117849 0.979164 -0.165374
vn -0.105688 0.874419 -0.473521
vn -0.980893 0.098114 -0.167995
vn -0.033451 0.595648 -0.802549
vn -0.293079 0.105374 0.950264
vn 0.710204 0.270345 0.650018
vn -0.720872 -0.475525 0.504203
vn -0.794143 -0.586650 -0.158678
vn -0.837790 -0.544964 0.033498
vn -0.811758 -0.553393 0.186561
vn 0.724681 0.473621 -0.500520
vn 0.838722 0.543434 -0.035006
vn 0.790743 0.594107 0.147521
vn 0.812735 0.549892 -0.192562
vn 0.083366 0.890760 0.446763
vn -0.136014 0.716728 -0.683960
vn -0.100703 0.978514 -0.179912
vn 0.142626 0.126247 -0.981692
vn 0.607366 0.621430 -0.494906
vn -0.236021 0.950202 -0.203494
vn -0.270326 0.933666 -0.234931
vn 0.669722 0.698919 -0.250967
vn 0.550259 0.523667 -0.650376
vn -0.242667 0.955623 -0.167028
vn 0.489642 0.393483 -0.778089
vn -0.195663 0.963521 -0.182600
vn 0.390317 0.281950 -0.876446
vn -0.161338 0.965484 -0.204475
vn 0.224868 0.163205 -0.960624
vn -0.150056 0.970898 -0.186656
vn -0.151091 0.968035 -0.200197
vn 0.285893 0.206689 -0.935706
vn 0.152756 0.880252 0.449245
vn -0.229929 0.744732 -0.626504
vn 0.229811 0.857302 0.460673
vn -0.258815 0.797182 -0.545449
vn 0.379019 0.817222 0.434158
vn -0.248812 0.891207 -0.379267
vn 0.542970 0.781035 0.308492
vn -0.221735 0.937310 -0.268856
vn 0.652994 0.746652 0.126924
vn -0.186132 0.947309 -0.260691
vn 0.701317 0.710187 -0.061558
vn -0.174603 0.949226 -0.261693
vn -0.165895 0.022405 0.985889
vn -0.205312 0.819141 0.535588
vn -0.196409 0.266731 -0.943546
vn -0.108448 -0.823410 -0.556988
vn -0.260137 -0.014021 0.965470
vn -0.314321 0.805656 0.502116
vn -0.322932 -0.065050 0.944184
vn -0.365997 0.799969 0.475496
vn -0.436943 -0.147794 0.887264
vn -0.468744 0.771670 0.429890
vn -0.552514 -0.262778 0.790997
vn -0.598053 0.708033 0.375528
vn -0.639285 -0.380563 0.668196
vn -0.712817 0.630085 0.308035
vn -0.724635 -0.473429 0.500769
vn -0.795535 0.584800 0.158535
vn -0.829957 -0.515773 0.212483
vn -0.859379 0.507588 -0.061825
vn -0.802934 0.539377 -0.253711
vn -0.819912 -0.572445 0.007182
vn -0.750964 -0.632238 -0.190599
vn -0.761045 0.504783 -0.407437
vn -0.614276 -0.697429 -0.369132
vn -0.711047 0.431616 -0.555085
vn -0.424971 -0.750867 -0.505568
vn -0.559780 0.301579 -0.771814
vn -0.261947 -0.792277 -0.551073
vn -0.400787 0.205226 -0.892890
vn -0.178125 -0.816399 -0.549332
vn -0.313584 0.261980 -0.912706
vn 0.769072 -0.142587 -0.623055
vn -0.165062 0.111998 -0.979904
vn -0.258057 -0.255530 -0.931725
vn 0.724785 -0.314014 -0.613255
vn -0.773166 -0.143197 -0.617826
vn 0.193807 0.116715 -0.974072
vn -0.729491 -0.313189 -0.608075
vn 0.291273 -0.247600 -0.924043
s 1
g body chest
usemtl head_plateSG
f 2115/2283/1957 2116/2284/1958 2117/2285/1959 2118/2286/1960
f 2119/2287/1961 2096/2288/1962 2095/2289/1963 2120/2290/1964
f 2097/2291/1965 2121/2292/1966 2122/2293/1967 2098/2294/1968
f 2123/2295/1969 2124/2296/1970 2125/2297/1971 2126/2298/1972
f 2127/2299/1973 2128/3081/1974 2129/3083/1975 2130/2300/1976
f 2118/2286/1960 2117/2285/1959 2131/2301/1977 2132/2302/1978
f 2120/2290/1964 2095/2289/1963 2099/2303/1979 2133/2304/1980
f 2098/2294/1968 2122/2293/1967 2134/2305/1981 2100/2306/1982
f 2126/2298/1972 2125/2297/1971 2135/2307/1983 2136/2308/1984
f 2130/2300/1976 2129/3083/1975 2137/3085/1985 2138/2309/1986
f 2132/2302/1978 2131/2301/1977 2139/2310/1987 2140/2311/1988
f 2133/2304/1980 2099/2303/1979 2101/2312/1989 2141/2313/1990
f 2100/2306/1982 2134/2305/1981 2142/2314/1991 2102/2315/1992
f 2136/2308/1984 2135/2307/1983 2143/2316/1993 2144/2317/1994
f 2138/2309/1986 2137/3085/1985 2145/2318/1995 2146/2319/1996
f 2140/2311/1988 2139/2310/1987 2147/2320/1997 2148/2321/1998
f 2141/2313/1990 2101/2312/1989 2103/2322/1999 2149/2323/2000
f 2102/2315/1992 2142/2314/1991 2150/2324/2001 2104/2325/2002
f 2144/2317/1994 2143/2316/1993 2151/2326/2003 2152/2327/2004
f 2146/2319/1996 2145/2318/1995 2153/2328/2005 2154/2329/2006
f 2148/2321/1998 2147/2320/1997 2157/2330/2007 2158/2331/2008
f 2149/2323/2000 2103/2322/1999 2105/2332/2009 2159/2333/2010
f 2104/2325/2002 2150/2324/2001 2160/2334/2011 2106/2335/2012
f 2152/2327/2004 2151/2326/2003 2161/2336/2013 2162/2337/2014
f 2154/2329/2006 2153/2328/2005 2163/2338/2015 2164/2339/2016
f 2167/2340/2017 2168/2341/2018 2169/2342/2019 2170/2343/2020
f 2171/2344/2021 2167/2340/2017 2170/2343/2020 2172/2345/2022
f 2173/2346/2023 2171/2344/2021 2172/2345/2022 2174/2347/2024
f 2175/2348/2025 2173/2346/2023 2174/2347/2024 2176/2349/2026
f 2177/2350/2027 2175/2348/2025 2176/2349/2026 2178/2351/2028
f 2179/2352/2029 2107/2353/2030 2096/2288/1962 2119/2287/1961
f 2181/2354/2031 2180/2355/2032 2169/2342/2019 2168/2341/2018
f 2183/2356/2033 2182/2357/2034 2116/2284/1958 2115/2283/1957
f 2189/2358/2035 2188/2359/2036 2128/3081/1974 2127/2299/1973
f 2191/2360/2037 2190/2361/2038 2124/2296/1970 2123/2295/1969
f 2108/2362/2039 2192/2363/2040 2121/2292/1966 2097/2291/1965
f 2194/2364/2041 2193/2365/2042 2726/3194/2043 2727/3193/2044
f 2198/2368/2045 2197/2369/2046 2728/3192/2047 2729/3191/2048
f 2110/2372/2049 2201/2373/2050 2730/3190/2051 2731/3189/2052
f 2176/2349/2026 2149/2323/2000 2159/2333/2010 2178/2351/2028
f 2174/2347/2024 2141/2313/1990 2149/2323/2000 2176/2349/2026
f 2172/2345/2022 2133/2304/1980 2141/2313/1990 2174/2347/2024
f 2170/2343/2020 2120/2290/1964 2133/2304/1980 2172/2345/2022
f 2169/2342/2019 2119/2287/1961 2120/2290/1964 2170/2343/2020
f 2180/2355/2032 2179/2352/2029 2119/2287/1961 2169/2342/2019
f 2730/3190/2051 2201/2373/2050 2198/2368/2045 2729/3191/2048
f 2121/2292/1966 2192/2363/2040 2191/2360/2037 2123/2295/1969
f 2122/2293/1967 2121/2292/1966 2123/2295/1969 2126/2298/1972
f 2134/2305/1981 2122/2293/1967 2126/2298/1972 2136/2308/1984
f 2142/2314/1991 2134/2305/1981 2136/2308/1984 2144/2317/1994
f 2150/2324/2001 2142/2314/1991 2144/2317/1994 2152/2327/2004
f 2160/2334/2011 2150/2324/2001 2152/2327/2004 2162/2337/2014
f 2157/2330/2007 2147/2320/1997 2175/2348/2025 2177/2350/2027
f 2147/2320/1997 2139/2310/1987 2173/2346/2023 2175/2348/2025
f 2139/2310/1987 2131/2301/1977 2171/2344/2021 2173/2346/2023
f 2131/2301/1977 2117/2285/1959 2167/2340/2017 2171/2344/2021
f 2117/2285/1959 2116/2284/1958 2168/2341/2018 2167/2340/2017
f 2182/2357/2034 2181/2354/2031 2168/2341/2018 2116/2284/1958
f 2728/3192/2047 2197/2369/2046 2194/2364/2041 2727/3193/2044
f 2124/2296/1970 2190/2361/2038 2189/2358/2035 2127/2299/1973
f 2125/2297/1971 2124/2296/1970 2127/2299/1973 2130/2300/1976
f 2135/2307/1983 2125/2297/1971 2130/2300/1976 2138/2309/1986
f 2143/2316/1993 2135/2307/1983 2138/2309/1986 2146/2319/1996
f 2151/2326/2003 2143/2316/1993 2146/2319/1996 2154/2329/2006
f 2161/2336/2013 2151/2326/2003 2154/2329/2006 2164/2339/2016
f 2726/3194/2043 2193/2365/2042 2203/2376/2053 2725/3195/2054
f 2128/3081/1974 2188/2359/2036 2187/2378/2055 2276/3136/2056
f 2205/2380/2057 2206/2381/2058 2207/2382/2059 2208/2383/2060
f 2206/2381/2058 2205/2380/2057 2723/3197/2061 2724/3196/2062
f 2208/2383/2060 2207/2382/2059 2211/2386/2063 2212/2387/2064
f 2212/2387/2064 2211/2386/2063 2213/2388/2065 2214/2389/2066
f 2215/2390/2067 2216/2391/2068 2217/2392/2069 2218/2393/2070
f 2216/2391/2068 2215/2390/2067 2219/2394/2071 2220/2395/2072
f 2220/2395/2072 2219/2394/2071 2112/2396/2073 2111/2397/2074
f 2113/2398/2075 2114/2399/2076 2221/2400/2077 2222/2401/2078
f 2222/2401/2078 2221/2400/2077 2223/2402/2079 2224/2403/2080
f 2224/2403/2080 2223/2402/2079 2225/2404/2081 2226/2405/2082
f 2226/2405/2082 2225/2404/2081 2227/2406/2083 2228/2407/2084
f 2228/2407/2084 2227/2406/2083 2229/2408/2085 2230/2409/2086
f 2230/2409/2086 2229/2408/2085 2231/2410/2087 2232/2411/2088
f 2232/2411/2088 2231/2410/2087 2210/2412/2089 2209/2413/2090
f 2214/2389/2066 2213/2388/2065 2218/2393/2070 2217/2392/2069
f 2205/2380/2057 2208/2383/2060 2184/2414/2091 2185/2415/2092
f 2212/2387/2064 2214/2389/2066 2182/2357/2034 2183/2356/2033
f 2220/2395/2072 2111/2397/2074 2107/2353/2030 2179/2352/2029
f 2113/2398/2075 2222/2401/2078 2192/2363/2040 2108/2362/2039
f 2224/2403/2080 2226/2405/2082 2190/2361/2038 2191/2360/2037
f 2228/2407/2084 2230/2409/2086 2188/2359/2036 2189/2358/2035
f 2232/2411/2088 2209/2413/2090 2186/2416/2093 2187/2378/2055
f 2723/3197/2061 2205/2380/2057 2185/2415/2092 2722/3198/2094
f 2217/2392/2069 2216/2391/2068 2180/2355/2032 2181/2354/2031
f 2112/2396/2073 2219/2394/2071 2201/2373/2050 2110/2372/2049
f 2215/2390/2067 2218/2393/2070 2197/2369/2046 2198/2368/2045
f 2213/2388/2065 2211/2386/2063 2193/2365/2042 2194/2364/2041
f 2207/2382/2059 2206/2381/2058 2203/2376/2053
f 2204/2418/2095 2210/2412/2089 2231/2410/2087
f 2196/2419/2096 2195/2420/2097 2229/2408/2085 2227/2406/2083
f 2200/2421/2098 2199/2422/2099 2225/2404/2081 2223/2402/2079
f 2109/2423/2100 2202/2424/2101 2221/2400/2077 2114/2399/2076
f 2203/2376/2053 2206/2381/2058 2724/3196/2062 2725/3195/2054
f 2216/2391/2068 2220/2395/2072 2179/2352/2029 2180/2355/2032
f 2201/2373/2050 2219/2394/2071 2215/2390/2067 2198/2368/2045
f 2221/2400/2077 2202/2424/2101 2200/2421/2098 2223/2402/2079
f 2192/2363/2040 2222/2401/2078 2224/2403/2080 2191/2360/2037
f 2214/2389/2066 2217/2392/2069 2181/2354/2031 2182/2357/2034
f 2197/2369/2046 2218/2393/2070 2213/2388/2065 2194/2364/2041
f 2225/2404/2081 2199/2422/2099 2196/2419/2096 2227/2406/2083
f 2190/2361/2038 2226/2405/2082 2228/2407/2084 2189/2358/2035
f 2208/2383/2060 2212/2387/2064 2183/2356/2033 2184/2414/2091
f 2193/2365/2042 2211/2386/2063 2207/2382/2059 2203/2376/2053
f 2229/2408/2085 2195/2420/2097 2204/2418/2095 2231/2410/2087
f 2188/2359/2036 2230/2409/2086 2232/2411/2088 2187/2378/2055
f 2056/2425/2102 2055/2426/2103 1993/2427/2104 1992/2428/2105
f 2024/2429/2106 2023/2430/2107 1959/2431/2108 1957/2432/2109
f 1958/2433/2110 1960/2434/2111 2030/2435/2112 2029/2436/2113
f 1978/2437/2114 1981/2438/2115 2046/2439/2116 2045/2440/2117
f 1979/2441/2118 1982/2442/2119 2062/2443/2120 2061/2444/2121
f 2055/2426/2103 2054/2445/2122 1994/2446/2123 1993/2427/2104
f 2023/2430/2107 2022/2447/2124 1961/2448/2125 1959/2431/2108
f 1960/2434/2111 1962/2449/2126 2031/2450/2127 2030/2435/2112
f 1981/2438/2115 1984/2451/2128 2047/2452/2129 2046/2439/2116
f 1982/2442/2119 1985/2453/2130 2063/2454/2131 2062/2443/2120
f 2054/2445/2122 2053/2455/2132 1995/2456/2133 1994/2446/2123
f 2022/2447/2124 2021/2457/2134 1963/2458/2135 1961/2448/2125
f 1962/2449/2126 1964/2459/2136 2032/2460/2137 2031/2450/2127
f 1984/2451/2128 1987/2461/2138 2048/2462/2139 2047/2452/2129
f 1985/2453/2130 1988/2463/2140 2064/2464/2141 2063/2454/2131
f 2053/2455/2132 2052/2465/2142 1996/2466/2143 1995/2456/2133
f 2021/2457/2134 2020/2467/2144 1965/2468/2145 1963/2458/2135
f 1964/2459/2136 1966/2469/2146 2033/2470/2147 2032/2460/2137
f 1987/2461/2138 1990/2471/2148 2049/2472/2149 2048/2462/2139
f 1988/2463/2140 1991/2473/2150 2065/2474/2151 2064/2464/2141
f 2052/2465/2142 2051/2475/2152 1998/2476/2153 1996/2466/2143
f 2020/2467/2144 2019/2477/2154 1967/2478/2155 1965/2468/2145
f 1966/2469/2146 1968/2479/2156 2034/2480/2157 2033/2470/2147
f 1990/2471/2148 2004/2481/2158 2050/2482/2159 2049/2472/2149
f 1991/2473/2150 2003/2483/2160 2066/2484/2161 2065/2474/2151
f 2039/2485/2162 1980/2486/2163 1977/2487/2164 2040/2488/2165
f 2038/2489/2166 1983/2490/2167 1980/2486/2163 2039/2485/2162
f 2037/2491/2168 1986/2492/2169 1983/2490/2167 2038/2489/2166
f 2036/2493/2170 1989/2494/2171 1986/2492/2169 2037/2491/2168
f 2035/2495/2172 1997/2496/2173 1989/2494/2171 2036/2493/2170
f 2025/2497/2174 2024/2429/2106 1957/2432/2109 1969/2498/2175
f 2041/2499/2176 2040/2488/2165 1977/2487/2164 2005/2500/2177
f 2057/2501/2178 2056/2425/2102 1992/2428/2105 2006/2502/2179
f 2011/2503/2180 1979/2441/2118 2061/2444/2121 2060/2504/2181
f 2012/2505/2182 1978/2437/2114 2045/2440/2117 2044/2506/2183
f 1970/2507/2184 1958/2433/2110 2029/2436/2113 2028/2508/2185
f 2014/2509/2186 2712/3209/2187 2713/3208/2188 2058/2512/2189
f 2015/2513/2190 2710/3211/2191 2711/3210/2192 2042/2516/2193
f 1971/2517/2194 2708/3213/2195 2709/3212/2196 2026/2520/2197
f 1989/2494/2171 1997/2496/2173 2019/2477/2154 2020/2467/2144
f 1986/2492/2169 1989/2494/2171 2020/2467/2144 2021/2457/2134
f 1983/2490/2167 1986/2492/2169 2021/2457/2134 2022/2447/2124
f 1980/2486/2163 1983/2490/2167 2022/2447/2124 2023/2430/2107
f 1977/2487/2164 1980/2486/2163 2023/2430/2107 2024/2429/2106
f 2005/2500/2177 1977/2487/2164 2024/2429/2106 2025/2497/2174
f 2709/3212/2196 2710/3211/2191 2015/2513/2190 2026/2520/2197
f 2029/2436/2113 1978/2437/2114 2012/2505/2182 2028/2508/2185
f 2030/2435/2112 1981/2438/2115 1978/2437/2114 2029/2436/2113
f 2031/2450/2127 1984/2451/2128 1981/2438/2115 2030/2435/2112
f 2032/2460/2137 1987/2461/2138 1984/2451/2128 2031/2450/2127
f 2033/2470/2147 1990/2471/2148 1987/2461/2138 2032/2460/2137
f 2034/2480/2157 2004/2481/2158 1990/2471/2148 2033/2470/2147
f 1998/2476/2153 2035/2495/2172 2036/2493/2170 1996/2466/2143
f 1996/2466/2143 2036/2493/2170 2037/2491/2168 1995/2456/2133
f 1995/2456/2133 2037/2491/2168 2038/2489/2166 1994/2446/2123
f 1994/2446/2123 2038/2489/2166 2039/2485/2162 1993/2427/2104
f 1993/2427/2104 2039/2485/2162 2040/2488/2165 1992/2428/2105
f 2006/2502/2179 1992/2428/2105 2040/2488/2165 2041/2499/2176
f 2711/3210/2192 2712/3209/2187 2014/2509/2186 2042/2516/2193
f 2045/2440/2117 1979/2441/2118 2011/2503/2180 2044/2506/2183
f 2046/2439/2116 1982/2442/2119 1979/2441/2118 2045/2440/2117
f 2047/2452/2129 1985/2453/2130 1982/2442/2119 2046/2439/2116
f 2048/2462/2139 1988/2463/2140 1985/2453/2130 2047/2452/2129
f 2049/2472/2149 1991/2473/2150 1988/2463/2140 2048/2462/2139
f 2050/2482/2159 2003/2483/2160 1991/2473/2150 2049/2472/2149
f 2713/3208/2188 2714/3207/2198 2013/2522/2199 2058/2512/2189
f 2067/2523/2200 2069/2524/2201 2070/2525/2202 2068/2526/2203
f 2068/2526/2203 2715/3206/2204 2716/3205/2205 2067/2523/2200
f 2069/2524/2201 2071/2529/2206 2072/2530/2207 2070/2525/2202
f 2071/2529/2206 2092/2531/2208 2091/2532/2209 2072/2530/2207
f 2073/2533/2210 2094/2534/2211 2093/2535/2212 2074/2536/2213
f 2074/2536/2213 2075/2537/2214 2076/2538/2215 2073/2533/2210
f 2075/2537/2214 1975/2539/2216 1976/2540/2217 2076/2538/2215
f 1974/2541/2218 2078/2542/2219 2077/2543/2220 1973/2544/2221
f 2078/2542/2219 2080/2545/2222 2079/2546/2223 2077/2543/2220
f 2080/2545/2222 2082/2547/2224 2081/2548/2225 2079/2546/2223
f 2082/2547/2224 2084/2549/2226 2083/2550/2227 2081/2548/2225
f 2084/2549/2226 2086/2551/2228 2085/2552/2229 2083/2550/2227
f 2086/2551/2228 2088/2553/2230 2087/2554/2231 2085/2552/2229
f 2088/2553/2230 2089/2555/2232 2090/2556/2233 2087/2554/2231
f 2092/2531/2208 2093/2535/2212 2094/2534/2211 2091/2532/2209
f 2067/2523/2200 2008/2557/2234 2007/2558/2235 2069/2524/2201
f 2071/2529/2206 2057/2501/2178 2006/2502/2179 2092/2531/2208
f 2075/2537/2214 2025/2497/2174 1969/2498/2175 1975/2539/2216
f 1974/2541/2218 1970/2507/2184 2028/2508/2185 2078/2542/2219
f 2080/2545/2222 2012/2505/2182 2044/2506/2183 2082/2547/2224
f 2084/2549/2226 2011/2503/2180 2060/2504/2181 2086/2551/2228
f 2088/2553/2230 2010/2559/2236 2009/2560/2237 2089/2555/2232
f 2716/3205/2205 2717/3204/2238 2008/2557/2234 2067/2523/2200
f 2093/2535/2212 2041/2499/2176 2005/2500/2177 2074/2536/2213
f 1976/2540/2217 1971/2517/2194 2026/2520/2197 2076/2538/2215
f 2073/2533/2210 2015/2513/2190 2042/2516/2193 2094/2534/2211
f 2091/2532/2209 2014/2509/2186 2058/2512/2189 2072/2530/2207
f 2070/2525/2202 2013/2522/2199 2068/2526/2203
f 2016/2562/2239 2087/2554/2231 2090/2556/2233
f 2017/2563/2240 2083/2550/2227 2085/2552/2229 2059/2564/2241
f 2018/2565/2242 2079/2546/2223 2081/2548/2225 2043/2566/2243
f 1972/2567/2244 1973/2544/2221 2077/2543/2220 2027/2568/2245
f 2013/2522/2199 2714/3207/2198 2715/3206/2204 2068/2526/2203
f 2074/2536/2213 2005/2500/2177 2025/2497/2174 2075/2537/2214
f 2026/2520/2197 2015/2513/2190 2073/2533/2210 2076/2538/2215
f 2077/2543/2220 2079/2546/2223 2018/2565/2242 2027/2568/2245
f 2028/2508/2185 2012/2505/2182 2080/2545/2222 2078/2542/2219
f 2092/2531/2208 2006/2502/2179 2041/2499/2176 2093/2535/2212
f 2042/2516/2193 2014/2509/2186 2091/2532/2209 2094/2534/2211
f 2081/2548/2225 2083/2550/2227 2017/2563/2240 2043/2566/2243
f 2044/2506/2183 2011/2503/2180 2084/2549/2226 2082/2547/2224
f 2069/2524/2201 2007/2558/2235 2057/2501/2178 2071/2529/2206
f 2058/2512/2189 2013/2522/2199 2070/2525/2202 2072/2530/2207
f 2085/2552/2229 2087/2554/2231 2016/2562/2239 2059/2564/2241
f 2060/2504/2181 2010/2559/2236 2088/2553/2230 2086/2551/2228
f 2244/2569/2246 1999/2570/2247 2051/2475/2152 2052/2465/2142
f 2264/3156/2248 2148/2321/1998 2158/2331/2008 2155/2572/2249
f 2233/2573/2250 2718/3203/2251 2719/3202/2252 2234/2576/2253
f 2234/2576/2253 2236/2577/2254 2235/2578/2255 2233/2573/2250
f 2236/2577/2254 2250/2579/2256 2249/2580/2257 2235/2578/2255
f 2237/2581/2258 2251/2582/2259 2252/3086/2260 2238/2583/2261
f 2238/2583/2261 2240/2584/2262 2239/2585/2263 2237/2581/2258
f 2241/2586/2264 2244/2569/2246 2243/2587/2265 2242/2588/2266
f 2242/2588/2266 2755/3171/2267 2756/3169/2268 2241/2586/2264
f 2244/2569/2246 2257/2591/2269 2258/2592/2270 2243/2587/2265
f 2245/2593/2271 2247/2590/2272 2248/2589/2273 2246/2594/2274
f 2246/2594/2274 2260/3089/2275 2259/2595/2276 2245/2593/2271
f 2250/2579/2256 2254/2596/2277 2253/2597/2278 2249/2580/2257
f 2251/2582/2259 2255/2598/2279 2256/3087/2280 2252/3086/2260
f 2254/2596/2277 2258/2592/2270 2257/2591/2269 2253/2597/2278
f 2255/2598/2279 2259/2595/2276 2260/3089/2275 2256/3087/2280
f 2261/3128/2281 2753/3174/2282 2754/3172/2283 2262/2602/2284
f 2262/2602/2284 2263/2603/2285 2264/2571/2248 2261/3128/2281
f 2263/2603/2285 2277/2604/2286 2278/3151/2287 2264/2571/2248
f 2265/2606/2288 2267/2601/2289 2268/3155/2290 2266/3154/2291
f 2266/3154/2291 2284/3133/2292 2283/3090/2293 2265/2606/2288
f 2269/3153/2294 2282/3150/2295 2281/2610/2296 2270/2611/2297
f 2270/2611/2297 2271/2612/2298 2272/3152/2299 2269/3153/2294
f 2271/2612/2298 2720/3201/2300 2721/3199/2301 2272/3152/2299
f 2273/2616/2302 2275/3080/2303 2276/3079/2056 2274/3138/2304
f 2277/2604/2286 2279/2618/2305 2280/3149/2306 2278/3151/2287
f 2279/2618/2305 2281/2610/2296 2282/3150/2295 2280/3149/2306
f 2261/2599/2281 2264/3156/2248 2155/2572/2249 2156/2620/2307
f 2266/2607/2291 2268/2600/2290 2165/2621/2308 2166/2622/2309
f 2753/3173/2282 2261/2599/2281 2156/2620/2307 2752/3175/2310
f 2185/2415/2092 2184/2414/2091 2269/2608/2294 2272/2613/2299
f 2722/3198/2094 2185/2415/2092 2272/2613/2299 2721/3200/2301
f 2187/2378/2055 2186/2416/2093 2274/2617/2304 2276/3136/2056
f 2278/2605/2287 2140/2311/1988 2148/2321/1998 2264/3156/2248
f 2280/2619/2306 2132/2302/1978 2140/2311/1988 2278/2605/2287
f 2282/2609/2295 2118/2286/1960 2132/2302/1978 2280/2619/2306
f 2269/2608/2294 2115/2283/1957 2118/2286/1960 2282/2609/2295
f 2184/2414/2091 2183/2356/2033 2115/2283/1957 2269/2608/2294
f 2153/2328/2005 2145/2318/1995 2284/2379/2292 2266/2607/2291
f 2163/2338/2015 2153/2328/2005 2266/2607/2291 2166/2622/2309
f 2241/2586/2264 2000/2623/2311 1999/2570/2247 2244/2569/2246
f 2245/2593/2271 2002/2624/2312 2001/2625/2313 2247/2590/2272
f 2756/3169/2268 2747/3103/2314 2000/2623/2311 2241/2586/2264
f 2008/2557/2234 2233/2573/2250 2235/2578/2255 2007/2558/2235
f 2717/3204/2238 2718/3203/2251 2233/2573/2250 2008/2557/2234
f 2010/2559/2236 2237/2581/2258 2239/2585/2263 2009/2560/2237
f 2257/2591/2269 2244/2569/2246 2052/2465/2142 2053/2455/2132
f 2253/2597/2278 2257/2591/2269 2053/2455/2132 2054/2445/2122
f 2249/2580/2257 2253/2597/2278 2054/2445/2122 2055/2426/2103
f 2235/2578/2255 2249/2580/2257 2055/2426/2103 2056/2425/2102
f 2007/2558/2235 2235/2578/2255 2056/2425/2102 2057/2501/2178
f 2061/2444/2121 2237/2581/2258 2010/2559/2236 2060/2504/2181
f 2062/2443/2120 2251/2582/2259 2237/2581/2258 2061/2444/2121
f 2063/2454/2131 2255/2598/2279 2251/2582/2259 2062/2443/2120
f 2064/2464/2141 2259/2595/2276 2255/2598/2279 2063/2454/2131
f 2065/2474/2151 2245/2593/2271 2259/2595/2276 2064/2464/2141
f 2066/2484/2161 2002/2624/2312 2245/2593/2271 2065/2474/2151
f 2242/2588/2266 2243/2587/2265 2263/2603/2285 2262/2602/2284
f 2246/2594/2274 2248/2589/2273 2267/2601/2289 2265/2606/2288
f 2755/3171/2267 2242/2588/2266 2262/2602/2284 2754/3172/2283
f 2236/2577/2254 2234/2576/2253 2271/2612/2298 2270/2611/2297
f 2234/2576/2253 2719/3202/2252 2720/3201/2300 2271/2612/2298
f 2240/2584/2262 2238/2583/2261 2275/3080/2303 2273/2616/2302
f 2258/2592/2270 2277/2604/2286 2263/2603/2285 2243/2587/2265
f 2258/2592/2270 2254/2596/2277 2279/2618/2305 2277/2604/2286
f 2254/2596/2277 2250/2579/2256 2281/2610/2296 2279/2618/2305
f 2250/2579/2256 2236/2577/2254 2270/2611/2297 2281/2610/2296
f 2260/3089/2275 2246/2594/2274 2265/2606/2288 2283/3090/2293
f 2286/2626/2315 2300/2627/2316 2299/2628/2317 2285/2629/2318
f 2287/2630/2319 2297/2631/2320 2298/2632/2321 2288/2633/2322
f 2289/2634/2323 2748/3180/2324 2749/3179/2325 2290/2637/2326
f 2290/2637/2326 2292/2638/2327 2291/2639/2328 2289/2634/2323
f 2292/2638/2327 2294/2640/2329 2293/2641/2330 2291/2639/2328
f 2294/2640/2329 2314/2642/2331 2313/2643/2332 2293/2641/2330
f 2295/2644/2333 2315/2645/2334 2316/2646/2335 2296/2647/2336
f 2296/2647/2336 2298/2632/2321 2297/2631/2320 2295/2644/2333
f 2300/2627/2316 2302/2648/2337 2301/2649/2338 2299/2628/2317
f 2302/2648/2337 2304/2650/2339 2303/2651/2340 2301/2649/2338
f 2304/2650/2339 2306/2652/2341 2305/2653/2342 2303/2651/2340
f 2306/2652/2341 2308/2654/2343 2307/2655/2344 2305/2653/2342
f 2308/2654/2343 2310/2656/2345 2309/2657/2346 2307/2655/2344
f 2310/2656/2345 2312/2636/2347 2311/2635/2348 2309/2657/2346
f 2314/2642/2331 2316/2646/2335 2315/2645/2334 2313/2643/2332
f 2019/2477/2154 2297/2631/2320 2287/2630/2319 1967/2478/2155
f 2315/2645/2334 2295/2644/2333 1997/2496/2173 2035/2495/2172
f 2051/2475/2152 2293/2641/2330 2313/2643/2332 1998/2476/2153
f 2000/2623/2311 2289/2634/2323 2291/2639/2328 1999/2570/2247
f 2747/3103/2314 2748/3180/2324 2289/2634/2323 2000/2623/2311
f 2002/2624/2312 2309/2657/2346 2311/2635/2348 2001/2625/2313
f 2003/2483/2160 2305/2653/2342 2307/2655/2344 2066/2484/2161
f 2004/2481/2158 2301/2649/2338 2303/2651/2340 2050/2482/2159
f 1968/2479/2156 2285/2629/2318 2299/2628/2317 2034/2480/2157
f 1997/2496/2173 2295/2644/2333 2297/2631/2320 2019/2477/2154
f 2299/2628/2317 2301/2649/2338 2004/2481/2158 2034/2480/2157
f 2313/2643/2332 2315/2645/2334 2035/2495/2172 1998/2476/2153
f 2303/2651/2340 2305/2653/2342 2003/2483/2160 2050/2482/2159
f 1999/2570/2247 2291/2639/2328 2293/2641/2330 2051/2475/2152
f 2307/2655/2344 2309/2657/2346 2002/2624/2312 2066/2484/2161
f 2318/2658/2349 2322/2659/2350 2321/3078/2351 2317/3064/2352
f 2319/2662/2353 2347/3066/2354 2348/2664/2355 2320/2665/2356
f 2322/2659/2350 2326/2666/2357 2325/3077/2358 2321/3078/2351
f 2323/3076/2359 2325/3077/2358 2326/2666/2357 2324/2669/2360
f 2324/2669/2360 2328/2670/2361 2327/3075/2362 2323/3076/2359
f 2328/2670/2361 2330/2672/2363 2329/3074/2364 2327/3075/2362
f 2330/2672/2363 2332/2674/2365 2331/3073/2366 2329/3074/2364
f 2332/2674/2365 2334/2676/2367 2333/3072/2368 2331/3073/2366
f 2334/2676/2367 2750/3178/2369 2751/3176/2370 2333/3072/2368
f 2336/2678/2371 2338/2680/2372 2337/3070/2373 2335/3071/2374
f 2338/2680/2372 2340/2682/2375 2339/3069/2376 2337/3070/2373
f 2340/2682/2375 2342/2684/2377 2341/3068/2378 2339/3069/2376
f 2342/2684/2377 2344/2686/2379 2343/3067/2380 2341/3068/2378
f 2344/2686/2379 2346/2688/2381 2345/3065/2382 2343/3067/2380
f 2346/2688/2381 2348/2664/2355 2347/3066/2354 2345/3065/2382
f 2159/2333/2010 2105/2332/2009 2317/2661/2352 2321/2660/2351
f 2323/2668/2359 2177/2350/2027 2178/2351/2028 2325/2667/2358
f 2158/2331/2008 2157/2330/2007 2327/2671/2362 2329/2673/2364
f 2156/2620/2307 2155/2572/2249 2331/2675/2366 2333/2677/2368
f 2752/3175/2310 2156/2620/2307 2333/2677/2368 2751/3177/2370
f 2166/2622/2309 2165/2621/2308 2335/2679/2374 2337/2681/2373
f 2164/2339/2016 2163/2338/2015 2339/2683/2376 2341/2685/2378
f 2162/2337/2014 2161/2336/2013 2343/2687/2380 2345/2689/2382
f 2106/2335/2012 2160/2334/2011 2347/2663/2354 2319/3063/2353
f 2178/2351/2028 2159/2333/2010 2321/2660/2351 2325/2667/2358
f 2347/2663/2354 2160/2334/2011 2162/2337/2014 2345/2689/2382
f 2327/2671/2362 2157/2330/2007 2177/2350/2027 2323/2668/2359
f 2343/2687/2380 2161/2336/2013 2164/2339/2016 2341/2685/2378
f 2155/2572/2249 2158/2331/2008 2329/2673/2364 2331/2675/2366
f 2339/2683/2376 2163/2338/2015 2166/2622/2309 2337/2681/2373
f 2288/2633/2322 2298/2632/2321 2322/2659/2350 2318/2658/2349
f 2296/2647/2336 2316/2646/2335 2324/2669/2360 2326/2666/2357
f 2314/2642/2331 2294/2640/2329 2330/2672/2363 2328/2670/2361
f 2292/2638/2327 2290/2637/2326 2334/2676/2367 2332/2674/2365
f 2290/2637/2326 2749/3179/2325 2750/3178/2369 2334/2676/2367
f 2312/2636/2347 2310/2656/2345 2338/2680/2372 2336/2678/2371
f 2308/2654/2343 2306/2652/2341 2342/2684/2377 2340/2682/2375
f 2304/2650/2339 2302/2648/2337 2346/2688/2381 2344/2686/2379
f 2300/2627/2316 2286/2626/2315 2320/2665/2356 2348/2664/2355
f 2298/2632/2321 2296/2647/2336 2326/2666/2357 2322/2659/2350
f 2302/2648/2337 2300/2627/2316 2348/2664/2355 2346/2688/2381
f 2316/2646/2335 2314/2642/2331 2328/2670/2361 2324/2669/2360
f 2306/2652/2341 2304/2650/2339 2344/2686/2379 2342/2684/2377
f 2294/2640/2329 2292/2638/2327 2332/2674/2365 2330/2672/2363
f 2310/2656/2345 2308/2654/2343 2340/2682/2375 2338/2680/2372
f 2467/2690/2383 2470/2691/2384 2469/2692/2385 2468/2693/2386
f 2471/2694/2387 2472/2695/2388 2095/2289/1963 2096/2288/1962
f 2097/2291/1965 2098/2294/1968 2474/2696/2389 2473/2697/2390
f 2475/2698/2391 2478/2699/2392 2477/2700/2393 2476/2701/2394
f 2479/2702/2395 2482/2703/2396 2481/3093/2397 2480/2704/2398
f 2470/2691/2384 2484/2705/2399 2483/2706/2400 2469/2692/2385
f 2472/2695/2388 2485/2707/2401 2099/2303/1979 2095/2289/1963
f 2098/2294/1968 2100/2306/1982 2486/2708/2402 2474/2696/2389
f 2478/2699/2392 2488/2709/2403 2487/2710/2404 2477/2700/2393
f 2482/2703/2396 2490/2711/2405 2489/3094/2406 2481/3093/2397
f 2484/2705/2399 2492/2712/2407 2491/2713/2408 2483/2706/2400
f 2485/2707/2401 2493/2714/2409 2101/2312/1989 2099/2303/1979
f 2100/2306/1982 2102/2315/1992 2494/2715/2410 2486/2708/2402
f 2488/2709/2403 2496/2716/2411 2495/2717/2412 2487/2710/2404
f 2490/2711/2405 2498/2718/2413 2497/3096/2414 2489/3094/2406
f 2492/2712/2407 2500/2719/2415 2499/2720/2416 2491/2713/2408
f 2493/2714/2409 2501/2721/2417 2103/2322/1999 2101/2312/1989
f 2102/2315/1992 2104/2325/2002 2502/2722/2418 2494/2715/2410
f 2496/2716/2411 2504/2723/2419 2503/2724/2420 2495/2717/2412
f 2498/2718/2413 2506/2725/2421 2505/2726/2422 2497/3096/2414
f 2500/2719/2415 2510/2727/2423 2509/2728/2424 2499/2720/2416
f 2501/2721/2417 2511/2729/2425 2105/2332/2009 2103/2322/1999
f 2104/2325/2002 2106/2335/2012 2512/2730/2426 2502/2722/2418
f 2504/2723/2419 2514/2731/2427 2513/2732/2428 2503/2724/2420
f 2506/2725/2421 2516/2733/2429 2515/2734/2430 2505/2726/2422
f 2519/2735/2431 2522/2736/2432 2521/2737/2433 2520/2738/2434
f 2523/2739/2435 2524/2740/2436 2522/2736/2432 2519/2735/2431
f 2525/2741/2437 2526/2742/2438 2524/2740/2436 2523/2739/2435
f 2527/2743/2439 2528/2744/2440 2526/2742/2438 2525/2741/2437
f 2529/2745/2441 2530/2746/2442 2528/2744/2440 2527/2743/2439
f 2531/2747/2443 2471/2694/2387 2096/2288/1962 2107/2353/2030
f 2533/2748/2444 2520/2738/2434 2521/2737/2433 2532/2749/2445
f 2535/2750/2446 2467/2690/2383 2468/2693/2386 2534/2751/2447
f 2541/2752/2448 2479/2702/2395 2480/2704/2398 2540/2753/2449
f 2543/2754/2450 2475/2698/2391 2476/2701/2394 2542/2755/2451
f 2108/2362/2039 2097/2291/1965 2473/2697/2390 2544/2756/2452
f 2546/2757/2453 2735/3185/2454 2736/3184/2455 2545/2760/2456
f 2550/2761/2457 2733/3187/2458 2734/3186/2459 2549/2764/2460
f 2110/2372/2049 2731/3189/2052 2732/3188/2461 2553/2766/2462
f 2528/2744/2440 2530/2746/2442 2511/2729/2425 2501/2721/2417
f 2526/2742/2438 2528/2744/2440 2501/2721/2417 2493/2714/2409
f 2524/2740/2436 2526/2742/2438 2493/2714/2409 2485/2707/2401
f 2522/2736/2432 2524/2740/2436 2485/2707/2401 2472/2695/2388
f 2521/2737/2433 2522/2736/2432 2472/2695/2388 2471/2694/2387
f 2532/2749/2445 2521/2737/2433 2471/2694/2387 2531/2747/2443
f 2732/3188/2461 2733/3187/2458 2550/2761/2457 2553/2766/2462
f 2473/2697/2390 2475/2698/2391 2543/2754/2450 2544/2756/2452
f 2474/2696/2389 2478/2699/2392 2475/2698/2391 2473/2697/2390
f 2486/2708/2402 2488/2709/2403 2478/2699/2392 2474/2696/2389
f 2494/2715/2410 2496/2716/2411 2488/2709/2403 2486/2708/2402
f 2502/2722/2418 2504/2723/2419 2496/2716/2411 2494/2715/2410
f 2512/2730/2426 2514/2731/2427 2504/2723/2419 2502/2722/2418
f 2509/2728/2424 2529/2745/2441 2527/2743/2439 2499/2720/2416
f 2499/2720/2416 2527/2743/2439 2525/2741/2437 2491/2713/2408
f 2491/2713/2408 2525/2741/2437 2523/2739/2435 2483/2706/2400
f 2483/2706/2400 2523/2739/2435 2519/2735/2431 2469/2692/2385
f 2469/2692/2385 2519/2735/2431 2520/2738/2434 2468/2693/2386
f 2534/2751/2447 2468/2693/2386 2520/2738/2434 2533/2748/2444
f 2734/3186/2459 2735/3185/2454 2546/2757/2453 2549/2764/2460
f 2476/2701/2394 2479/2702/2395 2541/2752/2448 2542/2755/2451
f 2477/2700/2393 2482/2703/2396 2479/2702/2395 2476/2701/2394
f 2487/2710/2404 2490/2711/2405 2482/2703/2396 2477/2700/2393
f 2495/2717/2412 2498/2718/2413 2490/2711/2405 2487/2710/2404
f 2503/2724/2420 2506/2725/2421 2498/2718/2413 2495/2717/2412
f 2513/2732/2428 2516/2733/2429 2506/2725/2421 2503/2724/2420
f 2736/3184/2455 2737/3183/2463 2555/2768/2464 2545/2760/2456
f 2480/2704/2398 2628/2769/2465 2539/2770/2466 2540/2753/2449
f 2557/2772/2467 2560/2773/2468 2559/2774/2469 2558/2775/2470
f 2558/2775/2470 2738/3181/2471 2693/2777/2472 2557/2772/2467
f 2560/2773/2468 2564/2778/2473 2563/2779/2474 2559/2774/2469
f 2564/2778/2473 2566/2780/2475 2565/2781/2476 2563/2779/2474
f 2567/2782/2477 2570/2783/2478 2569/2784/2479 2568/2785/2480
f 2568/2785/2480 2572/2786/2481 2571/2787/2482 2567/2782/2477
f 2572/2786/2481 2111/2397/2074 2112/2396/2073 2571/2787/2482
f 2113/2398/2075 2574/2788/2483 2573/2789/2484 2114/2399/2076
f 2574/2788/2483 2576/2790/2485 2575/2791/2486 2573/2789/2484
f 2576/2790/2485 2578/2792/2487 2577/2793/2488 2575/2791/2486
f 2578/2792/2487 2580/2794/2489 2579/2795/2490 2577/2793/2488
f 2580/2794/2489 2582/2796/2491 2581/2797/2492 2579/2795/2490
f 2582/2796/2491 2584/2798/2493 2583/2799/2494 2581/2797/2492
f 2584/2798/2493 2561/2800/2495 2562/2801/2496 2583/2799/2494
f 2566/2780/2475 2569/2784/2479 2570/2783/2478 2565/2781/2476
f 2557/2772/2467 2537/2802/2497 2536/2803/2498 2560/2773/2468
f 2564/2778/2473 2535/2750/2446 2534/2751/2447 2566/2780/2475
f 2572/2786/2481 2531/2747/2443 2107/2353/2030 2111/2397/2074
f 2113/2398/2075 2108/2362/2039 2544/2756/2452 2574/2788/2483
f 2576/2790/2485 2543/2754/2450 2542/2755/2451 2578/2792/2487
f 2580/2794/2489 2541/2752/2448 2540/2753/2449 2582/2796/2491
f 2584/2798/2493 2539/2770/2466 2538/2804/2499 2561/2800/2495
f 2693/2777/2472 2694/3228/2500 2537/2802/2497 2557/2772/2467
f 2569/2784/2479 2533/2748/2444 2532/2749/2445 2568/2785/2480
f 2112/2396/2073 2110/2372/2049 2553/2766/2462 2571/2787/2482
f 2567/2782/2477 2550/2761/2457 2549/2764/2460 2570/2783/2478
f 2565/2781/2476 2546/2757/2453 2545/2760/2456 2563/2779/2474
f 2559/2774/2469 2555/2768/2464 2558/2775/2470
f 2556/2806/2501 2583/2799/2494 2562/2801/2496
f 2548/2807/2502 2579/2795/2490 2581/2797/2492 2547/2808/2503
f 2552/2809/2504 2575/2791/2486 2577/2793/2488 2551/2810/2505
f 2109/2423/2100 2114/2399/2076 2573/2789/2484 2554/2811/2506
f 2555/2768/2464 2737/3183/2463 2738/3181/2471 2558/2775/2470
f 2568/2785/2480 2532/2749/2445 2531/2747/2443 2572/2786/2481
f 2553/2766/2462 2550/2761/2457 2567/2782/2477 2571/2787/2482
f 2573/2789/2484 2575/2791/2486 2552/2809/2504 2554/2811/2506
f 2544/2756/2452 2543/2754/2450 2576/2790/2485 2574/2788/2483
f 2566/2780/2475 2534/2751/2447 2533/2748/2444 2569/2784/2479
f 2549/2764/2460 2546/2757/2453 2565/2781/2476 2570/2783/2478
f 2577/2793/2488 2579/2795/2490 2548/2807/2502 2551/2810/2505
f 2542/2755/2451 2541/2752/2448 2580/2794/2489 2578/2792/2487
f 2560/2773/2468 2536/2803/2498 2535/2750/2446 2564/2778/2473
f 2545/2760/2456 2555/2768/2464 2559/2774/2469 2563/2779/2474
f 2581/2797/2492 2583/2799/2494 2556/2806/2501 2547/2808/2503
f 2540/2753/2449 2539/2770/2466 2584/2798/2493 2582/2796/2491
f 2428/2812/2507 2364/2813/2508 2365/2814/2509 2427/2815/2510
f 2396/2816/2511 1957/2432/2109 1959/2431/2108 2395/2817/2512
f 1958/2433/2110 2401/2818/2513 2402/2819/2514 1960/2434/2111
f 2350/2820/2515 2417/2821/2516 2418/2822/2517 2353/2823/2518
f 2351/2824/2519 2433/2825/2520 2434/2826/2521 2354/2827/2522
f 2427/2815/2510 2365/2814/2509 2366/2828/2523 2426/2829/2524
f 2395/2817/2512 1959/2431/2108 1961/2448/2125 2394/2830/2525
f 1960/2434/2111 2402/2819/2514 2403/2831/2526 1962/2449/2126
f 2353/2823/2518 2418/2822/2517 2419/2832/2527 2356/2833/2528
f 2354/2827/2522 2434/2826/2521 2435/2834/2529 2357/2835/2530
f 2426/2829/2524 2366/2828/2523 2367/2836/2531 2425/2837/2532
f 2394/2830/2525 1961/2448/2125 1963/2458/2135 2393/2838/2533
f 1962/2449/2126 2403/2831/2526 2404/2839/2534 1964/2459/2136
f 2356/2833/2528 2419/2832/2527 2420/2840/2535 2359/2841/2536
f 2357/2835/2530 2435/2834/2529 2436/2842/2537 2360/2843/2538
f 2425/2837/2532 2367/2836/2531 2368/2844/2539 2424/2845/2540
f 2393/2838/2533 1963/2458/2135 1965/2468/2145 2392/2846/2541
f 1964/2459/2136 2404/2839/2534 2405/2847/2542 1966/2469/2146
f 2359/2841/2536 2420/2840/2535 2421/2848/2543 2362/2849/2544
f 2360/2843/2538 2436/2842/2537 2437/2850/2545 2363/2851/2546
f 2424/2845/2540 2368/2844/2539 2370/2852/2547 2423/2853/2548
f 2392/2846/2541 1965/2468/2145 1967/2478/2155 2391/2854/2549
f 1966/2469/2146 2405/2847/2542 2406/2855/2550 1968/2479/2156
f 2362/2849/2544 2421/2848/2543 2422/2856/2551 2376/2857/2552
f 2363/2851/2546 2437/2850/2545 2438/2858/2553 2375/2859/2554
f 2411/2860/2555 2412/2861/2556 2349/2862/2557 2352/2863/2558
f 2410/2864/2559 2411/2860/2555 2352/2863/2558 2355/2865/2560
f 2409/2866/2561 2410/2864/2559 2355/2865/2560 2358/2867/2562
f 2408/2868/2563 2409/2866/2561 2358/2867/2562 2361/2869/2564
f 2407/2870/2565 2408/2868/2563 2361/2869/2564 2369/2871/2566
f 2397/2872/2567 1969/2498/2175 1957/2432/2109 2396/2816/2511
f 2413/2873/2568 2377/2874/2569 2349/2862/2557 2412/2861/2556
f 2429/2875/2570 2378/2876/2571 2364/2813/2508 2428/2812/2507
f 2383/2877/2572 2432/2878/2573 2433/2825/2520 2351/2824/2519
f 2384/2879/2574 2416/2880/2575 2417/2821/2516 2350/2820/2515
f 1970/2507/2184 2400/2881/2576 2401/2818/2513 1958/2433/2110
f 2386/2882/2577 2430/2883/2578 2703/3218/2579 2704/3217/2580
f 2387/2886/2581 2414/2887/2582 2705/3216/2583 2706/3215/2584
f 1971/2517/2194 2398/2890/2585 2707/3214/2586 2708/3213/2195
f 2361/2869/2564 2392/2846/2541 2391/2854/2549 2369/2871/2566
f 2358/2867/2562 2393/2838/2533 2392/2846/2541 2361/2869/2564
f 2355/2865/2560 2394/2830/2525 2393/2838/2533 2358/2867/2562
f 2352/2863/2558 2395/2817/2512 2394/2830/2525 2355/2865/2560
f 2349/2862/2557 2396/2816/2511 2395/2817/2512 2352/2863/2558
f 2377/2874/2569 2397/2872/2567 2396/2816/2511 2349/2862/2557
f 2707/3214/2586 2398/2890/2585 2387/2886/2581 2706/3215/2584
f 2401/2818/2513 2400/2881/2576 2384/2879/2574 2350/2820/2515
f 2402/2819/2514 2401/2818/2513 2350/2820/2515 2353/2823/2518
f 2403/2831/2526 2402/2819/2514 2353/2823/2518 2356/2833/2528
f 2404/2839/2534 2403/2831/2526 2356/2833/2528 2359/2841/2536
f 2405/2847/2542 2404/2839/2534 2359/2841/2536 2362/2849/2544
f 2406/2855/2550 2405/2847/2542 2362/2849/2544 2376/2857/2552
f 2370/2852/2547 2368/2844/2539 2408/2868/2563 2407/2870/2565
f 2368/2844/2539 2367/2836/2531 2409/2866/2561 2408/2868/2563
f 2367/2836/2531 2366/2828/2523 2410/2864/2559 2409/2866/2561
f 2366/2828/2523 2365/2814/2509 2411/2860/2555 2410/2864/2559
f 2365/2814/2509 2364/2813/2508 2412/2861/2556 2411/2860/2555
f 2378/2876/2571 2413/2873/2568 2412/2861/2556 2364/2813/2508
f 2705/3216/2583 2414/2887/2582 2386/2882/2577 2704/3217/2580
f 2417/2821/2516 2416/2880/2575 2383/2877/2572 2351/2824/2519
f 2418/2822/2517 2417/2821/2516 2351/2824/2519 2354/2827/2522
f 2419/2832/2527 2418/2822/2517 2354/2827/2522 2357/2835/2530
f 2420/2840/2535 2419/2832/2527 2357/2835/2530 2360/2843/2538
f 2421/2848/2543 2420/2840/2535 2360/2843/2538 2363/2851/2546
f 2422/2856/2551 2421/2848/2543 2363/2851/2546 2375/2859/2554
f 2703/3218/2579 2430/2883/2578 2385/2892/2587 2702/3219/2588
f 2439/2894/2589 2440/2895/2590 2442/2896/2591 2441/2897/2592
f 2440/2895/2590 2439/2894/2589 2700/3221/2593 2701/3220/2594
f 2441/2897/2592 2442/2896/2591 2444/2900/2595 2443/2901/2596
f 2443/2901/2596 2444/2900/2595 2463/2902/2597 2464/2903/2598
f 2445/2904/2599 2446/2905/2600 2465/2906/2601 2466/2907/2602
f 2446/2905/2600 2445/2904/2599 2448/2908/2603 2447/2909/2604
f 2447/2909/2604 2448/2908/2603 1976/2540/2217 1975/2539/2216
f 1974/2541/2218 1973/2544/2221 2449/2910/2605 2450/2911/2606
f 2450/2911/2606 2449/2910/2605 2451/2912/2607 2452/2913/2608
f 2452/2913/2608 2451/2912/2607 2453/2914/2609 2454/2915/2610
f 2454/2915/2610 2453/2914/2609 2455/2916/2611 2456/2917/2612
f 2456/2917/2612 2455/2916/2611 2457/2918/2613 2458/2919/2614
f 2458/2919/2614 2457/2918/2613 2459/2920/2615 2460/2921/2616
f 2460/2921/2616 2459/2920/2615 2462/2922/2617 2461/2923/2618
f 2464/2903/2598 2463/2902/2597 2466/2907/2602 2465/2906/2601
f 2439/2894/2589 2441/2897/2592 2379/2924/2619 2380/2925/2620
f 2443/2901/2596 2464/2903/2598 2378/2876/2571 2429/2875/2570
f 2447/2909/2604 1975/2539/2216 1969/2498/2175 2397/2872/2567
f 1974/2541/2218 2450/2911/2606 2400/2881/2576 1970/2507/2184
f 2452/2913/2608 2454/2915/2610 2416/2880/2575 2384/2879/2574
f 2456/2917/2612 2458/2919/2614 2432/2878/2573 2383/2877/2572
f 2460/2921/2616 2461/2923/2618 2381/2926/2621 2382/2927/2622
f 2700/3221/2593 2439/2894/2589 2380/2925/2620 2699/3222/2623
f 2465/2906/2601 2446/2905/2600 2377/2874/2569 2413/2873/2568
f 1976/2540/2217 2448/2908/2603 2398/2890/2585 1971/2517/2194
f 2445/2904/2599 2466/2907/2602 2414/2887/2582 2387/2886/2581
f 2463/2902/2597 2444/2900/2595 2430/2883/2578 2386/2882/2577
f 2442/2896/2591 2440/2895/2590 2385/2892/2587
f 2388/2929/2624 2462/2922/2617 2459/2920/2615
f 2389/2930/2625 2431/2931/2626 2457/2918/2613 2455/2916/2611
f 2390/2932/2627 2415/2933/2628 2453/2914/2609 2451/2912/2607
f 1972/2567/2244 2399/2934/2629 2449/2910/2605 1973/2544/2221
f 2385/2892/2587 2440/2895/2590 2701/3220/2594 2702/3219/2588
f 2446/2905/2600 2447/2909/2604 2397/2872/2567 2377/2874/2569
f 2398/2890/2585 2448/2908/2603 2445/2904/2599 2387/2886/2581
f 2449/2910/2605 2399/2934/2629 2390/2932/2627 2451/2912/2607
f 2400/2881/2576 2450/2911/2606 2452/2913/2608 2384/2879/2574
f 2464/2903/2598 2465/2906/2601 2413/2873/2568 2378/2876/2571
f 2414/2887/2582 2466/2907/2602 2463/2902/2597 2386/2882/2577
f 2453/2914/2609 2415/2933/2628 2389/2930/2625 2455/2916/2611
f 2416/2880/2575 2454/2915/2610 2456/2917/2612 2383/2877/2572
f 2441/2897/2592 2443/2901/2596 2429/2875/2570 2379/2924/2619
f 2430/2883/2578 2444/2900/2595 2442/2896/2591 2385/2892/2587
f 2457/2918/2613 2431/2931/2626 2388/2929/2624 2459/2920/2615
f 2432/2878/2573 2458/2919/2614 2460/2921/2616 2382/2927/2622
f 2596/2935/2630 2424/2845/2540 2423/2853/2548 2371/2936/2631
f 2616/2937/2632 2507/2938/2633 2510/2727/2423 2500/2719/2415
f 2585/2939/2634 2586/2940/2635 2697/3224/2636 2698/3223/2637
f 2586/2940/2635 2585/2939/2634 2587/2943/2638 2588/2944/2639
f 2588/2944/2639 2587/2943/2638 2601/2945/2640 2602/2946/2641
f 2589/2947/2642 2590/3098/2643 2604/3100/2644 2603/2948/2645
f 2590/3098/2643 2589/2947/2642 2591/2949/2646 2592/2950/2647
f 2593/2951/2648 2594/2952/2649 2595/2953/2650 2596/2935/2630
f 2594/2952/2649 2593/2951/2648 2758/3168/2651 2759/3167/2652
f 2596/2935/2630 2595/2953/2650 2610/2956/2653 2609/2957/2654
f 2597/2958/2655 2598/2959/2656 2600/2955/2657 2599/2954/2658
f 2598/2959/2656 2597/2958/2655 2611/2960/2659 2612/2961/2660
f 2602/2946/2641 2601/2945/2640 2605/2962/2661 2606/2963/2662
f 2603/2948/2645 2604/3100/2644 2608/3102/2663 2607/2964/2664
f 2606/2963/2662 2605/2962/2661 2609/2957/2654 2610/2956/2653
f 2607/2964/2664 2608/3102/2663 2612/2961/2660 2611/2960/2659
f 2613/2965/2665 2614/2966/2666 2760/3166/2667 2761/3164/2668
f 2614/2966/2666 2613/2965/2665 2616/3148/2632 2615/2969/2669
f 2615/2969/2669 2616/3148/2632 2630/3143/2670 2629/2971/2671
f 2617/2972/2672 2618/3146/2673 2620/3147/2674 2619/2967/2675
f 2618/3146/2673 2617/2972/2672 2635/3092/2676 2636/2771/2677
f 2621/3145/2678 2622/2975/2679 2633/2976/2680 2634/3142/2681
f 2622/2975/2679 2621/3145/2678 2624/3144/2682 2623/2979/2683
f 2623/2979/2683 2624/3144/2682 2695/3227/2684 2696/3225/2685
f 2625/2982/2686 2626/2983/2687 2628/3132/2465 2627/2984/2688
f 2629/2971/2671 2630/3143/2670 2632/3141/2689 2631/2986/2690
f 2631/2986/2690 2632/3141/2689 2634/3142/2681 2633/2976/2680
f 2613/3126/2665 2508/2987/2691 2507/2938/2633 2616/2937/2632
f 2618/2973/2673 2518/2988/2692 2517/2989/2693 2620/2968/2674
f 2761/3165/2668 2762/3163/2694 2508/2987/2691 2613/3126/2665
f 2537/2802/2497 2624/2978/2682 2621/2974/2678 2536/2803/2498
f 2694/3228/2500 2695/3226/2684 2624/2978/2682 2537/2802/2497
f 2539/2770/2466 2628/2769/2465 2626/3140/2687 2538/2804/2499
f 2630/2970/2670 2616/2937/2632 2500/2719/2415 2492/2712/2407
f 2632/2985/2689 2630/2970/2670 2492/2712/2407 2484/2705/2399
f 2634/2977/2681 2632/2985/2689 2484/2705/2399 2470/2691/2384
f 2621/2974/2678 2634/2977/2681 2470/2691/2384 2467/2690/2383
f 2536/2803/2498 2621/2974/2678 2467/2690/2383 2535/2750/2446
f 2505/2726/2422 2618/2973/2673 2636/3130/2677 2497/3096/2414
f 2515/2734/2430 2518/2988/2692 2618/2973/2673 2505/2726/2422
f 2593/2951/2648 2596/2935/2630 2371/2936/2631 2372/2990/2695
f 2597/2958/2655 2599/2954/2658 2373/2991/2696 2374/2992/2697
f 2758/3168/2651 2593/2951/2648 2372/2990/2695 2757/3114/2698
f 2380/2925/2620 2379/2924/2619 2587/2943/2638 2585/2939/2634
f 2699/3222/2623 2380/2925/2620 2585/2939/2634 2698/3223/2637
f 2382/2927/2622 2381/2926/2621 2591/2949/2646 2589/2947/2642
f 2609/2957/2654 2425/2837/2532 2424/2845/2540 2596/2935/2630
f 2605/2962/2661 2426/2829/2524 2425/2837/2532 2609/2957/2654
f 2601/2945/2640 2427/2815/2510 2426/2829/2524 2605/2962/2661
f 2587/2943/2638 2428/2812/2507 2427/2815/2510 2601/2945/2640
f 2379/2924/2619 2429/2875/2570 2428/2812/2507 2587/2943/2638
f 2433/2825/2520 2432/2878/2573 2382/2927/2622 2589/2947/2642
f 2434/2826/2521 2433/2825/2520 2589/2947/2642 2603/2948/2645
f 2435/2834/2529 2434/2826/2521 2603/2948/2645 2607/2964/2664
f 2436/2842/2537 2435/2834/2529 2607/2964/2664 2611/2960/2659
f 2437/2850/2545 2436/2842/2537 2611/2960/2659 2597/2958/2655
f 2438/2858/2553 2437/2850/2545 2597/2958/2655 2374/2992/2697
f 2594/2952/2649 2614/2966/2666 2615/2969/2669 2595/2953/2650
f 2598/2959/2656 2617/2972/2672 2619/2967/2675 2600/2955/2657
f 2759/3167/2652 2760/3166/2667 2614/2966/2666 2594/2952/2649
f 2588/2944/2639 2622/2975/2679 2623/2979/2683 2586/2940/2635
f 2586/2940/2635 2623/2979/2683 2696/3225/2685 2697/3224/2636
f 2592/2950/2647 2625/2982/2686 2627/2984/2688 2590/3098/2643
f 2610/2956/2653 2595/2953/2650 2615/2969/2669 2629/2971/2671
f 2610/2956/2653 2629/2971/2671 2631/2986/2690 2606/2963/2662
f 2606/2963/2662 2631/2986/2690 2633/2976/2680 2602/2946/2641
f 2602/2946/2641 2633/2976/2680 2622/2975/2679 2588/2944/2639
f 2612/2961/2660 2635/3092/2676 2617/2972/2672 2598/2959/2656
f 2286/2626/2315 2285/2629/2318 2647/2993/2699 2648/2994/2700
f 2287/2630/2319 2288/2633/2322 2646/2995/2701 2645/2996/2702
f 2637/2997/2703 2638/2998/2704 2765/3159/2705 2766/3157/2706
f 2638/2998/2704 2637/2997/2703 2639/3001/2707 2640/3002/2708
f 2640/3002/2708 2639/3001/2707 2641/3003/2709 2642/3004/2710
f 2642/3004/2710 2641/3003/2709 2661/3005/2711 2662/3006/2712
f 2643/3007/2713 2644/3008/2714 2664/3009/2715 2663/3010/2716
f 2644/3008/2714 2643/3007/2713 2645/2996/2702 2646/2995/2701
f 2648/2994/2700 2647/2993/2699 2649/3011/2717 2650/3012/2718
f 2650/3012/2718 2649/3011/2717 2651/3013/2719 2652/3014/2720
f 2652/3014/2720 2651/3013/2719 2653/3015/2721 2654/3016/2722
f 2654/3016/2722 2653/3015/2721 2655/3017/2723 2656/3018/2724
f 2656/3018/2724 2655/3017/2723 2657/3019/2725 2658/3020/2726
f 2658/3020/2726 2657/3019/2725 2659/3000/2727 2660/2999/2728
f 2662/3006/2712 2661/3005/2711 2663/3010/2716 2664/3009/2715
f 2391/2854/2549 1967/2478/2155 2287/2630/2319 2645/2996/2702
f 2663/3010/2716 2407/2870/2565 2369/2871/2566 2643/3007/2713
f 2423/2853/2548 2370/2852/2547 2661/3005/2711 2641/3003/2709
f 2372/2990/2695 2371/2936/2631 2639/3001/2707 2637/2997/2703
f 2766/3157/2706 2757/3114/2698 2372/2990/2695 2637/2997/2703
f 2374/2992/2697 2373/2991/2696 2659/3000/2727 2657/3019/2725
f 2375/2859/2554 2438/2858/2553 2655/3017/2723 2653/3015/2721
f 2376/2857/2552 2422/2856/2551 2651/3013/2719 2649/3011/2717
f 1968/2479/2156 2406/2855/2550 2647/2993/2699 2285/2629/2318
f 2369/2871/2566 2391/2854/2549 2645/2996/2702 2643/3007/2713
f 2647/2993/2699 2406/2855/2550 2376/2857/2552 2649/3011/2717
f 2661/3005/2711 2370/2852/2547 2407/2870/2565 2663/3010/2716
f 2651/3013/2719 2422/2856/2551 2375/2859/2554 2653/3015/2721
f 2371/2936/2631 2423/2853/2548 2641/3003/2709 2639/3001/2707
f 2655/3017/2723 2438/2858/2553 2374/2992/2697 2657/3019/2725
f 2318/2658/2349 2317/3064/2352 2665/3062/2729 2666/3022/2730
f 2319/2662/2353 2320/2665/2356 2692/3023/2731 2691/3050/2732
f 2666/3022/2730 2665/3062/2729 2669/3061/2733 2670/3026/2734
f 2667/3060/2735 2668/3028/2736 2670/3026/2734 2669/3061/2733
f 2668/3028/2736 2667/3060/2735 2671/3059/2737 2672/3030/2738
f 2672/3030/2738 2671/3059/2737 2673/3058/2739 2674/3032/2740
f 2674/3032/2740 2673/3058/2739 2675/3057/2741 2676/3034/2742
f 2676/3034/2742 2675/3057/2741 2677/3056/2743 2678/3036/2744
f 2678/3036/2744 2677/3056/2743 2763/3162/2745 2764/3160/2746
f 2680/3038/2747 2679/3055/2748 2681/3054/2749 2682/3040/2750
f 2682/3040/2750 2681/3054/2749 2683/3053/2751 2684/3042/2752
f 2684/3042/2752 2683/3053/2751 2685/3052/2753 2686/3044/2754
f 2686/3044/2754 2685/3052/2753 2687/3051/2755 2688/3046/2756
f 2688/3046/2756 2687/3051/2755 2689/3049/2757 2690/3048/2758
f 2690/3048/2758 2689/3049/2757 2691/3050/2732 2692/3023/2731
f 2511/2729/2425 2665/3021/2729 2317/2661/2352 2105/2332/2009
f 2667/3027/2735 2669/3025/2733 2530/2746/2442 2529/2745/2441
f 2510/2727/2423 2673/3031/2739 2671/3029/2737 2509/2728/2424
f 2508/2987/2691 2677/3035/2743 2675/3033/2741 2507/2938/2633
f 2762/3163/2694 2763/3161/2745 2677/3035/2743 2508/2987/2691
f 2518/2988/2692 2681/3039/2749 2679/3037/2748 2517/2989/2693
f 2516/2733/2429 2685/3043/2753 2683/3041/2751 2515/2734/2430
f 2514/2731/2427 2689/3047/2757 2687/3045/2755 2513/2732/2428
f 2106/2335/2012 2319/3063/2353 2691/3024/2732 2512/2730/2426
f 2530/2746/2442 2669/3025/2733 2665/3021/2729 2511/2729/2425
f 2691/3024/2732 2689/3047/2757 2514/2731/2427 2512/2730/2426
f 2671/3029/2737 2667/3027/2735 2529/2745/2441 2509/2728/2424
f 2687/3045/2755 2685/3043/2753 2516/2733/2429 2513/2732/2428
f 2507/2938/2633 2675/3033/2741 2673/3031/2739 2510/2727/2423
f 2683/3041/2751 2681/3039/2749 2518/2988/2692 2515/2734/2430
f 2288/2633/2322 2318/2658/2349 2666/3022/2730 2646/2995/2701
f 2644/3008/2714 2670/3026/2734 2668/3028/2736 2664/3009/2715
f 2662/3006/2712 2672/3030/2738 2674/3032/2740 2642/3004/2710
f 2640/3002/2708 2676/3034/2742 2678/3036/2744 2638/2998/2704
f 2638/2998/2704 2678/3036/2744 2764/3160/2746 2765/3159/2705
f 2660/2999/2728 2680/3038/2747 2682/3040/2750 2658/3020/2726
f 2656/3018/2724 2684/3042/2752 2686/3044/2754 2654/3016/2722
f 2652/3014/2720 2688/3046/2756 2690/3048/2758 2650/3012/2718
f 2648/2994/2700 2692/3023/2731 2320/2665/2356 2286/2626/2315
f 2646/2995/2701 2666/3022/2730 2670/3026/2734 2644/3008/2714
f 2650/3012/2718 2690/3048/2758 2692/3023/2731 2648/2994/2700
f 2664/3009/2715 2668/3028/2736 2672/3030/2738 2662/3006/2712
f 2654/3016/2722 2686/3044/2754 2688/3046/2756 2652/3014/2720
f 2642/3004/2710 2674/3032/2740 2676/3034/2742 2640/3002/2708
f 2658/3020/2726 2682/3040/2750 2684/3042/2752 2656/3018/2724
f 2561/2800/2495 2538/2804/2499 2694/2805/2500 2693/3182/2472
f 2538/2804/2499 2626/3140/2687 2695/3139/2684 2694/2805/2500
f 2696/2981/2685 2695/2980/2684 2626/2983/2687 2625/2982/2686
f 2697/2941/2636 2696/2981/2685 2625/2982/2686 2592/2950/2647
f 2698/2942/2637 2697/2941/2636 2592/2950/2647 2591/2949/2646
f 2381/2926/2621 2699/2928/2623 2698/2942/2637 2591/2949/2646
f 2461/2923/2618 2700/2898/2593 2699/2928/2623 2381/2926/2621
f 2701/2899/2594 2700/2898/2593 2461/2923/2618 2462/2922/2617
f 2702/2893/2588 2701/2899/2594 2462/2922/2617 2388/2929/2624
f 2431/2931/2626 2703/2884/2579 2702/2893/2588 2388/2929/2624
f 2704/2885/2580 2703/2884/2579 2431/2931/2626 2389/2930/2625
f 2415/2933/2628 2705/2888/2583 2704/2885/2580 2389/2930/2625
f 2706/2889/2584 2705/2888/2583 2415/2933/2628 2390/2932/2627
f 2399/2934/2629 2707/2891/2586 2706/2889/2584 2390/2932/2627
f 2708/2518/2195 2707/2891/2586 2399/2934/2629 1972/2567/2244
f 2709/2519/2196 2708/2518/2195 1972/2567/2244 2027/2568/2245
f 2027/2568/2245 2018/2565/2242 2710/2514/2191 2709/2519/2196
f 2711/2515/2192 2710/2514/2191 2018/2565/2242 2043/2566/2243
f 2043/2566/2243 2017/2563/2240 2712/2510/2187 2711/2515/2192
f 2713/2511/2188 2712/2510/2187 2017/2563/2240 2059/2564/2241
f 2059/2564/2241 2016/2562/2239 2714/2521/2198 2713/2511/2188
f 2715/2527/2204 2714/2521/2198 2016/2562/2239 2090/2556/2233
f 2716/2528/2205 2715/2527/2204 2090/2556/2233 2089/2555/2232
f 2089/2555/2232 2009/2560/2237 2717/2561/2238 2716/2528/2205
f 2009/2560/2237 2239/2585/2263 2718/2574/2251 2717/2561/2238
f 2719/2575/2252 2718/2574/2251 2239/2585/2263 2240/2584/2262
f 2720/2614/2300 2719/2575/2252 2240/2584/2262 2273/2616/2302
f 2721/3137/2301 2720/2614/2300 2273/2616/2302 2274/3138/2304
f 2186/2416/2093 2722/2417/2094 2721/2615/2301 2274/2617/2304
f 2209/2413/2090 2723/2384/2061 2722/2417/2094 2186/2416/2093
f 2724/2385/2062 2723/2384/2061 2209/2413/2090 2210/2412/2089
f 2725/2377/2054 2724/2385/2062 2210/2412/2089 2204/2418/2095
f 2195/2420/2097 2726/2366/2043 2725/2377/2054 2204/2418/2095
f 2727/2367/2044 2726/2366/2043 2195/2420/2097 2196/2419/2096
f 2199/2422/2099 2728/2370/2047 2727/2367/2044 2196/2419/2096
f 2729/2371/2048 2728/2370/2047 2199/2422/2099 2200/2421/2098
f 2202/2424/2101 2730/2374/2051 2729/2371/2048 2200/2421/2098
f 2731/2375/2052 2730/2374/2051 2202/2424/2101 2109/2423/2100
f 2732/2765/2461 2731/2375/2052 2109/2423/2100 2554/2811/2506
f 2554/2811/2506 2552/2809/2504 2733/2762/2458 2732/2765/2461
f 2734/2763/2459 2733/2762/2458 2552/2809/2504 2551/2810/2505
f 2551/2810/2505 2548/2807/2502 2735/2758/2454 2734/2763/2459
f 2736/2759/2455 2735/2758/2454 2548/2807/2502 2547/2808/2503
f 2547/2808/2503 2556/2806/2501 2737/2767/2463 2736/2759/2455
f 2738/2776/2471 2737/2767/2463 2556/2806/2501 2562/2801/2496
f 2693/3182/2472 2738/2776/2471 2562/2801/2496 2561/2800/2495
f 2739/3135/2759 2740/3088/2760 2742/3091/2761 2741/3134/2762
f 2740/3088/2760 2739/3135/2759 2276/3079/2056 2275/3080/2303
f 2741/3134/2762 2742/3091/2761 2283/3090/2293 2284/3133/2292
f 2129/3083/1975 2128/3081/1974 2276/3136/2056 2739/3082/2759
f 2137/3085/1985 2129/3083/1975 2739/3082/2759 2741/3084/2762
f 2145/2318/1995 2137/3085/1985 2741/3084/2762 2284/2379/2292
f 2238/2583/2261 2252/3086/2260 2740/3088/2760 2275/3080/2303
f 2252/3086/2260 2256/3087/2280 2742/3091/2761 2740/3088/2760
f 2256/3087/2280 2260/3089/2275 2283/3090/2293 2742/3091/2761
f 2743/3131/2763 2744/3099/2764 2627/2984/2688 2628/3132/2465
f 2744/3099/2764 2743/3131/2763 2745/3129/2765 2746/3101/2766
f 2746/3101/2766 2745/3129/2765 2636/2771/2677 2635/3092/2676
f 2481/3093/2397 2743/3095/2763 2628/2769/2465 2480/2704/2398
f 2489/3094/2406 2745/3097/2765 2743/3095/2763 2481/3093/2397
f 2497/3096/2414 2636/3130/2677 2745/3097/2765 2489/3094/2406
f 2590/3098/2643 2627/2984/2688 2744/3099/2764 2604/3100/2644
f 2604/3100/2644 2744/3099/2764 2746/3101/2766 2608/3102/2663
f 2608/3102/2663 2746/3101/2766 2635/3092/2676 2612/2961/2660
f 2001/2625/2313 2311/2635/2348 2748/3104/2324 2747/3170/2314
f 2749/3105/2325 2748/3104/2324 2311/2635/2348 2312/2636/2347
f 2750/3106/2369 2749/3105/2325 2312/2636/2347 2336/2678/2371
f 2751/3108/2370 2750/3106/2369 2336/2678/2371 2335/3071/2374
f 2165/2621/2308 2752/3109/2310 2751/3107/2370 2335/2679/2374
f 2268/2600/2290 2753/3127/2282 2752/3109/2310 2165/2621/2308
f 2754/3111/2283 2753/3110/2282 2268/3155/2290 2267/2601/2289
f 2248/2589/2273 2755/3112/2267 2754/3111/2283 2267/2601/2289
f 2756/3113/2268 2755/3112/2267 2248/2589/2273 2247/2590/2272
f 2247/2590/2272 2001/2625/2313 2747/3170/2314 2756/3113/2268
f 2599/2954/2658 2758/3115/2651 2757/3158/2698 2373/2991/2696
f 2759/3116/2652 2758/3115/2651 2599/2954/2658 2600/2955/2657
f 2600/2955/2657 2619/2967/2675 2760/3117/2667 2759/3116/2652
f 2761/3125/2668 2760/3117/2667 2619/2967/2675 2620/3147/2674
f 2620/2968/2674 2517/2989/2693 2762/3119/2694 2761/3118/2668
f 2517/2989/2693 2679/3037/2748 2763/3121/2745 2762/3119/2694
f 2764/3122/2746 2763/3120/2745 2679/3055/2748 2680/3038/2747
f 2765/3123/2705 2764/3122/2746 2680/3038/2747 2660/2999/2728
f 2766/3124/2706 2765/3123/2705 2660/2999/2728 2659/3000/2727
f 2373/2991/2696 2757/3158/2698 2766/3124/2706 2659/3000/2727
g default
v -0.001917 0.209164 -0.141966
v -0.001917 0.205360 -0.116284
v 0.057682 0.243366 -0.138001
v 0.056802 0.242958 -0.139269
v 0.032492 0.268475 -0.135997
v 0.031984 0.267696 -0.137295
v -0.001917 0.277666 -0.135264
v -0.001917 0.276752 -0.136572
v -0.036327 0.268475 -0.135997
v -0.035819 0.267696 -0.137295
v -0.061516 0.243366 -0.138001
v -0.060636 0.242958 -0.139269
v -0.070736 0.209065 -0.140737
v -0.069720 0.209164 -0.141966
v -0.061516 0.174765 -0.143475
v -0.060636 0.175369 -0.144662
v -0.036327 0.149655 -0.145478
v -0.035819 0.150631 -0.146637
v -0.001917 0.140465 -0.146212
v -0.001917 0.141576 -0.147359
v 0.032492 0.149655 -0.145478
v 0.031984 0.150631 -0.146637
v 0.057682 0.174765 -0.143475
v 0.056802 0.175369 -0.144662
v 0.066902 0.209065 -0.140737
v 0.065886 0.209164 -0.141966
v 0.057682 0.239758 -0.114178
v 0.056802 0.239154 -0.112990
v 0.032492 0.264868 -0.117500
v 0.031984 0.263893 -0.116342
v -0.001917 0.274059 -0.117665
v -0.001917 0.272948 -0.116518
v -0.036327 0.264868 -0.114779
v -0.035819 0.263893 -0.113621
v -0.061516 0.239759 -0.113100
v -0.060636 0.239154 -0.111911
v -0.070736 0.205458 -0.111419
v -0.069720 0.205360 -0.110191
v -0.061516 0.171158 -0.108910
v -0.060636 0.171566 -0.107641
v -0.036327 0.145941 -0.107627
v -0.035819 0.146927 -0.106479
v -0.001917 0.136757 -0.109555
v -0.001917 0.137880 -0.108418
v 0.032492 0.145941 -0.107777
v 0.031984 0.146927 -0.106629
v 0.057682 0.171158 -0.109582
v 0.056802 0.171566 -0.108313
v 0.066902 0.205458 -0.112116
v 0.065886 0.205360 -0.110888
vt 0.148659 0.760515
vt 0.148309 0.759972
vt 0.152355 0.755332
vt 0.152962 0.755598
vt 0.142390 0.762507
vt 0.142388 0.761857
vt 0.153170 0.749034
vt 0.153725 0.748987
vt 0.151487 0.743042
vt 0.152049 0.742701
vt 0.146792 0.738980
vt 0.147064 0.738387
vt 0.140745 0.737958
vt 0.140670 0.737314
vt 0.135020 0.740028
vt 0.134635 0.739508
vt 0.130949 0.744563
vt 0.130259 0.744287
vt 0.130495 0.750654
vt 0.129960 0.750687
vt 0.131747 0.756644
vt 0.131095 0.756997
vt 0.136391 0.760592
vt 0.136070 0.761156
vt 0.149718 0.771683
vt 0.102932 0.761292
vt 0.105881 0.748881
vt 0.136833 0.774702
vt 0.159292 0.761260
vt 0.094250 0.770935
vt 0.162677 0.747869
vt 0.082698 0.774206
vt 0.157858 0.734600
vt 0.070815 0.770429
vt 0.146776 0.726776
vt 0.062324 0.761329
vt 0.133609 0.725750
vt 0.059251 0.749078
vt 0.121745 0.730592
vt 0.062157 0.736507
vt 0.114410 0.740138
vt 0.070551 0.727556
vt 0.112750 0.751686
vt 0.082361 0.725243
vt 0.115811 0.762920
vt 0.094193 0.727355
vt 0.124471 0.771390
vt 0.102716 0.736361
vt 0.142039 0.749891
vt 0.082654 0.750984
vt 0.136407 0.775434
vt 0.123797 0.771895
vt 0.115133 0.763237
vt 0.112063 0.751725
vt 0.113703 0.739899
vt 0.121015 0.730163
vt 0.133089 0.725081
vt 0.146671 0.725941
vt 0.158257 0.733872
vt 0.163382 0.747716
vt 0.159758 0.761867
vt 0.149718 0.772547
vn 0.872055 0.487814 0.039483
vn 0.040398 0.102702 -0.993892
vn 0.023318 0.119726 -0.992533
vn 0.503321 0.856990 0.110617
vn 0.999485 -0.012998 -0.029359
vn 0.046646 0.079452 -0.995747
vn 0.000000 0.125958 -0.992036
vn -0.005490 0.990393 0.138175
vn -0.023318 0.119726 -0.992533
vn -0.505993 0.856405 0.102670
vn -0.040398 0.102702 -0.993892
vn -0.869862 0.491891 0.037184
vn -0.046646 0.079452 -0.995747
vn -0.999517 -0.012040 -0.028644
vn -0.040399 0.056211 -0.997601
vn -0.857486 -0.508520 -0.078266
vn -0.023326 0.039190 -0.998960
vn -0.497063 -0.860769 -0.109566
vn 0.000000 0.032952 -0.999457
vn -0.000365 -0.992547 -0.121864
vn 0.023325 0.039189 -0.998960
vn 0.495657 -0.861487 -0.110293
vn 0.040399 0.056211 -0.997601
vn 0.856783 -0.509511 -0.079505
vn 0.886961 0.449745 0.105022
vn -0.041232 0.067571 0.996862
vn -0.029847 0.067912 0.997245
vn 0.998409 -0.050073 0.025919
vn 0.521981 0.831777 0.188902
vn -0.021418 0.065853 0.997599
vn -0.009100 0.974733 0.223187
vn 0.039786 0.048431 0.998034
vn -0.524474 0.832680 0.177683
vn 0.054910 0.038814 0.997737
vn -0.883048 0.458529 0.099885
vn 0.039294 0.034748 0.998623
vn -0.998552 -0.047491 0.025287
vn 0.039554 0.062015 0.997291
vn -0.846012 -0.532445 -0.027702
vn 0.039269 0.085290 0.995582
vn -0.491099 -0.869165 -0.058083
vn 0.056550 0.077068 0.995421
vn -0.000656 -0.997383 -0.072303
vn 0.002213 0.066471 0.997786
vn 0.488477 -0.870622 -0.058374
vn -0.047098 0.080280 0.995659
vn 0.844547 -0.534723 -0.028487
vn -0.026882 0.087392 0.995811
vn 0.000000 0.079543 -0.996831
vn 0.008936 0.066717 0.997732
s 1
g body back_piece
usemtl head_plateSG
f 2769/3229/2767 2770/3230/2768 2772/3231/2769 2771/3232/2770
f 2770/3230/2768 2769/3229/2767 2791/3233/2771 2792/3234/2772
f 2771/3232/2770 2772/3231/2769 2774/3235/2773 2773/3236/2774
f 2773/3236/2774 2774/3235/2773 2776/3237/2775 2775/3238/2776
f 2775/3238/2776 2776/3237/2775 2778/3239/2777 2777/3240/2778
f 2777/3240/2778 2778/3239/2777 2780/3241/2779 2779/3242/2780
f 2779/3242/2780 2780/3241/2779 2782/3243/2781 2781/3244/2782
f 2781/3244/2782 2782/3243/2781 2784/3245/2783 2783/3246/2784
f 2783/3246/2784 2784/3245/2783 2786/3247/2785 2785/3248/2786
f 2785/3248/2786 2786/3247/2785 2788/3249/2787 2787/3250/2788
f 2787/3250/2788 2788/3249/2787 2790/3251/2789 2789/3252/2790
f 2789/3252/2790 2790/3251/2789 2792/3234/2772 2791/3233/2771
f 2793/3253/2791 2794/3290/2792 2816/3279/2793 2815/3256/2794
f 2794/3290/2792 2793/3253/2791 2795/3257/2795 2796/3289/2796
f 2796/3289/2796 2795/3257/2795 2797/3259/2797 2798/3288/2798
f 2798/3288/2798 2797/3259/2797 2799/3261/2799 2800/3287/2800
f 2800/3287/2800 2799/3261/2799 2801/3263/2801 2802/3286/2802
f 2802/3286/2802 2801/3263/2801 2803/3265/2803 2804/3285/2804
f 2804/3285/2804 2803/3265/2803 2805/3267/2805 2806/3284/2806
f 2806/3284/2806 2805/3267/2805 2807/3269/2807 2808/3283/2808
f 2808/3283/2808 2807/3269/2807 2809/3271/2809 2810/3282/2810
f 2810/3282/2810 2809/3271/2809 2811/3273/2811 2812/3281/2812
f 2812/3281/2812 2811/3273/2811 2813/3275/2813 2814/3280/2814
f 2814/3280/2814 2813/3275/2813 2815/3256/2794 2816/3279/2793
f 2769/3229/2767 2771/3232/2770 2795/3257/2795 2793/3253/2791
f 2771/3232/2770 2773/3236/2774 2797/3259/2797 2795/3257/2795
f 2773/3236/2774 2775/3238/2776 2799/3261/2799 2797/3259/2797
f 2775/3238/2776 2777/3240/2778 2801/3263/2801 2799/3261/2799
f 2777/3240/2778 2779/3242/2780 2803/3265/2803 2801/3263/2801
f 2779/3242/2780 2781/3244/2782 2805/3267/2805 2803/3265/2803
f 2781/3244/2782 2783/3246/2784 2807/3269/2807 2805/3267/2805
f 2783/3246/2784 2785/3248/2786 2809/3271/2809 2807/3269/2807
f 2785/3248/2786 2787/3250/2788 2811/3273/2811 2809/3271/2809
f 2787/3250/2788 2789/3252/2790 2813/3275/2813 2811/3273/2811
f 2789/3252/2790 2791/3233/2771 2815/3256/2794 2813/3275/2813
f 2791/3233/2771 2769/3229/2767 2793/3253/2791 2815/3256/2794
f 2772/3231/2769 2770/3230/2768 2767/3277/2815
f 2774/3235/2773 2772/3231/2769 2767/3277/2815
f 2776/3237/2775 2774/3235/2773 2767/3277/2815
f 2778/3239/2777 2776/3237/2775 2767/3277/2815
f 2780/3241/2779 2778/3239/2777 2767/3277/2815
f 2782/3243/2781 2780/3241/2779 2767/3277/2815
f 2784/3245/2783 2782/3243/2781 2767/3277/2815
f 2786/3247/2785 2784/3245/2783 2767/3277/2815
f 2788/3249/2787 2786/3247/2785 2767/3277/2815
f 2790/3251/2789 2788/3249/2787 2767/3277/2815
f 2792/3234/2772 2790/3251/2789 2767/3277/2815
f 2770/3230/2768 2792/3234/2772 2767/3277/2815
f 2794/3254/2792 2796/3258/2796 2768/3278/2816
f 2796/3258/2796 2798/3260/2798 2768/3278/2816
f 2798/3260/2798 2800/3262/2800 2768/3278/2816
f 2800/3262/2800 2802/3264/2802 2768/3278/2816
f 2802/3264/2802 2804/3266/2804 2768/3278/2816
f 2804/3266/2804 2806/3268/2806 2768/3278/2816
f 2806/3268/2806 2808/3270/2808 2768/3278/2816
f 2808/3270/2808 2810/3272/2810 2768/3278/2816
f 2810/3272/2810 2812/3274/2812 2768/3278/2816
f 2812/3274/2812 2814/3276/2814 2768/3278/2816
f 2814/3276/2814 2816/3255/2793 2768/3278/2816
f 2816/3255/2793 2794/3254/2792 2768/3278/2816
g default
v 0.099859 0.339554 -0.066679
v 0.056093 0.317726 -0.102421
v -0.003694 0.313201 -0.114981
v -0.063480 0.317726 -0.102421
v -0.107246 0.339554 -0.066679
v -0.123266 0.359468 -0.025509
v -0.107246 0.363863 0.028088
v -0.063480 0.376225 0.062401
v -0.003694 0.380750 0.074961
v 0.056093 0.376225 0.062401
v 0.099859 0.363863 0.028088
v 0.115879 0.359468 -0.025509
v 0.071710 0.364504 -0.072970
v 0.039841 0.358826 -0.100233
v -0.003694 0.356749 -0.109729
v -0.047228 0.358826 -0.100233
v -0.079098 0.364504 -0.072970
v -0.090763 0.372258 -0.037530
v -0.079098 0.383173 0.000415
v -0.047228 0.392026 0.025454
v -0.003694 0.395266 0.034619
v 0.039841 0.392026 0.025454
v 0.071710 0.383173 0.000415
v 0.083375 0.372258 -0.037530
v 0.054772 0.317154 -0.099521
v 0.097624 0.338809 -0.064897
v -0.003694 0.312919 -0.111755
v -0.062159 0.317154 -0.099521
v -0.105011 0.338809 -0.064897
v -0.120880 0.358318 -0.025122
v -0.105419 0.361258 0.027494
v -0.062535 0.373554 0.060836
v -0.003694 0.378106 0.073093
v 0.055147 0.373554 0.060836
v 0.098032 0.361258 0.027494
v 0.113493 0.358318 -0.025122
v 0.039038 0.356691 -0.097936
v 0.070388 0.362045 -0.071331
v -0.003694 0.354717 -0.107209
v -0.046426 0.356691 -0.097936
v -0.077775 0.362045 -0.071331
v -0.089463 0.369420 -0.036674
v -0.078265 0.380120 0.001097
v -0.046873 0.388852 0.025983
v -0.003694 0.392070 0.035134
v 0.039485 0.388852 0.025983
v 0.070877 0.380120 0.001097
v 0.082076 0.369420 -0.036674
v 0.117865 0.319005 -0.063306
v 0.117706 0.318441 -0.062809
v 0.066477 0.286880 -0.101996
v 0.066403 0.286094 -0.101313
v -0.003694 0.277698 -0.116736
v -0.003694 0.276931 -0.116038
v -0.073864 0.286880 -0.101996
v -0.073790 0.286094 -0.101313
v -0.125252 0.319005 -0.063306
v -0.125093 0.318441 -0.062809
v -0.144082 0.333908 -0.015428
v -0.143890 0.333412 -0.015141
v -0.125262 0.349633 0.050720
v -0.125118 0.348625 0.050937
v -0.073894 0.347003 0.077720
v -0.073845 0.345988 0.077504
v -0.003694 0.344732 0.097783
v -0.003694 0.343733 0.097495
v 0.066506 0.347003 0.077720
v 0.066458 0.345988 0.077504
v 0.117874 0.349633 0.050720
v 0.117731 0.348625 0.050937
v 0.136695 0.333908 -0.015428
v 0.136503 0.333412 -0.015141
v 0.048181 0.366279 -0.066607
v 0.047521 0.365656 -0.066072
v 0.026246 0.361924 -0.087158
v 0.025876 0.361350 -0.086359
v -0.003694 0.360325 -0.094677
v -0.003694 0.359771 -0.093784
v -0.033634 0.361924 -0.087159
v -0.033263 0.361350 -0.086359
v -0.055568 0.366279 -0.066607
v -0.054908 0.365656 -0.066072
v -0.063599 0.372252 -0.038515
v -0.062835 0.371544 -0.038361
v -0.055566 0.380365 -0.007633
v -0.054915 0.379547 -0.007758
v -0.033634 0.387254 0.012215
v -0.033268 0.386343 0.011839
v -0.003694 0.389774 0.019475
v -0.003694 0.388830 0.019014
v 0.026247 0.387254 0.012216
v 0.025881 0.386342 0.011840
v 0.048179 0.380365 -0.007633
v 0.047528 0.379547 -0.007758
v 0.056213 0.372252 -0.038515
v 0.055448 0.371544 -0.038361
v 0.115582 0.318479 -0.061522
v 0.116535 0.318163 -0.061887
v 0.065733 0.285884 -0.099834
v 0.065179 0.286493 -0.099151
v -0.003694 0.276838 -0.114360
v -0.003694 0.277535 -0.113567
v -0.073120 0.285884 -0.099834
v -0.072567 0.286493 -0.099151
v -0.123922 0.318163 -0.061887
v -0.122969 0.318479 -0.061522
v -0.142586 0.332931 -0.014957
v -0.141511 0.332979 -0.015080
v -0.124109 0.347580 0.050449
v -0.123242 0.347517 0.049749
v -0.073253 0.345012 0.076290
v -0.072742 0.345225 0.075386
v -0.003694 0.342907 0.096046
v -0.003694 0.343180 0.095030
v 0.065866 0.345012 0.076290
v 0.065355 0.345225 0.075386
v 0.116722 0.347580 0.050449
v 0.115855 0.347517 0.049749
v 0.135198 0.332931 -0.014957
v 0.134124 0.332979 -0.015080
v 0.026238 0.358787 -0.086495
v 0.025867 0.359630 -0.085987
v 0.047502 0.363930 -0.065696
v 0.048150 0.363133 -0.065925
v -0.003694 0.357192 -0.094014
v -0.003694 0.358053 -0.093412
v -0.033626 0.358787 -0.086495
v -0.033254 0.359630 -0.085987
v -0.055538 0.363133 -0.065925
v -0.054889 0.363930 -0.065696
v -0.063578 0.369097 -0.037830
v -0.062821 0.369813 -0.037985
v -0.055564 0.377315 -0.006561
v -0.054913 0.377874 -0.007171
v -0.033642 0.384208 0.013304
v -0.033272 0.384672 0.012436
v -0.003694 0.386732 0.020575
v -0.003694 0.387161 0.019616
v 0.026255 0.384209 0.013305
v 0.025885 0.384672 0.012436
v 0.048178 0.377315 -0.006561
v 0.047526 0.377874 -0.007171
v 0.056192 0.369097 -0.037830
v 0.055434 0.369813 -0.037985
vt 0.400149 0.254558
vt 0.410765 0.248291
vt 0.414367 0.251923
vt 0.407725 0.266280
vt 0.419808 0.251657
vt 0.420723 0.269161
vt 0.425247 0.251355
vt 0.433349 0.264942
vt 0.428452 0.247367
vt 0.439663 0.252495
vt 0.431010 0.242311
vt 0.438881 0.241390
vt 0.429919 0.235726
vt 0.441374 0.226357
vt 0.425242 0.231214
vt 0.430688 0.219036
vt 0.418646 0.229388
vt 0.417994 0.216896
vt 0.412277 0.231891
vt 0.405593 0.220347
vt 0.408093 0.236866
vt 0.395727 0.228740
vt 0.407694 0.243529
vt 0.399770 0.243433
vt 0.345699 0.260067
vt 0.338482 0.272308
vt 0.331140 0.259224
vt 0.334667 0.254735
vt 0.325223 0.276298
vt 0.325144 0.259652
vt 0.311926 0.272437
vt 0.319144 0.259278
vt 0.304596 0.260266
vt 0.315562 0.254825
vt 0.304783 0.248674
vt 0.312808 0.249343
vt 0.302405 0.233709
vt 0.313840 0.242427
vt 0.312469 0.225240
vt 0.318284 0.237189
vt 0.324959 0.222096
vt 0.325022 0.234673
vt 0.337477 0.225121
vt 0.331780 0.237132
vt 0.347620 0.233491
vt 0.336267 0.242330
vt 0.345386 0.248479
vt 0.337359 0.249229
vt 0.356918 0.265658
vt 0.357201 0.266100
vt 0.343446 0.292737
vt 0.343263 0.291848
vt 0.362377 0.245960
vt 0.362774 0.245694
vt 0.325329 0.298932
vt 0.325326 0.298098
vt 0.307155 0.292910
vt 0.307330 0.292020
vt 0.293149 0.266411
vt 0.293427 0.265967
vt 0.287373 0.246065
vt 0.287773 0.246327
vt 0.294770 0.218864
vt 0.295130 0.219704
vt 0.306646 0.202008
vt 0.306729 0.202790
vt 0.324816 0.193701
vt 0.324820 0.194450
vt 0.343068 0.201829
vt 0.342993 0.202611
vt 0.355109 0.218568
vt 0.354758 0.219412
vt 0.332444 0.253281
vt 0.332233 0.252935
vt 0.333811 0.248227
vt 0.334157 0.248420
vt 0.329421 0.256825
vt 0.329283 0.256384
vt 0.325134 0.257665
vt 0.325130 0.257269
vt 0.320836 0.256866
vt 0.320966 0.256422
vt 0.317763 0.253344
vt 0.317970 0.252996
vt 0.315996 0.248495
vt 0.316338 0.248288
vt 0.316799 0.242792
vt 0.317179 0.242835
vt 0.320122 0.238721
vt 0.320347 0.238988
vt 0.325032 0.236974
vt 0.325034 0.237325
vt 0.329956 0.238681
vt 0.329734 0.238950
vt 0.333310 0.242727
vt 0.332931 0.242774
vt 0.389467 0.261407
vt 0.357497 0.266474
vt 0.363174 0.245465
vt 0.382161 0.242161
vt 0.404055 0.287219
vt 0.343683 0.293407
vt 0.421886 0.291444
vt 0.325333 0.299587
vt 0.439180 0.285384
vt 0.306925 0.293582
vt 0.451000 0.258194
vt 0.292856 0.266788
vt 0.456264 0.238293
vt 0.286971 0.245840
vt 0.447598 0.211074
vt 0.294463 0.218169
vt 0.434426 0.196379
vt 0.306519 0.201458
vt 0.416524 0.188727
vt 0.324814 0.193262
vt 0.399516 0.198201
vt 0.343190 0.201277
vt 0.387946 0.214188
vt 0.355410 0.217870
vt 0.415892 0.249280
vt 0.328920 0.255489
vt 0.325124 0.256448
vt 0.419687 0.249330
vt 0.412941 0.246656
vt 0.331702 0.252175
vt 0.411076 0.242400
vt 0.332975 0.247754
vt 0.321316 0.255524
vt 0.423455 0.248885
vt 0.318485 0.252228
vt 0.426117 0.245968
vt 0.317168 0.247791
vt 0.427529 0.241541
vt 0.318080 0.242929
vt 0.426696 0.236091
vt 0.320913 0.239637
vt 0.423329 0.233097
vt 0.325037 0.238227
vt 0.418782 0.231980
vt 0.329173 0.239603
vt 0.414375 0.233564
vt 0.332030 0.242869
vt 0.411337 0.236893
vt 0.332603 0.247595
vt 0.331641 0.242924
vt 0.328916 0.239895
vt 0.325038 0.238609
vt 0.321172 0.239928
vt 0.318470 0.242982
vt 0.317540 0.247641
vt 0.318737 0.251959
vt 0.321459 0.255182
vt 0.325119 0.256128
vt 0.331445 0.251907
vt 0.328770 0.255149
vt 0.343725 0.201220
vt 0.324812 0.192943
vt 0.305982 0.201406
vt 0.294176 0.218291
vt 0.286780 0.245935
vt 0.292587 0.266799
vt 0.306547 0.293496
vt 0.325334 0.299911
vt 0.344060 0.293317
vt 0.357766 0.266482
vt 0.355698 0.217989
vt 0.363366 0.245558
vn -0.597756 -0.422914 0.681052
vn -0.453536 -0.628100 0.632293
vn -0.305904 -0.388316 0.869272
vn -0.359300 -0.167463 0.918074
vn 0.000000 -0.289565 0.957158
vn -0.000000 -0.082153 0.996620
vn 0.305904 -0.388315 0.869272
vn 0.359300 -0.167462 0.918074
vn 0.453535 -0.628101 0.632293
vn 0.597757 -0.422914 0.681051
vn 0.383231 -0.889711 0.248090
vn 0.640207 -0.746363 0.181872
vn 0.340929 -0.940003 -0.012767
vn 0.526084 -0.822864 -0.214781
vn 0.226898 -0.960180 -0.163010
vn 0.299539 -0.777863 -0.552454
vn 0.000000 -0.973213 -0.229904
vn -0.000000 -0.743823 -0.668377
vn -0.226900 -0.960178 -0.163015
vn -0.299539 -0.777863 -0.552455
vn -0.340932 -0.940001 -0.012770
vn -0.526084 -0.822864 -0.214780
vn -0.383236 -0.889709 0.248090
vn -0.640206 -0.746364 0.181872
vn 0.603214 0.423916 -0.675595
vn 0.361609 0.172175 -0.916294
vn 0.306954 0.401036 -0.863105
vn 0.459798 0.629162 -0.626691
vn 0.000000 0.087359 -0.996177
vn 0.000000 0.308675 -0.951168
vn -0.361609 0.172176 -0.916294
vn -0.306956 0.401033 -0.863105
vn -0.603214 0.423916 -0.675595
vn -0.459797 0.629163 -0.626690
vn -0.647280 0.739631 -0.184323
vn -0.400475 0.881675 -0.249538
vn -0.530063 0.821426 0.210460
vn -0.347864 0.937482 0.010901
vn -0.298300 0.781866 0.547452
vn -0.225583 0.960800 0.161172
vn -0.000000 0.749477 0.662030
vn -0.000000 0.973926 0.226866
vn 0.298300 0.781866 0.547452
vn 0.225584 0.960799 0.161176
vn 0.530063 0.821425 0.210460
vn 0.347867 0.937481 0.010903
vn 0.647281 0.739630 -0.184323
vn 0.400477 0.881674 -0.249538
vn 0.656091 0.344459 -0.671485
vn 0.604465 -0.792904 -0.076973
vn 0.393848 -0.884914 -0.248617
vn 0.363430 0.108699 -0.925258
vn 0.751230 0.643131 -0.148447
vn 0.719901 -0.657250 0.223081
vn 0.000000 -0.924569 -0.381014
vn 0.000000 0.027514 -0.999622
vn -0.393854 -0.884912 -0.248616
vn -0.363431 0.108700 -0.925258
vn -0.604477 -0.792895 -0.076976
vn -0.656091 0.344460 -0.671485
vn -0.719895 -0.657258 0.223078
vn -0.751230 0.643131 -0.148447
vn -0.621443 -0.513134 0.592033
vn -0.575844 0.742303 0.342623
vn -0.315553 -0.574888 0.754937
vn -0.317034 0.610419 0.725864
vn -0.000001 -0.634334 0.773060
vn -0.000000 0.511549 0.859254
vn 0.315557 -0.574884 0.754939
vn 0.317033 0.610418 0.725864
vn 0.621458 -0.513124 0.592025
vn 0.575843 0.742303 0.342624
vn -0.004814 0.978317 -0.207055
vn -0.810499 0.418212 0.410109
vn -0.952074 0.297137 -0.072553
vn -0.015921 0.970132 -0.242054
vn -0.003578 0.979149 -0.203111
vn -0.458948 0.484552 0.744699
vn 0.000002 0.979438 -0.201744
vn -0.000003 0.506714 0.862114
vn 0.003583 0.979151 -0.203101
vn 0.458909 0.484795 0.744565
vn 0.004818 0.978319 -0.207050
vn 0.810493 0.418266 0.410066
vn 0.015925 0.970132 -0.242053
vn 0.952151 0.296907 -0.072493
vn 0.020921 0.950960 -0.308607
vn 0.834457 0.147616 -0.530935
vn 0.013468 0.934532 -0.355624
vn 0.461385 0.012623 -0.887110
vn -0.000001 0.931454 -0.363860
vn 0.000023 -0.030245 -0.999543
vn -0.013470 0.934531 -0.355627
vn -0.461345 0.012807 -0.887128
vn -0.020919 0.950959 -0.308608
vn -0.834391 0.147920 -0.530953
vn -0.624242 -0.386141 0.679130
vn 0.260727 -0.921837 0.286771
vn 0.266014 -0.928469 0.259195
vn -0.711076 -0.685627 0.155840
vn -0.340763 -0.165977 0.925382
vn 0.197411 -0.946040 0.256976
vn -0.000000 -0.083754 0.996487
vn -0.000000 -0.983971 0.178328
vn 0.340763 -0.165977 0.925382
vn -0.197413 -0.946038 0.256983
vn 0.624243 -0.386140 0.679130
vn -0.260726 -0.921836 0.286776
vn 0.711076 -0.685627 0.155841
vn -0.266011 -0.928469 0.259197
vn 0.534639 -0.785206 -0.312429
vn -0.292971 -0.888088 0.354214
vn 0.304300 -0.646577 -0.699528
vn -0.156445 -0.937593 0.310555
vn -0.000000 -0.549875 -0.835247
vn -0.000000 -0.949506 0.313750
vn -0.304300 -0.646577 -0.699528
vn 0.156444 -0.937596 0.310546
vn -0.534640 -0.785205 -0.312431
vn 0.292972 -0.888089 0.354211
vn -0.008239 -0.976727 0.214327
vn -0.460297 -0.133567 0.877660
vn -0.000010 -0.111683 0.993744
vn 0.000001 -0.976356 0.216171
vn -0.014746 -0.977111 0.212219
vn -0.815187 -0.199666 0.543694
vn -0.010759 -0.971056 0.238609
vn -0.947210 -0.311065 0.077668
vn 0.460277 -0.133712 0.877648
vn 0.008242 -0.976726 0.214333
vn 0.815176 -0.199684 0.543704
vn 0.014747 -0.977110 0.212221
vn 0.947299 -0.310813 0.077592
vn 0.010759 -0.971057 0.238607
vn 0.818798 -0.456655 -0.347901
vn 0.007352 -0.956539 0.291511
vn 0.458758 -0.574037 -0.678250
vn 0.007731 -0.947826 0.318695
vn 0.000026 -0.614702 -0.788760
vn 0.000000 -0.948503 0.316767
vn -0.458741 -0.574192 -0.678130
vn -0.007735 -0.947829 0.318684
vn -0.818715 -0.456949 -0.347711
vn -0.007356 -0.956540 0.291509
s 1
g body chest_part
usemtl head_plateSG
f 2842/3291/2817 2854/3292/2818 2853/3293/2819 2841/3294/2820
f 2841/3294/2820 2853/3293/2819 2855/3295/2821 2843/3296/2822
f 2843/3296/2822 2855/3295/2821 2856/3297/2823 2844/3298/2824
f 2844/3298/2824 2856/3297/2823 2857/3299/2825 2845/3300/2826
f 2845/3300/2826 2857/3299/2825 2858/3301/2827 2846/3302/2828
f 2846/3302/2828 2858/3301/2827 2859/3303/2829 2847/3304/2830
f 2847/3304/2830 2859/3303/2829 2860/3305/2831 2848/3306/2832
f 2848/3306/2832 2860/3305/2831 2861/3307/2833 2849/3308/2834
f 2849/3308/2834 2861/3307/2833 2862/3309/2835 2850/3310/2836
f 2850/3310/2836 2862/3309/2835 2863/3311/2837 2851/3312/2838
f 2851/3312/2838 2863/3311/2837 2864/3313/2839 2852/3314/2840
f 2852/3314/2840 2864/3313/2839 2854/3292/2818 2842/3291/2817
f 2817/3315/2841 2818/3316/2842 2830/3317/2843 2829/3318/2844
f 2818/3316/2842 2819/3319/2845 2831/3320/2846 2830/3317/2843
f 2819/3319/2845 2820/3321/2847 2832/3322/2848 2831/3320/2846
f 2820/3321/2847 2821/3323/2849 2833/3324/2850 2832/3322/2848
f 2821/3323/2849 2822/3325/2851 2834/3326/2852 2833/3324/2850
f 2822/3325/2851 2823/3327/2853 2835/3328/2854 2834/3326/2852
f 2823/3327/2853 2824/3329/2855 2836/3330/2856 2835/3328/2854
f 2824/3329/2855 2825/3331/2857 2837/3332/2858 2836/3330/2856
f 2825/3331/2857 2826/3333/2859 2838/3334/2860 2837/3332/2858
f 2826/3333/2859 2827/3335/2861 2839/3336/2862 2838/3334/2860
f 2827/3335/2861 2828/3337/2863 2840/3338/2864 2839/3336/2862
f 2828/3337/2863 2817/3315/2841 2829/3318/2844 2840/3338/2864
f 2865/3339/2865 2866/3340/2866 2868/3341/2867 2867/3342/2868
f 2866/3340/2866 2865/3339/2865 2887/3343/2869 2888/3344/2870
f 2867/3342/2868 2868/3341/2867 2870/3345/2871 2869/3346/2872
f 2869/3346/2872 2870/3345/2871 2872/3347/2873 2871/3348/2874
f 2871/3348/2874 2872/3347/2873 2874/3349/2875 2873/3350/2876
f 2873/3350/2876 2874/3349/2875 2876/3351/2877 2875/3352/2878
f 2875/3352/2878 2876/3351/2877 2878/3353/2879 2877/3354/2880
f 2877/3354/2880 2878/3353/2879 2880/3355/2881 2879/3356/2882
f 2879/3356/2882 2880/3355/2881 2882/3357/2883 2881/3358/2884
f 2881/3358/2884 2882/3357/2883 2884/3359/2885 2883/3360/2886
f 2883/3360/2886 2884/3359/2885 2886/3361/2887 2885/3362/2888
f 2885/3362/2888 2886/3361/2887 2888/3344/2870 2887/3343/2869
f 2889/3363/2889 2890/3364/2890 2912/3365/2891 2911/3366/2892
f 2890/3364/2890 2889/3363/2889 2891/3367/2893 2892/3368/2894
f 2892/3368/2894 2891/3367/2893 2893/3369/2895 2894/3370/2896
f 2894/3370/2896 2893/3369/2895 2895/3371/2897 2896/3372/2898
f 2896/3372/2898 2895/3371/2897 2897/3373/2899 2898/3374/2900
f 2898/3374/2900 2897/3373/2899 2899/3375/2901 2900/3376/2902
f 2900/3376/2902 2899/3375/2901 2901/3377/2903 2902/3378/2904
f 2902/3378/2904 2901/3377/2903 2903/3379/2905 2904/3380/2906
f 2904/3380/2906 2903/3379/2905 2905/3381/2907 2906/3382/2908
f 2906/3382/2908 2905/3381/2907 2907/3383/2909 2908/3384/2910
f 2908/3384/2910 2907/3383/2909 2909/3385/2911 2910/3386/2912
f 2910/3386/2912 2909/3385/2911 2911/3366/2892 2912/3365/2891
f 2913/3456/2913 2914/3388/2914 2935/3389/2915 2936/3458/2916
f 2914/3388/2914 2913/3456/2913 2916/3455/2917 2915/3392/2918
f 2915/3392/2918 2916/3455/2917 2918/3454/2919 2917/3394/2920
f 2917/3394/2920 2918/3454/2919 2920/3453/2921 2919/3396/2922
f 2919/3396/2922 2920/3453/2921 2922/3452/2923 2921/3398/2924
f 2921/3398/2924 2922/3452/2923 2924/3451/2925 2923/3400/2926
f 2923/3400/2926 2924/3451/2925 2926/3450/2927 2925/3402/2928
f 2925/3402/2928 2926/3450/2927 2928/3449/2929 2927/3404/2930
f 2927/3404/2930 2928/3449/2929 2930/3448/2931 2929/3406/2932
f 2929/3406/2932 2930/3448/2931 2932/3447/2933 2931/3408/2934
f 2931/3408/2934 2932/3447/2933 2934/3457/2935 2933/3410/2936
f 2933/3410/2936 2934/3457/2935 2936/3458/2916 2935/3389/2915
f 2937/3446/2937 2938/3412/2938 2942/3413/2939 2941/3444/2940
f 2938/3412/2938 2937/3446/2937 2940/3445/2941 2939/3416/2942
f 2939/3416/2942 2940/3445/2941 2959/3435/2943 2960/3418/2944
f 2941/3444/2940 2942/3413/2939 2944/3419/2945 2943/3443/2946
f 2943/3443/2946 2944/3419/2945 2946/3421/2947 2945/3442/2948
f 2945/3442/2948 2946/3421/2947 2948/3423/2949 2947/3441/2950
f 2947/3441/2950 2948/3423/2949 2950/3425/2951 2949/3440/2952
f 2949/3440/2952 2950/3425/2951 2952/3427/2953 2951/3439/2954
f 2951/3439/2954 2952/3427/2953 2954/3429/2955 2953/3438/2956
f 2953/3438/2956 2954/3429/2955 2956/3431/2957 2955/3437/2958
f 2955/3437/2958 2956/3431/2957 2958/3433/2959 2957/3436/2960
f 2957/3436/2960 2958/3433/2959 2960/3418/2944 2959/3435/2943
f 2913/3387/2913 2842/3291/2817 2841/3294/2820 2916/3391/2917
f 2916/3391/2917 2841/3294/2820 2843/3296/2822 2918/3393/2919
f 2918/3393/2919 2843/3296/2822 2844/3298/2824 2920/3395/2921
f 2920/3395/2921 2844/3298/2824 2845/3300/2826 2922/3397/2923
f 2922/3397/2923 2845/3300/2826 2846/3302/2828 2924/3399/2925
f 2924/3399/2925 2846/3302/2828 2847/3304/2830 2926/3401/2927
f 2926/3401/2927 2847/3304/2830 2848/3306/2832 2928/3403/2929
f 2928/3403/2929 2848/3306/2832 2849/3308/2834 2930/3405/2931
f 2930/3405/2931 2849/3308/2834 2850/3310/2836 2932/3407/2933
f 2932/3407/2933 2850/3310/2836 2851/3312/2838 2934/3409/2935
f 2934/3409/2935 2851/3312/2838 2852/3314/2840 2936/3390/2916
f 2936/3390/2916 2852/3314/2840 2842/3291/2817 2913/3387/2913
f 2853/3293/2819 2854/3292/2818 2940/3415/2941 2937/3411/2937
f 2855/3295/2821 2853/3293/2819 2937/3411/2937 2941/3414/2940
f 2856/3297/2823 2855/3295/2821 2941/3414/2940 2943/3420/2946
f 2857/3299/2825 2856/3297/2823 2943/3420/2946 2945/3422/2948
f 2858/3301/2827 2857/3299/2825 2945/3422/2948 2947/3424/2950
f 2859/3303/2829 2858/3301/2827 2947/3424/2950 2949/3426/2952
f 2860/3305/2831 2859/3303/2829 2949/3426/2952 2951/3428/2954
f 2861/3307/2833 2860/3305/2831 2951/3428/2954 2953/3430/2956
f 2862/3309/2835 2861/3307/2833 2953/3430/2956 2955/3432/2958
f 2863/3311/2837 2862/3309/2835 2955/3432/2958 2957/3434/2960
f 2864/3313/2839 2863/3311/2837 2957/3434/2960 2959/3417/2943
f 2854/3292/2818 2864/3313/2839 2959/3417/2943 2940/3415/2941
f 2865/3339/2865 2867/3342/2868 2818/3316/2842 2817/3315/2841
f 2867/3342/2868 2869/3346/2872 2819/3319/2845 2818/3316/2842
f 2869/3346/2872 2871/3348/2874 2820/3321/2847 2819/3319/2845
f 2871/3348/2874 2873/3350/2876 2821/3323/2849 2820/3321/2847
f 2873/3350/2876 2875/3352/2878 2822/3325/2851 2821/3323/2849
f 2875/3352/2878 2877/3354/2880 2823/3327/2853 2822/3325/2851
f 2877/3354/2880 2879/3356/2882 2824/3329/2855 2823/3327/2853
f 2879/3356/2882 2881/3358/2884 2825/3331/2857 2824/3329/2855
f 2881/3358/2884 2883/3360/2886 2826/3333/2859 2825/3331/2857
f 2883/3360/2886 2885/3362/2888 2827/3335/2861 2826/3333/2859
f 2885/3362/2888 2887/3343/2869 2828/3337/2863 2827/3335/2861
f 2887/3343/2869 2865/3339/2865 2817/3315/2841 2828/3337/2863
f 2830/3317/2843 2891/3367/2893 2889/3363/2889 2829/3318/2844
f 2831/3320/2846 2893/3369/2895 2891/3367/2893 2830/3317/2843
f 2832/3322/2848 2895/3371/2897 2893/3369/2895 2831/3320/2846
f 2833/3324/2850 2897/3373/2899 2895/3371/2897 2832/3322/2848
f 2834/3326/2852 2899/3375/2901 2897/3373/2899 2833/3324/2850
f 2835/3328/2854 2901/3377/2903 2899/3375/2901 2834/3326/2852
f 2836/3330/2856 2903/3379/2905 2901/3377/2903 2835/3328/2854
f 2837/3332/2858 2905/3381/2907 2903/3379/2905 2836/3330/2856
f 2838/3334/2860 2907/3383/2909 2905/3381/2907 2837/3332/2858
f 2839/3336/2862 2909/3385/2911 2907/3383/2909 2838/3334/2860
f 2840/3338/2864 2911/3366/2892 2909/3385/2911 2839/3336/2862
f 2829/3318/2844 2889/3363/2889 2911/3366/2892 2840/3338/2864
f 2866/3340/2866 2914/3388/2914 2915/3392/2918 2868/3341/2867
f 2868/3341/2867 2915/3392/2918 2917/3394/2920 2870/3345/2871
f 2870/3345/2871 2917/3394/2920 2919/3396/2922 2872/3347/2873
f 2872/3347/2873 2919/3396/2922 2921/3398/2924 2874/3349/2875
f 2874/3349/2875 2921/3398/2924 2923/3400/2926 2876/3351/2877
f 2876/3351/2877 2923/3400/2926 2925/3402/2928 2878/3353/2879
f 2878/3353/2879 2925/3402/2928 2927/3404/2930 2880/3355/2881
f 2880/3355/2881 2927/3404/2930 2929/3406/2932 2882/3357/2883
f 2882/3357/2883 2929/3406/2932 2931/3408/2934 2884/3359/2885
f 2884/3359/2885 2931/3408/2934 2933/3410/2936 2886/3361/2887
f 2886/3361/2887 2933/3410/2936 2935/3389/2915 2888/3344/2870
f 2888/3344/2870 2935/3389/2915 2914/3388/2914 2866/3340/2866
f 2892/3368/2894 2938/3412/2938 2939/3416/2942 2890/3364/2890
f 2894/3370/2896 2942/3413/2939 2938/3412/2938 2892/3368/2894
f 2896/3372/2898 2944/3419/2945 2942/3413/2939 2894/3370/2896
f 2898/3374/2900 2946/3421/2947 2944/3419/2945 2896/3372/2898
f 2900/3376/2902 2948/3423/2949 2946/3421/2947 2898/3374/2900
f 2902/3378/2904 2950/3425/2951 2948/3423/2949 2900/3376/2902
f 2904/3380/2906 2952/3427/2953 2950/3425/2951 2902/3378/2904
f 2906/3382/2908 2954/3429/2955 2952/3427/2953 2904/3380/2906
f 2908/3384/2910 2956/3431/2957 2954/3429/2955 2906/3382/2908
f 2910/3386/2912 2958/3433/2959 2956/3431/2957 2908/3384/2910
f 2912/3365/2891 2960/3418/2944 2958/3433/2959 2910/3386/2912
f 2890/3364/2890 2939/3416/2942 2960/3418/2944 2912/3365/2891
