# This file uses centimeters as units for non-parametric coordinates.

mtllib bot.mtl
g default
v -0.367776 0.243531 0.060250
v -0.367776 0.229131 0.025486
v -0.367776 0.194367 0.011086
v -0.367776 0.159603 0.025486
v -0.367776 0.145204 0.060250
v -0.367776 0.159603 0.095015
v -0.367776 0.194367 0.109415
v -0.367776 0.229131 0.095015
v -0.346198 0.250262 0.060250
v -0.346198 0.233891 0.020726
v -0.346198 0.194367 0.004355
v -0.346198 0.154843 0.020726
v -0.346198 0.138472 0.060250
v -0.346198 0.154843 0.099775
v -0.346198 0.194367 0.116147
v -0.346198 0.233891 0.099775
v -0.294581 0.263773 0.060250
v -0.294581 0.243445 0.011173
v -0.294581 0.194367 -0.009156
v -0.294581 0.145290 0.011173
v -0.294581 0.124961 0.060250
v -0.294581 0.145290 0.109329
v -0.294581 0.194367 0.129658
v -0.294581 0.243445 0.109329
v -0.294581 0.298477 0.060250
v -0.294581 0.267984 -0.013365
v -0.294581 0.194367 -0.043859
v -0.294581 0.120751 -0.013365
v -0.294581 0.090258 0.060250
v -0.294581 0.120751 0.133867
v -0.294581 0.194367 0.164361
v -0.294581 0.267984 0.133867
v -0.294581 0.333180 0.060250
v -0.294581 0.292523 -0.037905
v -0.294581 0.194367 -0.078562
v -0.294581 0.096212 -0.037905
v -0.294581 0.055555 0.060250
v -0.294581 0.096212 0.158407
v -0.294581 0.194367 0.199064
v -0.294581 0.292523 0.158407
v -0.331234 0.314563 0.060250
v -0.331234 0.279358 -0.024740
v -0.331234 0.194367 -0.059945
v -0.331234 0.109376 -0.024740
v -0.331234 0.074172 0.060250
v -0.331234 0.109376 0.145241
v -0.331234 0.194367 0.180446
v -0.331234 0.279358 0.145241
v -0.367776 0.261846 0.060250
v -0.367776 0.242082 0.012536
v -0.367776 0.194367 -0.007228
v -0.367776 0.146652 0.012536
v -0.367776 0.126888 0.060250
v -0.367776 0.146652 0.107966
v -0.367776 0.194367 0.127729
v -0.367776 0.242082 0.107966
v -0.341456 0.238378 0.060250
v -0.341456 0.225488 0.029130
v -0.341456 0.194367 0.016240
v -0.341456 0.163247 0.029130
v -0.341456 0.150356 0.060250
v -0.341456 0.163247 0.091372
v -0.341456 0.194367 0.104262
v -0.341456 0.225487 0.091372
v -0.339312 0.220164 0.060250
v -0.339312 0.212608 0.042010
v -0.339312 0.194367 0.034454
v -0.339312 0.176126 0.042010
v -0.339312 0.168571 0.060250
v -0.339312 0.176126 0.078492
v -0.339312 0.194367 0.086047
v -0.339312 0.212608 0.078492
v -0.336745 0.194367 0.060251
v -0.364491 0.284011 0.060250
v -0.367776 0.277344 0.060250
v -0.364491 0.257755 -0.003136
v -0.367776 0.253041 0.001577
v -0.364491 0.194367 -0.029393
v -0.367776 0.194367 -0.022727
v -0.364491 0.130980 -0.003136
v -0.367776 0.135694 0.001577
v -0.364491 0.104724 0.060250
v -0.367776 0.111390 0.060250
v -0.364491 0.130980 0.123638
v -0.367776 0.135694 0.118924
v -0.364491 0.194367 0.149894
v -0.367776 0.194367 0.143227
v -0.364491 0.257755 0.123638
v -0.367776 0.253041 0.118924
v -0.358242 0.260963 0.126846
v -0.358242 0.194367 0.154431
v -0.358242 0.127772 0.126846
v -0.358242 0.100187 0.060250
v -0.358242 0.127772 -0.006345
v -0.358242 0.194367 -0.033930
v -0.358242 0.260963 -0.006345
v -0.358242 0.288548 0.060250
v -0.294581 0.194367 0.060251
vt 0.529992 0.747194
vt 0.525962 0.748620
vt 0.526041 0.747192
vt 0.529038 0.746127
vt 0.531832 0.743334
vt 0.530404 0.743255
vt 0.530405 0.739303
vt 0.529338 0.740258
vt 0.526545 0.737463
vt 0.526466 0.738892
vt 0.522515 0.738891
vt 0.523470 0.739957
vt 0.520675 0.742750
vt 0.522104 0.742829
vt 0.522103 0.746780
vt 0.523169 0.745826
vt 0.528654 0.792015
vt 0.531168 0.786144
vt 0.535340 0.786194
vt 0.531569 0.795000
vt 0.522725 0.794389
vt 0.522675 0.798561
vt 0.516854 0.791875
vt 0.513868 0.794790
vt 0.514480 0.785946
vt 0.510308 0.785896
vt 0.516994 0.780074
vt 0.514079 0.777089
vt 0.522923 0.777701
vt 0.522973 0.773528
vt 0.528794 0.780215
vt 0.531779 0.777300
vt 0.525552 0.760319
vt 0.537974 0.755755
vt 0.543531 0.743743
vt 0.538966 0.731321
vt 0.526954 0.725765
vt 0.514532 0.730330
vt 0.508977 0.742341
vt 0.513541 0.754763
vt 0.525619 0.756289
vt 0.535172 0.752857
vt 0.539500 0.743676
vt 0.536068 0.734123
vt 0.526887 0.729795
vt 0.517335 0.733227
vt 0.513007 0.742408
vt 0.516438 0.751960
vt 0.530973 0.748305
vt 0.525869 0.750100
vt 0.533312 0.743426
vt 0.531516 0.738323
vt 0.526638 0.735983
vt 0.521534 0.737779
vt 0.519195 0.742658
vt 0.520991 0.747761
vt 0.526081 0.746253
vt 0.528403 0.745435
vt 0.529465 0.743215
vt 0.528647 0.740893
vt 0.526426 0.739830
vt 0.524105 0.740649
vt 0.523042 0.742869
vt 0.523861 0.745191
vt 0.526152 0.744920
vt 0.527510 0.744442
vt 0.528132 0.743144
vt 0.527654 0.741785
vt 0.526356 0.741163
vt 0.524998 0.741641
vt 0.524375 0.742940
vt 0.524853 0.744298
vt 0.526254 0.743042
vt 0.525756 0.752097
vt 0.525795 0.751437
vt 0.531865 0.749303
vt 0.532305 0.749797
vt 0.519499 0.749093
vt 0.519993 0.748654
vt 0.534649 0.743501
vt 0.535309 0.743539
vt 0.532514 0.737430
vt 0.533008 0.736990
vt 0.526712 0.734646
vt 0.526751 0.733986
vt 0.520642 0.736781
vt 0.520202 0.736287
vt 0.517858 0.742583
vt 0.517198 0.742545
vt 0.532774 0.750313
vt 0.525723 0.752794
vt 0.536005 0.743573
vt 0.533524 0.736522
vt 0.526784 0.733290
vt 0.519733 0.735771
vt 0.516502 0.742511
vt 0.518983 0.749562
vt 0.522824 0.786045
vt 0.534765 0.774385
vt 0.539512 0.786243
vt 0.523022 0.769356
vt 0.511164 0.774104
vt 0.506135 0.785847
vt 0.510883 0.797705
vt 0.522626 0.802733
vt 0.534484 0.797986
vn -0.618036 -0.555894 0.555889
vn -0.103597 -0.703304 0.703300
vn -0.103589 -0.994620 -0.000001
vn -0.618043 -0.786144 0.000000
vn -0.618026 -0.000000 0.786158
vn -0.103606 0.000000 0.994618
vn -0.618033 0.555893 0.555894
vn -0.103597 0.703302 0.703302
vn -0.618038 0.786149 0.000000
vn -0.103589 0.994620 -0.000001
vn -0.618029 0.555901 -0.555891
vn -0.103591 0.703308 -0.703297
vn -0.618014 -0.000000 -0.786167
vn -0.103594 0.000000 -0.994620
vn -0.618033 -0.555902 -0.555884
vn -0.103592 -0.703309 -0.703296
vn 1.000000 0.000000 0.000000
vn 1.000000 0.000000 0.000000
vn 1.000000 -0.000000 0.000000
vn 1.000000 -0.000000 0.000000
vn 1.000000 0.000000 0.000000
vn 1.000000 0.000000 0.000000
vn 1.000000 0.000000 0.000000
vn 1.000000 0.000000 0.000000
vn 1.000000 0.000000 0.000000
vn 1.000000 0.000000 0.000000
vn 1.000000 0.000000 0.000000
vn 1.000000 0.000000 0.000000
vn 1.000000 0.000000 0.000000
vn 1.000000 0.000000 0.000000
vn 1.000000 -0.000000 0.000000
vn 1.000000 0.000000 0.000000
vn 0.234415 0.687403 -0.687406
vn 0.234409 0.972138 0.000000
vn 0.234420 -0.000000 -0.972136
vn 0.234417 -0.687402 -0.687406
vn 0.234414 -0.972137 0.000000
vn 0.234406 -0.687402 0.687410
vn 0.234399 0.000000 0.972141
vn 0.234404 0.687404 0.687409
vn -0.545182 0.592780 -0.592780
vn -0.545184 0.838317 0.000000
vn -0.545182 -0.000000 -0.838318
vn -0.545183 -0.592779 -0.592781
vn -0.545184 -0.838316 0.000000
vn -0.545190 -0.592780 0.592774
vn -0.545194 0.000000 0.838310
vn -0.545189 0.592781 0.592773
vn -1.000000 0.000003 -0.000003
vn -1.000000 0.000005 -0.000000
vn -1.000000 0.000000 -0.000004
vn -1.000000 -0.000003 -0.000003
vn -1.000000 -0.000005 -0.000000
vn -1.000000 -0.000003 0.000003
vn -1.000000 -0.000000 0.000004
vn -1.000000 0.000003 0.000003
vn -0.960985 -0.195588 0.195585
vn -0.960983 -0.276606 -0.000001
vn -0.960986 -0.000000 0.276597
vn -0.960985 0.195586 0.195584
vn -0.960984 0.276603 -0.000000
vn -0.960986 0.195587 -0.195583
vn -0.960986 0.000000 -0.276596
vn -0.960985 -0.195589 -0.195583
vn -0.993639 -0.079632 0.079631
vn -0.993638 -0.112618 -0.000000
vn -0.993639 -0.000000 0.112613
vn -0.993639 0.079631 0.079631
vn -0.993638 0.112618 0.000000
vn -0.993639 0.079632 -0.079629
vn -0.993639 0.000000 -0.112613
vn -0.993639 -0.079632 -0.079629
vn -1.000000 -0.000000 0.000000
vn -0.725183 0.688557 0.000001
vn -0.725183 0.486885 -0.486881
vn -0.976696 0.151764 -0.151765
vn -0.976696 0.214627 -0.000000
vn -0.976696 0.151766 0.151764
vn -0.725186 0.486881 0.486880
vn -0.725184 -0.000000 -0.688555
vn -0.976696 -0.000000 -0.214628
vn -0.725186 -0.486882 -0.486879
vn -0.976696 -0.151764 -0.151765
vn -0.725188 -0.688551 0.000001
vn -0.976696 -0.214626 -0.000000
vn -0.725189 -0.486879 0.486878
vn -0.976696 -0.151765 0.151765
vn -0.725190 0.000000 0.688549
vn -0.976696 0.000000 0.214628
vn -0.682266 0.516970 -0.516968
vn -0.682264 0.731106 -0.000000
vn -0.682269 0.000000 -0.731102
vn -0.682266 -0.516969 -0.516969
vn -0.682263 -0.731107 0.000000
vn -0.682262 -0.516970 0.516972
vn -0.682262 0.000000 0.731108
vn -0.682262 0.516971 0.516971
vn 1.000000 0.000000 0.000000
s 1
g ear_right head
usemtl head_plateSG
f 2/1/1 10/4/2 9/3/3 1/2/4
f 3/5/5 11/6/6 10/4/2 2/1/1
f 4/7/7 12/8/8 11/6/6 3/5/5
f 5/9/9 13/10/10 12/8/8 4/7/7
f 6/11/11 14/12/12 13/10/10 5/9/9
f 7/13/13 15/14/14 14/12/12 6/11/11
f 8/15/15 16/16/16 15/14/14 7/13/13
f 1/2/4 9/3/3 16/16/16 8/15/15
f 18/17/17 26/20/18 25/19/19 17/18/20
f 19/21/21 27/22/22 26/20/18 18/17/17
f 20/23/23 28/24/24 27/22/22 19/21/21
f 21/25/25 29/26/26 28/24/24 20/23/23
f 22/27/27 30/28/28 29/26/26 21/25/25
f 23/29/29 31/30/30 30/28/28 22/27/27
f 24/31/31 32/32/32 31/30/30 23/29/29
f 17/18/20 25/19/19 32/32/32 24/31/31
f 26/20/18 34/106/33 33/100/34 25/19/19
f 27/22/22 35/105/35 34/106/33 26/20/18
f 28/24/24 36/104/36 35/105/35 27/22/22
f 29/26/26 37/103/37 36/104/36 28/24/24
f 30/28/28 38/102/38 37/103/37 29/26/26
f 31/30/30 39/101/39 38/102/38 30/28/28
f 32/32/32 40/99/40 39/101/39 31/30/30
f 25/19/19 33/100/34 40/99/40 32/32/32
f 34/34/33 42/42/41 41/41/42 33/33/34
f 35/35/35 43/43/43 42/42/41 34/34/33
f 36/36/36 44/44/44 43/43/43 35/35/35
f 37/37/37 45/45/45 44/44/44 36/36/36
f 38/38/38 46/46/46 45/45/45 37/37/37
f 39/39/39 47/47/47 46/46/46 38/38/38
f 40/40/40 48/48/48 47/47/47 39/39/39
f 33/33/34 41/41/42 48/48/48 40/40/40
f 50/49/49 2/1/1 1/2/4 49/50/50
f 51/51/51 3/5/5 2/1/1 50/49/49
f 52/52/52 4/7/7 3/5/5 51/51/51
f 53/53/53 5/9/9 4/7/7 52/52/52
f 54/54/54 6/11/11 5/9/9 53/53/53
f 55/55/55 7/13/13 6/11/11 54/54/54
f 56/56/56 8/15/15 7/13/13 55/55/55
f 49/50/50 1/2/4 8/15/15 56/56/56
f 10/4/2 58/58/57 57/57/58 9/3/3
f 11/6/6 59/59/59 58/58/57 10/4/2
f 12/8/8 60/60/60 59/59/59 11/6/6
f 13/10/10 61/61/61 60/60/60 12/8/8
f 14/12/12 62/62/62 61/61/61 13/10/10
f 15/14/14 63/63/63 62/62/62 14/12/12
f 16/16/16 64/64/64 63/63/63 15/14/14
f 9/3/3 57/57/58 64/64/64 16/16/16
f 58/58/57 66/66/65 65/65/66 57/57/58
f 59/59/59 67/67/67 66/66/65 58/58/57
f 60/60/60 68/68/68 67/67/67 59/59/59
f 61/61/61 69/69/69 68/68/68 60/60/60
f 62/62/62 70/70/70 69/69/69 61/61/61
f 63/63/63 71/71/71 70/70/70 62/62/62
f 64/64/64 72/72/72 71/71/71 63/63/63
f 57/57/58 65/65/66 72/72/72 64/64/64
f 66/66/65 73/73/73 65/65/66
f 67/67/67 73/73/73 66/66/65
f 68/68/68 73/73/73 67/67/67
f 69/69/69 73/73/73 68/68/68
f 70/70/70 73/73/73 69/69/69
f 71/71/71 73/73/73 70/70/70
f 72/72/72 73/73/73 71/71/71
f 65/65/66 73/73/73 72/72/72
f 74/74/74 76/77/75 77/76/76 75/75/77
f 75/75/77 89/79/78 88/78/79 74/74/74
f 76/77/75 78/81/80 79/80/81 77/76/76
f 78/81/80 80/83/82 81/82/83 79/80/81
f 80/83/82 82/85/84 83/84/85 81/82/83
f 82/85/84 84/87/86 85/86/87 83/84/85
f 84/87/86 86/89/88 87/88/89 85/86/87
f 86/89/88 88/78/79 89/79/78 87/88/89
f 96/90/90 76/77/75 74/74/74 97/91/91
f 95/92/92 78/81/80 76/77/75 96/90/90
f 94/93/93 80/83/82 78/81/80 95/92/92
f 93/94/94 82/85/84 80/83/82 94/93/93
f 92/95/95 84/87/86 82/85/84 93/94/94
f 91/96/96 86/89/88 84/87/86 92/95/95
f 90/97/97 88/78/79 86/89/88 91/96/96
f 97/91/91 74/74/74 88/78/79 90/97/97
f 77/76/76 50/49/49 49/50/50 75/75/77
f 79/80/81 51/51/51 50/49/49 77/76/76
f 81/82/83 52/52/52 51/51/51 79/80/81
f 83/84/85 53/53/53 52/52/52 81/82/83
f 85/86/87 54/54/54 53/53/53 83/84/85
f 87/88/89 55/55/55 54/54/54 85/86/87
f 89/79/78 56/56/56 55/55/55 87/88/89
f 75/75/77 49/50/50 56/56/56 89/79/78
f 48/48/48 90/97/97 91/96/96 47/47/47
f 47/47/47 91/96/96 92/95/95 46/46/46
f 46/46/46 92/95/95 93/94/94 45/45/45
f 45/45/45 93/94/94 94/93/93 44/44/44
f 44/44/44 94/93/93 95/92/92 43/43/43
f 43/43/43 95/92/92 96/90/90 42/42/41
f 42/42/41 96/90/90 97/91/91 41/41/42
f 41/41/42 97/91/91 90/97/97 48/48/48
f 17/18/20 98/98/98 18/17/17
f 18/17/17 98/98/98 19/21/21
f 19/21/21 98/98/98 20/23/23
f 20/23/23 98/98/98 21/25/25
f 21/25/25 98/98/98 22/27/27
f 22/27/27 98/98/98 23/29/29
f 23/29/29 98/98/98 24/31/31
f 24/31/31 98/98/98 17/18/20
g default
v 0.058001 -0.041182 0.041418
v 0.086709 -0.041182 0.041418
v 0.058001 0.042824 0.041418
v 0.086709 0.042824 0.041418
v 0.058001 0.042824 -0.042589
v 0.086709 0.042824 -0.042589
v 0.058001 -0.041182 -0.042589
v 0.086709 -0.041182 -0.042589
v 0.056373 0.053874 -0.000586
v 0.064190 -0.052232 -0.053639
v 0.056373 0.000821 -0.053639
v 0.093206 -0.052232 -0.000586
v 0.056373 -0.052232 -0.000586
v 0.064190 -0.052232 0.052467
v 0.064190 0.053874 0.052467
v 0.056373 0.000821 0.052467
v 0.093206 0.053874 -0.000586
v 0.064190 0.053874 -0.053639
v 0.064190 0.000821 0.071869
v 0.064190 0.073276 -0.000586
v 0.064190 0.000821 -0.073041
v 0.064190 -0.071634 -0.000586
v 0.053515 0.000821 -0.000586
v 0.060224 -0.026099 0.062419
v 0.077839 -0.026099 0.062419
v 0.077839 0.027741 0.062419
v 0.060224 0.027741 0.062419
v 0.060224 0.063826 0.026335
v 0.077839 0.063826 0.026335
v 0.077839 0.063826 -0.027506
v 0.060224 0.063826 -0.027506
v 0.060224 0.027741 -0.063590
v 0.077839 0.027741 -0.063590
v 0.077839 -0.026099 -0.063590
v 0.060224 -0.026099 -0.063590
v 0.060224 -0.062183 -0.027506
v 0.077839 -0.062183 -0.027506
v 0.077839 -0.062183 0.026335
v 0.060224 -0.062183 0.026335
v 0.099058 -0.026099 0.026335
v 0.099058 -0.026099 -0.027506
v 0.099058 0.027741 -0.027506
v 0.099058 0.027741 0.026335
v 0.054907 -0.026099 -0.027506
v 0.054907 -0.026099 0.026335
v 0.054907 0.027741 0.026335
v 0.054907 0.027741 -0.027506
v 0.064190 -0.028104 0.067001
v 0.064190 0.029746 0.067001
v 0.059928 0.000821 0.067001
v 0.064190 0.068408 0.028339
v 0.079018 0.068408 -0.000586
v 0.064190 0.068408 -0.029510
v 0.059928 0.068408 -0.000586
v 0.064190 0.029746 -0.068172
v 0.064190 -0.028104 -0.068172
v 0.059928 0.000821 -0.068172
v 0.064190 -0.066766 -0.029510
v 0.079018 -0.066766 -0.000586
v 0.064190 -0.066766 0.028339
v 0.059928 -0.066766 -0.000586
v 0.101753 -0.028104 -0.000586
v 0.101753 0.029746 -0.000586
v 0.054232 -0.028104 -0.000586
v 0.054232 0.000821 0.028339
v 0.054232 0.029746 -0.000586
v 0.054232 0.000821 -0.029510
v 0.060519 -0.048580 0.048815
v 0.076660 -0.048580 0.048815
v 0.091059 -0.024094 0.048815
v 0.091059 0.025737 0.048815
v 0.076660 0.050223 0.048815
v 0.060519 0.050223 0.048815
v 0.056911 0.025737 0.048815
v 0.056911 -0.024094 0.048815
v 0.091059 0.050223 0.024329
v 0.091059 0.050223 -0.025501
v 0.076660 0.050223 -0.049987
v 0.060519 0.050223 -0.049987
v 0.056911 0.050223 -0.025501
v 0.056911 0.050223 0.024329
v 0.091059 0.025737 -0.049987
v 0.091059 -0.024094 -0.049987
v 0.076660 -0.048580 -0.049987
v 0.060519 -0.048580 -0.049987
v 0.056911 -0.024094 -0.049987
v 0.056911 0.025737 -0.049987
v 0.091059 -0.048580 -0.025501
v 0.091059 -0.048580 0.024329
v 0.056911 -0.048580 0.024329
v 0.056911 -0.048580 -0.025501
v 0.064190 0.005816 0.071028
v 0.078815 0.005470 0.066210
v 0.092835 0.005124 0.051837
v 0.101288 0.005470 0.027992
v 0.104122 0.005816 -0.000586
v 0.101288 0.005470 -0.029164
v 0.092835 0.005124 -0.053008
v 0.078815 0.005470 -0.067381
v 0.064190 0.005816 -0.072200
v 0.059979 0.005470 -0.067381
v 0.056466 0.005124 -0.053008
v 0.054349 0.005470 -0.029164
v 0.053639 0.005816 -0.000586
v 0.054349 0.005470 0.027992
v 0.056466 0.005124 0.051837
v 0.059979 0.005470 0.066210
v 0.059979 -0.003828 0.066210
v 0.056466 -0.003481 0.051837
v 0.054349 -0.003828 0.027992
v 0.053639 -0.004174 -0.000586
v 0.054349 -0.003828 -0.029164
v 0.056466 -0.003481 -0.053008
v 0.059979 -0.003828 -0.067381
v 0.064190 -0.004174 -0.072200
v 0.078815 -0.003828 -0.067381
v 0.092835 -0.003481 -0.053008
v 0.101288 -0.003828 -0.029164
v 0.104122 -0.004174 -0.000586
v 0.101288 -0.003828 0.027992
v 0.092835 -0.003481 0.051837
v 0.078815 -0.003828 0.066210
v 0.064190 -0.004174 0.071028
v 0.077870 0.000821 0.061946
v 0.063590 0.000821 0.066628
v 0.077705 0.004496 0.061311
v 0.063590 0.004892 0.065788
v 0.090953 0.000821 0.048635
v 0.090687 0.004100 0.048183
v 0.098767 0.000821 0.026447
v 0.098400 0.004496 0.026170
v 0.101429 0.000821 -0.000586
v 0.101026 0.004893 -0.000586
v 0.098767 0.000821 -0.027618
v 0.098401 0.004496 -0.027342
v 0.090953 0.000821 -0.049807
v 0.090687 0.004100 -0.049355
v 0.077705 0.004496 -0.062484
v 0.077870 0.000821 -0.063117
v 0.063590 0.004892 -0.066959
v 0.063590 0.000821 -0.067800
v 0.077705 -0.002854 -0.062484
v 0.063590 -0.003250 -0.066959
v 0.090687 -0.002458 -0.049355
v 0.098401 -0.002854 -0.027342
v 0.101026 -0.003251 -0.000586
v 0.098400 -0.002854 0.026170
v 0.090687 -0.002458 0.048183
v 0.077705 -0.002854 0.061311
v 0.063590 -0.003250 0.065788
vt 0.019770 0.365446
vt 0.018218 0.366968
vt 0.013840 0.314904
vt 0.018363 0.362020
vt 0.017645 0.310484
vt 0.014864 0.315190
vt 0.014107 0.320037
vt 0.013006 0.319990
vt 0.017811 0.357931
vt 0.019492 0.312083
vt 0.017454 0.316023
vt 0.021296 0.313704
vt 0.020611 0.316608
vt 0.020420 0.319749
vt 0.017121 0.319642
vt 0.014236 0.322437
vt 0.017273 0.322507
vt 0.017988 0.326071
vt 0.015501 0.327175
vt 0.020542 0.322051
vt 0.021063 0.325154
vt 0.022050 0.327971
vt 0.020427 0.329772
vt 0.018759 0.331558
vt 0.017827 0.356226
vt 0.013147 0.322603
vt 0.015646 0.351672
vt 0.018457 0.352149
vt 0.018027 0.332340
vt 0.019929 0.348750
vt 0.023109 0.335424
vt 0.023354 0.347342
vt 0.023418 0.334398
vt 0.029079 0.335297
vt 0.029136 0.336355
vt 0.028297 0.346679
vt 0.024382 0.331816
vt 0.024941 0.328661
vt 0.028730 0.328791
vt 0.028915 0.332234
vt 0.033378 0.331340
vt 0.034613 0.333804
vt 0.032485 0.328263
vt 0.035286 0.327272
vt 0.037093 0.328891
vt 0.038943 0.330488
vt 0.035031 0.334791
vt 0.033226 0.347436
vt 0.039754 0.331186
vt 0.036624 0.348909
vt 0.042740 0.326074
vt 0.038031 0.352335
vt 0.041716 0.325789
vt 0.042471 0.320951
vt 0.041560 0.356372
vt 0.038583 0.356424
vt 0.039125 0.324956
vt 0.035968 0.324369
vt 0.036159 0.321231
vt 0.039458 0.321340
vt 0.042346 0.318554
vt 0.039308 0.318479
vt 0.038600 0.314918
vt 0.041090 0.313821
vt 0.036038 0.318930
vt 0.035521 0.315829
vt 0.034539 0.313013
vt 0.036167 0.311216
vt 0.037841 0.309435
vt 0.038567 0.358129
vt 0.043436 0.318392
vt 0.040748 0.362683
vt 0.037937 0.362206
vt 0.038576 0.308657
vt 0.036465 0.365605
vt 0.033500 0.305563
vt 0.033040 0.367013
vt 0.033187 0.306588
vt 0.027524 0.305681
vt 0.027471 0.304622
vt 0.028097 0.367676
vt 0.032215 0.309167
vt 0.031648 0.312320
vt 0.027857 0.312187
vt 0.027680 0.308743
vt 0.023213 0.309634
vt 0.021984 0.307168
vt 0.024101 0.312713
vt 0.021569 0.306180
vt 0.023168 0.366919
vt 0.024162 0.316323
vt 0.028050 0.315911
vt 0.028229 0.319340
vt 0.024113 0.319583
vt 0.031959 0.315916
vt 0.032348 0.319152
vt 0.028350 0.321637
vt 0.032466 0.321395
vt 0.032418 0.324654
vt 0.028532 0.325067
vt 0.024232 0.321827
vt 0.024623 0.325064
vt 0.033463 0.362545
vt 0.028143 0.362886
vt 0.028187 0.358163
vt 0.033829 0.358149
vt 0.022830 0.362444
vt 0.022547 0.358042
vt 0.028206 0.356192
vt 0.022564 0.356206
vt 0.022931 0.351810
vt 0.028251 0.351470
vt 0.033847 0.356313
vt 0.033564 0.351911
vt 0.014622 0.321213
vt 0.017351 0.321066
vt 0.017383 0.321677
vt 0.014771 0.321791
vt 0.020612 0.320893
vt 0.020664 0.321388
vt 0.024257 0.320700
vt 0.024308 0.321229
vt 0.028289 0.320489
vt 0.028320 0.321067
vt 0.032322 0.320278
vt 0.032326 0.320809
vt 0.035967 0.320088
vt 0.035968 0.320585
vt 0.039261 0.320528
vt 0.039229 0.319918
vt 0.041871 0.320366
vt 0.041957 0.319776
vt 0.042525 0.319746
vt 0.043569 0.319692
vt 0.038692 0.357277
vt 0.033904 0.357232
vt 0.028197 0.357177
vt 0.022490 0.357123
vt 0.017701 0.357078
vt 0.013011 0.321301
vt 0.014055 0.321243
vt 0.039197 0.319307
vt 0.041810 0.319198
vt 0.035916 0.319592
vt 0.032271 0.319749
vt 0.028259 0.319911
vt 0.024253 0.320169
vt 0.020612 0.320395
vt 0.017318 0.320455
vt 0.014708 0.320621
vt 0.041542 0.358237
vt 0.042079 0.313431
vt 0.014834 0.357983
vt 0.015544 0.362444
vt 0.014852 0.356118
vt 0.014514 0.327569
vt 0.043572 0.320999
vt 0.040850 0.351911
vt 0.016835 0.309784
vt 0.022691 0.369730
vt 0.028068 0.370684
vt 0.033463 0.369833
vt 0.037988 0.367156
vt 0.041697 0.357306
vt 0.038176 0.347387
vt 0.033703 0.344625
vt 0.028325 0.343671
vt 0.022931 0.344522
vt 0.018406 0.347199
vt 0.014696 0.357049
vn -0.980004 -0.140697 0.140698
vn -0.909806 -0.293475 0.293472
vn -0.916509 -0.144061 0.373172
vn -0.986320 -0.072900 0.147848
vn 0.021991 -0.706930 0.706941
vn 0.015397 -0.364420 0.931107
vn 0.010606 -0.019785 0.999748
vn -0.921850 -0.074678 0.380284
vn -0.987907 -0.041285 0.149450
vn 0.524821 -0.601899 0.601897
vn 0.540021 -0.306934 0.783689
vn 0.773888 -0.447825 0.447828
vn 0.834376 -0.242637 0.494919
vn 0.854920 0.012874 0.518600
vn 0.551199 0.017440 0.834191
vn 0.010602 0.019788 0.999748
vn 0.551200 -0.017441 0.834191
vn 0.540021 0.306934 0.783690
vn 0.015397 0.364420 0.931107
vn 0.854920 -0.012874 0.518601
vn 0.834376 0.242636 0.494919
vn 0.773889 0.447824 0.447828
vn 0.524818 0.601900 0.601898
vn 0.021990 0.706928 0.706944
vn -0.987907 0.041285 0.149450
vn -0.921851 0.074678 0.380282
vn -0.916509 0.144061 0.373173
vn -0.986320 0.072900 0.147848
vn -0.909804 0.293478 0.293474
vn -0.980005 0.140696 0.140698
vn -0.916896 0.374922 0.136877
vn -0.986711 0.147061 0.069092
vn 0.015734 0.937775 0.346886
vn 0.013050 0.999915 -0.000000
vn -0.920482 0.390786 0.000000
vn -0.988384 0.151975 0.000000
vn 0.539970 0.789291 0.292322
vn 0.837509 0.495184 0.231021
vn 0.856685 0.515840 -0.000000
vn 0.551987 0.833853 -0.000000
vn 0.539969 0.789293 -0.292317
vn 0.015734 0.937776 -0.346885
vn 0.837509 0.495185 -0.231021
vn 0.773889 0.447824 -0.447828
vn 0.524812 0.601901 -0.601903
vn 0.021989 0.706931 -0.706940
vn -0.916896 0.374924 -0.136873
vn -0.986711 0.147061 -0.069092
vn -0.909801 0.293480 -0.293480
vn -0.980005 0.140696 -0.140697
vn -0.916509 0.144060 -0.373173
vn -0.986320 0.072900 -0.147849
vn 0.015396 0.364423 -0.931106
vn 0.010601 0.019804 -0.999748
vn -0.921853 0.074676 -0.380276
vn -0.987907 0.041283 -0.149449
vn 0.540021 0.306932 -0.783690
vn 0.834374 0.242633 -0.494923
vn 0.854921 -0.012866 -0.518599
vn 0.551206 -0.017435 -0.834187
vn 0.010605 -0.019802 -0.999748
vn 0.551204 0.017434 -0.834188
vn 0.540021 -0.306932 -0.783690
vn 0.015396 -0.364422 -0.931107
vn 0.854921 0.012867 -0.518599
vn 0.834374 -0.242634 -0.494923
vn 0.773889 -0.447826 -0.447827
vn 0.524816 -0.601900 -0.601901
vn 0.021990 -0.706934 -0.706938
vn -0.987907 -0.041283 -0.149449
vn -0.921853 -0.074676 -0.380278
vn -0.916509 -0.144060 -0.373173
vn -0.986320 -0.072900 -0.147849
vn -0.909803 -0.293478 -0.293478
vn -0.980004 -0.140697 -0.140697
vn -0.916897 -0.374920 -0.136873
vn -0.986711 -0.147061 -0.069093
vn 0.015734 -0.937775 -0.346886
vn 0.013050 -0.999915 -0.000000
vn -0.920482 -0.390784 -0.000000
vn -0.988384 -0.151975 -0.000000
vn 0.539972 -0.789291 -0.292318
vn 0.837509 -0.495185 -0.231022
vn 0.856684 -0.515842 0.000000
vn 0.551989 -0.833851 0.000000
vn 0.539973 -0.789288 0.292323
vn 0.015734 -0.937775 0.346886
vn 0.837509 -0.495184 0.231023
vn -0.916897 -0.374919 0.136876
vn -0.986711 -0.147061 0.069092
vn 0.951417 -0.222585 0.212747
vn 0.974109 -0.226081 0.000000
vn 0.999787 0.020640 0.000001
vn 0.976382 0.017765 0.215321
vn 0.951418 -0.222586 -0.212743
vn 0.976382 0.017760 -0.215321
vn 0.999787 -0.020639 0.000001
vn 0.976382 -0.017761 -0.215321
vn 0.951418 0.222585 -0.212743
vn 0.974109 0.226081 0.000000
vn 0.976382 -0.017766 0.215321
vn 0.951417 0.222585 0.212747
vn -0.996672 -0.058878 -0.056376
vn -0.998287 -0.058507 0.000000
vn -0.999666 -0.025852 -0.000000
vn -0.998061 -0.029160 -0.054988
vn -0.996672 -0.058878 0.056377
vn -0.998061 -0.029160 0.054988
vn -0.999666 0.025852 0.000000
vn -0.998061 0.029160 0.054988
vn -0.996672 0.058878 0.056377
vn -0.998287 0.058507 0.000000
vn -0.998061 0.029160 -0.054988
vn -0.996672 0.058878 -0.056376
vn 0.666402 -0.000000 0.745592
vn 0.530993 0.000000 0.847376
vn 0.376278 -0.707784 0.597877
vn 0.400303 -0.676543 0.618099
vn 0.856491 0.000000 0.516161
vn 0.677621 -0.631725 0.376502
vn 0.978525 0.000000 0.206129
vn 0.823950 -0.544852 0.155700
vn 1.000000 0.000000 0.000001
vn 0.855614 -0.517614 0.000001
vn 0.978525 -0.000000 -0.206128
vn 0.823944 -0.544863 -0.155695
vn 0.856499 0.000000 -0.516148
vn 0.677607 -0.631737 -0.376507
vn 0.376254 -0.707808 -0.597863
vn 0.531020 0.000000 -0.847359
vn 0.400291 -0.676546 -0.618105
vn 0.666451 -0.000000 -0.745548
vn -0.001490 -0.000000 -0.999999
vn -0.917571 -0.000000 -0.397572
vn -0.988355 -0.000000 -0.152167
vn -0.998524 -0.000000 -0.054306
vn -1.000000 -0.000000 0.000000
vn -0.998524 -0.000000 0.054307
vn -0.988356 -0.000000 0.152163
vn -0.917565 -0.000000 0.397586
vn -0.001409 -0.000000 0.999999
vn 0.376259 0.707804 -0.597866
vn 0.400286 0.676552 -0.618101
vn 0.677614 0.631731 -0.376504
vn 0.823944 0.544863 -0.155695
vn 0.855616 0.517612 0.000001
vn 0.823949 0.544853 0.155701
vn 0.677628 0.631717 0.376501
vn 0.376284 0.707778 0.597880
vn 0.400299 0.676551 0.618094
s 1
g head neck_screw_left
usemtl head_plateSG
f 99/107/99 166/108/100 122/260/101 173/110/102
f 166/265/100 112/111/103 146/112/104 122/109/101
f 122/109/101 146/112/104 221/113/105 206/114/106
f 173/110/102 122/260/101 206/259/106 207/115/107
f 112/111/103 167/116/108 123/117/109 146/112/104
f 167/116/108 100/118/110 168/119/111 123/117/109
f 123/117/109 168/119/111 219/120/112 220/121/113
f 146/112/104 123/117/109 220/121/113 221/113/105
f 190/122/114 191/123/115 124/124/116 147/125/117
f 191/123/115 192/126/118 169/127/119 124/124/116
f 124/124/116 169/127/119 102/128/120 170/129/121
f 147/125/117 124/124/116 170/129/121 113/130/122
f 204/131/123 205/261/124 125/133/125 172/134/126
f 205/132/124 190/122/114 147/125/117 125/262/125
f 125/262/125 147/125/117 113/130/122 171/135/127
f 172/134/126 125/133/125 171/275/127 101/136/128
f 101/136/128 171/275/127 126/274/129 179/138/130
f 171/135/127 113/130/122 149/139/131 126/137/129
f 126/137/129 149/139/131 118/140/132 152/141/133
f 179/138/130 126/274/129 152/273/133 107/142/134
f 113/130/122 170/129/121 127/143/135 149/139/131
f 170/129/121 102/128/120 174/144/136 127/143/135
f 127/143/135 174/144/136 115/145/137 150/146/138
f 149/139/131 127/143/135 150/146/138 118/140/132
f 118/140/132 150/146/138 128/147/139 151/148/140
f 150/146/138 115/145/137 175/149/141 128/147/139
f 128/147/139 175/149/141 104/150/142 176/151/143
f 151/148/140 128/147/139 176/151/143 116/152/144
f 107/142/134 152/273/133 129/272/145 178/154/146
f 152/141/133 118/140/132 151/148/140 129/153/145
f 129/153/145 151/148/140 116/152/144 177/155/147
f 178/154/146 129/272/145 177/271/147 103/156/148
f 103/156/148 177/271/147 130/264/149 185/158/150
f 177/155/147 116/152/144 153/159/151 130/157/149
f 130/157/149 153/159/151 198/160/152 199/263/153
f 185/158/150 130/264/149 199/161/153 200/162/154
f 116/152/144 176/151/143 131/163/155 153/159/151
f 176/151/143 104/150/142 180/164/156 131/163/155
f 131/163/155 180/164/156 196/165/157 197/166/158
f 153/159/151 131/163/155 197/166/158 198/160/152
f 213/167/159 214/168/160 132/169/161 154/170/162
f 214/168/160 215/171/163 181/172/164 132/169/161
f 132/169/161 181/172/164 106/173/165 182/174/166
f 154/170/162 132/169/161 182/174/166 108/175/167
f 211/176/168 212/257/169 133/178/170 184/179/171
f 212/177/169 213/167/159 154/170/162 133/258/170
f 133/258/170 154/170/162 108/175/167 183/180/172
f 184/179/171 133/178/170 183/269/172 105/181/173
f 105/181/173 183/269/172 134/268/174 189/183/175
f 183/180/172 108/175/167 156/184/176 134/182/174
f 134/182/174 156/184/176 120/185/177 159/186/178
f 189/183/175 134/268/174 159/267/178 111/187/179
f 108/175/167 182/174/166 135/188/180 156/184/176
f 182/174/166 106/173/165 186/189/181 135/188/180
f 135/188/180 186/189/181 110/190/182 157/191/183
f 156/184/176 135/188/180 157/191/183 120/185/177
f 120/185/177 157/191/183 136/192/184 158/193/185
f 157/191/183 110/190/182 187/194/186 136/192/184
f 136/192/184 187/194/186 100/118/110 167/116/108
f 158/193/185 136/192/184 167/116/108 112/111/103
f 111/187/179 159/267/178 137/266/187 188/196/188
f 159/186/178 120/185/177 158/193/185 137/195/187
f 137/195/187 158/193/185 112/111/103 166/265/100
f 188/196/188 137/266/187 166/108/100 99/107/99
f 100/118/110 187/194/186 138/197/189 168/119/111
f 187/194/186 110/190/182 160/198/190 138/197/189
f 138/197/189 160/198/190 217/199/191 218/200/192
f 168/119/111 138/197/189 218/200/192 219/120/112
f 110/190/182 186/189/181 139/201/193 160/198/190
f 186/189/181 106/173/165 181/172/164 139/201/193
f 139/201/193 181/172/164 215/171/163 216/202/194
f 160/198/190 139/201/193 216/202/194 217/199/191
f 194/203/195 195/204/196 140/205/197 161/206/198
f 195/204/196 196/165/157 180/164/156 140/205/197
f 140/205/197 180/164/156 104/150/142 175/149/141
f 161/206/198 140/205/197 175/149/141 115/145/137
f 192/126/118 193/207/199 141/208/200 169/127/119
f 193/207/199 194/203/195 161/206/198 141/208/200
f 141/208/200 161/206/198 115/145/137 174/144/136
f 169/127/119 141/208/200 174/144/136 102/128/120
f 105/181/173 189/183/175 142/209/201 184/179/171
f 189/183/175 111/187/179 162/210/202 142/209/201
f 142/209/201 162/210/202 209/211/203 210/212/204
f 184/179/171 142/209/201 210/212/204 211/176/168
f 111/187/179 188/196/188 143/213/205 162/210/202
f 188/196/188 99/107/99 173/110/102 143/213/205
f 143/213/205 173/110/102 207/115/107 208/214/206
f 162/210/202 143/213/205 208/214/206 209/211/203
f 202/215/207 203/216/208 144/217/209 164/218/210
f 203/216/208 204/131/123 172/134/126 144/217/209
f 144/217/209 172/134/126 101/136/128 179/138/130
f 164/218/210 144/217/209 179/138/130 107/142/134
f 200/162/154 201/219/211 145/220/212 185/158/150
f 201/219/211 202/215/207 164/218/210 145/220/212
f 145/220/212 164/218/210 107/142/134 178/154/146
f 185/158/150 145/220/212 178/154/146 103/156/148
f 223/221/213 222/222/214 224/223/215 225/224/216
f 222/222/214 226/225/217 227/226/218 224/223/215
f 226/225/217 228/227/219 229/228/220 227/226/218
f 228/227/219 230/229/221 231/230/222 229/228/220
f 230/229/221 232/231/223 233/232/224 231/230/222
f 232/231/223 234/233/225 235/234/226 233/232/224
f 236/235/227 235/234/226 234/233/225 237/236/228
f 238/237/229 236/235/227 237/236/228 239/238/230
f 199/263/153 198/160/152 119/239/231 155/240/232
f 200/162/154 199/161/153 155/270/232 109/241/233
f 109/241/233 165/242/234 201/219/211 200/162/154
f 165/242/234 121/243/235 202/215/207 201/219/211
f 121/243/235 163/244/236 203/216/208 202/215/207
f 163/244/236 114/245/237 204/131/123 203/216/208
f 114/245/237 148/276/238 205/261/124 204/131/123
f 148/246/238 117/247/239 190/122/114 205/132/124
f 207/115/107 206/259/106 148/276/238 114/245/237
f 208/214/206 207/115/107 114/245/237 163/244/236
f 209/211/203 208/214/206 163/244/236 121/243/235
f 210/212/204 209/211/203 121/243/235 165/242/234
f 211/176/168 210/212/204 165/242/234 109/241/233
f 109/241/233 155/270/232 212/257/169 211/176/168
f 155/240/232 119/239/231 213/167/159 212/177/169
f 239/238/230 237/236/228 240/248/240 241/249/241
f 237/236/228 234/233/225 242/250/242 240/248/240
f 243/251/243 242/250/242 234/233/225 232/231/223
f 244/252/244 243/251/243 232/231/223 230/229/221
f 245/253/245 244/252/244 230/229/221 228/227/219
f 246/254/246 245/253/245 228/227/219 226/225/217
f 247/255/247 246/254/246 226/225/217 222/222/214
f 248/256/248 247/255/247 222/222/214 223/221/213
f 206/114/106 221/113/105 117/247/239 148/246/238
f 191/123/115 190/122/114 225/224/216 224/223/215
f 190/122/114 117/247/239 223/221/213 225/224/216
f 192/126/118 191/123/115 224/223/215 227/226/218
f 193/207/199 192/126/118 227/226/218 229/228/220
f 194/203/195 193/207/199 229/228/220 231/230/222
f 195/204/196 194/203/195 231/230/222 233/232/224
f 196/165/157 195/204/196 233/232/224 235/234/226
f 197/166/158 196/165/157 235/234/226 236/235/227
f 198/160/152 197/166/158 236/235/227 238/237/229
f 119/239/231 198/160/152 238/237/229 239/238/230
f 214/168/160 213/167/159 241/249/241 240/248/240
f 213/167/159 119/239/231 239/238/230 241/249/241
f 215/171/163 214/168/160 240/248/240 242/250/242
f 216/202/194 215/171/163 242/250/242 243/251/243
f 217/199/191 216/202/194 243/251/243 244/252/244
f 218/200/192 217/199/191 244/252/244 245/253/245
f 219/120/112 218/200/192 245/253/245 246/254/246
f 220/121/113 219/120/112 246/254/246 247/255/247
f 221/113/105 220/121/113 247/255/247 248/256/248
f 117/247/239 221/113/105 248/256/248 223/221/213
g default
v 0.372593 0.243531 0.060250
v 0.372593 0.229131 0.025486
v 0.372593 0.194367 0.011086
v 0.372593 0.159603 0.025486
v 0.372593 0.145204 0.060250
v 0.372593 0.159603 0.095015
v 0.372593 0.194367 0.109415
v 0.372593 0.229131 0.095015
v 0.351015 0.250262 0.060250
v 0.351015 0.233891 0.020726
v 0.351015 0.194367 0.004355
v 0.351015 0.154843 0.020726
v 0.351015 0.138472 0.060250
v 0.351015 0.154843 0.099775
v 0.351015 0.194367 0.116147
v 0.351015 0.233891 0.099775
v 0.299398 0.263773 0.060250
v 0.299398 0.243445 0.011173
v 0.299398 0.194367 -0.009156
v 0.299398 0.145290 0.011173
v 0.299398 0.124961 0.060250
v 0.299398 0.145290 0.109329
v 0.299398 0.194367 0.129658
v 0.299398 0.243445 0.109329
v 0.299398 0.298477 0.060250
v 0.299398 0.267984 -0.013365
v 0.299398 0.194367 -0.043859
v 0.299398 0.120751 -0.013365
v 0.299398 0.090258 0.060250
v 0.299398 0.120751 0.133867
v 0.299398 0.194367 0.164361
v 0.299398 0.267984 0.133867
v 0.299398 0.333180 0.060250
v 0.299398 0.292523 -0.037905
v 0.299398 0.194367 -0.078562
v 0.299398 0.096212 -0.037905
v 0.299398 0.055555 0.060250
v 0.299398 0.096212 0.158407
v 0.299398 0.194367 0.199064
v 0.299398 0.292523 0.158407
v 0.336051 0.314563 0.060250
v 0.336051 0.279358 -0.024740
v 0.336051 0.194367 -0.059945
v 0.336051 0.109376 -0.024740
v 0.336051 0.074172 0.060250
v 0.336051 0.109376 0.145241
v 0.336051 0.194367 0.180446
v 0.336051 0.279358 0.145241
v 0.372593 0.261846 0.060250
v 0.372593 0.242082 0.012536
v 0.372593 0.194367 -0.007228
v 0.372593 0.146652 0.012536
v 0.372593 0.126888 0.060250
v 0.372593 0.146652 0.107966
v 0.372593 0.194367 0.127729
v 0.372593 0.242082 0.107966
v 0.346273 0.238378 0.060250
v 0.346273 0.225488 0.029130
v 0.346273 0.194367 0.016240
v 0.346273 0.163247 0.029130
v 0.346273 0.150356 0.060250
v 0.346273 0.163247 0.091372
v 0.346273 0.194367 0.104262
v 0.346273 0.225487 0.091372
v 0.344129 0.220164 0.060250
v 0.344129 0.212608 0.042010
v 0.344129 0.194367 0.034454
v 0.344129 0.176126 0.042010
v 0.344129 0.168571 0.060250
v 0.344129 0.176126 0.078492
v 0.344129 0.194367 0.086047
v 0.344129 0.212608 0.078492
v 0.341562 0.194367 0.060251
v 0.369308 0.284011 0.060250
v 0.372593 0.277344 0.060250
v 0.369308 0.257755 -0.003136
v 0.372593 0.253041 0.001577
v 0.369308 0.194367 -0.029393
v 0.372593 0.194367 -0.022727
v 0.369308 0.130980 -0.003136
v 0.372593 0.135694 0.001577
v 0.369308 0.104724 0.060250
v 0.372593 0.111390 0.060250
v 0.369308 0.130980 0.123638
v 0.372593 0.135694 0.118924
v 0.369308 0.194367 0.149894
v 0.372593 0.194367 0.143227
v 0.369308 0.257755 0.123638
v 0.372593 0.253041 0.118924
v 0.363059 0.260963 0.126846
v 0.363059 0.194367 0.154431
v 0.363059 0.127772 0.126846
v 0.363059 0.100187 0.060250
v 0.363059 0.127772 -0.006345
v 0.363059 0.194367 -0.033930
v 0.363059 0.260963 -0.006345
v 0.363059 0.288548 0.060250
v 0.299398 0.194367 0.060251
vt 0.489525 0.746013
vt 0.485565 0.747623
vt 0.485578 0.746192
vt 0.488523 0.744991
vt 0.491186 0.742072
vt 0.489755 0.742059
vt 0.489574 0.738112
vt 0.488553 0.739114
vt 0.485635 0.736451
vt 0.485622 0.737882
vt 0.481674 0.738063
vt 0.482677 0.739084
vt 0.480014 0.742002
vt 0.481445 0.742015
vt 0.481625 0.745962
vt 0.482646 0.744960
vt 0.490696 0.791539
vt 0.493174 0.785653
vt 0.497346 0.785677
vt 0.493629 0.794506
vt 0.484781 0.793949
vt 0.484757 0.798121
vt 0.478895 0.791470
vt 0.475927 0.794403
vt 0.476485 0.785556
vt 0.472312 0.785531
vt 0.478963 0.779669
vt 0.476030 0.776702
vt 0.484878 0.777259
vt 0.484902 0.773087
vt 0.490764 0.779738
vt 0.493732 0.776805
vt 0.485693 0.759328
vt 0.497893 0.754198
vt 0.502891 0.741943
vt 0.497760 0.729744
vt 0.485505 0.724746
vt 0.473306 0.729878
vt 0.468309 0.742132
vt 0.473440 0.754330
vt 0.485575 0.755299
vt 0.494960 0.751432
vt 0.498862 0.742061
vt 0.494994 0.732677
vt 0.485624 0.728775
vt 0.476239 0.732643
vt 0.472338 0.742013
vt 0.476205 0.751398
vt 0.490556 0.747078
vt 0.485540 0.749106
vt 0.492668 0.742097
vt 0.490640 0.737081
vt 0.485659 0.734968
vt 0.480643 0.736997
vt 0.478531 0.741978
vt 0.480560 0.746993
vt 0.485575 0.745253
vt 0.487857 0.744329
vt 0.488816 0.742062
vt 0.487892 0.739780
vt 0.485625 0.738821
vt 0.483343 0.739745
vt 0.482384 0.742012
vt 0.483308 0.744294
vt 0.485584 0.743919
vt 0.486920 0.743379
vt 0.487481 0.742053
vt 0.486941 0.740718
vt 0.485616 0.740155
vt 0.484281 0.740696
vt 0.483719 0.742021
vt 0.484259 0.743356
vt 0.485600 0.742037
vt 0.485519 0.751106
vt 0.485527 0.750445
vt 0.491494 0.748034
vt 0.491955 0.748507
vt 0.479131 0.748393
vt 0.479603 0.747931
vt 0.494007 0.742110
vt 0.494668 0.742118
vt 0.491596 0.736143
vt 0.492069 0.735682
vt 0.485672 0.733629
vt 0.485680 0.732969
vt 0.479706 0.736041
vt 0.479244 0.735568
vt 0.477192 0.741965
vt 0.476531 0.741957
vt 0.492447 0.749001
vt 0.485518 0.751803
vt 0.495365 0.742119
vt 0.492563 0.735190
vt 0.485681 0.732271
vt 0.478752 0.735074
vt 0.475834 0.741956
vt 0.478637 0.748885
vt 0.484829 0.785604
vt 0.496699 0.773872
vt 0.501519 0.785701
vt 0.484926 0.768915
vt 0.473097 0.773734
vt 0.468140 0.785507
vt 0.472960 0.797337
vt 0.484732 0.802293
vt 0.496562 0.797474
vn 0.618035 -0.555893 0.555891
vn 0.618042 -0.786145 0.000000
vn 0.103586 -0.994621 -0.000001
vn 0.103596 -0.703304 0.703300
vn 0.618026 0.000000 0.786158
vn 0.103606 0.000000 0.994618
vn 0.618033 0.555893 0.555894
vn 0.103597 0.703302 0.703302
vn 0.618038 0.786148 0.000000
vn 0.103589 0.994620 -0.000001
vn 0.618029 0.555901 -0.555891
vn 0.103591 0.703308 -0.703297
vn 0.618013 -0.000000 -0.786168
vn 0.103593 0.000000 -0.994620
vn 0.618030 -0.555902 -0.555888
vn 0.103590 -0.703310 -0.703295
vn -1.000000 0.000000 0.000000
vn -1.000000 -0.000000 0.000000
vn -1.000000 0.000000 0.000000
vn -1.000000 -0.000000 0.000000
vn -1.000000 -0.000000 0.000000
vn -1.000000 0.000000 0.000000
vn -1.000000 -0.000000 0.000000
vn -1.000000 0.000000 0.000000
vn -1.000000 -0.000000 0.000000
vn -1.000000 -0.000000 0.000000
vn -1.000000 -0.000000 0.000000
vn -1.000000 0.000000 0.000000
vn -1.000000 -0.000000 0.000000
vn -1.000000 0.000000 0.000000
vn -1.000000 0.000000 0.000000
vn -1.000000 0.000000 0.000000
vn -0.234411 0.972138 0.000000
vn -0.234416 0.687403 -0.687406
vn -0.234420 -0.000000 -0.972136
vn -0.234417 -0.687402 -0.687406
vn -0.234415 -0.972137 0.000000
vn -0.234407 -0.687402 0.687409
vn -0.234399 -0.000000 0.972140
vn -0.234405 0.687403 0.687409
vn 0.545183 0.838317 0.000000
vn 0.545182 0.592780 -0.592781
vn 0.545182 -0.000000 -0.838318
vn 0.545183 -0.592779 -0.592781
vn 0.545184 -0.838316 -0.000000
vn 0.545189 -0.592780 0.592773
vn 0.545194 -0.000000 0.838310
vn 0.545189 0.592781 0.592773
vn 1.000000 0.000003 -0.000003
vn 1.000000 0.000003 -0.000000
vn 1.000000 0.000000 -0.000004
vn 1.000000 -0.000003 -0.000003
vn 1.000000 -0.000003 -0.000000
vn 1.000000 -0.000002 0.000003
vn 1.000000 -0.000000 0.000004
vn 1.000000 0.000002 0.000003
vn 0.960984 -0.276605 -0.000000
vn 0.960985 -0.195588 0.195584
vn 0.960986 -0.000000 0.276597
vn 0.960985 0.195586 0.195584
vn 0.960984 0.276604 0.000000
vn 0.960986 0.195587 -0.195583
vn 0.960986 -0.000000 -0.276596
vn 0.960985 -0.195588 -0.195582
vn 0.993638 -0.112618 -0.000000
vn 0.993639 -0.079632 0.079631
vn 0.993639 -0.000000 0.112613
vn 0.993639 0.079631 0.079631
vn 0.993639 0.112617 0.000000
vn 0.993639 0.079631 -0.079629
vn 0.993639 -0.000000 -0.112613
vn 0.993639 -0.079632 -0.079629
vn 1.000000 -0.000000 0.000000
vn 0.725182 0.688557 0.000001
vn 0.976696 0.214626 -0.000000
vn 0.976696 0.151764 -0.151765
vn 0.725183 0.486884 -0.486881
vn 0.725185 0.486884 0.486879
vn 0.976696 0.151765 0.151764
vn 0.976696 0.000000 -0.214628
vn 0.725184 -0.000000 -0.688556
vn 0.976696 -0.151763 -0.151765
vn 0.725184 -0.486885 -0.486879
vn 0.976696 -0.214625 -0.000000
vn 0.725185 -0.688554 0.000002
vn 0.976696 -0.151764 0.151765
vn 0.725186 -0.486883 0.486878
vn 0.976696 -0.000000 0.214628
vn 0.725188 -0.000000 0.688551
vn 0.682265 0.516970 -0.516969
vn 0.682264 0.731106 -0.000000
vn 0.682269 0.000000 -0.731102
vn 0.682266 -0.516968 -0.516970
vn 0.682263 -0.731107 -0.000000
vn 0.682262 -0.516970 0.516972
vn 0.682262 0.000000 0.731108
vn 0.682262 0.516971 0.516972
vn -1.000000 -0.000000 0.000000
s 1
g head ear_left
usemtl head_plateSG
f 250/277/249 249/278/250 257/279/251 258/280/252
f 251/281/253 250/277/249 258/280/252 259/282/254
f 252/283/255 251/281/253 259/282/254 260/284/256
f 253/285/257 252/283/255 260/284/256 261/286/258
f 254/287/259 253/285/257 261/286/258 262/288/260
f 255/289/261 254/287/259 262/288/260 263/290/262
f 256/291/263 255/289/261 263/290/262 264/292/264
f 249/278/250 256/291/263 264/292/264 257/279/251
f 266/293/265 265/294/266 273/295/267 274/296/268
f 267/297/269 266/293/265 274/296/268 275/298/270
f 268/299/271 267/297/269 275/298/270 276/300/272
f 269/301/273 268/299/271 276/300/272 277/302/274
f 270/303/275 269/301/273 277/302/274 278/304/276
f 271/305/277 270/303/275 278/304/276 279/306/278
f 272/307/279 271/305/277 279/306/278 280/308/280
f 265/294/266 272/307/279 280/308/280 273/295/267
f 274/296/268 273/295/267 281/376/281 282/382/282
f 275/298/270 274/296/268 282/382/282 283/381/283
f 276/300/272 275/298/270 283/381/283 284/380/284
f 277/302/274 276/300/272 284/380/284 285/379/285
f 278/304/276 277/302/274 285/379/285 286/378/286
f 279/306/278 278/304/276 286/378/286 287/377/287
f 280/308/280 279/306/278 287/377/287 288/375/288
f 273/295/267 280/308/280 288/375/288 281/376/281
f 282/310/282 281/309/281 289/317/289 290/318/290
f 283/311/283 282/310/282 290/318/290 291/319/291
f 284/312/284 283/311/283 291/319/291 292/320/292
f 285/313/285 284/312/284 292/320/292 293/321/293
f 286/314/286 285/313/285 293/321/293 294/322/294
f 287/315/287 286/314/286 294/322/294 295/323/295
f 288/316/288 287/315/287 295/323/295 296/324/296
f 281/309/281 288/316/288 296/324/296 289/317/289
f 298/325/297 297/326/298 249/278/250 250/277/249
f 299/327/299 298/325/297 250/277/249 251/281/253
f 300/328/300 299/327/299 251/281/253 252/283/255
f 301/329/301 300/328/300 252/283/255 253/285/257
f 302/330/302 301/329/301 253/285/257 254/287/259
f 303/331/303 302/330/302 254/287/259 255/289/261
f 304/332/304 303/331/303 255/289/261 256/291/263
f 297/326/298 304/332/304 256/291/263 249/278/250
f 258/280/252 257/279/251 305/333/305 306/334/306
f 259/282/254 258/280/252 306/334/306 307/335/307
f 260/284/256 259/282/254 307/335/307 308/336/308
f 261/286/258 260/284/256 308/336/308 309/337/309
f 262/288/260 261/286/258 309/337/309 310/338/310
f 263/290/262 262/288/260 310/338/310 311/339/311
f 264/292/264 263/290/262 311/339/311 312/340/312
f 257/279/251 264/292/264 312/340/312 305/333/305
f 306/334/306 305/333/305 313/341/313 314/342/314
f 307/335/307 306/334/306 314/342/314 315/343/315
f 308/336/308 307/335/307 315/343/315 316/344/316
f 309/337/309 308/336/308 316/344/316 317/345/317
f 310/338/310 309/337/309 317/345/317 318/346/318
f 311/339/311 310/338/310 318/346/318 319/347/319
f 312/340/312 311/339/311 319/347/319 320/348/320
f 305/333/305 312/340/312 320/348/320 313/341/313
f 314/342/314 313/341/313 321/349/321
f 315/343/315 314/342/314 321/349/321
f 316/344/316 315/343/315 321/349/321
f 317/345/317 316/344/316 321/349/321
f 318/346/318 317/345/317 321/349/321
f 319/347/319 318/346/318 321/349/321
f 320/348/320 319/347/319 321/349/321
f 313/341/313 320/348/320 321/349/321
f 322/350/322 323/351/323 325/352/324 324/353/325
f 323/351/323 322/350/322 336/354/326 337/355/327
f 324/353/325 325/352/324 327/356/328 326/357/329
f 326/357/329 327/356/328 329/358/330 328/359/331
f 328/359/331 329/358/330 331/360/332 330/361/333
f 330/361/333 331/360/332 333/362/334 332/363/335
f 332/363/335 333/362/334 335/364/336 334/365/337
f 334/365/337 335/364/336 337/355/327 336/354/326
f 344/366/338 345/367/339 322/350/322 324/353/325
f 343/368/340 344/366/338 324/353/325 326/357/329
f 342/369/341 343/368/340 326/357/329 328/359/331
f 341/370/342 342/369/341 328/359/331 330/361/333
f 340/371/343 341/370/342 330/361/333 332/363/335
f 339/372/344 340/371/343 332/363/335 334/365/337
f 338/373/345 339/372/344 334/365/337 336/354/326
f 345/367/339 338/373/345 336/354/326 322/350/322
f 325/352/324 323/351/323 297/326/298 298/325/297
f 327/356/328 325/352/324 298/325/297 299/327/299
f 329/358/330 327/356/328 299/327/299 300/328/300
f 331/360/332 329/358/330 300/328/300 301/329/301
f 333/362/334 331/360/332 301/329/301 302/330/302
f 335/364/336 333/362/334 302/330/302 303/331/303
f 337/355/327 335/364/336 303/331/303 304/332/304
f 323/351/323 337/355/327 304/332/304 297/326/298
f 296/324/296 295/323/295 339/372/344 338/373/345
f 295/323/295 294/322/294 340/371/343 339/372/344
f 294/322/294 293/321/293 341/370/342 340/371/343
f 293/321/293 292/320/292 342/369/341 341/370/342
f 292/320/292 291/319/291 343/368/340 342/369/341
f 291/319/291 290/318/290 344/366/338 343/368/340
f 290/318/290 289/317/289 345/367/339 344/366/338
f 289/317/289 296/324/296 338/373/345 345/367/339
f 265/294/266 266/293/265 346/374/346
f 266/293/265 267/297/269 346/374/346
f 267/297/269 268/299/271 346/374/346
f 268/299/271 269/301/273 346/374/346
f 269/301/273 270/303/275 346/374/346
f 270/303/275 271/305/277 346/374/346
f 271/305/277 272/307/279 346/374/346
f 272/307/279 265/294/266 346/374/346
g default
v 0.187236 0.194624 0.409022
v 0.185065 0.210477 0.411670
v 0.175776 0.222702 0.416896
v 0.161858 0.228023 0.423299
v 0.147039 0.225014 0.429163
v 0.135291 0.214482 0.432919
v 0.129761 0.199249 0.433558
v 0.131931 0.183396 0.430909
v 0.141221 0.171171 0.425684
v 0.155139 0.165850 0.419281
v 0.169958 0.168858 0.413416
v 0.181706 0.179390 0.409661
v 0.211610 0.192597 0.396822
v 0.207599 0.221890 0.401715
v 0.190435 0.244479 0.411371
v 0.164717 0.254311 0.423202
v 0.137335 0.248752 0.434038
v 0.115627 0.229291 0.440977
v 0.105409 0.201143 0.442158
v 0.109420 0.171851 0.437264
v 0.126584 0.149262 0.427609
v 0.152303 0.139430 0.415778
v 0.179684 0.144989 0.404941
v 0.201392 0.164450 0.398003
v 0.235095 0.190004 0.393516
v 0.229423 0.231431 0.400435
v 0.205149 0.263376 0.414090
v 0.168778 0.277280 0.430822
v 0.130054 0.269419 0.446148
v 0.099355 0.241897 0.455960
v 0.084905 0.202090 0.457630
v 0.090577 0.160664 0.450710
v 0.114851 0.128719 0.437055
v 0.151222 0.114814 0.420323
v 0.189946 0.122676 0.404998
v 0.220645 0.150198 0.395185
v 0.229822 0.190348 0.397015
v 0.224581 0.228621 0.403408
v 0.202155 0.258135 0.416023
v 0.168553 0.270981 0.431482
v 0.132777 0.263717 0.445641
v 0.104414 0.238291 0.454707
v 0.091064 0.201514 0.456249
v 0.096305 0.163241 0.449856
v 0.118731 0.133728 0.437240
v 0.152333 0.120881 0.421782
v 0.188109 0.128145 0.407623
v 0.216472 0.153571 0.398558
v 0.215561 0.191560 0.406273
v 0.211550 0.220852 0.411166
v 0.194386 0.243441 0.420822
v 0.168668 0.253273 0.432653
v 0.141286 0.247714 0.443490
v 0.119578 0.228253 0.450428
v 0.109361 0.200105 0.451609
v 0.113371 0.170813 0.446717
v 0.130535 0.148224 0.437060
v 0.156254 0.138392 0.425229
v 0.183635 0.143951 0.414392
v 0.205343 0.163412 0.407454
v 0.191689 0.193454 0.419674
v 0.189518 0.209307 0.422322
v 0.180229 0.221532 0.427547
v 0.166311 0.226853 0.433951
v 0.151492 0.223845 0.439815
v 0.139744 0.213313 0.443570
v 0.134214 0.198079 0.444209
v 0.136384 0.182226 0.441561
v 0.145674 0.170001 0.436336
v 0.159592 0.164680 0.429933
v 0.174411 0.167689 0.424068
v 0.186159 0.178221 0.420313
v 0.159184 0.196959 0.422168
v 0.163813 0.195743 0.433241
v 0.225473 0.191286 0.389777
v 0.227810 0.191077 0.389093
v 0.220318 0.228940 0.396066
v 0.222487 0.229959 0.395587
v 0.198255 0.257976 0.408478
v 0.199704 0.259942 0.408404
v 0.165195 0.270614 0.423686
v 0.165567 0.272993 0.424108
v 0.129998 0.263468 0.437616
v 0.129222 0.265614 0.438492
v 0.102094 0.238453 0.446535
v 0.100408 0.239783 0.447702
v 0.088960 0.202271 0.448053
v 0.086846 0.202421 0.449270
v 0.094116 0.164617 0.441763
v 0.092169 0.163539 0.442775
v 0.116179 0.135581 0.429352
v 0.114952 0.133556 0.429958
v 0.149238 0.122943 0.414143
v 0.149089 0.120506 0.414254
v 0.184435 0.130089 0.400213
v 0.185434 0.127885 0.399870
v 0.212340 0.155104 0.391294
v 0.214248 0.153716 0.390660
v 0.231241 0.190756 0.388324
v 0.233368 0.190458 0.389385
v 0.225677 0.231394 0.395112
v 0.227696 0.231884 0.396305
v 0.201865 0.262732 0.408507
v 0.203423 0.263829 0.409960
v 0.166186 0.276372 0.424921
v 0.167051 0.277734 0.426692
v 0.128199 0.268659 0.439955
v 0.128328 0.269872 0.442017
v 0.098084 0.241662 0.449580
v 0.097628 0.242351 0.451829
v 0.083909 0.202612 0.451218
v 0.083179 0.202544 0.453500
v 0.089473 0.161974 0.444431
v 0.088851 0.161118 0.446580
v 0.113285 0.130637 0.431035
v 0.113124 0.129172 0.432925
v 0.148964 0.116997 0.414622
v 0.149496 0.115268 0.416193
v 0.186951 0.124709 0.399588
v 0.188219 0.123130 0.400868
v 0.217066 0.151707 0.389963
v 0.218918 0.150651 0.391055
vt 0.090444 0.269282
vt 0.089668 0.272588
vt 0.083986 0.272656
vt 0.085422 0.266544
vt 0.090648 0.275838
vt 0.085797 0.278667
vt 0.093122 0.278164
vt 0.090372 0.282967
vt 0.096428 0.278940
vt 0.096485 0.284404
vt 0.099678 0.277960
vt 0.102496 0.282591
vt 0.102003 0.275486
vt 0.106797 0.278016
vt 0.102780 0.272181
vt 0.108233 0.271903
vt 0.101800 0.268930
vt 0.106420 0.265892
vt 0.099326 0.266605
vt 0.101844 0.261592
vt 0.096021 0.265828
vt 0.095732 0.260156
vt 0.092770 0.266808
vt 0.089721 0.261969
vt 0.114099 0.223247
vt 0.113356 0.231721
vt 0.112165 0.231287
vt 0.112852 0.223467
vt 0.108473 0.238687
vt 0.107659 0.237716
vt 0.100762 0.242278
vt 0.100543 0.241030
vt 0.092289 0.241532
vt 0.092723 0.240342
vt 0.085325 0.236650
vt 0.086296 0.235836
vt 0.081735 0.228941
vt 0.082982 0.228721
vt 0.082479 0.220469
vt 0.083669 0.220903
vt 0.087360 0.213504
vt 0.088174 0.214475
vt 0.095069 0.209913
vt 0.095288 0.211160
vt 0.103541 0.210657
vt 0.103107 0.211847
vt 0.110507 0.215537
vt 0.109536 0.216351
vt 0.108984 0.230076
vt 0.109510 0.224110
vt 0.105549 0.234982
vt 0.100119 0.237513
vt 0.094150 0.236990
vt 0.089242 0.233552
vt 0.086710 0.228120
vt 0.087237 0.222149
vt 0.090677 0.217243
vt 0.096109 0.214714
vt 0.102077 0.215241
vt 0.106981 0.218680
vt 0.103845 0.228314
vt 0.104129 0.225092
vt 0.101989 0.230962
vt 0.099057 0.232327
vt 0.095837 0.232043
vt 0.093189 0.230187
vt 0.091825 0.227256
vt 0.092107 0.224035
vt 0.093963 0.221387
vt 0.096894 0.220022
vt 0.100116 0.220305
vt 0.102765 0.222160
vt 0.096156 0.272384
vt 0.098037 0.226194
vt 0.082569 0.264950
vt 0.116046 0.222907
vt 0.112022 0.214269
vt 0.088098 0.259067
vt 0.080722 0.272808
vt 0.115211 0.232399
vt 0.083052 0.280538
vt 0.109741 0.240202
vt 0.088935 0.286067
vt 0.101102 0.244224
vt 0.096795 0.287914
vt 0.091611 0.243388
vt 0.104524 0.285583
vt 0.083809 0.237918
vt 0.110053 0.279700
vt 0.079788 0.229281
vt 0.111900 0.271841
vt 0.080623 0.219791
vt 0.109569 0.264112
vt 0.086092 0.211989
vt 0.103686 0.258583
vt 0.094728 0.207966
vt 0.095827 0.256737
vt 0.104220 0.208801
vt 0.115420 0.223010
vt 0.114977 0.223090
vt 0.111188 0.214962
vt 0.111532 0.214672
vt 0.114618 0.232176
vt 0.114194 0.232023
vt 0.109338 0.239712
vt 0.109048 0.239368
vt 0.100999 0.243598
vt 0.100919 0.243155
vt 0.091834 0.242794
vt 0.091986 0.242371
vt 0.084300 0.237516
vt 0.084643 0.237225
vt 0.080414 0.229178
vt 0.080857 0.229098
vt 0.081217 0.220014
vt 0.081641 0.220167
vt 0.086494 0.212479
vt 0.086785 0.212823
vt 0.094832 0.208592
vt 0.094912 0.209035
vt 0.103996 0.209395
vt 0.103844 0.209818
vt 0.087828 0.258632
vt 0.095811 0.256225
vt 0.103928 0.258132
vt 0.110004 0.263842
vt 0.112411 0.271825
vt 0.110504 0.279942
vt 0.104794 0.286019
vt 0.096810 0.288425
vt 0.088693 0.286518
vt 0.082617 0.280807
vt 0.080210 0.272824
vt 0.082118 0.264707
vn -0.433029 0.104620 -0.895288
vn -0.429464 0.076901 -0.899804
vn -0.436437 0.073544 -0.896724
vn -0.440547 0.105172 -0.891548
vn -0.413427 0.055161 -0.908865
vn -0.417877 0.049176 -0.907172
vn -0.388924 0.045324 -0.920154
vn -0.390079 0.038891 -0.919960
vn -0.362443 0.050320 -0.930647
vn -0.360871 0.045324 -0.931514
vn -0.341269 0.069054 -0.937426
vn -0.338180 0.066375 -0.938738
vn -0.331372 0.096427 -0.938560
vn -0.327824 0.096125 -0.939836
vn -0.335503 0.124757 -0.933742
vn -0.332226 0.126700 -0.934651
vn -0.352344 0.146238 -0.924374
vn -0.350101 0.150307 -0.924574
vn -0.377074 0.155216 -0.913085
vn -0.376913 0.160895 -0.912168
vn -0.402993 0.149591 -0.902895
vn -0.405841 0.155503 -0.900617
vn -0.423373 0.131105 -0.896419
vn -0.429225 0.135202 -0.893021
vn 0.934148 -0.122604 0.335165
vn 0.883255 0.249103 0.397252
vn 0.525969 -0.023392 0.850182
vn 0.538128 -0.112472 0.835325
vn 0.665462 0.535724 0.519769
vn 0.472843 0.043688 0.880063
vn 0.339123 0.660476 0.669901
vn 0.395367 0.069976 0.915854
vn -0.008345 0.589943 0.807402
vn 0.316126 0.050301 0.947383
vn -0.283791 0.343018 0.895434
vn 0.255819 -0.007623 0.966695
vn -0.413408 -0.014158 0.910436
vn 0.228468 -0.087639 0.969599
vn -0.362490 -0.385848 0.848365
vn 0.239762 -0.169893 0.955851
vn -0.144714 -0.672474 0.725836
vn 0.286959 -0.234633 0.928764
vn 0.181607 -0.797240 0.575698
vn 0.359385 -0.265399 0.894654
vn 0.529051 -0.726695 0.438199
vn 0.439497 -0.252523 0.862018
vn 0.804498 -0.479767 0.350152
vn 0.505720 -0.196948 0.839916
vn 0.501595 -0.038068 0.864265
vn 0.511032 -0.110153 0.852474
vn 0.459303 0.017456 0.888108
vn 0.395996 0.040948 0.917339
vn 0.329415 0.026331 0.943818
vn 0.277625 -0.021651 0.960446
vn 0.253935 -0.089551 0.963067
vn 0.263947 -0.159428 0.951270
vn 0.304784 -0.213377 0.928212
vn 0.366046 -0.237503 0.899779
vn 0.432049 -0.225106 0.873305
vn 0.485309 -0.178697 0.855887
vn 0.462552 -0.059023 0.884625
vn 0.468774 -0.107243 0.876784
vn 0.434640 -0.021214 0.900355
vn 0.391997 -0.004093 0.919957
vn 0.345894 -0.012791 0.938186
vn 0.309056 -0.045382 0.949960
vn 0.291863 -0.092975 0.951930
vn 0.299061 -0.142264 0.943570
vn 0.328348 -0.179653 0.927315
vn 0.371397 -0.195289 0.907704
vn 0.416511 -0.185527 0.889999
vn 0.451966 -0.153354 0.878754
vn -0.383894 0.100716 -0.917868
vn 0.383961 -0.100683 0.917844
vn -0.409554 0.103019 -0.906451
vn -0.230396 0.087521 -0.969153
vn -0.258902 0.008893 -0.965863
vn -0.404037 0.116783 -0.907257
vn -0.407555 0.088347 -0.908897
vn -0.241600 0.169340 -0.955486
vn -0.398671 0.077494 -0.913814
vn -0.289522 0.232428 -0.928523
vn -0.385973 0.073586 -0.919570
vn -0.361362 0.259921 -0.895465
vn -0.373370 0.077109 -0.924472
vn -0.437850 0.244419 -0.865186
vn -0.364062 0.086465 -0.927352
vn -0.498463 0.190025 -0.845828
vn -0.359956 0.098998 -0.927702
vn -0.526977 0.111390 -0.842548
vn -0.361717 0.111767 -0.925564
vn -0.515777 0.029597 -0.856211
vn -0.368945 0.121971 -0.921414
vn -0.467847 -0.033487 -0.883175
vn -0.380231 0.127132 -0.916112
vn -0.396024 -0.060963 -0.916214
vn -0.393079 0.125491 -0.910901
vn -0.319537 -0.045459 -0.946483
vn 0.112730 0.051944 -0.992267
vn 0.810375 -0.049835 -0.583788
vn 0.638208 -0.524133 -0.563892
vn 0.026600 -0.185374 -0.982308
vn 0.078923 0.298897 -0.951016
vn 0.742792 0.443738 -0.501355
vn -0.065780 0.489332 -0.869613
vn 0.453558 0.824376 -0.338658
vn -0.282601 0.572235 -0.769860
vn 0.020200 0.990045 -0.139294
vn -0.513453 0.525360 -0.678501
vn -0.441173 0.896377 0.043287
vn -0.696453 0.361286 -0.620021
vn -0.806966 0.568455 0.160203
vn -0.782604 0.123978 -0.610050
vn -0.979127 0.094175 0.180116
vn -0.748803 -0.122985 -0.651282
vn -0.911551 -0.399419 0.097664
vn -0.604086 -0.313425 -0.732697
vn -0.622337 -0.780042 -0.065045
vn -0.387247 -0.396325 -0.832446
vn -0.188975 -0.945720 -0.264392
vn -0.156401 -0.349447 -0.923810
vn 0.272416 -0.852054 -0.446983
s 1
g head eye_lens_left
usemtl head_plateSG
f 347/383/347 348/384/348 360/385/349 359/386/350
f 348/384/348 349/387/351 361/388/352 360/385/349
f 349/387/351 350/389/353 362/390/354 361/388/352
f 350/389/353 351/391/355 363/392/356 362/390/354
f 351/391/355 352/393/357 364/394/358 363/392/356
f 352/393/357 353/395/359 365/396/360 364/394/358
f 353/395/359 354/397/361 366/398/362 365/396/360
f 354/397/361 355/399/363 367/400/364 366/398/362
f 355/399/363 356/401/365 368/402/366 367/400/364
f 356/401/365 357/403/367 369/404/368 368/402/366
f 357/403/367 358/405/369 370/406/370 369/404/368
f 358/405/369 347/383/347 359/386/350 370/406/370
f 371/407/371 372/408/372 384/409/373 383/410/374
f 372/408/372 373/411/375 385/412/376 384/409/373
f 373/411/375 374/413/377 386/414/378 385/412/376
f 374/413/377 375/415/379 387/416/380 386/414/378
f 375/415/379 376/417/381 388/418/382 387/416/380
f 376/417/381 377/419/383 389/420/384 388/418/382
f 377/419/383 378/421/385 390/422/386 389/420/384
f 378/421/385 379/423/387 391/424/388 390/422/386
f 379/423/387 380/425/389 392/426/390 391/424/388
f 380/425/389 381/427/391 393/428/392 392/426/390
f 381/427/391 382/429/393 394/430/394 393/428/392
f 382/429/393 371/407/371 383/410/374 394/430/394
f 383/410/374 384/409/373 396/431/395 395/432/396
f 384/409/373 385/412/376 397/433/397 396/431/395
f 385/412/376 386/414/378 398/434/398 397/433/397
f 386/414/378 387/416/380 399/435/399 398/434/398
f 387/416/380 388/418/382 400/436/400 399/435/399
f 388/418/382 389/420/384 401/437/401 400/436/400
f 389/420/384 390/422/386 402/438/402 401/437/401
f 390/422/386 391/424/388 403/439/403 402/438/402
f 391/424/388 392/426/390 404/440/404 403/439/403
f 392/426/390 393/428/392 405/441/405 404/440/404
f 393/428/392 394/430/394 406/442/406 405/441/405
f 394/430/394 383/410/374 395/432/396 406/442/406
f 395/432/396 396/431/395 408/443/407 407/444/408
f 396/431/395 397/433/397 409/445/409 408/443/407
f 397/433/397 398/434/398 410/446/410 409/445/409
f 398/434/398 399/435/399 411/447/411 410/446/410
f 399/435/399 400/436/400 412/448/412 411/447/411
f 400/436/400 401/437/401 413/449/413 412/448/412
f 401/437/401 402/438/402 414/450/414 413/449/413
f 402/438/402 403/439/403 415/451/415 414/450/414
f 403/439/403 404/440/404 416/452/416 415/451/415
f 404/440/404 405/441/405 417/453/417 416/452/416
f 405/441/405 406/442/406 418/454/418 417/453/417
f 406/442/406 395/432/396 407/444/408 418/454/418
f 348/384/348 347/383/347 419/455/419
f 349/387/351 348/384/348 419/455/419
f 350/389/353 349/387/351 419/455/419
f 351/391/355 350/389/353 419/455/419
f 352/393/357 351/391/355 419/455/419
f 353/395/359 352/393/357 419/455/419
f 354/397/361 353/395/359 419/455/419
f 355/399/363 354/397/361 419/455/419
f 356/401/365 355/399/363 419/455/419
f 357/403/367 356/401/365 419/455/419
f 358/405/369 357/403/367 419/455/419
f 347/383/347 358/405/369 419/455/419
f 407/444/408 408/443/407 420/456/420
f 408/443/407 409/445/409 420/456/420
f 409/445/409 410/446/410 420/456/420
f 410/446/410 411/447/411 420/456/420
f 411/447/411 412/448/412 420/456/420
f 412/448/412 413/449/413 420/456/420
f 413/449/413 414/450/414 420/456/420
f 414/450/414 415/451/415 420/456/420
f 415/451/415 416/452/416 420/456/420
f 416/452/416 417/453/417 420/456/420
f 417/453/417 418/454/418 420/456/420
f 418/454/418 407/444/408 420/456/420
f 421/457/421 422/516/422 444/505/423 443/460/424
f 422/516/422 421/457/421 423/461/425 424/515/426
f 424/515/426 423/461/425 425/463/427 426/514/428
f 426/514/428 425/463/427 427/465/429 428/513/430
f 428/513/430 427/465/429 429/467/431 430/512/432
f 430/512/432 429/467/431 431/469/433 432/511/434
f 432/511/434 431/469/433 433/471/435 434/510/436
f 434/510/436 433/471/435 435/473/437 436/509/438
f 436/509/438 435/473/437 437/475/439 438/508/440
f 438/508/440 437/475/439 439/477/441 440/507/442
f 440/507/442 439/477/441 441/479/443 442/506/444
f 442/506/444 441/479/443 443/460/424 444/505/423
f 445/481/445 446/482/446 468/483/447 467/484/448
f 446/482/446 445/481/445 447/485/449 448/486/450
f 448/486/450 447/485/449 449/487/451 450/488/452
f 450/488/452 449/487/451 451/489/453 452/490/454
f 452/490/454 451/489/453 453/491/455 454/492/456
f 454/492/456 453/491/455 455/493/457 456/494/458
f 456/494/458 455/493/457 457/495/459 458/496/460
f 458/496/460 457/495/459 459/497/461 460/498/462
f 460/498/462 459/497/461 461/499/463 462/500/464
f 462/500/464 461/499/463 463/501/465 464/502/466
f 464/502/466 463/501/465 465/503/467 466/504/468
f 466/504/468 465/503/467 467/484/448 468/483/447
f 359/386/350 360/385/349 423/461/425 421/457/421
f 360/385/349 361/388/352 425/463/427 423/461/425
f 361/388/352 362/390/354 427/465/429 425/463/427
f 362/390/354 363/392/356 429/467/431 427/465/429
f 363/392/356 364/394/358 431/469/433 429/467/431
f 364/394/358 365/396/360 433/471/435 431/469/433
f 365/396/360 366/398/362 435/473/437 433/471/435
f 366/398/362 367/400/364 437/475/439 435/473/437
f 367/400/364 368/402/366 439/477/441 437/475/439
f 368/402/366 369/404/368 441/479/443 439/477/441
f 369/404/368 370/406/370 443/460/424 441/479/443
f 370/406/370 359/386/350 421/457/421 443/460/424
f 422/458/422 424/462/426 447/485/449 445/481/445
f 424/462/426 426/464/428 449/487/451 447/485/449
f 426/464/428 428/466/430 451/489/453 449/487/451
f 428/466/430 430/468/432 453/491/455 451/489/453
f 430/468/432 432/470/434 455/493/457 453/491/455
f 432/470/434 434/472/436 457/495/459 455/493/457
f 434/472/436 436/474/438 459/497/461 457/495/459
f 436/474/438 438/476/440 461/499/463 459/497/461
f 438/476/440 440/478/442 463/501/465 461/499/463
f 440/478/442 442/480/444 465/503/467 463/501/465
f 442/480/444 444/459/423 467/484/448 465/503/467
f 444/459/423 422/458/422 445/481/445 467/484/448
f 446/482/446 448/486/450 372/408/372 371/407/371
f 448/486/450 450/488/452 373/411/375 372/408/372
f 450/488/452 452/490/454 374/413/377 373/411/375
f 452/490/454 454/492/456 375/415/379 374/413/377
f 454/492/456 456/494/458 376/417/381 375/415/379
f 456/494/458 458/496/460 377/419/383 376/417/381
f 458/496/460 460/498/462 378/421/385 377/419/383
f 460/498/462 462/500/464 379/423/387 378/421/385
f 462/500/464 464/502/466 380/425/389 379/423/387
f 464/502/466 466/504/468 381/427/391 380/425/389
f 466/504/468 468/483/447 382/429/393 381/427/391
f 468/483/447 446/482/446 371/407/371 382/429/393
g default
v 0.343403 0.170716 0.082335
v 0.363316 0.170716 0.082335
v 0.343403 0.215665 0.082335
v 0.363316 0.215665 0.082335
v 0.343403 0.215665 0.037386
v 0.363316 0.215665 0.037386
v 0.343403 0.170716 0.037386
v 0.363316 0.170716 0.037386
v 0.342273 0.221578 0.059861
v 0.347695 0.164804 0.031474
v 0.342273 0.193191 0.031474
v 0.367823 0.164804 0.059861
v 0.342273 0.164804 0.059861
v 0.347695 0.164804 0.088248
v 0.347695 0.221578 0.088248
v 0.342273 0.193191 0.088248
v 0.367823 0.221578 0.059861
v 0.347695 0.221578 0.031474
v 0.347695 0.193191 0.098629
v 0.347695 0.231959 0.059861
v 0.347695 0.193191 0.021092
v 0.347695 0.154422 0.059861
v 0.340290 0.193191 0.059861
v 0.344944 0.178787 0.093572
v 0.357163 0.178787 0.093572
v 0.357163 0.207595 0.093572
v 0.344944 0.207595 0.093572
v 0.344944 0.226903 0.074265
v 0.357163 0.226903 0.074265
v 0.357163 0.226903 0.045456
v 0.344944 0.226903 0.045456
v 0.344944 0.207595 0.026149
v 0.357163 0.207595 0.026149
v 0.357163 0.178787 0.026149
v 0.344944 0.178787 0.026149
v 0.344944 0.159479 0.045456
v 0.357163 0.159479 0.045456
v 0.357163 0.159479 0.074265
v 0.344944 0.159479 0.074265
v 0.371882 0.178787 0.074265
v 0.371882 0.178787 0.045456
v 0.371882 0.207595 0.045456
v 0.371882 0.207595 0.074265
v 0.341256 0.178787 0.045456
v 0.341256 0.178787 0.074265
v 0.341256 0.207595 0.074265
v 0.341256 0.207595 0.045456
v 0.347695 0.177714 0.096024
v 0.347695 0.208668 0.096024
v 0.344739 0.193191 0.096024
v 0.347695 0.229354 0.075337
v 0.357981 0.229354 0.059861
v 0.347695 0.229354 0.044384
v 0.344739 0.229354 0.059861
v 0.347695 0.208668 0.023697
v 0.347695 0.177714 0.023697
v 0.344739 0.193191 0.023697
v 0.347695 0.157027 0.044384
v 0.357981 0.157027 0.059861
v 0.347695 0.157027 0.075337
v 0.344739 0.157027 0.059861
v 0.373751 0.177714 0.059861
v 0.373751 0.208668 0.059861
v 0.340788 0.177714 0.059861
v 0.340788 0.193191 0.075337
v 0.340788 0.208668 0.059861
v 0.340788 0.193191 0.044384
v 0.345149 0.166758 0.086293
v 0.356345 0.166758 0.086293
v 0.366333 0.179859 0.086293
v 0.366333 0.206522 0.086293
v 0.356345 0.219624 0.086293
v 0.345149 0.219624 0.086293
v 0.342647 0.206522 0.086293
v 0.342647 0.179859 0.086293
v 0.366333 0.219624 0.073192
v 0.366333 0.219624 0.046529
v 0.356345 0.219624 0.033427
v 0.345149 0.219624 0.033427
v 0.342647 0.219624 0.046529
v 0.342647 0.219624 0.073192
v 0.366333 0.206522 0.033427
v 0.366333 0.179859 0.033427
v 0.356345 0.166758 0.033427
v 0.345149 0.166758 0.033427
v 0.342647 0.179859 0.033427
v 0.342647 0.206522 0.033427
v 0.366333 0.166758 0.046529
v 0.366333 0.166758 0.073192
v 0.342647 0.166758 0.073192
v 0.342647 0.166758 0.046529
v 0.347695 0.195863 0.098179
v 0.357840 0.195678 0.095601
v 0.367566 0.195493 0.087910
v 0.373428 0.195678 0.075152
v 0.375394 0.195863 0.059861
v 0.373428 0.195678 0.044569
v 0.367566 0.195493 0.031811
v 0.357840 0.195678 0.024121
v 0.347695 0.195863 0.021542
v 0.344775 0.195678 0.024121
v 0.342338 0.195493 0.031811
v 0.340869 0.195678 0.044569
v 0.340376 0.195863 0.059861
v 0.340869 0.195678 0.075152
v 0.342338 0.195493 0.087910
v 0.344775 0.195678 0.095601
v 0.344775 0.190703 0.095601
v 0.342338 0.190889 0.087910
v 0.340869 0.190703 0.075152
v 0.340376 0.190518 0.059861
v 0.340869 0.190703 0.044569
v 0.342338 0.190889 0.031811
v 0.344775 0.190703 0.024121
v 0.347695 0.190518 0.021542
v 0.357840 0.190703 0.024121
v 0.367566 0.190889 0.031811
v 0.373428 0.190703 0.044569
v 0.375394 0.190518 0.059861
v 0.373428 0.190703 0.075152
v 0.367566 0.190889 0.087910
v 0.357840 0.190703 0.095601
v 0.347695 0.190518 0.098179
v 0.357185 0.193191 0.093319
v 0.347279 0.193191 0.095825
v 0.357070 0.195157 0.092980
v 0.347279 0.195369 0.095375
v 0.366260 0.193191 0.086197
v 0.366075 0.194945 0.085955
v 0.371680 0.193191 0.074325
v 0.371426 0.195157 0.074177
v 0.373527 0.193191 0.059861
v 0.373247 0.195370 0.059861
v 0.371680 0.193191 0.045396
v 0.371426 0.195157 0.045544
v 0.366260 0.193191 0.033524
v 0.366075 0.194945 0.033766
v 0.357070 0.195157 0.026741
v 0.357185 0.193191 0.026402
v 0.347279 0.195369 0.024346
v 0.347279 0.193191 0.023896
v 0.357070 0.191224 0.026741
v 0.347279 0.191012 0.024346
v 0.366075 0.191436 0.033766
v 0.371426 0.191224 0.045544
v 0.373247 0.191012 0.059861
v 0.371426 0.191224 0.074177
v 0.366075 0.191436 0.085955
v 0.357070 0.191224 0.092980
v 0.347279 0.191012 0.095375
vt 0.426501 0.766150
vt 0.425450 0.767345
vt 0.387817 0.753316
vt 0.425289 0.763725
vt 0.390877 0.750338
vt 0.388545 0.753591
vt 0.387680 0.757077
vt 0.386881 0.756972
vt 0.424665 0.760769
vt 0.392120 0.751624
vt 0.390380 0.754365
vt 0.393332 0.752922
vt 0.392645 0.754996
vt 0.392303 0.757274
vt 0.389904 0.756983
vt 0.387620 0.758835
vt 0.389830 0.759082
vt 0.390121 0.761727
vt 0.388237 0.762372
vt 0.392243 0.758961
vt 0.392423 0.761257
vt 0.392961 0.763375
vt 0.391661 0.764584
vt 0.390330 0.765779
vt 0.424585 0.759524
vt 0.386815 0.758886
vt 0.422746 0.756316
vt 0.424824 0.756513
vt 0.389746 0.766301
vt 0.425715 0.753952
vt 0.393252 0.768878
vt 0.428140 0.752739
vt 0.393544 0.768150
vt 0.397614 0.769171
vt 0.397588 0.769946
vt 0.431712 0.751987
vt 0.394413 0.766329
vt 0.395025 0.764065
vt 0.397780 0.764404
vt 0.397692 0.766927
vt 0.401004 0.766563
vt 0.401746 0.768439
vt 0.400551 0.764261
vt 0.402658 0.763719
vt 0.403871 0.765016
vt 0.405117 0.766300
vt 0.401987 0.769185
vt 0.435352 0.752274
vt 0.405664 0.766862
vt 0.437913 0.753165
vt 0.408171 0.763326
vt 0.439125 0.755590
vt 0.407443 0.763052
vt 0.408306 0.759573
vt 0.441920 0.758347
vt 0.439749 0.758546
vt 0.405607 0.762277
vt 0.403343 0.761646
vt 0.403684 0.759370
vt 0.406083 0.759662
vt 0.408369 0.757817
vt 0.406158 0.757566
vt 0.405872 0.754924
vt 0.407759 0.754284
vt 0.403745 0.757684
vt 0.403568 0.755390
vt 0.403033 0.753273
vt 0.404336 0.752067
vt 0.405672 0.750877
vt 0.439829 0.759791
vt 0.409174 0.757769
vt 0.441668 0.762999
vt 0.439590 0.762802
vt 0.406258 0.750356
vt 0.438699 0.765363
vt 0.402756 0.747773
vt 0.436274 0.766576
vt 0.402462 0.748500
vt 0.398391 0.747473
vt 0.398420 0.746698
vt 0.432701 0.767328
vt 0.401587 0.750318
vt 0.400970 0.752581
vt 0.398214 0.752239
vt 0.398307 0.749717
vt 0.394992 0.750078
vt 0.394255 0.748200
vt 0.395441 0.752380
vt 0.394016 0.747453
vt 0.429062 0.767041
vt 0.395253 0.755017
vt 0.398114 0.754967
vt 0.398024 0.757479
vt 0.395007 0.757391
vt 0.400965 0.755223
vt 0.401039 0.757608
vt 0.397964 0.759163
vt 0.400981 0.759251
vt 0.400736 0.761625
vt 0.397875 0.761675
vt 0.394948 0.759035
vt 0.395025 0.761421
vt 0.436342 0.763292
vt 0.432476 0.763828
vt 0.432253 0.760378
vt 0.436372 0.760063
vt 0.428573 0.763793
vt 0.428129 0.760594
vt 0.432161 0.758937
vt 0.428042 0.759252
vt 0.428072 0.756023
vt 0.431938 0.755487
vt 0.436285 0.758721
vt 0.435841 0.755522
vt 0.387980 0.757967
vt 0.389979 0.758036
vt 0.389964 0.758484
vt 0.388051 0.758399
vt 0.392369 0.758120
vt 0.392375 0.758485
vt 0.395039 0.758215
vt 0.395043 0.758604
vt 0.397994 0.758321
vt 0.397978 0.758744
vt 0.400948 0.758427
vt 0.400917 0.758815
vt 0.403618 0.758524
vt 0.403587 0.758887
vt 0.405992 0.759058
vt 0.406008 0.758610
vt 0.407906 0.759108
vt 0.408007 0.758683
vt 0.408423 0.758698
vt 0.409188 0.758726
vt 0.439875 0.759163
vt 0.436377 0.759389
vt 0.432207 0.759658
vt 0.428037 0.759926
vt 0.424539 0.760152
vt 0.386799 0.757927
vt 0.387565 0.757953
vt 0.406024 0.758163
vt 0.407937 0.758252
vt 0.403613 0.758159
vt 0.400945 0.758039
vt 0.398009 0.757897
vt 0.395070 0.757828
vt 0.392401 0.757757
vt 0.389995 0.757589
vt 0.388081 0.757542
vt 0.442007 0.759710
vt 0.408505 0.754064
vt 0.422494 0.760968
vt 0.423254 0.764186
vt 0.422407 0.759605
vt 0.387491 0.762595
vt 0.409105 0.759679
vt 0.441160 0.755129
vt 0.390331 0.749776
vt 0.428866 0.769120
vt 0.432843 0.769525
vt 0.436736 0.768612
vt 0.439895 0.766414
vt 0.442071 0.759022
vt 0.438964 0.751970
vt 0.435548 0.750195
vt 0.431571 0.749790
vt 0.427678 0.750703
vt 0.424519 0.752901
vt 0.422343 0.760293
vn -0.967031 -0.180069 0.180072
vn -0.861384 -0.359181 0.359174
vn -0.871039 -0.177097 0.458178
vn -0.977352 -0.093546 0.189821
vn 0.016648 -0.707008 0.707010
vn 0.011367 -0.363905 0.931367
vn 0.008353 -0.009104 0.999924
vn -0.878461 -0.092110 0.468852
vn -0.979949 -0.053070 0.192052
vn 0.430225 -0.638325 0.638316
vn 0.445171 -0.327763 0.833303
vn 0.683607 -0.516081 0.516082
vn 0.760798 -0.285621 0.582759
vn 0.789964 0.013292 0.613010
vn 0.457592 0.022439 0.888879
vn 0.008350 0.009105 0.999924
vn 0.457592 -0.022440 0.888879
vn 0.445172 0.327763 0.833302
vn 0.011367 0.363908 0.931365
vn 0.789962 -0.013292 0.613012
vn 0.760796 0.285622 0.582760
vn 0.683609 0.516080 0.516082
vn 0.430227 0.638323 0.638317
vn 0.016648 0.707009 0.707009
vn -0.979949 0.053070 0.192054
vn -0.878462 0.092109 0.468851
vn -0.871040 0.177097 0.458178
vn -0.977352 0.093547 0.189821
vn -0.861384 0.359179 0.359175
vn -0.967031 0.180069 0.180072
vn -0.871579 0.460458 0.168313
vn -0.977986 0.188887 0.088688
vn 0.011610 0.938028 0.346364
vn 0.009414 0.999956 -0.000001
vn -0.876967 0.480551 -0.000000
vn -0.980748 0.195278 -0.000000
vn 0.444894 0.839405 0.312199
vn 0.764377 0.584408 0.272388
vn 0.791195 0.611564 -0.000000
vn 0.458116 0.888893 -0.000001
vn 0.444893 0.839407 -0.312196
vn 0.011610 0.938029 -0.346362
vn 0.764377 0.584409 -0.272386
vn 0.683608 0.516080 -0.516082
vn 0.430219 0.638322 -0.638323
vn 0.016648 0.707009 -0.707008
vn -0.871578 0.460460 -0.168310
vn -0.977986 0.188887 -0.088687
vn -0.861379 0.359185 -0.359183
vn -0.967031 0.180071 -0.180070
vn -0.871039 0.177093 -0.458181
vn -0.977352 0.093542 -0.189824
vn 0.011365 0.363905 -0.931367
vn 0.008349 0.009119 -0.999924
vn -0.878466 0.092107 -0.468843
vn -0.979949 0.053066 -0.192050
vn 0.445171 0.327753 -0.833307
vn 0.760795 0.285610 -0.582767
vn 0.789966 -0.013290 -0.613007
vn 0.457596 -0.022437 -0.888877
vn 0.008352 -0.009117 -0.999924
vn 0.457597 0.022436 -0.888877
vn 0.445170 -0.327753 -0.833307
vn 0.011365 -0.363902 -0.931368
vn 0.789966 0.013290 -0.613006
vn 0.760796 -0.285609 -0.582767
vn 0.683607 -0.516081 -0.516083
vn 0.430218 -0.638324 -0.638322
vn 0.016647 -0.707009 -0.707009
vn -0.979950 -0.053066 -0.192049
vn -0.878465 -0.092107 -0.468845
vn -0.871038 -0.177093 -0.458182
vn -0.977352 -0.093542 -0.189824
vn -0.861378 -0.359188 -0.359182
vn -0.967031 -0.180072 -0.180071
vn -0.871579 -0.460458 -0.168310
vn -0.977985 -0.188889 -0.088687
vn 0.011610 -0.938030 -0.346360
vn 0.009414 -0.999956 0.000000
vn -0.876966 -0.480552 0.000000
vn -0.980748 -0.195278 0.000000
vn 0.444894 -0.839406 -0.312198
vn 0.764375 -0.584411 -0.272387
vn 0.791194 -0.611565 -0.000000
vn 0.458115 -0.888893 0.000000
vn 0.444895 -0.839404 0.312202
vn 0.011611 -0.938028 0.346364
vn 0.764375 -0.584411 0.272388
vn -0.871580 -0.460455 0.168313
vn -0.977986 -0.188888 0.088688
vn 0.922827 -0.278625 0.266006
vn 0.958016 -0.286714 0.000000
vn 0.999704 0.024333 0.000000
vn 0.961836 0.020546 0.272855
vn 0.922828 -0.278624 -0.266004
vn 0.961836 0.020543 -0.272855
vn 0.999704 -0.024332 0.000001
vn 0.961836 -0.020543 -0.272856
vn 0.922827 0.278624 -0.266005
vn 0.958016 0.286716 0.000000
vn 0.961835 -0.020547 0.272858
vn 0.922826 0.278626 0.266008
vn -0.994431 -0.076125 -0.072883
vn -0.997128 -0.075730 -0.000000
vn -0.999439 -0.033507 0.000000
vn -0.996750 -0.037749 -0.071171
vn -0.994431 -0.076126 0.072884
vn -0.996750 -0.037750 0.071172
vn -0.999439 0.033507 -0.000000
vn -0.996749 0.037750 0.071172
vn -0.994431 0.076126 0.072884
vn -0.997128 0.075731 -0.000000
vn -0.996750 0.037748 -0.071172
vn -0.994431 0.076124 -0.072883
vn 0.565182 0.000001 0.824966
vn 0.438671 0.000000 0.898648
vn 0.296800 -0.724799 0.621753
vn 0.330248 -0.681006 0.653580
vn 0.790891 0.000000 0.611957
vn 0.570818 -0.704176 0.422259
vn 0.965051 0.000000 0.262061
vn 0.742667 -0.643518 0.185285
vn 1.000000 0.000000 -0.000001
vn 0.783334 -0.621600 0.000001
vn 0.965053 0.000000 -0.262055
vn 0.742667 -0.643517 -0.185286
vn 0.790914 0.000000 -0.611927
vn 0.570809 -0.704170 -0.422280
vn 0.296794 -0.724794 -0.621761
vn 0.438683 0.000001 -0.898642
vn 0.330231 -0.680987 -0.653609
vn 0.565233 0.000001 -0.824931
vn -0.011293 0.000001 -0.999936
vn -0.872797 0.000000 -0.488083
vn -0.980701 0.000000 -0.195515
vn -0.997526 -0.000000 -0.070303
vn -1.000000 0.000000 -0.000000
vn -0.997526 0.000000 0.070303
vn -0.980703 0.000000 0.195502
vn -0.872789 -0.000001 0.488098
vn -0.011226 0.000001 0.999937
vn 0.296787 0.724804 -0.621752
vn 0.330208 0.681018 -0.653588
vn 0.570798 0.704190 -0.422263
vn 0.742645 0.643545 -0.185279
vn 0.783316 0.621623 -0.000001
vn 0.742645 0.643544 0.185285
vn 0.570806 0.704194 0.422246
vn 0.296794 0.724811 0.621742
vn 0.330224 0.681032 0.653565
s 1
g head ear_screw_left
usemtl head_plateSG
f 469/517/469 536/518/470 492/670/471 543/520/472
f 536/675/470 482/521/473 516/522/474 492/519/471
f 492/519/471 516/522/474 591/523/475 576/524/476
f 543/520/472 492/670/471 576/669/476 577/525/477
f 482/521/473 537/526/478 493/527/479 516/522/474
f 537/526/478 470/528/480 538/529/481 493/527/479
f 493/527/479 538/529/481 589/530/482 590/531/483
f 516/522/474 493/527/479 590/531/483 591/523/475
f 560/532/484 561/533/485 494/534/486 517/535/487
f 561/533/485 562/536/488 539/537/489 494/534/486
f 494/534/486 539/537/489 472/538/490 540/539/491
f 517/535/487 494/534/486 540/539/491 483/540/492
f 574/541/493 575/671/494 495/543/495 542/544/496
f 575/542/494 560/532/484 517/535/487 495/672/495
f 495/672/495 517/535/487 483/540/492 541/545/497
f 542/544/496 495/543/495 541/685/497 471/546/498
f 471/546/498 541/685/497 496/684/499 549/548/500
f 541/545/497 483/540/492 519/549/501 496/547/499
f 496/547/499 519/549/501 488/550/502 522/551/503
f 549/548/500 496/684/499 522/683/503 477/552/504
f 483/540/492 540/539/491 497/553/505 519/549/501
f 540/539/491 472/538/490 544/554/506 497/553/505
f 497/553/505 544/554/506 485/555/507 520/556/508
f 519/549/501 497/553/505 520/556/508 488/550/502
f 488/550/502 520/556/508 498/557/509 521/558/510
f 520/556/508 485/555/507 545/559/511 498/557/509
f 498/557/509 545/559/511 474/560/512 546/561/513
f 521/558/510 498/557/509 546/561/513 486/562/514
f 477/552/504 522/683/503 499/682/515 548/564/516
f 522/551/503 488/550/502 521/558/510 499/563/515
f 499/563/515 521/558/510 486/562/514 547/565/517
f 548/564/516 499/682/515 547/681/517 473/566/518
f 473/566/518 547/681/517 500/674/519 555/568/520
f 547/565/517 486/562/514 523/569/521 500/567/519
f 500/567/519 523/569/521 568/570/522 569/673/523
f 555/568/520 500/674/519 569/571/523 570/572/524
f 486/562/514 546/561/513 501/573/525 523/569/521
f 546/561/513 474/560/512 550/574/526 501/573/525
f 501/573/525 550/574/526 566/575/527 567/576/528
f 523/569/521 501/573/525 567/576/528 568/570/522
f 583/577/529 584/578/530 502/579/531 524/580/532
f 584/578/530 585/581/533 551/582/534 502/579/531
f 502/579/531 551/582/534 476/583/535 552/584/536
f 524/580/532 502/579/531 552/584/536 478/585/537
f 581/586/538 582/667/539 503/588/540 554/589/541
f 582/587/539 583/577/529 524/580/532 503/668/540
f 503/668/540 524/580/532 478/585/537 553/590/542
f 554/589/541 503/588/540 553/679/542 475/591/543
f 475/591/543 553/679/542 504/678/544 559/593/545
f 553/590/542 478/585/537 526/594/546 504/592/544
f 504/592/544 526/594/546 490/595/547 529/596/548
f 559/593/545 504/678/544 529/677/548 481/597/549
f 478/585/537 552/584/536 505/598/550 526/594/546
f 552/584/536 476/583/535 556/599/551 505/598/550
f 505/598/550 556/599/551 480/600/552 527/601/553
f 526/594/546 505/598/550 527/601/553 490/595/547
f 490/595/547 527/601/553 506/602/554 528/603/555
f 527/601/553 480/600/552 557/604/556 506/602/554
f 506/602/554 557/604/556 470/528/480 537/526/478
f 528/603/555 506/602/554 537/526/478 482/521/473
f 481/597/549 529/677/548 507/676/557 558/606/558
f 529/596/548 490/595/547 528/603/555 507/605/557
f 507/605/557 528/603/555 482/521/473 536/675/470
f 558/606/558 507/676/557 536/518/470 469/517/469
f 470/528/480 557/604/556 508/607/559 538/529/481
f 557/604/556 480/600/552 530/608/560 508/607/559
f 508/607/559 530/608/560 587/609/561 588/610/562
f 538/529/481 508/607/559 588/610/562 589/530/482
f 480/600/552 556/599/551 509/611/563 530/608/560
f 556/599/551 476/583/535 551/582/534 509/611/563
f 509/611/563 551/582/534 585/581/533 586/612/564
f 530/608/560 509/611/563 586/612/564 587/609/561
f 564/613/565 565/614/566 510/615/567 531/616/568
f 565/614/566 566/575/527 550/574/526 510/615/567
f 510/615/567 550/574/526 474/560/512 545/559/511
f 531/616/568 510/615/567 545/559/511 485/555/507
f 562/536/488 563/617/569 511/618/570 539/537/489
f 563/617/569 564/613/565 531/616/568 511/618/570
f 511/618/570 531/616/568 485/555/507 544/554/506
f 539/537/489 511/618/570 544/554/506 472/538/490
f 475/591/543 559/593/545 512/619/571 554/589/541
f 559/593/545 481/597/549 532/620/572 512/619/571
f 512/619/571 532/620/572 579/621/573 580/622/574
f 554/589/541 512/619/571 580/622/574 581/586/538
f 481/597/549 558/606/558 513/623/575 532/620/572
f 558/606/558 469/517/469 543/520/472 513/623/575
f 513/623/575 543/520/472 577/525/477 578/624/576
f 532/620/572 513/623/575 578/624/576 579/621/573
f 572/625/577 573/626/578 514/627/579 534/628/580
f 573/626/578 574/541/493 542/544/496 514/627/579
f 514/627/579 542/544/496 471/546/498 549/548/500
f 534/628/580 514/627/579 549/548/500 477/552/504
f 570/572/524 571/629/581 515/630/582 555/568/520
f 571/629/581 572/625/577 534/628/580 515/630/582
f 515/630/582 534/628/580 477/552/504 548/564/516
f 555/568/520 515/630/582 548/564/516 473/566/518
f 593/631/583 592/632/584 594/633/585 595/634/586
f 592/632/584 596/635/587 597/636/588 594/633/585
f 596/635/587 598/637/589 599/638/590 597/636/588
f 598/637/589 600/639/591 601/640/592 599/638/590
f 600/639/591 602/641/593 603/642/594 601/640/592
f 602/641/593 604/643/595 605/644/596 603/642/594
f 606/645/597 605/644/596 604/643/595 607/646/598
f 608/647/599 606/645/597 607/646/598 609/648/600
f 569/673/523 568/570/522 489/649/601 525/650/602
f 570/572/524 569/571/523 525/680/602 479/651/603
f 479/651/603 535/652/604 571/629/581 570/572/524
f 535/652/604 491/653/605 572/625/577 571/629/581
f 491/653/605 533/654/606 573/626/578 572/625/577
f 533/654/606 484/655/607 574/541/493 573/626/578
f 484/655/607 518/686/608 575/671/494 574/541/493
f 518/656/608 487/657/609 560/532/484 575/542/494
f 577/525/477 576/669/476 518/686/608 484/655/607
f 578/624/576 577/525/477 484/655/607 533/654/606
f 579/621/573 578/624/576 533/654/606 491/653/605
f 580/622/574 579/621/573 491/653/605 535/652/604
f 581/586/538 580/622/574 535/652/604 479/651/603
f 479/651/603 525/680/602 582/667/539 581/586/538
f 525/650/602 489/649/601 583/577/529 582/587/539
f 609/648/600 607/646/598 610/658/610 611/659/611
f 607/646/598 604/643/595 612/660/612 610/658/610
f 613/661/613 612/660/612 604/643/595 602/641/593
f 614/662/614 613/661/613 602/641/593 600/639/591
f 615/663/615 614/662/614 600/639/591 598/637/589
f 616/664/616 615/663/615 598/637/589 596/635/587
f 617/665/617 616/664/616 596/635/587 592/632/584
f 618/666/618 617/665/617 592/632/584 593/631/583
f 576/524/476 591/523/475 487/657/609 518/656/608
f 561/533/485 560/532/484 595/634/586 594/633/585
f 560/532/484 487/657/609 593/631/583 595/634/586
f 562/536/488 561/533/485 594/633/585 597/636/588
f 563/617/569 562/536/488 597/636/588 599/638/590
f 564/613/565 563/617/569 599/638/590 601/640/592
f 565/614/566 564/613/565 601/640/592 603/642/594
f 566/575/527 565/614/566 603/642/594 605/644/596
f 567/576/528 566/575/527 605/644/596 606/645/597
f 568/570/522 567/576/528 606/645/597 608/647/599
f 489/649/601 568/570/522 608/647/599 609/648/600
f 584/578/530 583/577/529 611/659/611 610/658/610
f 583/577/529 489/649/601 609/648/600 611/659/611
f 585/581/533 584/578/530 610/658/610 612/660/612
f 586/612/564 585/581/533 612/660/612 613/661/613
f 587/609/561 586/612/564 613/661/613 614/662/614
f 588/610/562 587/609/561 614/662/614 615/663/615
f 589/530/482 588/610/562 615/663/615 616/664/616
f 590/531/483 589/530/482 616/664/616 617/665/617
f 591/523/475 590/531/483 617/665/617 618/666/618
f 487/657/609 591/523/475 618/666/618 593/631/583
g default
v 0.224206 0.197570 0.374306
v 0.216287 0.237093 0.382636
v 0.191041 0.266038 0.397434
v 0.155233 0.276650 0.414735
v 0.118458 0.266084 0.429904
v 0.089020 0.237173 0.435630
v 0.077490 0.197662 0.436000
v 0.085408 0.158140 0.427670
v 0.110968 0.129194 0.414030
v 0.148011 0.118583 0.398815
v 0.184787 0.129148 0.383647
v 0.212676 0.158059 0.374676
v 0.227818 0.196347 0.384807
v 0.219998 0.235378 0.393033
v 0.195067 0.263963 0.407648
v 0.159705 0.274442 0.424734
v 0.123387 0.264008 0.439713
v 0.094296 0.235457 0.445327
v 0.082910 0.196438 0.445693
v 0.090730 0.157408 0.437466
v 0.115975 0.128823 0.424011
v 0.152572 0.118344 0.409012
v 0.188890 0.128777 0.394032
v 0.216432 0.157329 0.385172
v 0.231473 0.195084 0.395692
v 0.223763 0.233564 0.403802
v 0.199184 0.261745 0.418210
v 0.164320 0.272077 0.435055
v 0.128515 0.261790 0.449823
v 0.099813 0.233642 0.455312
v 0.088587 0.195174 0.455673
v 0.096297 0.156694 0.447562
v 0.121190 0.128513 0.434313
v 0.157289 0.118181 0.419555
v 0.193094 0.128467 0.404787
v 0.220247 0.156616 0.396053
v 0.238328 0.195099 0.394610
v 0.229969 0.236818 0.403404
v 0.203320 0.267371 0.419024
v 0.165522 0.278572 0.437287
v 0.126703 0.267420 0.453299
v 0.095715 0.236902 0.459522
v 0.083545 0.195196 0.459913
v 0.091903 0.153477 0.451120
v 0.118865 0.122923 0.436658
v 0.157899 0.111722 0.420482
v 0.196718 0.122874 0.404470
v 0.226157 0.153392 0.395001
v 0.239056 0.196334 0.381437
v 0.230073 0.241072 0.390870
v 0.201495 0.273834 0.407621
v 0.160965 0.285859 0.427209
v 0.119323 0.273922 0.444394
v 0.086168 0.241199 0.451327
v 0.073079 0.196438 0.451766
v 0.082038 0.151637 0.442336
v 0.110968 0.118822 0.426721
v 0.152794 0.106809 0.409193
v 0.194460 0.118810 0.392004
v 0.226029 0.151585 0.381848
v 0.237015 0.197562 0.368575
v 0.227699 0.244060 0.378376
v 0.197998 0.278113 0.395786
v 0.155871 0.290597 0.416140
v 0.112605 0.278167 0.433985
v 0.078245 0.244154 0.441294
v 0.064681 0.197671 0.441730
v 0.073997 0.151173 0.431929
v 0.104011 0.117120 0.415678
v 0.147374 0.104636 0.397410
v 0.190639 0.117066 0.379565
v 0.223450 0.151079 0.369011
vt 0.184246 0.173977
vt 0.193939 0.176125
vt 0.226182 0.257989
vt 0.228769 0.250034
vt 0.174778 0.176963
vt 0.234998 0.244451
vt 0.168071 0.184283
vt 0.243179 0.242702
vt 0.165923 0.193975
vt 0.251159 0.245256
vt 0.168979 0.203547
vt 0.256778 0.251634
vt 0.176301 0.210248
vt 0.258531 0.259833
vt 0.185994 0.212393
vt 0.255921 0.267803
vt 0.195415 0.209423
vt 0.249676 0.273300
vt 0.202099 0.201993
vt 0.241423 0.274920
vt 0.204246 0.192299
vt 0.233496 0.272341
vt 0.201260 0.182831
vt 0.227915 0.266155
vt 0.224149 0.257893
vt 0.227057 0.248930
vt 0.234067 0.242647
vt 0.243261 0.240658
vt 0.252169 0.243497
vt 0.258548 0.250643
vt 0.260554 0.259945
vt 0.257650 0.268998
vt 0.250480 0.275160
vt 0.241226 0.276889
vt 0.232384 0.274043
vt 0.226106 0.267088
vt 0.222859 0.257782
vt 0.225966 0.248199
vt 0.233460 0.241488
vt 0.243281 0.239350
vt 0.252784 0.242396
vt 0.259640 0.249991
vt 0.261776 0.259963
vt 0.258666 0.269662
vt 0.250984 0.276265
vt 0.241102 0.278102
vt 0.231657 0.275056
vt 0.224948 0.267615
vt 0.220326 0.257706
vt 0.223819 0.246855
vt 0.232285 0.239188
vt 0.243452 0.236815
vt 0.254264 0.240384
vt 0.261992 0.248944
vt 0.264308 0.260152
vt 0.260764 0.271033
vt 0.252207 0.278512
vt 0.241048 0.280638
vt 0.230317 0.277220
vt 0.222713 0.268822
vt 0.195502 0.173122
vt 0.184099 0.170595
vt 0.172959 0.174108
vt 0.165069 0.182720
vt 0.162541 0.194123
vt 0.166123 0.205363
vt 0.174739 0.213251
vt 0.186144 0.215775
vt 0.197236 0.212275
vt 0.205102 0.203555
vt 0.207628 0.192151
vt 0.204114 0.181012
vt 0.220459 0.270082
vt 0.217750 0.257660
vt 0.228989 0.279442
vt 0.241016 0.283219
vt 0.253461 0.280790
vt 0.262884 0.272426
vt 0.266888 0.260373
vt 0.264400 0.247938
vt 0.255808 0.238349
vt 0.243664 0.234246
vt 0.231088 0.236834
vt 0.221626 0.245509
vt 0.229656 0.265251
vt 0.228142 0.258080
vt 0.234558 0.270701
vt 0.241591 0.273007
vt 0.248879 0.271522
vt 0.254256 0.266668
vt 0.256575 0.259726
vt 0.255072 0.252574
vt 0.250156 0.246946
vt 0.243116 0.244665
vt 0.235902 0.246188
vt 0.230420 0.251095
vn -0.759109 -0.154044 -0.632474
vn -0.809086 0.095373 -0.579900
vn -0.946370 0.010723 0.322908
vn -0.847207 -0.484209 0.218591
vn -0.599789 -0.336721 -0.725860
vn -0.531066 -0.846677 0.033272
vn -0.373810 -0.403688 -0.835046
vn -0.082657 -0.979560 -0.183386
vn -0.108228 -0.319732 -0.941307
vn 0.384050 -0.843326 -0.375909
vn 0.050732 -0.120760 -0.991385
vn 0.729942 -0.480530 -0.486083
vn 0.107053 0.094792 -0.989724
vn 0.871498 0.009562 -0.490305
vn 0.061425 0.332635 -0.941053
vn 0.773431 0.502293 -0.386660
vn -0.077135 0.507249 -0.858341
vn 0.455473 0.867413 -0.200346
vn -0.306058 0.596979 -0.741583
vn 0.007153 0.999843 0.016228
vn -0.560315 0.527178 -0.638852
vn -0.452741 0.867535 0.205932
vn -0.736320 0.344720 -0.582238
vn -0.801986 0.505491 0.318271
vn -0.634989 -0.047999 0.771028
vn -0.541747 -0.492239 0.681330
vn -0.257848 -0.816911 0.515917
vn 0.142284 -0.937324 0.318086
vn 0.538906 -0.827428 0.157933
vn 0.857538 -0.514082 0.018676
vn 0.998810 -0.046447 0.014856
vn 0.905538 0.411790 0.102126
vn 0.598658 0.750216 0.280686
vn 0.197986 0.851296 0.485898
vn -0.201756 0.730851 0.652037
vn -0.511512 0.399530 0.760744
vn 0.925462 -0.079353 0.370435
vn 0.856082 0.264883 0.443802
vn 0.636148 0.516927 0.572802
vn 0.324120 0.609893 0.723171
vn -0.013194 0.499697 0.866100
vn -0.262123 0.248529 0.932483
vn -0.344114 -0.078304 0.935657
vn -0.281699 -0.417950 0.863692
vn -0.072655 -0.670006 0.738791
vn 0.249506 -0.766826 0.591375
vn 0.581887 -0.677761 0.449497
vn 0.825382 -0.424336 0.372402
vn 0.997267 -0.038269 -0.063200
vn 0.903540 0.427302 0.032066
vn 0.606219 0.768188 0.205876
vn 0.185438 0.892404 0.411373
vn -0.256071 0.757148 0.600961
vn -0.579483 0.414870 0.701486
vn -0.702842 -0.038464 0.710305
vn -0.611390 -0.497367 0.615491
vn -0.319834 -0.836607 0.444743
vn 0.101720 -0.964969 0.241844
vn 0.536334 -0.842170 0.055644
vn 0.862580 -0.502983 -0.054447
vn 0.547881 0.057418 -0.834584
vn 0.462720 0.475949 -0.747906
vn 0.195349 0.782253 -0.591540
vn -0.183013 0.894858 -0.407106
vn -0.559313 0.796151 -0.230895
vn -0.857397 0.486965 -0.166540
vn -0.988764 0.057449 -0.138006
vn -0.901930 -0.364545 -0.231581
vn -0.621450 -0.677246 -0.393874
vn -0.240501 -0.789960 -0.564024
vn 0.133807 -0.669793 -0.730392
vn 0.427745 -0.361910 -0.828284
s 1
g head eye_frame_left
usemtl head_plateSG
f 620/782/619 619/772/620 631/689/621 632/690/622
f 621/781/623 620/782/619 632/690/622 633/692/624
f 622/780/625 621/781/623 633/692/624 634/694/626
f 623/779/627 622/780/625 634/694/626 635/696/628
f 624/778/629 623/779/627 635/696/628 636/698/630
f 625/777/631 624/778/629 636/698/630 637/700/632
f 626/776/633 625/777/631 637/700/632 638/702/634
f 627/775/635 626/776/633 638/702/634 639/704/636
f 628/774/637 627/775/635 639/704/636 640/706/638
f 629/773/639 628/774/637 640/706/638 641/708/640
f 630/771/641 629/773/639 641/708/640 642/710/642
f 619/772/620 630/771/641 642/710/642 631/689/621
f 632/690/622 631/689/621 643/711/643 644/712/644
f 633/692/624 632/690/622 644/712/644 645/713/645
f 634/694/626 633/692/624 645/713/645 646/714/646
f 635/696/628 634/694/626 646/714/646 647/715/647
f 636/698/630 635/696/628 647/715/647 648/716/648
f 637/700/632 636/698/630 648/716/648 649/717/649
f 638/702/634 637/700/632 649/717/649 650/718/650
f 639/704/636 638/702/634 650/718/650 651/719/651
f 640/706/638 639/704/636 651/719/651 652/720/652
f 641/708/640 640/706/638 652/720/652 653/721/653
f 642/710/642 641/708/640 653/721/653 654/722/654
f 631/689/621 642/710/642 654/722/654 643/711/643
f 644/712/644 643/711/643 655/723/655 656/724/656
f 645/713/645 644/712/644 656/724/656 657/725/657
f 646/714/646 645/713/645 657/725/657 658/726/658
f 647/715/647 646/714/646 658/726/658 659/727/659
f 648/716/648 647/715/647 659/727/659 660/728/660
f 649/717/649 648/716/648 660/728/660 661/729/661
f 650/718/650 649/717/649 661/729/661 662/730/662
f 651/719/651 650/718/650 662/730/662 663/731/663
f 652/720/652 651/719/651 663/731/663 664/732/664
f 653/721/653 652/720/652 664/732/664 665/733/665
f 654/722/654 653/721/653 665/733/665 666/734/666
f 643/711/643 654/722/654 666/734/666 655/723/655
f 656/724/656 655/723/655 667/735/667 668/736/668
f 657/725/657 656/724/656 668/736/668 669/737/669
f 658/726/658 657/725/657 669/737/669 670/738/670
f 659/727/659 658/726/658 670/738/670 671/739/671
f 660/728/660 659/727/659 671/739/671 672/740/672
f 661/729/661 660/728/660 672/740/672 673/741/673
f 662/730/662 661/729/661 673/741/673 674/742/674
f 663/731/663 662/730/662 674/742/674 675/743/675
f 664/732/664 663/731/663 675/743/675 676/744/676
f 665/733/665 664/732/664 676/744/676 677/745/677
f 666/734/666 665/733/665 677/745/677 678/746/678
f 655/723/655 666/734/666 678/746/678 667/735/667
f 668/736/668 667/735/667 679/760/679 680/770/680
f 669/737/669 668/736/668 680/770/680 681/769/681
f 670/738/670 669/737/669 681/769/681 682/768/682
f 671/739/671 670/738/670 682/768/682 683/767/683
f 672/740/672 671/739/671 683/767/683 684/766/684
f 673/741/673 672/740/672 684/766/684 685/765/685
f 674/742/674 673/741/673 685/765/685 686/764/686
f 675/743/675 674/742/674 686/764/686 687/763/687
f 676/744/676 675/743/675 687/763/687 688/762/688
f 677/745/677 676/744/676 688/762/688 689/761/689
f 678/746/678 677/745/677 689/761/689 690/759/690
f 667/735/667 678/746/678 690/759/690 679/760/679
f 680/748/680 679/747/679 619/688/620 620/687/619
f 681/749/681 680/748/680 620/687/619 621/691/623
f 682/750/682 681/749/681 621/691/623 622/693/625
f 683/751/683 682/750/682 622/693/625 623/695/627
f 684/752/684 683/751/683 623/695/627 624/697/629
f 685/753/685 684/752/684 624/697/629 625/699/631
f 686/754/686 685/753/685 625/699/631 626/701/633
f 687/755/687 686/754/686 626/701/633 627/703/635
f 688/756/688 687/755/687 627/703/635 628/705/637
f 689/757/689 688/756/688 628/705/637 629/707/639
f 690/758/690 689/757/689 629/707/639 630/709/641
f 679/747/679 690/758/690 630/709/641 619/688/620
g default
v 0.339957 0.242456 0.067951
v 0.332273 0.319242 0.070754
v 0.332273 0.165184 0.064120
v 0.332273 0.174497 -0.000007
v 0.332273 0.245525 -0.009594
v 0.332273 0.310414 -0.000007
v 0.332273 0.304304 0.141958
v 0.332273 0.238735 0.144511
v 0.332273 0.174383 0.136439
v 0.301812 0.434672 -0.011667
v 0.305934 0.430581 -0.009971
v 0.305934 0.386441 -0.076033
v 0.301812 0.389572 -0.079164
v 0.301812 0.322075 -0.124264
v 0.305934 0.320380 -0.120173
v 0.301812 0.242456 -0.140101
v 0.305934 0.242456 -0.135673
v 0.301812 0.162838 -0.124264
v 0.305934 0.164532 -0.120173
v 0.305934 0.098471 -0.076033
v 0.301812 0.095341 -0.079164
v 0.301812 0.050240 -0.011667
v 0.305934 0.054331 -0.009971
v 0.301812 0.034403 0.067951
v 0.305934 0.038831 0.067951
v 0.301812 0.050240 0.147570
v 0.305934 0.054331 0.145875
v 0.305934 0.098471 0.211936
v 0.301812 0.095341 0.215068
v 0.301812 0.162838 0.260167
v 0.305934 0.164532 0.256077
v 0.301812 0.242456 0.276004
v 0.305934 0.242456 0.271577
v 0.301812 0.322074 0.260167
v 0.305934 0.320380 0.256077
v 0.305934 0.386441 0.211936
v 0.301812 0.389572 0.215068
v 0.301812 0.434672 0.147570
v 0.305934 0.430581 0.145875
v 0.301812 0.450509 0.067951
v 0.305934 0.446081 0.067951
v 0.323918 0.382266 0.129301
v 0.322504 0.297225 0.210321
v 0.322035 0.238228 0.220578
v 0.321829 0.179796 0.207477
v 0.322288 0.098766 0.122435
v 0.322883 0.088506 0.063440
v 0.323612 0.101603 0.005011
v 0.325025 0.186643 -0.076009
v 0.325494 0.245640 -0.086266
v 0.325700 0.304073 -0.073165
v 0.325242 0.385102 0.011877
v 0.324647 0.395363 0.070871
v 0.323166 0.347804 0.178269
v 0.321918 0.130824 0.173014
v 0.324364 0.136064 -0.043957
v 0.325612 0.353045 -0.038702
v 0.296241 0.242456 0.067952
v 0.299026 0.322074 0.260167
v 0.296240 0.320987 0.257543
v 0.299026 0.242456 0.276004
v 0.296240 0.242456 0.273164
v 0.299026 0.162838 0.260167
v 0.296240 0.163925 0.257543
v 0.299026 0.095341 0.215068
v 0.296240 0.097349 0.213059
v 0.299026 0.050240 0.147570
v 0.296240 0.052864 0.146484
v 0.299026 0.034403 0.067951
v 0.296240 0.037243 0.067951
v 0.299026 0.050240 -0.011667
v 0.296240 0.052864 -0.010580
v 0.299026 0.095341 -0.079164
v 0.296240 0.097349 -0.077155
v 0.299026 0.162838 -0.124264
v 0.296240 0.163925 -0.121640
v 0.299026 0.242456 -0.140101
v 0.296240 0.242456 -0.137261
v 0.299026 0.322075 -0.124264
v 0.296240 0.320988 -0.121640
v 0.299026 0.389572 -0.079164
v 0.296240 0.387563 -0.077155
v 0.299026 0.434672 -0.011667
v 0.296240 0.432047 -0.010580
v 0.299026 0.450509 0.067951
v 0.296240 0.447669 0.067951
v 0.299026 0.434672 0.147570
v 0.296240 0.432047 0.146484
v 0.299026 0.389572 0.215068
v 0.296240 0.387563 0.213059
vt 0.172641 0.929097
vt 0.166283 0.928476
vt 0.167234 0.923164
vt 0.173279 0.922680
vt 0.178567 0.923731
vt 0.179082 0.929669
vt 0.172098 0.935477
vt 0.166246 0.933937
vt 0.178012 0.935018
vt 0.178655 0.945831
vt 0.178484 0.945354
vt 0.184263 0.941889
vt 0.184603 0.942264
vt 0.171797 0.946846
vt 0.171821 0.946340
vt 0.188274 0.936475
vt 0.188732 0.936691
vt 0.189904 0.929937
vt 0.190410 0.929962
vt 0.188905 0.923276
vt 0.189382 0.923106
vt 0.185433 0.917508
vt 0.185808 0.917167
vt 0.180020 0.913507
vt 0.180237 0.913049
vt 0.173493 0.911883
vt 0.173518 0.911377
vt 0.166842 0.912878
vt 0.166672 0.912401
vt 0.161078 0.916340
vt 0.160738 0.915964
vt 0.157075 0.921742
vt 0.156617 0.921525
vt 0.155443 0.928264
vt 0.154937 0.928239
vt 0.156429 0.934916
vt 0.155952 0.935087
vt 0.159886 0.940688
vt 0.159511 0.941029
vt 0.165290 0.944701
vt 0.165074 0.945159
vt 0.176740 0.941203
vt 0.171788 0.941827
vt 0.166968 0.940509
vt 0.168691 0.916875
vt 0.173660 0.916271
vt 0.178477 0.917614
vt 0.182409 0.920698
vt 0.184863 0.925045
vt 0.185468 0.929996
vt 0.184138 0.934801
vt 0.181075 0.938734
vt 0.163016 0.937443
vt 0.160535 0.933092
vt 0.159914 0.928123
vt 0.161245 0.923293
vt 0.164330 0.919341
vt 0.155734 0.935165
vt 0.130885 0.910664
vt 0.124010 0.910290
vt 0.154706 0.928228
vt 0.159339 0.941184
vt 0.137093 0.913640
vt 0.117516 0.912576
vt 0.156408 0.921426
vt 0.112391 0.917172
vt 0.160583 0.915793
vt 0.109415 0.923380
vt 0.166594 0.912183
vt 0.109042 0.930255
vt 0.173529 0.911146
vt 0.111327 0.936749
vt 0.180336 0.912840
vt 0.115924 0.941874
vt 0.185980 0.917012
vt 0.122132 0.944850
vt 0.189600 0.923027
vt 0.129006 0.945223
vt 0.190641 0.929973
vt 0.135500 0.942938
vt 0.188941 0.936790
vt 0.140626 0.938341
vt 0.184759 0.942436
vt 0.143601 0.932133
vt 0.178733 0.946049
vt 0.143975 0.925259
vt 0.171786 0.947078
vt 0.141689 0.918765
vt 0.164975 0.945368
vt 0.126508 0.927757
vt 0.137299 0.913365
vt 0.141985 0.918590
vt 0.144315 0.925210
vt 0.143934 0.932218
vt 0.140900 0.938547
vt 0.135675 0.943233
vt 0.129055 0.945563
vt 0.122047 0.945182
vt 0.115718 0.942149
vt 0.111032 0.936924
vt 0.108702 0.930303
vt 0.109083 0.923295
vt 0.112117 0.916966
vt 0.117342 0.912280
vt 0.123962 0.909950
vt 0.130970 0.910331
vn 1.000000 0.000150 0.000238
vn 0.995304 -0.005314 0.096654
vn 0.993256 -0.081988 0.081978
vn 0.995779 -0.091779 0.000381
vn 0.995447 -0.070921 -0.063682
vn 0.997220 0.000751 -0.074515
vn 0.996729 0.080564 0.006354
vn 0.994244 0.065375 0.084889
vn 0.996350 0.063713 -0.056803
vn 0.522751 0.787592 -0.326237
vn 0.914059 0.375811 -0.152518
vn 0.911005 0.292928 -0.290283
vn 0.522749 0.602800 -0.602798
vn 0.522747 0.852488 0.000000
vn 0.918240 0.396009 0.003539
vn 0.909614 0.159515 -0.383612
vn 0.522737 0.326238 -0.787601
vn 0.910166 -0.000798 -0.414243
vn 0.522729 -0.000000 -0.852499
vn 0.912601 -0.158341 -0.376946
vn 0.522725 -0.326234 -0.787610
vn 0.916508 -0.284933 -0.280760
vn 0.522736 -0.602805 -0.602804
vn 0.921212 -0.360726 -0.145756
vn 0.522750 -0.787592 -0.326239
vn 0.925922 -0.377700 0.003258
vn 0.522751 -0.852485 0.000000
vn 0.929903 -0.338805 0.143146
vn 0.522745 -0.787597 0.326233
vn 0.932598 -0.254143 0.256267
vn 0.522730 -0.602806 0.602809
vn 0.933679 -0.136896 0.330914
vn 0.522713 -0.326240 0.787616
vn 0.933048 -0.001221 0.359751
vn 0.522707 -0.000000 0.852512
vn 0.930813 0.137622 0.338596
vn 0.522722 0.326243 0.787609
vn 0.927267 0.262408 0.267055
vn 0.522739 0.602803 0.602804
vn 0.922873 0.354369 0.150760
vn 0.522745 0.787598 0.326233
vn 0.972340 0.219673 -0.079363
vn 0.974798 0.222889 0.009455
vn 0.973514 0.208082 0.094719
vn 0.974059 -0.211023 0.081723
vn 0.974775 -0.223191 0.000333
vn 0.972106 -0.217936 -0.086688
vn 0.965800 -0.184230 -0.182453
vn 0.972211 -0.087140 -0.217283
vn 0.973350 0.001701 -0.229320
vn 0.970913 0.093883 -0.220259
vn 0.965122 0.190315 -0.179775
vn 0.966974 0.171315 0.188712
vn 0.973136 0.075187 0.217608
vn 0.974839 -0.007860 0.222771
vn 0.973565 -0.089182 0.210282
vn 0.967748 -0.180640 0.175592
vn -0.435852 0.344420 0.831510
vn -0.999460 0.012576 0.030361
vn -0.999460 -0.000000 0.032863
vn -0.435856 -0.000000 0.900016
vn -0.435843 0.636413 0.636411
vn -0.999460 0.023237 0.023238
vn -0.999460 -0.012576 0.030361
vn -0.435849 -0.344421 0.831511
vn -0.999460 -0.023237 0.023238
vn -0.435835 -0.636415 0.636415
vn -0.999460 -0.030361 0.012576
vn -0.435835 -0.831519 0.344418
vn -0.999460 -0.032863 -0.000000
vn -0.435847 -0.900021 0.000000
vn -0.999460 -0.030361 -0.012576
vn -0.435851 -0.831509 -0.344424
vn -0.999460 -0.023238 -0.023238
vn -0.435855 -0.636408 -0.636409
vn -0.999460 -0.012576 -0.030361
vn -0.435851 -0.344421 -0.831509
vn -0.999460 -0.000000 -0.032863
vn -0.435848 -0.000000 -0.900020
vn -0.999460 0.012576 -0.030361
vn -0.435854 0.344421 -0.831508
vn -0.999460 0.023237 -0.023238
vn -0.435862 0.636407 -0.636404
vn -0.999460 0.030361 -0.012576
vn -0.435856 0.831507 -0.344420
vn -0.999460 0.032863 -0.000000
vn -0.435847 0.900021 0.000000
vn -0.999460 0.030361 0.012576
vn -0.435841 0.831517 0.344415
vn -1.000000 -0.000000 0.000000
s 1
g head head_left_plate
usemtl head_plateSG
f 691/783/691 698/784/692 699/785/693 693/786/694
f 694/787/695 695/788/696 691/783/691 693/786/694
f 692/789/697 697/790/698 698/784/692 691/783/691
f 695/788/696 696/791/699 692/789/697 691/783/691
f 700/792/700 701/793/701 702/794/702 703/795/703
f 701/793/701 700/792/700 730/796/704 731/797/705
f 703/795/703 702/794/702 705/798/706 704/799/707
f 704/799/707 705/798/706 707/800/708 706/801/709
f 706/801/709 707/800/708 709/802/710 708/803/711
f 708/803/711 709/802/710 710/804/712 711/805/713
f 711/805/713 710/804/712 713/806/714 712/807/715
f 712/807/715 713/806/714 715/808/716 714/809/717
f 714/809/717 715/808/716 717/810/718 716/811/719
f 716/811/719 717/810/718 718/812/720 719/813/721
f 719/813/721 718/812/720 721/814/722 720/815/723
f 720/815/723 721/814/722 723/816/724 722/817/725
f 722/817/725 723/816/724 725/818/726 724/819/727
f 724/819/727 725/818/726 726/820/728 727/821/729
f 727/821/729 726/820/728 729/822/730 728/823/731
f 728/823/731 729/822/730 731/797/705 730/796/704
f 742/824/732 743/825/733 692/789/697 696/791/699
f 743/825/733 732/826/734 697/790/698 692/789/697
f 693/786/694 699/785/693 736/827/735 737/828/736
f 737/828/736 738/829/737 694/787/695 693/786/694
f 738/829/737 746/830/738 739/831/739 694/787/695
f 739/831/739 740/832/740 695/788/696 694/787/695
f 740/832/740 741/833/741 696/791/699 695/788/696
f 741/833/741 747/834/742 742/824/732 696/791/699
f 732/826/734 744/835/743 733/836/744 697/790/698
f 698/784/692 697/790/698 733/836/744 734/837/745
f 699/785/693 698/784/692 734/837/745 735/838/746
f 735/838/746 745/839/747 736/827/735 699/785/693
f 744/835/743 726/820/728 725/818/726 733/836/744
f 734/837/745 733/836/744 725/818/726 723/816/724
f 735/838/746 734/837/745 723/816/724 721/814/722
f 717/810/718 736/827/735 745/839/747 718/812/720
f 737/828/736 736/827/735 717/810/718 715/808/716
f 713/806/714 738/829/737 737/828/736 715/808/716
f 709/802/710 739/831/739 746/830/738 710/804/712
f 707/800/708 740/832/740 739/831/739 709/802/710
f 705/798/706 741/833/741 740/832/740 707/800/708
f 701/793/701 742/824/732 747/834/742 702/794/702
f 731/797/705 743/825/733 742/824/732 701/793/701
f 729/822/730 732/826/734 743/825/733 731/797/705
f 710/804/712 746/830/738 738/829/737 713/806/714
f 718/812/720 745/839/747 735/838/746 721/814/722
f 729/822/730 726/820/728 744/835/743 732/826/734
f 702/794/702 747/834/742 741/833/741 705/798/706
f 749/888/748 750/841/749 752/842/750 751/887/751
f 750/841/749 749/888/748 779/873/752 780/845/753
f 751/887/751 752/842/750 754/846/754 753/886/755
f 753/886/755 754/846/754 756/848/756 755/885/757
f 755/885/757 756/848/756 758/850/758 757/884/759
f 757/884/759 758/850/758 760/852/760 759/883/761
f 759/883/761 760/852/760 762/854/762 761/882/763
f 761/882/763 762/854/762 764/856/764 763/881/765
f 763/881/765 764/856/764 766/858/766 765/880/767
f 765/880/767 766/858/766 768/860/768 767/879/769
f 767/879/769 768/860/768 770/862/770 769/878/771
f 769/878/771 770/862/770 772/864/772 771/877/773
f 771/877/773 772/864/772 774/866/774 773/876/775
f 773/876/775 774/866/774 776/868/776 775/875/777
f 775/875/777 776/868/776 778/870/778 777/874/779
f 777/874/779 778/870/778 780/845/753 779/873/752
f 700/792/700 703/795/703 771/865/773 773/867/775
f 703/795/703 704/799/707 769/863/771 771/865/773
f 704/799/707 706/801/709 767/861/769 769/863/771
f 706/801/709 708/803/711 765/859/767 767/861/769
f 708/803/711 711/805/713 763/857/765 765/859/767
f 711/805/713 712/807/715 761/855/763 763/857/765
f 712/807/715 714/809/717 759/853/761 761/855/763
f 714/809/717 716/811/719 757/851/759 759/853/761
f 716/811/719 719/813/721 755/849/757 757/851/759
f 719/813/721 720/815/723 753/847/755 755/849/757
f 720/815/723 722/817/725 751/843/751 753/847/755
f 722/817/725 724/819/727 749/840/748 751/843/751
f 724/819/727 727/821/729 779/844/752 749/840/748
f 727/821/729 728/823/731 777/871/779 779/844/752
f 728/823/731 730/796/704 775/869/777 777/871/779
f 730/796/704 700/792/700 773/867/775 775/869/777
f 752/842/750 750/841/749 748/872/780
f 754/846/754 752/842/750 748/872/780
f 756/848/756 754/846/754 748/872/780
f 758/850/758 756/848/756 748/872/780
f 760/852/760 758/850/758 748/872/780
f 762/854/762 760/852/760 748/872/780
f 764/856/764 762/854/762 748/872/780
f 766/858/766 764/856/764 748/872/780
f 768/860/768 766/858/766 748/872/780
f 770/862/770 768/860/768 748/872/780
f 772/864/772 770/862/770 748/872/780
f 774/866/774 772/864/772 748/872/780
f 776/868/776 774/866/774 748/872/780
f 778/870/778 776/868/776 748/872/780
f 780/845/753 778/870/778 748/872/780
f 750/841/749 780/845/753 748/872/780
g default
v 0.005343 -0.014187 0.326350
v 0.005343 0.486839 0.324970
v 0.005343 0.487743 -0.175066
v 0.005343 0.239473 0.419684
v 0.005343 0.600987 0.071684
v 0.005343 0.236910 -0.281831
v -0.084525 0.104410 0.385690
v -0.084537 0.372744 0.388365
v -0.084174 0.560531 0.204395
v -0.083886 0.559123 -0.058103
v -0.084020 0.367708 -0.243232
v -0.084095 0.108437 -0.245857
v -0.084508 -0.078848 0.216120
v 0.005343 0.100125 0.395426
v -0.085121 0.239666 0.409319
v 0.005343 0.376823 0.398013
v 0.005343 0.571002 0.208246
v -0.084266 0.589512 0.071808
v 0.005343 0.569464 -0.062313
v 0.005343 0.371671 -0.253040
v -0.084124 0.237149 -0.271180
v 0.005343 0.104112 -0.255695
v 0.005343 -0.089154 0.219819
v -0.084324 -0.006260 0.319005
v -0.084113 0.479139 0.317660
v -0.083674 0.480193 -0.167401
v -0.159710 0.361350 0.361418
v -0.161116 0.240204 0.380310
v -0.159651 0.116395 0.358454
v -0.159146 0.015931 0.298446
v -0.159514 -0.049948 0.205749
v -0.158911 0.120564 -0.218268
v -0.159213 0.237809 -0.241265
v -0.159171 0.356558 -0.215637
v -0.158481 0.458909 -0.145794
v -0.158990 0.529782 -0.046155
v -0.159774 0.556806 0.072163
v -0.159423 0.530880 0.193492
v -0.159054 0.457550 0.297164
v -0.227500 0.494836 0.177665
v -0.227371 0.431421 0.267959
v -0.227790 0.346209 0.325286
v -0.228334 0.240954 0.343523
v -0.227711 0.133943 0.323590
v -0.227841 0.046294 0.268704
v -0.228143 -0.011747 0.185382
v -0.226988 0.136675 -0.184890
v -0.227795 0.239568 -0.205302
v -0.226942 0.343213 -0.182951
v -0.226717 0.432411 -0.119743
v -0.227096 0.494138 -0.031976
v -0.227619 0.517556 0.071909
v 0.095211 0.104410 0.385690
v 0.095223 0.372744 0.388365
v 0.094861 0.560531 0.204395
v 0.094572 0.559123 -0.058103
v 0.094706 0.367708 -0.243232
v 0.094781 0.108437 -0.245857
v 0.095195 -0.078848 0.216120
v 0.095808 0.239666 0.409319
v 0.094953 0.589512 0.071808
v 0.094811 0.237149 -0.271180
v 0.095010 -0.006260 0.319005
v 0.094798 0.479139 0.317660
v 0.094360 0.480193 -0.167401
v 0.170396 0.361350 0.361418
v 0.171803 0.240204 0.380310
v 0.170337 0.116395 0.358454
v 0.169833 0.015931 0.298446
v 0.170201 -0.049948 0.205749
v 0.169597 0.120564 -0.218268
v 0.169899 0.237809 -0.241265
v 0.169858 0.356558 -0.215637
v 0.169167 0.458909 -0.145794
v 0.169676 0.529782 -0.046155
v 0.170461 0.556806 0.072163
v 0.170111 0.530880 0.193492
v 0.169741 0.457550 0.297164
v 0.238186 0.494836 0.177665
v 0.238058 0.431421 0.267959
v 0.238476 0.346209 0.325286
v 0.239021 0.240954 0.343523
v 0.238398 0.133943 0.323590
v 0.238528 0.046294 0.268704
v 0.238830 -0.011747 0.185382
v 0.237675 0.136675 -0.184890
v 0.238481 0.239568 -0.205302
v 0.237629 0.343213 -0.182951
v 0.237404 0.432411 -0.119743
v 0.237783 0.494138 -0.031976
v 0.238306 0.517556 0.071909
v -0.237258 0.130129 0.333392
v -0.237659 0.039242 0.276167
v -0.237762 0.240886 0.354149
v -0.237282 0.350170 0.335085
v -0.236885 0.438812 0.275487
v -0.237002 0.504504 0.181911
v -0.237106 0.528130 0.071839
v -0.236460 0.503883 -0.036349
v -0.235915 0.440065 -0.127398
v -0.236013 0.347721 -0.192911
v -0.236569 0.239271 -0.216451
v -0.236130 0.132028 -0.194721
v -0.238221 -0.020905 0.189431
v 0.248345 0.039242 0.276167
v 0.247945 0.130129 0.333392
v 0.248448 0.240886 0.354149
v 0.247968 0.350170 0.335085
v 0.247571 0.438812 0.275487
v 0.247688 0.504504 0.181911
v 0.247792 0.528130 0.071839
v 0.247147 0.503883 -0.036349
v 0.246602 0.440065 -0.127398
v 0.246700 0.347721 -0.192911
v 0.247256 0.239271 -0.216451
v 0.246817 0.132028 -0.194721
v 0.248907 -0.020905 0.189431
v -0.288786 0.163884 0.261864
v -0.290083 0.160055 0.270498
v -0.290462 0.091401 0.223541
v -0.288918 0.097978 0.216840
v -0.288733 0.241951 0.277613
v -0.289921 0.241859 0.287073
v -0.288781 0.319976 0.261564
v -0.290069 0.323568 0.270290
v -0.288771 0.386019 0.216706
v -0.290045 0.392445 0.223593
v -0.288753 0.432665 0.149673
v -0.289994 0.441296 0.153508
v -0.288706 0.449824 0.070943
v -0.289932 0.459307 0.070985
v -0.288675 0.432457 -0.007795
v -0.289781 0.441180 -0.011448
v -0.288661 0.386317 -0.074612
v -0.289605 0.393034 -0.081216
v -0.288557 0.319809 -0.124711
v -0.289422 0.323583 -0.133425
v -0.288597 0.242187 -0.141213
v -0.289536 0.242081 -0.150620
v -0.288581 0.163922 -0.125779
v -0.289488 0.159898 -0.134337
v -0.288223 0.085721 -0.065176
v -0.288614 0.078626 -0.071816
v -0.288883 0.047745 -0.006155
v -0.290475 0.038610 -0.008071
v -0.288812 0.038475 0.071788
v -0.290132 0.029154 0.073305
v -0.288902 0.053444 0.150087
v -0.290487 0.044954 0.154147
v 0.299605 0.097978 0.216840
v 0.301148 0.091401 0.223541
v 0.300769 0.160055 0.270498
v 0.299472 0.163884 0.261864
v 0.300607 0.241859 0.287073
v 0.299420 0.241951 0.277613
v 0.300755 0.323568 0.270290
v 0.299468 0.319976 0.261564
v 0.300731 0.392445 0.223593
v 0.299458 0.386019 0.216706
v 0.300681 0.441296 0.153508
v 0.299439 0.432665 0.149673
v 0.300619 0.459307 0.070985
v 0.299392 0.449824 0.070943
v 0.300468 0.441180 -0.011448
v 0.299362 0.432457 -0.007795
v 0.300292 0.393034 -0.081216
v 0.299347 0.386317 -0.074612
v 0.300108 0.323583 -0.133425
v 0.299244 0.319809 -0.124711
v 0.300223 0.242081 -0.150620
v 0.299284 0.242187 -0.141213
v 0.300175 0.159898 -0.134337
v 0.299268 0.163922 -0.125779
v 0.299301 0.078626 -0.071816
v 0.298910 0.085721 -0.065176
v 0.301162 0.038610 -0.008071
v 0.299569 0.047745 -0.006155
v 0.300818 0.029154 0.073305
v 0.299498 0.038475 0.071788
v 0.301174 0.044954 0.154147
v 0.299589 0.053444 0.150087
v 0.005343 -0.033964 -0.157978
v -0.085919 -0.024580 -0.151896
v -0.225706 0.027082 -0.108056
v -0.232817 0.030286 -0.114133
v -0.253795 -0.005694 -0.012981
v -0.262687 -0.004055 -0.013543
v -0.227133 -0.040026 0.090268
v -0.234480 -0.040388 0.096306
v 0.005343 -0.130136 0.108040
v -0.086679 -0.118891 0.108269
v 0.096606 -0.024580 -0.151896
v 0.236393 0.027082 -0.108056
v 0.243503 0.030286 -0.114133
v 0.264481 -0.005694 -0.012981
v 0.273374 -0.004055 -0.013543
v 0.237819 -0.040026 0.090268
v 0.245167 -0.040388 0.096306
v 0.097366 -0.118891 0.108269
v -0.280782 0.098874 0.215855
v -0.285839 0.099506 0.215261
v -0.280702 0.164276 0.260374
v -0.285780 0.164722 0.259772
v -0.280669 0.241925 0.275999
v -0.285755 0.241959 0.275328
v -0.280702 0.319382 0.260138
v -0.285781 0.319107 0.259464
v -0.280695 0.384797 0.215677
v -0.285779 0.384419 0.215087
v -0.280687 0.431199 0.149062
v -0.285770 0.430577 0.148758
v -0.280680 0.448251 0.071007
v -0.285766 0.447568 0.070957
v -0.280645 0.430941 -0.006983
v -0.285739 0.430342 -0.006851
v -0.280601 0.384979 -0.073284
v -0.285701 0.384596 -0.072917
v -0.280572 0.318879 -0.123052
v -0.285676 0.318801 -0.122550
v -0.280607 0.242137 -0.139351
v -0.285707 0.242218 -0.138826
v -0.280588 0.164790 -0.124074
v -0.285691 0.164977 -0.123584
v -0.280432 0.087280 -0.063810
v -0.285556 0.087426 -0.063614
v -0.280829 0.048963 -0.005126
v -0.285886 0.049937 -0.005437
v -0.280700 0.040047 0.072154
v -0.285784 0.040706 0.071643
v -0.280795 0.054782 0.149902
v -0.285851 0.055467 0.149276
v 0.291469 0.098875 0.215855
v 0.296525 0.099506 0.215261
v 0.291389 0.164276 0.260374
v 0.296467 0.164722 0.259772
v 0.291356 0.241925 0.275998
v 0.296440 0.241959 0.275327
v 0.291389 0.319382 0.260138
v 0.296467 0.319107 0.259464
v 0.291382 0.384797 0.215677
v 0.296465 0.384419 0.215087
v 0.291374 0.431199 0.149062
v 0.296456 0.430577 0.148758
v 0.291368 0.448249 0.071007
v 0.296450 0.447566 0.070957
v 0.291332 0.430941 -0.006983
v 0.296425 0.430342 -0.006851
v 0.291287 0.384979 -0.073284
v 0.296388 0.384596 -0.072917
v 0.291258 0.318879 -0.123052
v 0.296363 0.318801 -0.122550
v 0.291292 0.242136 -0.139352
v 0.296396 0.242218 -0.138827
v 0.291275 0.164790 -0.124074
v 0.296377 0.164977 -0.123584
v 0.291119 0.087281 -0.063809
v 0.296241 0.087426 -0.063613
v 0.291516 0.048963 -0.005126
v 0.296573 0.049937 -0.005437
v 0.291387 0.040047 0.072154
v 0.296470 0.040706 0.071643
v 0.291482 0.054782 0.149902
v 0.296537 0.055467 0.149276
v 0.005343 -0.026109 -0.154012
v 0.005343 -0.031387 -0.154677
v -0.084034 -0.016868 -0.148114
v -0.084923 -0.022071 -0.148681
v -0.158520 0.009011 -0.131571
v -0.160052 0.003973 -0.131934
v 0.005343 -0.121342 0.109313
v 0.005343 -0.126026 0.106794
v -0.084744 -0.110431 0.109662
v -0.085670 -0.115020 0.107115
v -0.160010 -0.079836 0.110610
v -0.161762 -0.084079 0.107993
v -0.223385 0.029041 -0.106210
v -0.222406 0.034408 -0.105676
v -0.224356 -0.037395 0.089937
v -0.223145 -0.032767 0.092558
v -0.250895 -0.003572 -0.012287
v -0.249958 0.001563 -0.011205
v 0.094720 -0.016868 -0.148114
v 0.095618 -0.022094 -0.148710
v 0.169206 0.009011 -0.131571
v 0.170753 0.003955 -0.131958
v 0.095430 -0.110431 0.109662
v 0.096349 -0.114993 0.107107
v 0.170697 -0.079836 0.110610
v 0.172449 -0.084079 0.107993
v 0.234072 0.029041 -0.106210
v 0.233093 0.034408 -0.105676
v 0.235042 -0.037395 0.089937
v 0.233831 -0.032767 0.092558
v 0.261582 -0.003572 -0.012287
v 0.260645 0.001563 -0.011205
v 0.005343 -0.027940 0.341114
v 0.005343 0.093050 0.414319
v -0.089279 0.097514 0.404044
v -0.089183 -0.019600 0.333340
v 0.005343 0.239319 0.439857
v -0.089792 0.239509 0.428946
v 0.005343 0.384144 0.416813
v -0.089239 0.379885 0.406639
v 0.005343 0.500819 0.339506
v -0.088966 0.492729 0.331761
v 0.005343 0.589406 0.216459
v -0.089308 0.578354 0.212337
v 0.005343 0.621131 0.071529
v -0.089566 0.608978 0.071661
v 0.005343 0.587790 -0.070688
v -0.089070 0.576864 -0.066192
v 0.005343 0.501740 -0.189565
v -0.088669 0.493798 -0.181437
v 0.005343 0.379570 -0.271582
v -0.088914 0.375416 -0.261223
v 0.005343 0.236757 -0.301913
v -0.089003 0.237009 -0.290679
v 0.005343 0.095710 -0.274023
v -0.088969 0.100258 -0.263645
v 0.005343 -0.107310 0.228643
v -0.089410 -0.096446 0.224684
v -0.167725 0.368044 0.378395
v -0.169060 0.240041 0.398643
v -0.167738 0.109926 0.375520
v -0.167484 0.003613 0.311712
v -0.168124 -0.066133 0.213630
v -0.166918 0.112890 -0.234812
v -0.167143 0.237713 -0.259494
v -0.167060 0.363872 -0.232459
v -0.166529 0.471704 -0.158857
v -0.167278 0.546315 -0.053640
v -0.168209 0.574853 0.072032
v -0.167747 0.547446 0.200839
v -0.167192 0.470236 0.310258
v 0.099869 -0.019600 0.333340
v 0.099965 0.097514 0.404044
v 0.100478 0.239509 0.428946
v 0.099925 0.379885 0.406639
v 0.099652 0.492729 0.331761
v 0.099994 0.578354 0.212337
v 0.100251 0.608978 0.071661
v 0.099757 0.576864 -0.066192
v 0.099355 0.493798 -0.181437
v 0.099600 0.375416 -0.261223
v 0.099689 0.237009 -0.290679
v 0.099655 0.100258 -0.263645
v 0.100096 -0.096446 0.224684
v 0.179747 0.240041 0.398643
v 0.178412 0.368044 0.378395
v 0.178424 0.109926 0.375520
v 0.178171 0.003613 0.311712
v 0.178811 -0.066133 0.213630
v 0.177830 0.237713 -0.259494
v 0.177604 0.112890 -0.234812
v 0.177747 0.363872 -0.232459
v 0.177216 0.471704 -0.158857
v 0.177965 0.546315 -0.053640
v 0.178896 0.574853 0.072032
v 0.178433 0.547446 0.200839
v 0.177879 0.470236 0.310258
v 0.005343 -0.039855 -0.158698
v 0.005343 -0.038075 -0.169585
v 0.099580 -0.028450 -0.163219
v 0.097943 -0.030327 -0.152452
v -0.087256 -0.030327 -0.152452
v -0.088893 -0.028450 -0.163219
v -0.163793 -0.003956 -0.135288
v -0.166441 -0.001414 -0.145495
v 0.005343 -0.140203 0.115082
v 0.005343 -0.135353 0.105209
v 0.098681 -0.123897 0.105379
v 0.100361 -0.128616 0.115242
v -0.089674 -0.128616 0.115242
v -0.087995 -0.123897 0.105379
v -0.168596 -0.095889 0.115815
v -0.165540 -0.092117 0.105961
v 0.177128 -0.001414 -0.145495
v 0.174479 -0.003956 -0.135288
v 0.176226 -0.092117 0.105961
v 0.179284 -0.095889 0.115815
v -0.167272 0.365683 0.372428
v -0.166311 0.366720 0.375019
v -0.168635 0.240108 0.392208
v -0.167644 0.240073 0.394959
v -0.167261 0.112278 0.369529
v -0.166300 0.111214 0.372091
v -0.166921 0.008027 0.307014
v -0.166018 0.006088 0.309042
v -0.167515 -0.060328 0.210729
v -0.166628 -0.062810 0.211994
v -0.166465 0.115543 -0.229041
v -0.165487 0.114366 -0.231576
v -0.166710 0.237709 -0.253134
v -0.165710 0.237685 -0.255902
v -0.166628 0.361385 -0.226595
v -0.165623 0.362454 -0.229141
v -0.166032 0.467228 -0.154286
v -0.165057 0.469170 -0.156255
v -0.166706 0.540493 -0.051042
v -0.165770 0.543049 -0.052156
v -0.167593 0.568499 0.072067
v -0.166686 0.571307 0.072059
v -0.167169 0.541604 0.198251
v -0.166246 0.544161 0.199382
v -0.166686 0.465790 0.305613
v -0.165736 0.467695 0.307634
v 0.179320 0.240108 0.392208
v 0.178330 0.240073 0.394958
v 0.177959 0.365683 0.372428
v 0.176998 0.366720 0.375019
v 0.177947 0.112278 0.369529
v 0.176986 0.111214 0.372091
v 0.177608 0.008027 0.307014
v 0.176705 0.006088 0.309042
v 0.178202 -0.060328 0.210729
v 0.177315 -0.062810 0.211994
v 0.177151 0.115543 -0.229041
v 0.176174 0.114366 -0.231576
v 0.177397 0.237709 -0.253134
v 0.176397 0.237685 -0.255902
v 0.177314 0.361385 -0.226595
v 0.176309 0.362454 -0.229141
v 0.176718 0.467228 -0.154286
v 0.175744 0.469169 -0.156254
v 0.177392 0.540493 -0.051042
v 0.176457 0.543049 -0.052156
v 0.178280 0.568499 0.072067
v 0.177372 0.571307 0.072059
v 0.177856 0.541604 0.198251
v 0.176932 0.544161 0.199382
v 0.177372 0.465790 0.305613
v 0.176422 0.467695 0.307634
v -0.166031 0.003763 -0.142389
v -0.165144 0.001374 -0.144007
v -0.162445 -0.000221 -0.135026
v -0.160034 0.001047 -0.135285
v -0.160991 0.002703 -0.133551
v -0.163495 0.002334 -0.134172
v -0.164202 -0.088891 0.107944
v -0.165099 -0.086170 0.108455
v -0.162657 -0.085700 0.108451
v -0.161787 -0.088046 0.108894
v -0.167961 -0.089753 0.116042
v -0.167254 -0.092661 0.116238
v 0.173132 -0.000221 -0.135026
v 0.174182 0.002334 -0.134172
v 0.171678 0.002703 -0.133551
v 0.170721 0.001047 -0.135285
v 0.176717 0.003763 -0.142389
v 0.175833 0.001367 -0.144011
v 0.178648 -0.089753 0.116042
v 0.177975 -0.092744 0.116227
v 0.174888 -0.088891 0.107944
v 0.172473 -0.088046 0.108894
v 0.173343 -0.085700 0.108451
v 0.175786 -0.086170 0.108455
vt 0.920125 0.058895
vt 0.919716 0.077753
vt 0.905338 0.077931
vt 0.905560 0.059388
vt 0.919299 0.097081
vt 0.904810 0.097181
vt 0.918889 0.116068
vt 0.904755 0.115930
vt 0.918507 0.133838
vt 0.904296 0.133606
vt 0.918097 0.153037
vt 0.903925 0.152733
vt 0.917698 0.171808
vt 0.903650 0.171483
vt 0.917304 0.190400
vt 0.903227 0.190001
vt 0.916901 0.209345
vt 0.902736 0.208745
vt 0.916489 0.228521
vt 0.902368 0.227837
vt 0.916073 0.247940
vt 0.901789 0.247017
vt 0.934654 0.060011
vt 0.934072 0.078547
vt 0.933769 0.097802
vt 0.933016 0.116536
vt 0.932716 0.134215
vt 0.932269 0.153339
vt 0.931747 0.172082
vt 0.931385 0.190602
vt 0.931079 0.209351
vt 0.930627 0.228441
vt 0.930383 0.247628
vt 0.772044 0.057818
vt 0.786225 0.058454
vt 0.786293 0.076729
vt 0.772383 0.076422
vt 0.786750 0.095834
vt 0.772737 0.095626
vt 0.786745 0.114322
vt 0.773084 0.114387
vt 0.787123 0.131664
vt 0.773405 0.131836
vt 0.787397 0.150529
vt 0.773751 0.150779
vt 0.787591 0.168882
vt 0.774083 0.169152
vt 0.787945 0.187024
vt 0.774412 0.187359
vt 0.788427 0.205557
vt 0.774748 0.206038
vt 0.788727 0.224365
vt 0.775091 0.225096
vt 0.789331 0.243167
vt 0.775432 0.244074
vt 0.799164 0.096548
vt 0.798881 0.114626
vt 0.798701 0.077810
vt 0.798753 0.060372
vt 0.801738 0.241448
vt 0.800998 0.223230
vt 0.800557 0.204707
vt 0.800199 0.186537
vt 0.800073 0.168583
vt 0.799754 0.150306
vt 0.799396 0.131641
vt 0.758494 0.077236
vt 0.757894 0.058971
vt 0.758741 0.096345
vt 0.759431 0.114820
vt 0.759690 0.132164
vt 0.760104 0.151025
vt 0.760575 0.169372
vt 0.760876 0.187514
vt 0.761061 0.206051
vt 0.761437 0.224857
vt 0.761509 0.243668
vt 0.747314 0.115567
vt 0.746361 0.097511
vt 0.746133 0.078770
vt 0.745444 0.061344
vt 0.749048 0.242397
vt 0.749133 0.224165
vt 0.748909 0.205640
vt 0.748612 0.187470
vt 0.748091 0.169526
vt 0.747748 0.151251
vt 0.747425 0.132589
vt 0.865085 0.066588
vt 0.866248 0.082906
vt 0.866669 0.099879
vt 0.865544 0.117172
vt 0.865249 0.134721
vt 0.865183 0.152743
vt 0.865221 0.170579
vt 0.865093 0.188319
vt 0.865147 0.205824
vt 0.864829 0.223422
vt 0.863858 0.239845
vt 0.863381 0.051279
vt 0.972907 0.085204
vt 0.971756 0.102140
vt 0.972136 0.119459
vt 0.971679 0.137000
vt 0.970978 0.155003
vt 0.970180 0.172819
vt 0.969555 0.190548
vt 0.968759 0.208037
vt 0.968323 0.225639
vt 0.968591 0.242093
vt 0.969731 0.257905
vt 0.974777 0.068954
vt 0.915648 0.267589
vt 0.898062 0.289824
vt 0.920896 0.022851
vt 0.904952 0.040990
vt 0.903599 0.024299
vt 0.900777 0.266192
vt 0.930566 0.266828
vt 0.915127 0.291923
vt 0.938120 0.025032
vt 0.920534 0.039990
vt 0.936058 0.041653
vt 0.932264 0.290554
vt 0.862036 0.255590
vt 0.856803 0.023755
vt 0.857652 0.271831
vt 0.850397 0.280841
vt 0.858875 0.038712
vt 0.973408 0.274325
vt 0.990710 0.032070
vt 0.975841 0.290454
vt 0.982193 0.041380
vt 0.977143 0.053736
vt 0.811317 0.063059
vt 0.824178 0.082727
vt 0.810730 0.079804
vt 0.823683 0.099105
vt 0.810889 0.097628
vt 0.824884 0.115921
vt 0.810974 0.115137
vt 0.825103 0.133104
vt 0.811489 0.132124
vt 0.825135 0.150741
vt 0.811715 0.150411
vt 0.825040 0.168153
vt 0.811820 0.168353
vt 0.825040 0.185449
vt 0.811983 0.185968
vt 0.824863 0.202482
vt 0.812268 0.203701
vt 0.825345 0.219614
vt 0.812596 0.221702
vt 0.826345 0.235466
vt 0.813552 0.238919
vt 0.828261 0.250565
vt 0.825505 0.067060
vt 0.734183 0.081203
vt 0.718951 0.069002
vt 0.734684 0.099021
vt 0.720850 0.084618
vt 0.735250 0.116521
vt 0.721955 0.100974
vt 0.735359 0.133512
vt 0.721381 0.117818
vt 0.735798 0.151791
vt 0.721791 0.134989
vt 0.736342 0.169721
vt 0.722398 0.152608
vt 0.736814 0.187328
vt 0.723123 0.169999
vt 0.737168 0.205056
vt 0.723747 0.187279
vt 0.737487 0.223055
vt 0.724537 0.204291
vt 0.737151 0.240295
vt 0.724672 0.221428
vt 0.724243 0.237304
vt 0.732986 0.064487
vt 0.716293 0.054675
vt 0.863125 0.067026
vt 0.864816 0.083168
vt 0.864246 0.083248
vt 0.865217 0.100005
vt 0.864641 0.100050
vt 0.864129 0.117235
vt 0.863557 0.117257
vt 0.863819 0.134837
vt 0.863245 0.134862
vt 0.863771 0.152813
vt 0.863200 0.152836
vt 0.863779 0.170600
vt 0.863214 0.170603
vt 0.863671 0.188296
vt 0.863102 0.188276
vt 0.863723 0.205717
vt 0.863139 0.205679
vt 0.863415 0.223220
vt 0.862847 0.223158
vt 0.862463 0.239521
vt 0.861903 0.239395
vt 0.860684 0.255073
vt 0.860139 0.254872
vt 0.856349 0.271019
vt 0.855881 0.270725
vt 0.849755 0.030087
vt 0.849275 0.279114
vt 0.857554 0.039390
vt 0.857064 0.039710
vt 0.861998 0.051751
vt 0.861458 0.051968
vt 0.863689 0.066904
vt 0.974892 0.085633
vt 0.976157 0.069331
vt 0.973774 0.102398
vt 0.974327 0.085529
vt 0.974119 0.119629
vt 0.973201 0.102328
vt 0.973673 0.137226
vt 0.973547 0.119582
vt 0.972956 0.155181
vt 0.973103 0.137177
vt 0.972183 0.172929
vt 0.972385 0.155133
vt 0.971547 0.190590
vt 0.971619 0.172901
vt 0.970772 0.207978
vt 0.970977 0.190585
vt 0.970314 0.225460
vt 0.970186 0.207992
vt 0.970564 0.241729
vt 0.969745 0.225497
vt 0.971657 0.257271
vt 0.969999 0.241829
vt 0.975225 0.273297
vt 0.971104 0.257448
vt 0.992055 0.033615
vt 0.974745 0.273571
vt 0.983958 0.042457
vt 0.981056 0.282392
vt 0.979033 0.054509
vt 0.983482 0.042115
vt 0.976716 0.069477
vt 0.978504 0.054269
vt 0.790415 0.261928
vt 0.776210 0.287337
vt 0.788991 0.023518
vt 0.771707 0.039232
vt 0.804320 0.028169
vt 0.787215 0.040221
vt 0.803289 0.259332
vt 0.793328 0.285557
vt 0.800740 0.043293
vt 0.815486 0.255713
vt 0.808022 0.280674
vt 0.775776 0.263211
vt 0.759039 0.286175
vt 0.771401 0.022222
vt 0.756246 0.040784
vt 0.753869 0.024156
vt 0.742840 0.044346
vt 0.761100 0.262457
vt 0.744178 0.281824
vt 0.738718 0.029360
vt 0.729919 0.048770
vt 0.748141 0.260325
vt 0.897316 0.292937
vt 0.915073 0.294479
vt 0.858278 0.022442
vt 0.873437 0.030784
vt 0.855383 0.288939
vt 0.920963 0.019657
vt 0.897489 0.292330
vt 0.915059 0.295111
vt 0.960611 0.283710
vt 0.983860 0.025592
vt 0.974531 0.291918
vt 0.938865 0.021922
vt 0.920949 0.020304
vt 0.938696 0.022529
vt 0.833287 0.266466
vt 0.820720 0.275383
vt 0.841576 0.032091
vt 0.835472 0.283044
vt 0.833004 0.041012
vt 0.818912 0.033346
vt 0.827643 0.052653
vt 0.813813 0.047244
vt 0.735822 0.257147
vt 0.731298 0.276991
vt 0.722870 0.252461
vt 0.707741 0.028130
vt 0.718419 0.268531
vt 0.724323 0.035063
vt 0.711963 0.277619
vt 0.710517 0.043232
vt 0.915092 0.293590
vt 0.897723 0.291464
vt 0.920931 0.021193
vt 0.938462 0.023394
vt 0.882631 0.287014
vt 0.870030 0.281764
vt 0.869925 0.281206
vt 0.903326 0.022648
vt 0.888731 0.027661
vt 0.887919 0.026750
vt 0.873282 0.031374
vt 0.902987 0.021168
vt 0.903129 0.021773
vt 0.888465 0.027094
vt 0.932534 0.292207
vt 0.946974 0.287439
vt 0.947797 0.288404
vt 0.960739 0.283156
vt 0.932875 0.293687
vt 0.932730 0.293083
vt 0.947219 0.288013
vt 0.953688 0.028154
vt 0.967990 0.032820
vt 0.968119 0.033416
vt 0.883037 0.286307
vt 0.882513 0.286220
vt 0.888260 0.027422
vt 0.947424 0.287685
vt 0.953319 0.028810
vt 0.953850 0.028873
vt 0.890281 0.152466
vt 0.878503 0.133915
vt 0.890697 0.133531
vt 0.879075 0.116562
vt 0.891302 0.116160
vt 0.879167 0.098686
vt 0.891038 0.097794
vt 0.879392 0.080550
vt 0.891586 0.078889
vt 0.878959 0.063395
vt 0.891685 0.061155
vt 0.876859 0.046893
vt 0.886651 0.263516
vt 0.876412 0.242913
vt 0.888181 0.245194
vt 0.877239 0.225187
vt 0.888898 0.226591
vt 0.877470 0.206866
vt 0.889274 0.207824
vt 0.877809 0.188827
vt 0.889680 0.189426
vt 0.878078 0.170825
vt 0.889911 0.171119
vt 0.878239 0.152511
vt 0.946306 0.134724
vt 0.957942 0.154216
vt 0.946446 0.117345
vt 0.958472 0.135628
vt 0.947501 0.099005
vt 0.958644 0.118269
vt 0.947768 0.080094
vt 0.959322 0.100409
vt 0.948439 0.062373
vt 0.959879 0.082280
vt 0.950899 0.045169
vt 0.961056 0.065161
vt 0.944059 0.246390
vt 0.957013 0.261957
vt 0.944138 0.227773
vt 0.955916 0.244617
vt 0.944569 0.209008
vt 0.955848 0.226871
vt 0.944945 0.190605
vt 0.956402 0.208553
vt 0.945488 0.172306
vt 0.956829 0.190515
vt 0.945913 0.153657
vt 0.957324 0.172517
vt 0.869655 0.279674
vt 0.887726 0.027461
vt 0.887948 0.029039
vt 0.947951 0.287620
vt 0.947771 0.285985
vt 0.968429 0.034893
vt 0.889973 0.043864
vt 0.872907 0.032836
vt 0.882763 0.284594
vt 0.874566 0.260188
vt 0.953559 0.030439
vt 0.963869 0.048764
vt 0.944797 0.264762
vt 0.961076 0.281637
vt 0.891481 0.097769
vt 0.892295 0.116125
vt 0.892022 0.078840
vt 0.892076 0.097739
vt 0.892122 0.061084
vt 0.892608 0.078799
vt 0.890434 0.043774
vt 0.892706 0.060999
vt 0.888612 0.245270
vt 0.887668 0.263751
vt 0.889326 0.226640
vt 0.889178 0.245358
vt 0.889711 0.207856
vt 0.889894 0.226701
vt 0.890108 0.189446
vt 0.890296 0.207902
vt 0.890335 0.171128
vt 0.890675 0.189479
vt 0.890712 0.152463
vt 0.890887 0.171143
vt 0.891129 0.133518
vt 0.891281 0.152462
vt 0.891730 0.116148
vt 0.891710 0.133511
vt 0.946020 0.117315
vt 0.946465 0.098905
vt 0.947060 0.098962
vt 0.946753 0.079959
vt 0.947335 0.080027
vt 0.947425 0.062173
vt 0.948005 0.062283
vt 0.949816 0.044902
vt 0.944351 0.264849
vt 0.943054 0.246510
vt 0.943625 0.246447
vt 0.943139 0.227840
vt 0.943708 0.227804
vt 0.943543 0.209041
vt 0.944130 0.209022
vt 0.943949 0.190615
vt 0.944517 0.190607
vt 0.944512 0.172287
vt 0.945065 0.172297
vt 0.944914 0.153609
vt 0.945483 0.153636
vt 0.945295 0.134660
vt 0.945873 0.134693
vt 0.945456 0.117267
vt 0.883256 0.284701
vt 0.883497 0.286081
vt 0.888996 0.028918
vt 0.946734 0.286188
vt 0.953049 0.030392
vt 0.952838 0.029029
vt 0.888448 0.029015
vt 0.891066 0.043645
vt 0.887092 0.263622
vt 0.883790 0.284842
vt 0.950442 0.045059
vt 0.952520 0.030274
vt 0.947273 0.286071
vt 0.943770 0.264953
vt 0.883228 0.286644
vt 0.882753 0.286691
vt 0.887997 0.027028
vt 0.947691 0.288080
vt 0.953128 0.028474
vt 0.953599 0.028428
vt 0.717111 0.285969
vt 0.724378 0.034178
vt 0.731409 0.277881
vt 0.738517 0.028550
vt 0.753746 0.023326
vt 0.744031 0.282651
vt 0.758958 0.287014
vt 0.818825 0.032464
vt 0.834833 0.025083
vt 0.820641 0.276276
vt 0.804492 0.027352
vt 0.789085 0.022681
vt 0.771386 0.021383
vt 0.808197 0.281492
vt 0.793438 0.286388
vt 0.776225 0.288176
vt 0.715549 0.054990
vt 0.709839 0.043683
vt 0.701011 0.035151
vt 0.717702 0.268145
vt 0.722104 0.252202
vt 0.723451 0.237126
vt 0.723870 0.221307
vt 0.723729 0.204258
vt 0.722941 0.187314
vt 0.722317 0.170052
vt 0.721594 0.152680
vt 0.720987 0.135092
vt 0.720577 0.117882
vt 0.721150 0.101081
vt 0.720064 0.084831
vt 0.718182 0.069251
vt 0.833697 0.041439
vt 0.828398 0.052940
vt 0.840628 0.274732
vt 0.833989 0.266054
vt 0.829018 0.250279
vt 0.827129 0.235261
vt 0.826142 0.219465
vt 0.825669 0.202420
vt 0.825847 0.185455
vt 0.825847 0.168177
vt 0.825942 0.150784
vt 0.825910 0.133178
vt 0.825689 0.115955
vt 0.824491 0.099181
vt 0.824971 0.082911
vt 0.826283 0.067281
vt 0.716829 0.285177
vt 0.701630 0.034623
vt 0.840065 0.275316
vt 0.835235 0.025821
vt 0.974928 0.291516
vt 0.708117 0.027378
vt 0.983503 0.025153
vt 0.835219 0.283846
vt 0.855762 0.289357
vt 0.857902 0.022866
vt 0.711379 0.277055
vt 0.981459 0.281968
vt 0.991683 0.033166
vt 0.849659 0.279556
vt 0.842214 0.032596
vt 0.849363 0.030520
vt 0.980262 0.283644
vt 0.984920 0.026529
vt 0.854517 0.287838
vt 0.850775 0.029036
vn -0.000000 -0.680180 0.733045
vn 0.000000 -0.346876 0.937911
vn -0.228013 -0.337740 0.913204
vn -0.232743 -0.660721 0.713638
vn 0.000000 -0.009005 0.999960
vn -0.224879 -0.009256 0.974343
vn 0.000000 0.358380 0.933576
vn -0.226224 0.349593 0.909180
vn -0.000000 0.699440 0.714691
vn -0.231411 0.681330 0.694433
vn -0.000000 0.913114 0.407705
vn -0.240973 0.886619 0.394765
vn 0.000000 0.999985 -0.005463
vn -0.246950 0.969014 -0.005225
vn -0.000000 0.910168 -0.414239
vn -0.242214 0.883458 -0.401042
vn -0.000000 0.695033 -0.718978
vn -0.234630 0.676657 -0.697914
vn -0.000000 0.390549 -0.920582
vn -0.231171 0.381169 -0.895137
vn -0.000000 0.008227 -0.999966
vn -0.231363 0.008265 -0.972832
vn 0.000000 -0.433038 -0.901376
vn -0.232053 -0.420629 -0.877053
vn 0.000000 -0.895667 0.444726
vn -0.234425 -0.869608 0.434541
vn -0.397558 0.328337 0.856821
vn -0.395015 -0.008973 0.918631
vn -0.400399 -0.315398 0.860352
vn -0.407950 -0.616558 0.673375
vn -0.409467 -0.812859 0.414243
vn -0.405900 -0.395178 -0.824063
vn -0.404992 0.009682 -0.914269
vn -0.404859 0.360640 -0.840255
vn -0.410437 0.636076 -0.653413
vn -0.421408 0.825726 -0.374956
vn -0.427922 0.903805 -0.004445
vn -0.419184 0.828775 0.370698
vn -0.405461 0.640081 0.652608
vn 0.232743 -0.660721 0.713638
vn 0.228014 -0.337740 0.913204
vn 0.224879 -0.009256 0.974343
vn 0.226224 0.349593 0.909180
vn 0.231411 0.681331 0.694433
vn 0.240973 0.886619 0.394765
vn 0.246950 0.969014 -0.005224
vn 0.242214 0.883458 -0.401042
vn 0.234630 0.676657 -0.697914
vn 0.231171 0.381169 -0.895137
vn 0.231363 0.008265 -0.972832
vn 0.232053 -0.420629 -0.877053
vn 0.234425 -0.869608 0.434542
vn 0.395021 -0.008973 0.918628
vn 0.397560 0.328337 0.856820
vn 0.400400 -0.315399 0.860351
vn 0.407947 -0.616559 0.673376
vn 0.409297 -0.812933 0.414266
vn 0.404989 0.009682 -0.914270
vn 0.405881 -0.395182 -0.824070
vn 0.404859 0.360640 -0.840255
vn 0.410441 0.636075 -0.653412
vn 0.421409 0.825726 -0.374955
vn 0.427919 0.903806 -0.004444
vn 0.419181 0.828776 0.370698
vn 0.405459 0.640082 0.652609
vn -0.000000 0.680503 -0.732746
vn 0.232772 0.660913 -0.713450
vn 0.228131 0.336379 -0.913677
vn -0.000000 0.345538 -0.938405
vn 0.224962 0.010081 -0.974315
vn 0.000000 0.009781 -0.999952
vn 0.226334 -0.348857 -0.909435
vn 0.000000 -0.357580 -0.933883
vn 0.231733 -0.681730 -0.693934
vn 0.000000 -0.699729 -0.714408
vn 0.241552 -0.885946 -0.395920
vn 0.000000 -0.912458 -0.409170
vn 0.247762 -0.968807 0.005295
vn 0.000000 -0.999985 0.005470
vn 0.243008 -0.882696 0.402238
vn 0.000000 -0.909546 0.415604
vn 0.235357 -0.676298 0.698018
vn 0.000000 -0.694733 0.719268
vn 0.231768 -0.382423 0.894447
vn -0.000000 -0.391800 0.920051
vn 0.231784 -0.009637 0.972720
vn -0.000000 -0.009528 0.999955
vn 0.231826 0.423548 0.875708
vn 0.000000 0.436288 0.899807
vn 0.000000 0.896611 -0.442820
vn 0.233363 0.870435 -0.433457
vn 0.415827 0.009808 -0.909391
vn 0.421628 -0.328327 -0.845240
vn 0.424768 0.316996 -0.847989
vn 0.441263 0.609430 -0.658697
vn 0.457800 0.796298 -0.395386
vn 0.412947 -0.008738 0.910713
vn 0.420942 0.395773 0.816193
vn 0.412242 -0.362793 0.835726
vn 0.419599 -0.635468 0.648164
vn 0.432608 -0.821430 0.371623
vn 0.440945 -0.897524 0.004241
vn 0.435609 -0.822051 -0.366711
vn 0.427311 -0.634438 -0.644122
vn 0.641168 -0.540954 -0.544308
vn 0.639204 -0.703437 -0.310796
vn 0.639745 -0.285637 -0.713539
vn 0.633616 0.006203 -0.773623
vn 0.643317 0.275693 -0.714239
vn 0.665078 0.512757 -0.542910
vn 0.685916 0.663477 -0.298862
vn 0.613954 -0.007536 0.789306
vn 0.623393 0.346199 0.701090
vn 0.610639 -0.322071 0.723457
vn 0.618405 -0.555146 0.556227
vn 0.630033 -0.708508 0.317923
vn 0.638371 -0.769721 0.003454
vn -0.228131 0.336379 -0.913677
vn -0.232772 0.660913 -0.713450
vn -0.224963 0.010081 -0.974315
vn -0.226334 -0.348858 -0.909435
vn -0.231732 -0.681730 -0.693934
vn -0.241552 -0.885946 -0.395920
vn -0.247762 -0.968806 0.005295
vn -0.243008 -0.882696 0.402238
vn -0.235357 -0.676298 0.698018
vn -0.231768 -0.382424 0.894447
vn -0.231784 -0.009637 0.972720
vn -0.231826 0.423548 0.875708
vn -0.233363 0.870435 -0.433457
vn -0.421628 -0.328328 -0.845240
vn -0.415827 0.009809 -0.909391
vn -0.424767 0.316996 -0.847990
vn -0.441262 0.609429 -0.658698
vn -0.457799 0.796298 -0.395385
vn -0.420940 0.395774 0.816194
vn -0.412946 -0.008737 0.910714
vn -0.412241 -0.362794 0.835726
vn -0.419596 -0.635469 0.648165
vn -0.432605 -0.821431 0.371624
vn -0.440944 -0.897525 0.004241
vn -0.435608 -0.822051 -0.366712
vn -0.427310 -0.634438 -0.644123
vn -0.639206 -0.703436 -0.310796
vn -0.641171 -0.540953 -0.544307
vn -0.639745 -0.285636 -0.713539
vn -0.633618 0.006203 -0.773621
vn -0.643316 0.275692 -0.714239
vn -0.665079 0.512756 -0.542910
vn -0.685916 0.663477 -0.298860
vn -0.623393 0.346199 0.701090
vn -0.613954 -0.007536 0.789306
vn -0.610641 -0.322070 0.723456
vn -0.618405 -0.555146 0.556228
vn -0.630034 -0.708507 0.317923
vn -0.638374 -0.769719 0.003452
vn -0.948973 0.125570 -0.289279
vn -0.827404 -0.206547 0.522246
vn -0.821508 -0.001466 0.570195
vn -0.952095 -0.000506 -0.305803
vn -0.942819 0.238799 -0.232524
vn -0.840471 -0.376869 0.389331
vn -0.942944 0.307456 -0.127777
vn -0.840593 -0.503295 0.200242
vn -0.825294 0.215493 0.521971
vn -0.951229 -0.120827 -0.283838
vn -0.824175 0.401201 0.399716
vn -0.950116 -0.219617 -0.221468
vn -0.822455 0.521050 0.228199
vn -0.951863 -0.280465 -0.123681
vn -0.820986 0.570937 -0.003546
vn -0.954788 -0.297285 -0.001017
vn -0.814256 0.529428 -0.238102
vn -0.956487 -0.268089 0.115154
vn -0.806200 0.421133 -0.415558
vn -0.958185 -0.207481 0.197060
vn -0.803183 0.248037 -0.541642
vn -0.963355 -0.113417 0.243072
vn -0.807241 0.007397 -0.590176
vn -0.962371 -0.001152 0.271737
vn -0.805372 -0.267788 -0.528834
vn -0.968175 0.103536 0.227854
vn -0.801337 -0.418633 -0.427324
vn -0.965576 0.190682 0.176929
vn -0.833249 -0.515350 -0.200274
vn -0.954305 0.286003 0.086625
vn -0.835405 -0.548552 0.034489
vn -0.942090 0.335168 -0.011350
vn 0.942811 0.238819 -0.232538
vn 0.840470 -0.376871 0.389331
vn 0.840592 -0.503296 0.200243
vn 0.942941 0.307464 -0.127786
vn 0.948971 0.125571 -0.289286
vn 0.827404 -0.206548 0.522245
vn 0.952089 -0.000512 -0.305821
vn 0.821507 -0.001465 0.570196
vn 0.951229 -0.120820 -0.283840
vn 0.825291 0.215497 0.521974
vn 0.950122 -0.219607 -0.221453
vn 0.824171 0.401206 0.399720
vn 0.951851 -0.280506 -0.123682
vn 0.822451 0.521053 0.228204
vn 0.954764 -0.297365 -0.001018
vn 0.820985 0.570939 -0.003544
vn 0.956471 -0.268142 0.115164
vn 0.814256 0.529428 -0.238104
vn 0.958183 -0.207489 0.197063
vn 0.806201 0.421132 -0.415558
vn 0.963361 -0.113409 0.243052
vn 0.803182 0.248039 -0.541641
vn 0.962378 -0.001147 0.271711
vn 0.807241 0.007397 -0.590176
vn 0.968170 0.103552 0.227870
vn 0.805370 -0.267791 -0.528836
vn 0.965563 0.190714 0.176962
vn 0.801336 -0.418634 -0.427325
vn 0.954301 0.286015 0.086637
vn 0.833250 -0.515350 -0.200274
vn 0.942093 0.335161 -0.011348
vn 0.835405 -0.548551 0.034491
vn -0.663024 -0.513992 0.544253
vn -0.641528 -0.276552 0.715515
vn -0.631978 -0.005834 0.774964
vn -0.637926 0.286255 0.714918
vn -0.639351 0.541728 0.545674
vn -0.637590 0.704896 0.310806
vn -0.636836 0.770992 -0.003390
vn -0.628521 0.709943 -0.317715
vn -0.616885 0.556014 -0.557047
vn -0.609442 0.321348 -0.724786
vn -0.612286 0.006638 -0.790608
vn -0.622046 -0.344643 -0.703051
vn -0.682970 -0.665190 0.301784
vn 0.663026 -0.513991 0.544252
vn 0.641528 -0.276551 0.715515
vn 0.631977 -0.005834 0.774965
vn 0.637927 0.286255 0.714918
vn 0.639353 0.541729 0.545673
vn 0.637589 0.704896 0.310808
vn 0.636835 0.770993 -0.003389
vn 0.628519 0.709944 -0.317716
vn 0.616884 0.556015 -0.557047
vn 0.609441 0.321350 -0.724786
vn 0.612287 0.006639 -0.790608
vn 0.622045 -0.344644 -0.703051
vn 0.682972 -0.665188 0.301784
vn -0.000000 -0.957061 0.289888
vn 0.000000 -0.648060 -0.761589
vn 0.226902 -0.632584 -0.740509
vn 0.155244 -0.941438 0.299323
vn -0.155241 -0.941436 0.299329
vn -0.226902 -0.632584 -0.740509
vn -0.270181 -0.899591 0.343132
vn -0.395585 -0.595415 -0.699281
vn -0.636906 -0.522963 -0.566446
vn -0.116507 -0.983212 -0.140431
vn 0.029834 -0.948611 -0.315036
vn -0.751947 -0.627209 -0.202942
vn -0.127356 -0.867607 -0.480665
vn -0.704886 -0.703745 0.088758
vn 0.000000 -0.974773 0.223199
vn 0.000000 -0.611100 -0.791553
vn 0.151177 -0.594174 -0.790002
vn 0.234243 -0.947527 0.217536
vn -0.234243 -0.947527 0.217537
vn -0.151177 -0.594175 -0.790001
vn -0.404448 -0.889779 0.211460
vn -0.264654 -0.541382 -0.798037
vn 0.395557 -0.595422 -0.699291
vn 0.270151 -0.899602 0.343126
vn 0.116521 -0.983164 -0.140755
vn 0.636906 -0.522962 -0.566446
vn 0.751946 -0.627209 -0.202942
vn -0.029833 -0.948610 -0.315038
vn 0.704889 -0.703743 0.088758
vn 0.127355 -0.867605 -0.480669
vn 0.264354 -0.541557 -0.798018
vn 0.404148 -0.889906 0.211500
vn 0.796196 0.422144 -0.433435
vn -0.174138 0.700378 -0.692205
vn -0.194285 0.379580 -0.904529
vn 0.781471 0.231106 -0.579563
vn 0.795588 0.563797 -0.221749
vn -0.176634 0.912427 -0.369158
vn -0.204889 -0.002426 -0.978782
vn 0.774511 0.001660 -0.632558
vn -0.202566 -0.381646 -0.901839
vn 0.778372 -0.240262 -0.580009
vn -0.202665 -0.691379 -0.693486
vn 0.776749 -0.446073 -0.444613
vn -0.205208 -0.896463 -0.392740
vn 0.775694 -0.577852 -0.253743
vn -0.209798 -0.977743 0.001829
vn 0.774434 -0.632645 0.003535
vn -0.222488 -0.892490 0.392379
vn 0.765168 -0.587273 0.263872
vn -0.235516 -0.700006 0.674184
vn 0.753750 -0.468517 0.460818
vn -0.245289 -0.409302 0.878809
vn 0.753366 -0.275531 0.597095
vn -0.241534 -0.008248 0.970357
vn 0.757567 -0.007986 0.652709
vn -0.254624 0.421197 0.870494
vn 0.755737 0.298124 0.583081
vn -0.248949 0.694962 0.674576
vn 0.746096 0.465865 0.475722
vn -0.220237 0.919167 0.326538
vn 0.780096 0.584901 0.222128
vn -0.186389 0.982020 -0.029940
vn 0.782451 0.621468 -0.039346
vn -0.796199 0.422141 -0.433434
vn 0.174213 0.700372 -0.692191
vn 0.176674 0.912421 -0.369154
vn -0.795590 0.563795 -0.221747
vn -0.781474 0.231103 -0.579561
vn 0.194361 0.379569 -0.904517
vn -0.774513 0.001660 -0.632555
vn 0.204962 -0.002431 -0.978767
vn -0.778373 -0.240261 -0.580009
vn 0.202616 -0.381639 -0.901830
vn -0.776749 -0.446073 -0.444611
vn 0.202697 -0.691375 -0.693480
vn -0.775699 -0.577847 -0.253740
vn 0.205325 -0.896437 -0.392738
vn -0.774444 -0.632633 0.003531
vn 0.209958 -0.977709 0.001830
vn -0.765176 -0.587264 0.263868
vn 0.222549 -0.892479 0.392369
vn -0.753752 -0.468514 0.460816
vn 0.235515 -0.700009 0.674181
vn -0.753365 -0.275531 0.597097
vn 0.245244 -0.409298 0.878823
vn -0.757562 -0.007985 0.652715
vn 0.241463 -0.008258 0.970375
vn -0.755738 0.298123 0.583081
vn 0.254606 0.421189 0.870503
vn -0.746100 0.465862 0.475717
vn 0.249001 0.694948 0.674570
vn -0.780097 0.584900 0.222127
vn 0.220271 0.919161 0.326534
vn -0.782450 0.621469 -0.039346
vn 0.186392 0.982019 -0.029941
vn 0.000005 0.595345 0.803470
vn 0.000029 -0.474639 0.880180
vn -0.020066 -0.471748 0.881505
vn -0.220501 0.579264 0.784750
vn 0.220522 0.579416 0.784632
vn 0.020056 -0.471843 0.881455
vn 0.412396 0.542755 0.731674
vn 0.108485 -0.444059 0.889406
vn 0.657093 0.482250 0.579365
vn 0.695512 -0.512085 0.504015
vn -0.000005 0.948760 -0.315998
vn -0.000022 0.120220 -0.992747
vn 0.026171 0.128815 -0.991323
vn 0.224797 0.922386 -0.314118
vn -0.224810 0.922430 -0.313979
vn -0.026167 0.128819 -0.991323
vn 0.182994 0.109138 -0.977037
vn 0.467680 0.840202 -0.274473
vn 0.724342 -0.190557 -0.662583
vn 0.735299 0.664194 -0.134840
vn 0.837268 0.520795 0.166596
vn 0.882060 -0.444389 -0.156491
vn -0.108523 -0.444093 0.889384
vn -0.412378 0.542617 0.731787
vn -0.695545 -0.512050 0.504006
vn -0.657092 0.482218 0.579393
vn -0.467684 0.840221 -0.274409
vn -0.182929 0.109089 -0.977055
vn -0.735299 0.664194 -0.134841
vn -0.724337 -0.190573 -0.662584
vn -0.882054 -0.444398 -0.156495
vn -0.837267 0.520797 0.166596
vn 0.044065 -0.392960 0.918499
vn -0.000036 -0.395771 0.918349
vn 0.000025 0.207097 -0.978320
vn 0.051176 0.215655 -0.975128
vn 0.073363 0.197201 -0.977614
vn -0.016288 -0.250589 -0.967957
vn -0.071102 -0.748157 0.659702
vn 0.058416 -0.418936 0.906135
vn -0.263971 -0.621282 -0.737786
vn -0.279933 -0.923788 0.261254
vn -0.044391 -0.391888 0.918941
vn -0.051013 0.215031 -0.975274
vn 0.016474 -0.250588 -0.967954
vn -0.073091 0.196549 -0.977766
vn -0.059051 -0.417509 0.906752
vn 0.070927 -0.748071 0.659818
vn 0.264214 -0.621100 -0.737852
vn 0.280329 -0.923869 0.260541
vn 0.095250 -0.136317 0.986076
vn -0.101280 0.460348 -0.881943
vn 0.101175 0.460508 -0.881871
vn -0.095260 -0.136329 0.986073
vn -0.523142 0.315205 0.791813
vn -0.993068 -0.035610 -0.112014
vn -0.992829 -0.084847 -0.084211
vn -0.524424 0.598117 0.606000
vn -0.512999 -0.008861 0.858344
vn -0.994158 0.001286 -0.107923
vn -0.525603 -0.307541 0.793196
vn -0.993395 0.034031 -0.109585
vn -0.549272 -0.571873 0.609312
vn -0.991708 0.088503 -0.093177
vn -0.576803 -0.736022 0.354359
vn -0.991630 0.117459 -0.053600
vn -0.592324 -0.792212 0.146807
vn -0.983770 0.169027 -0.060227
vn -0.513351 -0.375091 -0.771866
vn -0.992476 0.050018 0.111762
vn -0.986769 0.090447 0.134558
vn -0.514341 -0.565134 -0.645040
vn -0.495165 0.004939 -0.868785
vn -0.993397 -0.001799 0.114717
vn -0.494223 0.348326 -0.796500
vn -0.993468 -0.043428 0.105523
vn -0.503034 0.608343 -0.613903
vn -0.993119 -0.083126 0.082491
vn -0.517493 0.781094 -0.349420
vn -0.991243 -0.123276 0.047335
vn -0.527408 0.849604 -0.003617
vn -0.989877 -0.141923 -0.001096
vn -0.526600 0.777461 0.343870
vn -0.991058 -0.123951 -0.049393
vn 0.512989 -0.008861 0.858349
vn 0.994145 0.001282 -0.108045
vn 0.993389 0.034039 -0.109634
vn 0.525598 -0.307540 0.793200
vn 0.523140 0.315205 0.791815
vn 0.993058 -0.035633 -0.112103
vn 0.524427 0.598116 0.605997
vn 0.992824 -0.084875 -0.084240
vn 0.991709 0.088501 -0.093170
vn 0.549275 -0.571872 0.609311
vn 0.991663 0.117234 -0.053492
vn 0.577024 -0.735872 0.354312
vn 0.983705 0.169390 -0.060267
vn 0.592845 -0.791840 0.146709
vn 0.513379 -0.375082 -0.771852
vn 0.992481 0.049994 0.111727
vn 0.993396 -0.001802 0.114725
vn 0.495166 0.004939 -0.868785
vn 0.514400 -0.565111 -0.645014
vn 0.986771 0.090445 0.134548
vn 0.993462 -0.043457 0.105574
vn 0.494220 0.348328 -0.796501
vn 0.993108 -0.083195 0.082558
vn 0.503027 0.608346 -0.613905
vn 0.991232 -0.123347 0.047373
vn 0.517489 0.781096 -0.349420
vn 0.989870 -0.141976 -0.001096
vn 0.527410 0.849603 -0.003617
vn 0.991051 -0.123998 -0.049412
vn 0.526603 0.777459 0.343870
s 1
g head head
usemtl head_plateSG
f 1076/889/781 1077/890/782 1078/891/783 1079/892/784
f 1077/890/782 1080/893/785 1081/894/786 1078/891/783
f 1080/893/785 1082/895/787 1083/896/788 1081/894/786
f 1082/895/787 1084/897/789 1085/898/790 1083/896/788
f 1084/897/789 1086/899/791 1087/900/792 1085/898/790
f 1086/899/791 1088/901/793 1089/902/794 1087/900/792
f 1088/901/793 1090/903/795 1091/904/796 1089/902/794
f 1090/903/795 1092/905/797 1093/906/798 1091/904/796
f 1092/905/797 1094/907/799 1095/908/800 1093/906/798
f 1094/907/799 1096/909/801 1097/910/802 1095/908/800
f 1096/909/801 1098/1001/803 1099/1006/804 1097/910/802
f 1100/1010/805 1076/889/781 1079/892/784 1101/1004/806
f 1081/894/786 1083/896/788 1102/1278/807 1103/1280/808
f 1078/891/783 1081/894/786 1103/1280/808 1104/1282/809
f 1079/892/784 1078/891/783 1104/1282/809 1105/1284/810
f 1101/1004/806 1079/892/784 1105/1284/810 1106/1332/811
f 1097/910/802 1099/1006/804 1107/1286/812 1108/1288/813
f 1095/908/800 1097/910/802 1108/1288/813 1109/1290/814
f 1093/906/798 1095/908/800 1109/1290/814 1110/1292/815
f 1091/904/796 1093/906/798 1110/1292/815 1111/1294/816
f 1089/902/794 1091/904/796 1111/1294/816 1112/1296/817
f 1087/900/792 1089/902/794 1112/1296/817 1113/1298/818
f 1085/898/790 1087/900/792 1113/1298/818 1114/1300/819
f 1083/896/788 1085/898/790 1114/1300/819 1102/1278/807
f 1076/889/781 1115/911/820 1116/912/821 1077/890/782
f 1077/890/782 1116/912/821 1117/913/822 1080/893/785
f 1080/893/785 1117/913/822 1118/914/823 1082/895/787
f 1082/895/787 1118/914/823 1119/915/824 1084/897/789
f 1084/897/789 1119/915/824 1120/916/825 1086/899/791
f 1086/899/791 1120/916/825 1121/917/826 1088/901/793
f 1088/901/793 1121/917/826 1122/918/827 1090/903/795
f 1090/903/795 1122/918/827 1123/919/828 1092/905/797
f 1092/905/797 1123/919/828 1124/920/829 1094/907/799
f 1094/907/799 1124/920/829 1125/921/830 1096/909/801
f 1096/909/801 1125/921/830 1126/1007/831 1098/1001/803
f 1100/1010/805 1127/1011/832 1115/911/820 1076/889/781
f 1117/913/822 1128/1302/833 1129/1324/834 1118/914/823
f 1116/912/821 1130/1304/835 1128/1302/833 1117/913/822
f 1115/911/820 1131/1306/836 1130/1304/835 1116/912/821
f 1127/1011/832 1132/1308/837 1131/1306/836 1115/911/820
f 1125/921/830 1133/1310/838 1134/1338/839 1126/1007/831
f 1124/920/829 1135/1312/840 1133/1310/838 1125/921/830
f 1123/919/828 1136/1314/841 1135/1312/840 1124/920/829
f 1122/918/827 1137/1316/842 1136/1314/841 1123/919/828
f 1121/917/826 1138/1318/843 1137/1316/842 1122/918/827
f 1120/916/825 1139/1320/844 1138/1318/843 1121/917/826
f 1119/915/824 1140/1322/845 1139/1320/844 1120/916/825
f 1118/914/823 1129/1324/834 1140/1322/845 1119/915/824
f 781/922/846 804/923/847 787/924/848 794/925/849
f 794/925/849 787/924/848 795/926/850 784/927/851
f 784/927/851 795/926/850 788/928/852 796/929/853
f 796/929/853 788/928/852 805/930/854 782/931/855
f 782/931/855 805/930/854 789/932/856 797/933/857
f 797/933/857 789/932/856 798/934/858 785/935/859
f 785/935/859 798/934/858 790/936/860 799/937/861
f 799/937/861 790/936/860 806/938/862 783/939/863
f 783/939/863 806/938/862 791/940/864 800/941/865
f 800/941/865 791/940/864 801/942/866 786/943/867
f 786/943/867 801/942/866 792/1133/868 802/1144/869
f 803/1136/870 793/1138/871 804/923/847 781/922/846
f 795/926/850 808/944/872 807/945/873 788/928/852
f 787/924/848 809/946/874 808/944/872 795/926/850
f 804/923/847 810/947/875 809/946/874 787/924/848
f 793/1138/871 811/1141/876 810/947/875 804/923/847
f 801/942/866 813/948/877 812/1139/878 792/1133/868
f 791/940/864 814/949/879 813/948/877 801/942/866
f 806/938/862 815/950/880 814/949/879 791/940/864
f 790/936/860 816/951/881 815/950/880 806/938/862
f 798/934/858 817/952/882 816/951/881 790/936/860
f 789/932/856 818/953/883 817/952/882 798/934/858
f 805/930/854 819/954/884 818/953/883 789/932/856
f 788/928/852 807/945/873 819/954/884 805/930/854
f 819/954/884 821/1031/885 820/1033/886 818/953/883
f 819/954/884 807/945/873 822/1029/887 821/1031/885
f 808/944/872 823/1027/888 822/1029/887 807/945/873
f 809/946/874 824/1025/889 823/1027/888 808/944/872
f 810/947/875 825/1023/890 824/1025/889 809/946/874
f 811/1141/876 826/1176/891 825/1023/890 810/947/875
f 813/948/877 828/1043/892 827/1142/893 812/1139/878
f 814/949/879 829/1041/894 828/1043/892 813/948/877
f 815/950/880 830/1039/895 829/1041/894 814/949/879
f 816/951/881 831/1037/896 830/1039/895 815/950/880
f 817/952/882 832/1035/897 831/1037/896 816/951/881
f 818/953/883 820/1033/886 832/1035/897 817/952/882
f 781/922/846 794/925/849 833/955/898 843/956/899
f 794/925/849 784/927/851 840/957/900 833/955/898
f 784/927/851 796/929/853 834/958/901 840/957/900
f 796/929/853 782/931/855 844/959/902 834/958/901
f 782/931/855 797/933/857 835/960/903 844/959/902
f 797/933/857 785/935/859 841/961/904 835/960/903
f 785/935/859 799/937/861 836/962/905 841/961/904
f 799/937/861 783/939/863 845/963/906 836/962/905
f 783/939/863 800/941/865 837/964/907 845/963/906
f 800/941/865 786/943/867 842/965/908 837/964/907
f 786/943/867 802/1144/869 838/1150/909 842/965/908
f 803/1136/870 781/922/846 843/956/899 839/1147/910
f 840/957/900 834/958/901 846/966/911 847/967/912
f 833/955/898 840/957/900 847/967/912 848/968/913
f 843/956/899 833/955/898 848/968/913 849/969/914
f 839/1147/910 843/956/899 849/969/914 850/1149/915
f 842/965/908 838/1150/909 851/1154/916 852/970/917
f 837/964/907 842/965/908 852/970/917 853/971/918
f 845/963/906 837/964/907 853/971/918 854/972/919
f 836/962/905 845/963/906 854/972/919 855/973/920
f 841/961/904 836/962/905 855/973/920 856/974/921
f 835/960/903 841/961/904 856/974/921 857/975/922
f 844/959/902 835/960/903 857/975/922 858/976/923
f 834/958/901 844/959/902 858/976/923 846/966/911
f 858/976/923 857/975/922 859/1054/924 860/1052/925
f 858/976/923 860/1052/925 861/1050/926 846/966/911
f 847/967/912 846/966/911 861/1050/926 862/1048/927
f 848/968/913 847/967/912 862/1048/927 863/1046/928
f 849/969/914 848/968/913 863/1046/928 864/1067/929
f 850/1149/915 849/969/914 864/1067/929 865/1153/930
f 852/970/917 851/1154/916 866/1177/931 867/1064/932
f 853/971/918 852/970/917 867/1064/932 868/1062/933
f 854/972/919 853/971/918 868/1062/933 869/1060/934
f 855/973/920 854/972/919 869/1060/934 870/1058/935
f 856/974/921 855/973/920 870/1058/935 871/1056/936
f 857/975/922 856/974/921 871/1056/936 859/1054/924
f 898/1070/937 899/978/938 903/979/939 902/1072/940
f 899/978/938 898/1070/937 901/1100/941 900/977/942
f 900/977/942 901/1100/941 928/1098/943 929/988/944
f 902/1072/940 903/979/939 905/980/945 904/1074/946
f 904/1074/946 905/980/945 907/981/947 906/1076/948
f 906/1076/948 907/981/947 909/982/949 908/1078/950
f 908/1078/950 909/982/949 911/983/951 910/1080/952
f 910/1080/952 911/983/951 913/984/953 912/1082/954
f 912/1082/954 913/984/953 915/985/955 914/1084/956
f 914/1084/956 915/985/955 917/986/957 916/1086/958
f 916/1086/958 917/986/957 919/987/959 918/1088/960
f 918/1088/960 919/987/959 921/1013/961 920/1090/962
f 920/1090/962 921/1013/961 923/1015/963 922/1092/964
f 922/1092/964 923/1015/963 925/1016/965 924/1406/966
f 924/1094/966 925/1412/965 927/1017/967 926/1096/968
f 926/1096/968 927/1017/967 929/988/944 928/1098/943
f 930/1102/969 931/1000/970 960/1022/971 961/1132/972
f 931/1000/970 930/1102/969 933/1104/973 932/989/974
f 932/989/974 933/1104/973 935/1106/975 934/990/976
f 934/990/976 935/1106/975 937/1108/977 936/991/978
f 936/991/978 937/1108/977 939/1110/979 938/992/980
f 938/992/980 939/1110/979 941/1112/981 940/993/982
f 940/993/982 941/1112/981 943/1114/983 942/994/984
f 942/994/984 943/1114/983 945/1116/985 944/995/986
f 944/995/986 945/1116/985 947/1118/987 946/996/988
f 946/996/988 947/1118/987 949/1120/989 948/997/990
f 948/997/990 949/1120/989 951/1122/991 950/998/992
f 950/998/992 951/1122/991 953/1124/993 952/999/994
f 952/999/994 953/1124/993 955/1126/995 954/1018/996
f 954/1018/996 955/1126/995 957/1128/997 956/1409/998
f 956/1019/998 957/1405/997 959/1130/999 958/1021/1000
f 958/1021/1000 959/1130/999 961/1132/972 960/1022/971
f 873/1224/1001 872/1222/1002 899/978/938 900/977/942
f 872/1222/1002 874/1220/1003 903/979/939 899/978/938
f 874/1220/1003 875/1218/1004 905/980/945 903/979/939
f 876/1216/1005 907/981/947 905/980/945 875/1218/1004
f 876/1216/1005 877/1238/1006 909/982/949 907/981/947
f 878/1236/1007 911/983/951 909/982/949 877/1238/1006
f 878/1236/1007 879/1234/1008 913/984/953 911/983/951
f 879/1234/1008 880/1232/1009 915/985/955 913/984/953
f 880/1232/1009 881/1230/1010 917/986/957 915/985/955
f 881/1230/1010 882/1228/1011 919/987/959 917/986/957
f 882/1228/1011 883/1272/1012 921/1013/961 919/987/959
f 884/1226/1013 873/1224/1001 900/977/942 929/988/944
f 885/1250/1014 931/1000/970 932/989/974 886/1248/1015
f 886/1248/1015 932/989/974 934/990/976 887/1246/1016
f 887/1246/1016 934/990/976 936/991/978 888/1244/1017
f 889/1242/1018 888/1244/1017 936/991/978 938/992/980
f 889/1242/1018 938/992/980 940/993/982 890/1240/1019
f 891/1262/1020 890/1240/1019 940/993/982 942/994/984
f 891/1262/1020 942/994/984 944/995/986 892/1260/1021
f 892/1260/1021 944/995/986 946/996/988 893/1258/1022
f 893/1258/1022 946/996/988 948/997/990 894/1256/1023
f 894/1256/1023 948/997/990 950/998/992 895/1254/1024
f 895/1254/1024 950/998/992 952/999/994 896/1252/1025
f 897/1274/1026 960/1022/971 931/1000/970 885/1250/1014
f 1141/1185/1027 1142/1008/1028 1143/1012/1029 1144/1199/1030
f 1142/1008/1028 1141/1185/1027 1145/1186/1031 1146/1002/1032
f 1146/1002/1032 1145/1186/1031 1147/1326/1033 1148/1334/1034
f 965/1263/1035 964/1191/1036 966/1159/1037 967/1411/1038
f 967/1014/1038 966/1402/1037 968/1195/1039 969/1270/1040
f 1149/1003/1041 1150/1187/1042 1151/1188/1043 1152/1009/1044
f 1150/1187/1042 1149/1003/1041 1153/1005/1045 1154/1192/1046
f 1154/1192/1046 1153/1005/1045 1155/1327/1047 1156/1193/1048
f 1144/1199/1030 1143/1012/1029 1157/1328/1049 1158/1200/1050
f 973/1202/1051 974/1276/1052 976/1020/1053 975/1397/1054
f 975/1164/1054 976/1410/1053 978/1268/1055 977/1208/1056
f 1152/1009/1044 1151/1188/1043 1159/1330/1057 1160/1336/1058
f 1098/1001/803 1142/1008/1028 1146/1002/1032 1099/1006/804
f 1149/1003/1041 1100/1010/805 1101/1004/806 1153/1005/1045
f 1153/1005/1045 1101/1004/806 1106/1332/811 1155/1327/1047
f 1099/1006/804 1146/1002/1032 1148/1334/1034 1107/1286/812
f 1098/1001/803 1126/1007/831 1143/1012/1029 1142/1008/1028
f 1149/1003/1041 1152/1009/1044 1127/1011/832 1100/1010/805
f 1152/1009/1044 1160/1336/1058 1132/1308/837 1127/1011/832
f 1126/1007/831 1134/1338/839 1157/1328/1049 1143/1012/1029
f 883/1272/1012 965/1263/1035 923/1015/963 921/1013/961
f 965/1263/1035 967/1411/1038 925/1016/965 923/1015/963
f 967/1014/1038 969/1270/1040 927/1017/967 925/1412/965
f 969/1270/1040 884/1226/1013 929/988/944 927/1017/967
f 896/1252/1025 952/999/994 954/1018/996 974/1276/1052
f 974/1276/1052 954/1018/996 956/1409/998 976/1020/1053
f 976/1410/1053 956/1019/998 958/1021/1000 978/1268/1055
f 978/1268/1055 958/1021/1000 960/1022/971 897/1274/1026
f 980/1045/1059 981/1392/1060 983/1391/1061 982/1024/1062
f 981/1392/1060 980/1045/1059 1010/1175/1063 1011/1378/1064
f 982/1024/1062 983/1391/1061 985/1390/1065 984/1026/1066
f 984/1026/1066 985/1390/1065 987/1389/1067 986/1028/1068
f 986/1028/1068 987/1389/1067 989/1388/1069 988/1030/1070
f 988/1030/1070 989/1388/1069 991/1387/1071 990/1032/1072
f 990/1032/1072 991/1387/1071 993/1386/1073 992/1034/1074
f 992/1034/1074 993/1386/1073 995/1385/1075 994/1036/1076
f 994/1036/1076 995/1385/1075 997/1384/1077 996/1038/1078
f 996/1038/1078 997/1384/1077 999/1383/1079 998/1040/1080
f 998/1040/1080 999/1383/1079 1001/1382/1081 1000/1042/1082
f 1000/1042/1082 1001/1382/1081 1003/1381/1083 1002/1044/1084
f 1002/1044/1084 1003/1381/1083 1005/1380/1085 1004/1169/1086
f 1004/1169/1086 1005/1380/1085 1007/1379/1087 1006/1395/1088
f 1006/1171/1088 1007/1407/1087 1009/1377/1089 1008/1173/1090
f 1008/1173/1090 1009/1377/1089 1011/1378/1064 1010/1175/1063
f 1012/1047/1091 1013/1376/1092 1043/1361/1093 1042/1068/1094
f 1013/1376/1092 1012/1047/1091 1014/1049/1095 1015/1375/1096
f 1015/1375/1096 1014/1049/1095 1016/1051/1097 1017/1374/1098
f 1017/1374/1098 1016/1051/1097 1018/1053/1099 1019/1373/1100
f 1019/1373/1100 1018/1053/1099 1020/1055/1101 1021/1372/1102
f 1021/1372/1102 1020/1055/1101 1022/1057/1103 1023/1371/1104
f 1023/1371/1104 1022/1057/1103 1024/1059/1105 1025/1370/1106
f 1025/1370/1106 1024/1059/1105 1026/1061/1107 1027/1369/1108
f 1027/1369/1108 1026/1061/1107 1028/1063/1109 1029/1368/1110
f 1029/1368/1110 1028/1063/1109 1030/1065/1111 1031/1367/1112
f 1031/1367/1112 1030/1065/1111 1032/1066/1113 1033/1366/1114
f 1033/1366/1114 1032/1066/1113 1034/1179/1115 1035/1365/1116
f 1035/1365/1116 1034/1179/1115 1036/1181/1117 1037/1364/1118
f 1037/1364/1118 1036/1181/1117 1038/1183/1119 1039/1403/1120
f 1039/1363/1120 1038/1394/1119 1040/1184/1121 1041/1362/1122
f 1041/1362/1122 1040/1184/1121 1042/1068/1094 1043/1361/1093
f 825/1023/890 980/1045/1059 982/1024/1062 824/1025/889
f 824/1025/889 982/1024/1062 984/1026/1066 823/1027/888
f 823/1027/888 984/1026/1066 986/1028/1068 822/1029/887
f 821/1031/885 822/1029/887 986/1028/1068 988/1030/1070
f 821/1031/885 988/1030/1070 990/1032/1072 820/1033/886
f 832/1035/897 820/1033/886 990/1032/1072 992/1034/1074
f 832/1035/897 992/1034/1074 994/1036/1076 831/1037/896
f 831/1037/896 994/1036/1076 996/1038/1078 830/1039/895
f 830/1039/895 996/1038/1078 998/1040/1080 829/1041/894
f 829/1041/894 998/1040/1080 1000/1042/1082 828/1043/892
f 828/1043/892 1000/1042/1082 1002/1044/1084 827/1142/893
f 826/1176/891 1010/1175/1063 980/1045/1059 825/1023/890
f 864/1067/929 863/1046/928 1014/1049/1095 1012/1047/1091
f 863/1046/928 862/1048/927 1016/1051/1097 1014/1049/1095
f 862/1048/927 861/1050/926 1018/1053/1099 1016/1051/1097
f 860/1052/925 1020/1055/1101 1018/1053/1099 861/1050/926
f 860/1052/925 859/1054/924 1022/1057/1103 1020/1055/1101
f 871/1056/936 1024/1059/1105 1022/1057/1103 859/1054/924
f 871/1056/936 870/1058/935 1026/1061/1107 1024/1059/1105
f 870/1058/935 869/1060/934 1028/1063/1109 1026/1061/1107
f 869/1060/934 868/1062/933 1030/1065/1111 1028/1063/1109
f 868/1062/933 867/1064/932 1032/1066/1113 1030/1065/1111
f 867/1064/932 866/1177/931 1034/1179/1115 1032/1066/1113
f 865/1153/930 864/1067/929 1012/1047/1091 1042/1068/1094
f 983/1071/1061 981/1069/1060 901/1100/941 898/1070/937
f 985/1073/1065 983/1071/1061 898/1070/937 902/1072/940
f 987/1075/1067 985/1073/1065 902/1072/940 904/1074/946
f 989/1077/1069 987/1075/1067 904/1074/946 906/1076/948
f 991/1079/1071 989/1077/1069 906/1076/948 908/1078/950
f 993/1081/1073 991/1079/1071 908/1078/950 910/1080/952
f 995/1083/1075 993/1081/1073 910/1080/952 912/1082/954
f 997/1085/1077 995/1083/1075 912/1082/954 914/1084/956
f 999/1087/1079 997/1085/1077 914/1084/956 916/1086/958
f 1001/1089/1081 999/1087/1079 916/1086/958 918/1088/960
f 1003/1091/1083 1001/1089/1081 918/1088/960 920/1090/962
f 1005/1093/1085 1003/1091/1083 920/1090/962 922/1092/964
f 1007/1095/1087 1005/1093/1085 922/1092/964 924/1406/966
f 1009/1097/1089 1007/1408/1087 924/1094/966 926/1096/968
f 1011/1099/1064 1009/1097/1089 926/1096/968 928/1098/943
f 981/1069/1060 1011/1099/1064 928/1098/943 901/1100/941
f 1013/1131/1092 1015/1101/1096 933/1104/973 930/1102/969
f 1015/1101/1096 1017/1103/1098 935/1106/975 933/1104/973
f 1017/1103/1098 1019/1105/1100 937/1108/977 935/1106/975
f 1019/1105/1100 1021/1107/1102 939/1110/979 937/1108/977
f 1021/1107/1102 1023/1109/1104 941/1112/981 939/1110/979
f 1023/1109/1104 1025/1111/1106 943/1114/983 941/1112/981
f 1025/1111/1106 1027/1113/1108 945/1116/985 943/1114/983
f 1027/1113/1108 1029/1115/1110 947/1118/987 945/1116/985
f 1029/1115/1110 1031/1117/1112 949/1120/989 947/1118/987
f 1031/1117/1112 1033/1119/1114 951/1122/991 949/1120/989
f 1033/1119/1114 1035/1121/1116 953/1124/993 951/1122/991
f 1035/1121/1116 1037/1123/1118 955/1126/995 953/1124/993
f 1037/1123/1118 1039/1404/1120 957/1128/997 955/1126/995
f 1039/1125/1120 1041/1127/1122 959/1130/999 957/1405/997
f 1041/1127/1122 1043/1129/1093 961/1132/972 959/1130/999
f 1043/1129/1093 1013/1131/1092 930/1102/969 961/1132/972
f 1044/1134/1123 1045/1360/1124 1063/1351/1125 1062/1145/1126
f 1045/1360/1124 1044/1134/1123 1046/1140/1127 1047/1359/1128
f 1047/1359/1128 1046/1140/1127 1048/1143/1129 1049/1358/1130
f 1049/1358/1130 1048/1143/1129 1057/1170/1131 1056/1354/1132
f 1050/1146/1133 1051/1357/1134 1053/1356/1135 1052/1135/1136
f 1051/1357/1134 1050/1146/1133 1066/1148/1137 1067/1349/1138
f 1052/1135/1136 1053/1356/1135 1055/1355/1139 1054/1137/1140
f 1054/1137/1140 1055/1355/1139 1058/1352/1141 1059/1174/1142
f 1056/1354/1132 1057/1170/1131 1061/1172/1143 1060/1400/1144
f 1059/1174/1142 1058/1352/1141 1060/1353/1144 1061/1396/1143
f 1062/1145/1126 1063/1351/1125 1065/1350/1145 1064/1151/1146
f 1064/1151/1146 1065/1350/1145 1070/1347/1147 1071/1178/1148
f 1067/1349/1138 1066/1148/1137 1068/1152/1149 1069/1348/1150
f 1069/1348/1150 1068/1152/1149 1073/1182/1151 1072/1346/1152
f 1071/1178/1148 1070/1347/1147 1074/1345/1153 1075/1393/1154
f 1072/1346/1152 1073/1182/1151 1075/1180/1154 1074/1398/1153
f 802/1144/869 792/1133/868 1046/1140/1127 1044/1134/1123
f 1050/1146/1133 1052/1135/1136 793/1138/871 803/1136/870
f 1052/1135/1136 1054/1137/1140 811/1141/876 793/1138/871
f 792/1133/868 812/1139/878 1048/1143/1129 1046/1140/1127
f 1054/1137/1140 1059/1174/1142 826/1176/891 811/1141/876
f 812/1139/878 827/1142/893 1057/1170/1131 1048/1143/1129
f 802/1144/869 1044/1134/1123 1062/1145/1126 838/1150/909
f 1050/1146/1133 803/1136/870 839/1147/910 1066/1148/1137
f 1066/1148/1137 839/1147/910 850/1149/915 1068/1152/1149
f 838/1150/909 1062/1145/1126 1064/1151/1146 851/1154/916
f 1068/1152/1149 850/1149/915 865/1153/930 1073/1182/1151
f 851/1154/916 1064/1151/1146 1071/1178/1148 866/1177/931
f 1045/1162/1124 1047/1155/1128 963/1161/1155 962/1156/1156
f 1056/1190/1132 1060/1401/1144 966/1159/1037 964/1191/1036
f 1060/1157/1144 1058/1158/1141 968/1195/1039 966/1402/1037
f 1053/1196/1135 1051/1160/1134 970/1167/1157 971/1197/1158
f 1055/1194/1139 1053/1196/1135 971/1197/1158 1222/1198/1159 1221/1341/1160
f 1047/1155/1128 1049/1189/1130 1217/1340/1161 1216/1339/1162 963/1161/1155
f 1058/1158/1141 1055/1194/1139 1221/1341/1160 1220/1264/1163 968/1195/1039
f 1049/1189/1130 1056/1190/1132 964/1191/1036 1218/1210/1164 1217/1340/1161
f 1063/1203/1125 1045/1162/1124 962/1156/1156 972/1204/1165
f 1074/1165/1153 1070/1163/1147 973/1202/1051 975/1397/1054
f 1072/1207/1152 1074/1399/1153 975/1164/1054 977/1208/1056
f 1051/1160/1134 1067/1166/1138 979/1168/1166 970/1167/1157
f 1067/1166/1138 1069/1206/1150 1235/1344/1167 1234/1343/1168 979/1168/1166
f 1065/1201/1145 1063/1203/1125 972/1204/1165 1228/1205/1169 1227/1342/1170
f 1069/1206/1150 1072/1207/1152 977/1208/1056 1236/1214/1171 1235/1344/1167
f 1070/1163/1147 1065/1201/1145 1227/1342/1170 1226/1266/1172 973/1202/1051
f 827/1142/893 1002/1044/1084 1004/1169/1086 1057/1170/1131
f 1057/1170/1131 1004/1169/1086 1006/1395/1088 1061/1172/1143
f 1061/1396/1143 1006/1171/1088 1008/1173/1090 1059/1174/1142
f 1059/1174/1142 1008/1173/1090 1010/1175/1063 826/1176/891
f 866/1177/931 1071/1178/1148 1036/1181/1117 1034/1179/1115
f 1071/1178/1148 1075/1393/1154 1038/1183/1119 1036/1181/1117
f 1075/1180/1154 1073/1182/1151 1040/1184/1121 1038/1394/1119
f 1073/1182/1151 865/1153/930 1042/1068/1094 1040/1184/1121
f 972/1204/1165 962/1156/1156 1141/1185/1027 1144/1199/1030
f 962/1156/1156 963/1161/1155 1145/1186/1031 1141/1185/1027
f 963/1161/1155 1216/1339/1162 1215/1209/1173 1147/1326/1033 1145/1186/1031
f 970/1167/1157 979/1168/1166 1151/1188/1043 1150/1187/1042
f 971/1197/1158 970/1167/1157 1150/1187/1042 1154/1192/1046
f 979/1168/1166 1234/1343/1168 1233/1213/1174 1159/1330/1057 1151/1188/1043
f 1219/1211/1175 1222/1198/1159 971/1197/1158 1154/1192/1046 1156/1193/1048
f 1225/1212/1176 1228/1205/1169 972/1204/1165 1144/1199/1030 1158/1200/1050
f 1161/1219/1177 1162/1299/1178 1186/1297/1179 1185/1217/1180
f 1162/1299/1178 1161/1219/1177 1163/1221/1181 1164/1277/1182
f 1164/1277/1182 1163/1221/1181 1165/1223/1183 1166/1279/1184
f 1166/1279/1184 1165/1223/1183 1167/1225/1185 1168/1281/1186
f 1168/1281/1186 1167/1225/1185 1169/1269/1187 1170/1283/1188
f 1170/1283/1188 1169/1269/1187 1223/1265/1189 1224/1331/1190
f 1171/1227/1191 1172/1333/1192 1214/1325/1193 1213/1271/1194
f 1172/1333/1192 1171/1227/1191 1173/1229/1195 1174/1285/1196
f 1174/1285/1196 1173/1229/1195 1175/1231/1197 1176/1287/1198
f 1176/1287/1198 1175/1231/1197 1177/1233/1199 1178/1289/1200
f 1178/1289/1200 1177/1233/1199 1179/1235/1201 1180/1291/1202
f 1180/1291/1202 1179/1235/1201 1181/1237/1203 1182/1293/1204
f 1182/1293/1204 1181/1237/1203 1183/1215/1205 1184/1295/1206
f 1184/1295/1206 1183/1215/1205 1185/1217/1180 1186/1297/1179
f 1187/1243/1207 1188/1303/1208 1192/1305/1209 1191/1245/1210
f 1188/1303/1208 1187/1243/1207 1189/1241/1211 1190/1301/1212
f 1190/1301/1212 1189/1241/1211 1211/1239/1213 1212/1323/1214
f 1191/1245/1210 1192/1305/1209 1194/1307/1215 1193/1247/1216
f 1193/1247/1216 1194/1307/1215 1196/1335/1217 1195/1249/1218
f 1195/1249/1218 1196/1335/1217 1232/1329/1219 1231/1273/1220
f 1197/1275/1221 1198/1309/1222 1200/1311/1223 1199/1251/1224
f 1198/1309/1222 1197/1275/1221 1229/1267/1225 1230/1337/1226
f 1199/1251/1224 1200/1311/1223 1202/1313/1227 1201/1253/1228
f 1201/1253/1228 1202/1313/1227 1204/1315/1229 1203/1255/1230
f 1203/1255/1230 1204/1315/1229 1206/1317/1231 1205/1257/1232
f 1205/1257/1232 1206/1317/1231 1208/1319/1233 1207/1259/1234
f 1207/1259/1234 1208/1319/1233 1210/1321/1235 1209/1261/1236
f 1209/1261/1236 1210/1321/1235 1212/1323/1214 1211/1239/1213
f 1213/1271/1194 1214/1325/1193 1215/1209/1173 1218/1210/1164
f 1220/1264/1163 1219/1211/1175 1224/1331/1190 1223/1265/1189
f 1226/1266/1172 1225/1212/1176 1230/1337/1226 1229/1267/1225
f 1231/1273/1220 1232/1329/1219 1233/1213/1174 1236/1214/1171
f 1185/1217/1180 1183/1215/1205 877/1238/1006 876/1216/1005
f 1185/1217/1180 876/1216/1005 875/1218/1004 1161/1219/1177
f 1163/1221/1181 1161/1219/1177 875/1218/1004 874/1220/1003
f 1165/1223/1183 1163/1221/1181 874/1220/1003 872/1222/1002
f 1167/1225/1185 1165/1223/1183 872/1222/1002 873/1224/1001
f 1169/1269/1187 1167/1225/1185 873/1224/1001 884/1226/1013
f 1173/1229/1195 1171/1227/1191 883/1272/1012 882/1228/1011
f 1175/1231/1197 1173/1229/1195 882/1228/1011 881/1230/1010
f 1177/1233/1199 1175/1231/1197 881/1230/1010 880/1232/1009
f 1179/1235/1201 1177/1233/1199 880/1232/1009 879/1234/1008
f 1181/1237/1203 1179/1235/1201 879/1234/1008 878/1236/1007
f 1183/1215/1205 1181/1237/1203 878/1236/1007 877/1238/1006
f 1211/1239/1213 889/1242/1018 890/1240/1019 1209/1261/1236
f 1211/1239/1213 1189/1241/1211 888/1244/1017 889/1242/1018
f 1187/1243/1207 887/1246/1016 888/1244/1017 1189/1241/1211
f 1191/1245/1210 886/1248/1015 887/1246/1016 1187/1243/1207
f 1193/1247/1216 885/1250/1014 886/1248/1015 1191/1245/1210
f 1195/1249/1218 897/1274/1026 885/1250/1014 1193/1247/1216
f 1199/1251/1224 895/1254/1024 896/1252/1025 1197/1275/1221
f 1201/1253/1228 894/1256/1023 895/1254/1024 1199/1251/1224
f 1203/1255/1230 893/1258/1022 894/1256/1023 1201/1253/1228
f 1205/1257/1232 892/1260/1021 893/1258/1022 1203/1255/1230
f 1207/1259/1234 891/1262/1020 892/1260/1021 1205/1257/1232
f 1209/1261/1236 890/1240/1019 891/1262/1020 1207/1259/1234
f 964/1191/1036 965/1263/1035 1213/1271/1194 1218/1210/1164
f 969/1270/1040 968/1195/1039 1220/1264/1163 1223/1265/1189
f 974/1276/1052 973/1202/1051 1226/1266/1172 1229/1267/1225
f 977/1208/1056 978/1268/1055 1231/1273/1220 1236/1214/1171
f 1223/1265/1189 1169/1269/1187 884/1226/1013 969/1270/1040
f 1171/1227/1191 1213/1271/1194 965/1263/1035 883/1272/1012
f 1231/1273/1220 978/1268/1055 897/1274/1026 1195/1249/1218
f 1197/1275/1221 896/1252/1025 974/1276/1052 1229/1267/1225
f 1162/1299/1178 1164/1277/1182 1103/1280/808 1102/1278/807
f 1164/1277/1182 1166/1279/1184 1104/1282/809 1103/1280/808
f 1166/1279/1184 1168/1281/1186 1105/1284/810 1104/1282/809
f 1168/1281/1186 1170/1283/1188 1106/1332/811 1105/1284/810
f 1172/1333/1192 1174/1285/1196 1108/1288/813 1107/1286/812
f 1174/1285/1196 1176/1287/1198 1109/1290/814 1108/1288/813
f 1176/1287/1198 1178/1289/1200 1110/1292/815 1109/1290/814
f 1178/1289/1200 1180/1291/1202 1111/1294/816 1110/1292/815
f 1180/1291/1202 1182/1293/1204 1112/1296/817 1111/1294/816
f 1182/1293/1204 1184/1295/1206 1113/1298/818 1112/1296/817
f 1184/1295/1206 1186/1297/1179 1114/1300/819 1113/1298/818
f 1186/1297/1179 1162/1299/1178 1102/1278/807 1114/1300/819
f 1188/1303/1208 1190/1301/1212 1129/1324/834 1128/1302/833
f 1192/1305/1209 1188/1303/1208 1128/1302/833 1130/1304/835
f 1194/1307/1215 1192/1305/1209 1130/1304/835 1131/1306/836
f 1196/1335/1217 1194/1307/1215 1131/1306/836 1132/1308/837
f 1200/1311/1223 1198/1309/1222 1134/1338/839 1133/1310/838
f 1202/1313/1227 1200/1311/1223 1133/1310/838 1135/1312/840
f 1204/1315/1229 1202/1313/1227 1135/1312/840 1136/1314/841
f 1206/1317/1231 1204/1315/1229 1136/1314/841 1137/1316/842
f 1208/1319/1233 1206/1317/1231 1137/1316/842 1138/1318/843
f 1210/1321/1235 1208/1319/1233 1138/1318/843 1139/1320/844
f 1212/1323/1214 1210/1321/1235 1139/1320/844 1140/1322/845
f 1190/1301/1212 1212/1323/1214 1140/1322/845 1129/1324/834
f 1215/1209/1173 1214/1325/1193 1148/1334/1034 1147/1326/1033
f 1224/1331/1190 1219/1211/1175 1156/1193/1048 1155/1327/1047
f 1230/1337/1226 1225/1212/1176 1158/1200/1050 1157/1328/1049
f 1233/1213/1174 1232/1329/1219 1160/1336/1058 1159/1330/1057
f 1170/1283/1188 1224/1331/1190 1155/1327/1047 1106/1332/811
f 1214/1325/1193 1172/1333/1192 1107/1286/812 1148/1334/1034
f 1232/1329/1219 1196/1335/1217 1132/1308/837 1160/1336/1058
f 1198/1309/1222 1230/1337/1226 1157/1328/1049 1134/1338/839
f 1215/1209/1173 1216/1339/1162 1217/1340/1161 1218/1210/1164
f 1219/1211/1175 1220/1264/1163 1221/1341/1160 1222/1198/1159
f 1225/1212/1176 1226/1266/1172 1227/1342/1170 1228/1205/1169
f 1233/1213/1174 1234/1343/1168 1235/1344/1167 1236/1214/1171
g default
v -0.216045 0.197570 0.374306
v -0.208126 0.237093 0.382636
v -0.182881 0.266038 0.397434
v -0.147073 0.276650 0.414735
v -0.110297 0.266084 0.429904
v -0.080859 0.237173 0.435630
v -0.069329 0.197662 0.436000
v -0.077248 0.158140 0.427670
v -0.102807 0.129194 0.414030
v -0.139850 0.118583 0.398815
v -0.176626 0.129148 0.383647
v -0.204515 0.158059 0.374676
v -0.219658 0.196347 0.384807
v -0.211837 0.235378 0.393033
v -0.186906 0.263963 0.407648
v -0.151544 0.274442 0.424734
v -0.115226 0.264008 0.439713
v -0.086135 0.235457 0.445327
v -0.074749 0.196438 0.445693
v -0.082569 0.157408 0.437466
v -0.107814 0.128823 0.424011
v -0.144411 0.118344 0.409012
v -0.180729 0.128777 0.394032
v -0.208271 0.157329 0.385172
v -0.223312 0.195084 0.395692
v -0.215602 0.233564 0.403802
v -0.191023 0.261745 0.418210
v -0.156160 0.272077 0.435055
v -0.120354 0.261790 0.449823
v -0.091652 0.233642 0.455312
v -0.080426 0.195174 0.455673
v -0.088136 0.156694 0.447562
v -0.113029 0.128513 0.434313
v -0.149128 0.118181 0.419555
v -0.184933 0.128467 0.404787
v -0.212087 0.156616 0.396053
v -0.230167 0.195099 0.394610
v -0.221808 0.236818 0.403404
v -0.195159 0.267371 0.419024
v -0.157362 0.278572 0.437287
v -0.118542 0.267420 0.453299
v -0.087555 0.236902 0.459522
v -0.075384 0.195196 0.459913
v -0.083743 0.153477 0.451120
v -0.110705 0.122923 0.436658
v -0.149738 0.111722 0.420482
v -0.188557 0.122874 0.404470
v -0.217996 0.153392 0.395001
v -0.230896 0.196334 0.381437
v -0.221913 0.241072 0.390870
v -0.193334 0.273834 0.407621
v -0.152804 0.285859 0.427209
v -0.111162 0.273922 0.444394
v -0.078007 0.241199 0.451327
v -0.064918 0.196438 0.451766
v -0.073877 0.151637 0.442336
v -0.102807 0.118822 0.426721
v -0.144634 0.106809 0.409193
v -0.186300 0.118810 0.392004
v -0.217868 0.151585 0.381848
v -0.228854 0.197562 0.368575
v -0.219538 0.244060 0.378376
v -0.189837 0.278113 0.395786
v -0.147710 0.290597 0.416140
v -0.104444 0.278167 0.433985
v -0.070085 0.244154 0.441294
v -0.056520 0.197671 0.441730
v -0.065836 0.151173 0.431929
v -0.095851 0.117120 0.415678
v -0.139213 0.104636 0.397410
v -0.182478 0.117066 0.379565
v -0.215289 0.151079 0.369011
vt 0.252653 0.208589
vt 0.242882 0.211166
vt 0.177237 0.272080
vt 0.169426 0.268694
vt 0.259826 0.201472
vt 0.164369 0.261844
vt 0.262481 0.191723
vt 0.163384 0.253386
vt 0.259905 0.181952
vt 0.166739 0.245547
vt 0.252676 0.174717
vt 0.173742 0.240466
vt 0.242927 0.172069
vt 0.182219 0.239479
vt 0.233157 0.174648
vt 0.190043 0.242891
vt 0.226020 0.181729
vt 0.195012 0.249748
vt 0.223437 0.191568
vt 0.195860 0.258266
vt 0.226014 0.201339
vt 0.192484 0.266050
vt 0.233132 0.208512
vt 0.185678 0.271110
vt 0.176944 0.274130
vt 0.168143 0.270322
vt 0.162450 0.262615
vt 0.161320 0.253107
vt 0.165054 0.244354
vt 0.172909 0.238578
vt 0.182527 0.237441
vt 0.191421 0.241254
vt 0.196975 0.249113
vt 0.197836 0.258655
vt 0.194101 0.267340
vt 0.186450 0.273033
vt 0.176708 0.275427
vt 0.167297 0.271356
vt 0.161218 0.263118
vt 0.159997 0.252961
vt 0.163998 0.243625
vt 0.172353 0.237408
vt 0.182663 0.236204
vt 0.192191 0.240288
vt 0.198143 0.248707
vt 0.199053 0.258897
vt 0.195058 0.268174
vt 0.186873 0.274257
vt 0.176388 0.277986
vt 0.165728 0.273403
vt 0.158775 0.264087
vt 0.157444 0.252544
vt 0.162102 0.241931
vt 0.171519 0.234925
vt 0.183098 0.233657
vt 0.193782 0.238295
vt 0.200537 0.247685
vt 0.201618 0.259197
vt 0.197122 0.269741
vt 0.187881 0.276637
vt 0.242868 0.214611
vt 0.254363 0.211579
vt 0.262803 0.203207
vt 0.265926 0.191736
vt 0.262895 0.180242
vt 0.254413 0.171742
vt 0.242940 0.168624
vt 0.231445 0.171659
vt 0.223041 0.179998
vt 0.219992 0.191555
vt 0.223024 0.203050
vt 0.231398 0.211489
vt 0.188940 0.279042
vt 0.176093 0.280592
vt 0.199245 0.271300
vt 0.204229 0.259477
vt 0.202966 0.246634
vt 0.195398 0.236281
vt 0.183570 0.231064
vt 0.170731 0.232388
vt 0.160188 0.240171
vt 0.154862 0.252082
vt 0.156274 0.265074
vt 0.164153 0.275496
vt 0.184930 0.269259
vt 0.177518 0.270103
vt 0.190925 0.264816
vt 0.193938 0.257911
vt 0.193134 0.250384
vt 0.188733 0.244469
vt 0.181922 0.241451
vt 0.174531 0.242286
vt 0.168355 0.246725
vt 0.165366 0.253640
vt 0.166215 0.261096
vt 0.170660 0.267122
vn 0.759110 -0.154044 -0.632474
vn 0.847207 -0.484209 0.218591
vn 0.946370 0.010723 0.322908
vn 0.809087 0.095373 -0.579899
vn 0.599790 -0.336720 -0.725859
vn 0.531066 -0.846677 0.033272
vn 0.373811 -0.403688 -0.835046
vn 0.082657 -0.979560 -0.183386
vn 0.108228 -0.319732 -0.941307
vn -0.384049 -0.843326 -0.375909
vn -0.050732 -0.120760 -0.991385
vn -0.729941 -0.480529 -0.486084
vn -0.107054 0.094792 -0.989724
vn -0.871498 0.009562 -0.490305
vn -0.061425 0.332635 -0.941053
vn -0.773431 0.502293 -0.386660
vn 0.077135 0.507249 -0.858341
vn -0.455473 0.867413 -0.200346
vn 0.306058 0.596979 -0.741582
vn -0.007153 0.999843 0.016228
vn 0.560315 0.527178 -0.638851
vn 0.452742 0.867535 0.205931
vn 0.736321 0.344719 -0.582237
vn 0.801987 0.505491 0.318271
vn 0.541747 -0.492239 0.681331
vn 0.634989 -0.047999 0.771029
vn 0.257847 -0.816910 0.515919
vn -0.142284 -0.937323 0.318090
vn -0.538906 -0.827428 0.157935
vn -0.857538 -0.514082 0.018676
vn -0.998810 -0.046447 0.014855
vn -0.905538 0.411790 0.102126
vn -0.598658 0.750216 0.280686
vn -0.197985 0.851296 0.485897
vn 0.201757 0.730851 0.652036
vn 0.511513 0.399529 0.760744
vn -0.856082 0.264882 0.443802
vn -0.925463 -0.079353 0.370435
vn -0.636148 0.516927 0.572802
vn -0.324120 0.609892 0.723172
vn 0.013194 0.499696 0.866100
vn 0.262123 0.248529 0.932483
vn 0.344114 -0.078304 0.935657
vn 0.281699 -0.417951 0.863692
vn 0.072655 -0.670007 0.738791
vn -0.249506 -0.766827 0.591374
vn -0.581886 -0.677762 0.449496
vn -0.825383 -0.424336 0.372401
vn -0.903540 0.427302 0.032066
vn -0.997267 -0.038270 -0.063200
vn -0.606220 0.768188 0.205875
vn -0.185439 0.892404 0.411373
vn 0.256071 0.757148 0.600962
vn 0.579483 0.414871 0.701486
vn 0.702842 -0.038463 0.710306
vn 0.611390 -0.497367 0.615490
vn 0.319834 -0.836606 0.444743
vn -0.101720 -0.964969 0.241845
vn -0.536334 -0.842170 0.055643
vn -0.862580 -0.502983 -0.054447
vn -0.462720 0.475948 -0.747906
vn -0.547880 0.057418 -0.834584
vn -0.195348 0.782252 -0.591541
vn 0.183013 0.894858 -0.407105
vn 0.559313 0.796151 -0.230895
vn 0.857397 0.486965 -0.166541
vn 0.988764 0.057449 -0.138006
vn 0.901930 -0.364544 -0.231582
vn 0.621451 -0.677246 -0.393873
vn 0.240501 -0.789960 -0.564024
vn -0.133806 -0.669793 -0.730393
vn -0.427744 -0.361911 -0.828285
s 1
g head eye_frame_right
usemtl head_plateSG
f 1238/1508/1237 1250/1416/1238 1249/1415/1239 1237/1498/1240
f 1239/1507/1241 1251/1418/1242 1250/1416/1238 1238/1508/1237
f 1240/1506/1243 1252/1420/1244 1251/1418/1242 1239/1507/1241
f 1241/1505/1245 1253/1422/1246 1252/1420/1244 1240/1506/1243
f 1242/1504/1247 1254/1424/1248 1253/1422/1246 1241/1505/1245
f 1243/1503/1249 1255/1426/1250 1254/1424/1248 1242/1504/1247
f 1244/1502/1251 1256/1428/1252 1255/1426/1250 1243/1503/1249
f 1245/1501/1253 1257/1430/1254 1256/1428/1252 1244/1502/1251
f 1246/1500/1255 1258/1432/1256 1257/1430/1254 1245/1501/1253
f 1247/1499/1257 1259/1434/1258 1258/1432/1256 1246/1500/1255
f 1248/1497/1259 1260/1436/1260 1259/1434/1258 1247/1499/1257
f 1237/1498/1240 1249/1415/1239 1260/1436/1260 1248/1497/1259
f 1250/1416/1238 1262/1438/1261 1261/1437/1262 1249/1415/1239
f 1251/1418/1242 1263/1439/1263 1262/1438/1261 1250/1416/1238
f 1252/1420/1244 1264/1440/1264 1263/1439/1263 1251/1418/1242
f 1253/1422/1246 1265/1441/1265 1264/1440/1264 1252/1420/1244
f 1254/1424/1248 1266/1442/1266 1265/1441/1265 1253/1422/1246
f 1255/1426/1250 1267/1443/1267 1266/1442/1266 1254/1424/1248
f 1256/1428/1252 1268/1444/1268 1267/1443/1267 1255/1426/1250
f 1257/1430/1254 1269/1445/1269 1268/1444/1268 1256/1428/1252
f 1258/1432/1256 1270/1446/1270 1269/1445/1269 1257/1430/1254
f 1259/1434/1258 1271/1447/1271 1270/1446/1270 1258/1432/1256
f 1260/1436/1260 1272/1448/1272 1271/1447/1271 1259/1434/1258
f 1249/1415/1239 1261/1437/1262 1272/1448/1272 1260/1436/1260
f 1262/1438/1261 1274/1450/1273 1273/1449/1274 1261/1437/1262
f 1263/1439/1263 1275/1451/1275 1274/1450/1273 1262/1438/1261
f 1264/1440/1264 1276/1452/1276 1275/1451/1275 1263/1439/1263
f 1265/1441/1265 1277/1453/1277 1276/1452/1276 1264/1440/1264
f 1266/1442/1266 1278/1454/1278 1277/1453/1277 1265/1441/1265
f 1267/1443/1267 1279/1455/1279 1278/1454/1278 1266/1442/1266
f 1268/1444/1268 1280/1456/1280 1279/1455/1279 1267/1443/1267
f 1269/1445/1269 1281/1457/1281 1280/1456/1280 1268/1444/1268
f 1270/1446/1270 1282/1458/1282 1281/1457/1281 1269/1445/1269
f 1271/1447/1271 1283/1459/1283 1282/1458/1282 1270/1446/1270
f 1272/1448/1272 1284/1460/1284 1283/1459/1283 1271/1447/1271
f 1261/1437/1262 1273/1449/1274 1284/1460/1284 1272/1448/1272
f 1274/1450/1273 1286/1462/1285 1285/1461/1286 1273/1449/1274
f 1275/1451/1275 1287/1463/1287 1286/1462/1285 1274/1450/1273
f 1276/1452/1276 1288/1464/1288 1287/1463/1287 1275/1451/1275
f 1277/1453/1277 1289/1465/1289 1288/1464/1288 1276/1452/1276
f 1278/1454/1278 1290/1466/1290 1289/1465/1289 1277/1453/1277
f 1279/1455/1279 1291/1467/1291 1290/1466/1290 1278/1454/1278
f 1280/1456/1280 1292/1468/1292 1291/1467/1291 1279/1455/1279
f 1281/1457/1281 1293/1469/1293 1292/1468/1292 1280/1456/1280
f 1282/1458/1282 1294/1470/1294 1293/1469/1293 1281/1457/1281
f 1283/1459/1283 1295/1471/1295 1294/1470/1294 1282/1458/1282
f 1284/1460/1284 1296/1472/1296 1295/1471/1295 1283/1459/1283
f 1273/1449/1274 1285/1461/1286 1296/1472/1296 1284/1460/1284
f 1286/1462/1285 1298/1496/1297 1297/1486/1298 1285/1461/1286
f 1287/1463/1287 1299/1495/1299 1298/1496/1297 1286/1462/1285
f 1288/1464/1288 1300/1494/1300 1299/1495/1299 1287/1463/1287
f 1289/1465/1289 1301/1493/1301 1300/1494/1300 1288/1464/1288
f 1290/1466/1290 1302/1492/1302 1301/1493/1301 1289/1465/1289
f 1291/1467/1291 1303/1491/1303 1302/1492/1302 1290/1466/1290
f 1292/1468/1292 1304/1490/1304 1303/1491/1303 1291/1467/1291
f 1293/1469/1293 1305/1489/1305 1304/1490/1304 1292/1468/1292
f 1294/1470/1294 1306/1488/1306 1305/1489/1305 1293/1469/1293
f 1295/1471/1295 1307/1487/1307 1306/1488/1306 1294/1470/1294
f 1296/1472/1296 1308/1485/1308 1307/1487/1307 1295/1471/1295
f 1285/1461/1286 1297/1486/1298 1308/1485/1308 1296/1472/1296
f 1298/1474/1297 1238/1413/1237 1237/1414/1240 1297/1473/1298
f 1299/1475/1299 1239/1417/1241 1238/1413/1237 1298/1474/1297
f 1300/1476/1300 1240/1419/1243 1239/1417/1241 1299/1475/1299
f 1301/1477/1301 1241/1421/1245 1240/1419/1243 1300/1476/1300
f 1302/1478/1302 1242/1423/1247 1241/1421/1245 1301/1477/1301
f 1303/1479/1303 1243/1425/1249 1242/1423/1247 1302/1478/1302
f 1304/1480/1304 1244/1427/1251 1243/1425/1249 1303/1479/1303
f 1305/1481/1305 1245/1429/1253 1244/1427/1251 1304/1480/1304
f 1306/1482/1306 1246/1431/1255 1245/1429/1253 1305/1481/1305
f 1307/1483/1307 1247/1433/1257 1246/1431/1255 1306/1482/1306
f 1308/1484/1308 1248/1435/1259 1247/1433/1257 1307/1483/1307
f 1297/1473/1298 1237/1414/1240 1248/1435/1259 1308/1484/1308
g default
v -0.177439 0.194376 0.407585
v -0.175314 0.209896 0.410178
v -0.166220 0.221864 0.415293
v -0.152594 0.227073 0.421562
v -0.138087 0.224128 0.427303
v -0.126586 0.213817 0.430979
v -0.121173 0.198904 0.431605
v -0.123297 0.183385 0.429012
v -0.132391 0.171417 0.423897
v -0.146017 0.166208 0.417628
v -0.160524 0.169153 0.411887
v -0.172025 0.179464 0.408211
v -0.201299 0.192393 0.395642
v -0.197373 0.221069 0.400432
v -0.180570 0.243183 0.409884
v -0.155393 0.252808 0.421467
v -0.128587 0.247366 0.432075
v -0.107336 0.228315 0.438868
v -0.097333 0.200759 0.440024
v -0.101260 0.172083 0.435234
v -0.118063 0.149969 0.425781
v -0.143240 0.140344 0.414199
v -0.170046 0.145786 0.403591
v -0.191297 0.164837 0.396798
v -0.224291 0.189855 0.392405
v -0.218738 0.230409 0.399179
v -0.194975 0.261683 0.412547
v -0.159369 0.275295 0.428927
v -0.121460 0.267598 0.443930
v -0.091406 0.240656 0.453536
v -0.077261 0.201686 0.455171
v -0.082813 0.161132 0.448396
v -0.106576 0.129858 0.435029
v -0.142183 0.116246 0.418648
v -0.180091 0.123943 0.403646
v -0.210145 0.150885 0.394040
v -0.219128 0.190191 0.395831
v -0.213998 0.227659 0.402089
v -0.192044 0.256551 0.414439
v -0.159148 0.269127 0.429573
v -0.124125 0.262017 0.443434
v -0.096359 0.237125 0.452309
v -0.083290 0.201122 0.453819
v -0.088420 0.163654 0.447560
v -0.110374 0.134762 0.435210
v -0.143270 0.122186 0.420077
v -0.178293 0.129296 0.406216
v -0.206059 0.154188 0.397341
v -0.205168 0.191377 0.404894
v -0.201241 0.220053 0.409684
v -0.184438 0.242167 0.419137
v -0.159261 0.251792 0.430719
v -0.132455 0.246350 0.441328
v -0.111204 0.227299 0.448120
v -0.101201 0.199743 0.449276
v -0.105128 0.171067 0.444487
v -0.121931 0.148953 0.435034
v -0.147108 0.139328 0.423451
v -0.173914 0.144770 0.412843
v -0.195165 0.163821 0.406051
v -0.181798 0.193231 0.418013
v -0.179673 0.208751 0.420605
v -0.170579 0.220719 0.425721
v -0.156953 0.225928 0.431989
v -0.142447 0.222983 0.437731
v -0.130945 0.212672 0.441407
v -0.125532 0.197759 0.442033
v -0.127657 0.182240 0.439440
v -0.136751 0.170272 0.434325
v -0.150377 0.165063 0.428056
v -0.164884 0.168008 0.422314
v -0.176385 0.178319 0.418639
v -0.149977 0.196663 0.420455
v -0.154509 0.195473 0.431295
v -0.214872 0.191109 0.388745
v -0.217160 0.190905 0.388075
v -0.209825 0.227971 0.394902
v -0.211948 0.228969 0.394434
v -0.188225 0.256396 0.407053
v -0.189645 0.258321 0.406980
v -0.155862 0.268769 0.421941
v -0.156225 0.271097 0.422354
v -0.121405 0.261773 0.435578
v -0.120645 0.263874 0.436435
v -0.094088 0.237284 0.444309
v -0.092437 0.238586 0.445451
v -0.081230 0.201863 0.445795
v -0.079160 0.202010 0.446986
v -0.086277 0.165002 0.439638
v -0.084372 0.163946 0.440628
v -0.107876 0.136576 0.427487
v -0.106675 0.134594 0.428081
v -0.140240 0.124204 0.412599
v -0.140095 0.121818 0.412707
v -0.174697 0.131199 0.398962
v -0.175675 0.129041 0.398626
v -0.202014 0.155688 0.390231
v -0.203883 0.154329 0.389610
v -0.220518 0.190591 0.387322
v -0.222601 0.190298 0.388361
v -0.215071 0.230374 0.393968
v -0.217048 0.230853 0.395136
v -0.191760 0.261052 0.407081
v -0.193285 0.262126 0.408504
v -0.156831 0.274405 0.423150
v -0.157678 0.275738 0.424884
v -0.119644 0.266855 0.437868
v -0.119770 0.268042 0.439887
v -0.090162 0.240425 0.447290
v -0.089716 0.241100 0.449492
v -0.076285 0.202197 0.448894
v -0.075570 0.202130 0.451128
v -0.081732 0.162414 0.442249
v -0.081123 0.161575 0.444354
v -0.105043 0.131736 0.429135
v -0.104886 0.130302 0.430985
v -0.139972 0.118383 0.413067
v -0.140492 0.116690 0.414606
v -0.177159 0.125933 0.398349
v -0.178401 0.124387 0.399603
v -0.206641 0.152363 0.388927
v -0.208455 0.151329 0.389997
vt 0.050717 0.279616
vt 0.054087 0.279969
vt 0.054869 0.285585
vt 0.048638 0.284932
vt 0.057182 0.278590
vt 0.060592 0.283036
vt 0.059173 0.275848
vt 0.064274 0.277967
vt 0.059526 0.272478
vt 0.064928 0.271735
vt 0.058147 0.269384
vt 0.062378 0.266011
vt 0.055406 0.267393
vt 0.057308 0.262329
vt 0.052036 0.267040
vt 0.051076 0.261676
vt 0.048941 0.268418
vt 0.045352 0.264227
vt 0.046950 0.271160
vt 0.041671 0.269297
vt 0.046597 0.274530
vt 0.041018 0.275528
vt 0.047976 0.277625
vt 0.043568 0.281251
vt 0.048323 0.209328
vt 0.056811 0.209171
vt 0.056506 0.210398
vt 0.048673 0.210543
vt 0.064238 0.213281
vt 0.063361 0.214191
vt 0.068616 0.220553
vt 0.067401 0.220902
vt 0.068771 0.229040
vt 0.067544 0.228735
vt 0.064661 0.236466
vt 0.063751 0.235588
vt 0.057390 0.240842
vt 0.057041 0.239627
vt 0.048905 0.240998
vt 0.049210 0.239771
vt 0.041479 0.236890
vt 0.042356 0.235980
vt 0.037101 0.229620
vt 0.038316 0.229270
vt 0.036944 0.221134
vt 0.038171 0.221438
vt 0.041052 0.213706
vt 0.041962 0.214584
vt 0.055639 0.213682
vt 0.049664 0.213790
vt 0.060871 0.216573
vt 0.063956 0.221694
vt 0.064067 0.227672
vt 0.061173 0.232905
vt 0.056050 0.235992
vt 0.050070 0.236099
vt 0.044838 0.233204
vt 0.041756 0.228081
vt 0.041648 0.222103
vt 0.044543 0.216873
vt 0.054434 0.218968
vt 0.051207 0.219027
vt 0.057257 0.220531
vt 0.058921 0.223295
vt 0.058980 0.226521
vt 0.057418 0.229344
vt 0.054653 0.231007
vt 0.051428 0.231067
vt 0.048604 0.229506
vt 0.046939 0.226741
vt 0.046880 0.223514
vt 0.048441 0.220690
vt 0.053070 0.273571
vt 0.052943 0.224955
vt 0.047418 0.287956
vt 0.047780 0.207432
vt 0.039634 0.212336
vt 0.040899 0.283223
vt 0.055430 0.288797
vt 0.057288 0.207258
vt 0.062790 0.285518
vt 0.065608 0.211862
vt 0.067523 0.278999
vt 0.070512 0.220010
vt 0.068364 0.270987
vt 0.070684 0.229517
vt 0.065085 0.263628
vt 0.066080 0.237836
vt 0.058566 0.258894
vt 0.057934 0.242738
vt 0.050553 0.258054
vt 0.048428 0.242911
vt 0.043194 0.261333
vt 0.040109 0.238309
vt 0.038461 0.267852
vt 0.035205 0.230163
vt 0.037621 0.275864
vt 0.035031 0.220657
vt 0.047949 0.208042
vt 0.048075 0.208473
vt 0.040410 0.213091
vt 0.040085 0.212781
vt 0.057129 0.207871
vt 0.057022 0.208307
vt 0.065164 0.212313
vt 0.064854 0.212638
vt 0.069901 0.220178
vt 0.069470 0.220304
vt 0.070071 0.229358
vt 0.069635 0.229251
vt 0.065628 0.237392
vt 0.065304 0.237081
vt 0.057765 0.242127
vt 0.057639 0.241696
vt 0.048587 0.242298
vt 0.048694 0.241862
vt 0.040553 0.237857
vt 0.040863 0.237533
vt 0.035816 0.229994
vt 0.036247 0.229868
vt 0.035644 0.220816
vt 0.036080 0.220922
vt 0.040503 0.283544
vt 0.037116 0.275944
vt 0.037984 0.267669
vt 0.042873 0.260936
vt 0.050473 0.257550
vt 0.058749 0.258417
vt 0.065482 0.263306
vt 0.068868 0.270907
vt 0.068000 0.279182
vt 0.063111 0.285915
vt 0.055510 0.289301
vt 0.047235 0.288433
vn 0.433033 0.104617 -0.895287
vn 0.440546 0.105172 -0.891548
vn 0.436436 0.073547 -0.896724
vn 0.429465 0.076903 -0.899803
vn 0.417877 0.049180 -0.907172
vn 0.413431 0.055166 -0.908863
vn 0.390080 0.038891 -0.919959
vn 0.388928 0.045321 -0.920153
vn 0.360870 0.045325 -0.931514
vn 0.362438 0.050317 -0.930649
vn 0.338180 0.066375 -0.938738
vn 0.341264 0.069054 -0.937428
vn 0.327827 0.096122 -0.939835
vn 0.331373 0.096424 -0.938560
vn 0.332229 0.126701 -0.934650
vn 0.335506 0.124756 -0.933740
vn 0.350103 0.150307 -0.924573
vn 0.352347 0.146242 -0.924373
vn 0.376910 0.160891 -0.912169
vn 0.377072 0.155219 -0.913085
vn 0.405840 0.155498 -0.900619
vn 0.402990 0.149590 -0.902896
vn 0.429227 0.135200 -0.893021
vn 0.423377 0.131103 -0.896417
vn -0.934150 -0.122598 0.335163
vn -0.538136 -0.112472 0.835320
vn -0.525973 -0.023389 0.850180
vn -0.883260 0.249099 0.397243
vn -0.472845 0.043686 0.880062
vn -0.665462 0.535726 0.519768
vn -0.395366 0.069974 0.915854
vn -0.339125 0.660476 0.669900
vn -0.316123 0.050301 0.947384
vn 0.008329 0.589936 0.807407
vn -0.255817 -0.007623 0.966695
vn 0.283767 0.343004 0.895446
vn -0.228473 -0.087638 0.969598
vn 0.413391 -0.014165 0.910443
vn -0.239768 -0.169888 0.955850
vn 0.362494 -0.385848 0.848363
vn -0.286963 -0.234630 0.928763
vn 0.144720 -0.672474 0.725834
vn -0.359385 -0.265398 0.894654
vn -0.181605 -0.797244 0.575693
vn -0.439499 -0.252524 0.862016
vn -0.529050 -0.726696 0.438199
vn -0.505728 -0.196953 0.839910
vn -0.804502 -0.479763 0.350149
vn -0.511031 -0.110151 0.852475
vn -0.501597 -0.038066 0.864264
vn -0.459303 0.017457 0.888108
vn -0.395994 0.040946 0.917340
vn -0.329413 0.026330 0.943819
vn -0.277620 -0.021648 0.960447
vn -0.253929 -0.089551 0.963069
vn -0.263942 -0.159427 0.951271
vn -0.304783 -0.213378 0.928212
vn -0.366046 -0.237505 0.899779
vn -0.432047 -0.225104 0.873306
vn -0.485306 -0.178694 0.855889
vn -0.468770 -0.107246 0.876786
vn -0.462552 -0.059024 0.884625
vn -0.434638 -0.021213 0.900356
vn -0.391993 -0.004094 0.919959
vn -0.345898 -0.012792 0.938185
vn -0.309060 -0.045381 0.949959
vn -0.291857 -0.092976 0.951932
vn -0.299053 -0.142264 0.943572
vn -0.328348 -0.179654 0.927314
vn -0.371398 -0.195291 0.907703
vn -0.416511 -0.185525 0.890000
vn -0.451965 -0.153353 0.878755
vn 0.383897 0.100717 -0.917867
vn -0.383963 -0.100681 0.917843
vn 0.409542 0.103020 -0.906456
vn 0.404035 0.116780 -0.907258
vn 0.258925 0.008910 -0.965856
vn 0.230415 0.087525 -0.969148
vn 0.241616 0.169333 -0.955483
vn 0.407545 0.088352 -0.908901
vn 0.289527 0.232421 -0.928523
vn 0.398668 0.077497 -0.913815
vn 0.361358 0.259912 -0.895470
vn 0.385975 0.073586 -0.919570
vn 0.437851 0.244415 -0.865187
vn 0.373370 0.077110 -0.924472
vn 0.498469 0.190029 -0.845823
vn 0.364059 0.086463 -0.927354
vn 0.526969 0.111393 -0.842553
vn 0.359949 0.098994 -0.927705
vn 0.515768 0.029597 -0.856217
vn 0.361711 0.111771 -0.925566
vn 0.467850 -0.033495 -0.883173
vn 0.368944 0.121969 -0.921414
vn 0.396030 -0.060959 -0.916212
vn 0.380228 0.127126 -0.916114
vn 0.319555 -0.045437 -0.946478
vn 0.393080 0.125489 -0.910901
vn -0.112714 0.051941 -0.992269
vn -0.026613 -0.185382 -0.982306
vn -0.638203 -0.524147 -0.563886
vn -0.810370 -0.049841 -0.583795
vn -0.742789 0.443741 -0.501357
vn -0.078906 0.298900 -0.951016
vn -0.453558 0.824376 -0.338658
vn 0.065775 0.489343 -0.869607
vn -0.020199 0.990045 -0.139296
vn 0.282595 0.572241 -0.769857
vn 0.441173 0.896378 0.043281
vn 0.513458 0.525367 -0.678491
vn 0.806965 0.568456 0.160204
vn 0.696464 0.361293 -0.620004
vn 0.979126 0.094173 0.180121
vn 0.782602 0.123982 -0.610052
vn 0.911548 -0.399428 0.097663
vn 0.748794 -0.122967 -0.651296
vn 0.622335 -0.780044 -0.065037
vn 0.604084 -0.313410 -0.732705
vn 0.188967 -0.945723 -0.264384
vn 0.387250 -0.396327 -0.832444
vn -0.272422 -0.852054 -0.446979
vn 0.156386 -0.349465 -0.923806
s 1
g head eye_lens_right
usemtl head_plateSG
f 1309/1509/1309 1321/1512/1310 1322/1511/1311 1310/1510/1312
f 1310/1510/1312 1322/1511/1311 1323/1514/1313 1311/1513/1314
f 1311/1513/1314 1323/1514/1313 1324/1516/1315 1312/1515/1316
f 1312/1515/1316 1324/1516/1315 1325/1518/1317 1313/1517/1318
f 1313/1517/1318 1325/1518/1317 1326/1520/1319 1314/1519/1320
f 1314/1519/1320 1326/1520/1319 1327/1522/1321 1315/1521/1322
f 1315/1521/1322 1327/1522/1321 1328/1524/1323 1316/1523/1324
f 1316/1523/1324 1328/1524/1323 1329/1526/1325 1317/1525/1326
f 1317/1525/1326 1329/1526/1325 1330/1528/1327 1318/1527/1328
f 1318/1527/1328 1330/1528/1327 1331/1530/1329 1319/1529/1330
f 1319/1529/1330 1331/1530/1329 1332/1532/1331 1320/1531/1332
f 1320/1531/1332 1332/1532/1331 1321/1512/1310 1309/1509/1309
f 1333/1533/1333 1345/1536/1334 1346/1535/1335 1334/1534/1336
f 1334/1534/1336 1346/1535/1335 1347/1538/1337 1335/1537/1338
f 1335/1537/1338 1347/1538/1337 1348/1540/1339 1336/1539/1340
f 1336/1539/1340 1348/1540/1339 1349/1542/1341 1337/1541/1342
f 1337/1541/1342 1349/1542/1341 1350/1544/1343 1338/1543/1344
f 1338/1543/1344 1350/1544/1343 1351/1546/1345 1339/1545/1346
f 1339/1545/1346 1351/1546/1345 1352/1548/1347 1340/1547/1348
f 1340/1547/1348 1352/1548/1347 1353/1550/1349 1341/1549/1350
f 1341/1549/1350 1353/1550/1349 1354/1552/1351 1342/1551/1352
f 1342/1551/1352 1354/1552/1351 1355/1554/1353 1343/1553/1354
f 1343/1553/1354 1355/1554/1353 1356/1556/1355 1344/1555/1356
f 1344/1555/1356 1356/1556/1355 1345/1536/1334 1333/1533/1333
f 1345/1536/1334 1357/1558/1357 1358/1557/1358 1346/1535/1335
f 1346/1535/1335 1358/1557/1358 1359/1559/1359 1347/1538/1337
f 1347/1538/1337 1359/1559/1359 1360/1560/1360 1348/1540/1339
f 1348/1540/1339 1360/1560/1360 1361/1561/1361 1349/1542/1341
f 1349/1542/1341 1361/1561/1361 1362/1562/1362 1350/1544/1343
f 1350/1544/1343 1362/1562/1362 1363/1563/1363 1351/1546/1345
f 1351/1546/1345 1363/1563/1363 1364/1564/1364 1352/1548/1347
f 1352/1548/1347 1364/1564/1364 1365/1565/1365 1353/1550/1349
f 1353/1550/1349 1365/1565/1365 1366/1566/1366 1354/1552/1351
f 1354/1552/1351 1366/1566/1366 1367/1567/1367 1355/1554/1353
f 1355/1554/1353 1367/1567/1367 1368/1568/1368 1356/1556/1355
f 1356/1556/1355 1368/1568/1368 1357/1558/1357 1345/1536/1334
f 1357/1558/1357 1369/1570/1369 1370/1569/1370 1358/1557/1358
f 1358/1557/1358 1370/1569/1370 1371/1571/1371 1359/1559/1359
f 1359/1559/1359 1371/1571/1371 1372/1572/1372 1360/1560/1360
f 1360/1560/1360 1372/1572/1372 1373/1573/1373 1361/1561/1361
f 1361/1561/1361 1373/1573/1373 1374/1574/1374 1362/1562/1362
f 1362/1562/1362 1374/1574/1374 1375/1575/1375 1363/1563/1363
f 1363/1563/1363 1375/1575/1375 1376/1576/1376 1364/1564/1364
f 1364/1564/1364 1376/1576/1376 1377/1577/1377 1365/1565/1365
f 1365/1565/1365 1377/1577/1377 1378/1578/1378 1366/1566/1366
f 1366/1566/1366 1378/1578/1378 1379/1579/1379 1367/1567/1367
f 1367/1567/1367 1379/1579/1379 1380/1580/1380 1368/1568/1368
f 1368/1568/1368 1380/1580/1380 1369/1570/1369 1357/1558/1357
f 1310/1510/1312 1381/1581/1381 1309/1509/1309
f 1311/1513/1314 1381/1581/1381 1310/1510/1312
f 1312/1515/1316 1381/1581/1381 1311/1513/1314
f 1313/1517/1318 1381/1581/1381 1312/1515/1316
f 1314/1519/1320 1381/1581/1381 1313/1517/1318
f 1315/1521/1322 1381/1581/1381 1314/1519/1320
f 1316/1523/1324 1381/1581/1381 1315/1521/1322
f 1317/1525/1326 1381/1581/1381 1316/1523/1324
f 1318/1527/1328 1381/1581/1381 1317/1525/1326
f 1319/1529/1330 1381/1581/1381 1318/1527/1328
f 1320/1531/1332 1381/1581/1381 1319/1529/1330
f 1309/1509/1309 1381/1581/1381 1320/1531/1332
f 1369/1570/1369 1382/1582/1382 1370/1569/1370
f 1370/1569/1370 1382/1582/1382 1371/1571/1371
f 1371/1571/1371 1382/1582/1382 1372/1572/1372
f 1372/1572/1372 1382/1582/1382 1373/1573/1373
f 1373/1573/1373 1382/1582/1382 1374/1574/1374
f 1374/1574/1374 1382/1582/1382 1375/1575/1375
f 1375/1575/1375 1382/1582/1382 1376/1576/1376
f 1376/1576/1376 1382/1582/1382 1377/1577/1377
f 1377/1577/1377 1382/1582/1382 1378/1578/1378
f 1378/1578/1378 1382/1582/1382 1379/1579/1379
f 1379/1579/1379 1382/1582/1382 1380/1580/1380
f 1380/1580/1380 1382/1582/1382 1369/1570/1369
f 1383/1583/1383 1405/1586/1384 1406/1631/1385 1384/1642/1386
f 1384/1642/1386 1386/1641/1387 1385/1587/1388 1383/1583/1383
f 1386/1641/1387 1388/1640/1389 1387/1589/1390 1385/1587/1388
f 1388/1640/1389 1390/1639/1391 1389/1591/1392 1387/1589/1390
f 1390/1639/1391 1392/1638/1393 1391/1593/1394 1389/1591/1392
f 1392/1638/1393 1394/1637/1395 1393/1595/1396 1391/1593/1394
f 1394/1637/1395 1396/1636/1397 1395/1597/1398 1393/1595/1396
f 1396/1636/1397 1398/1635/1399 1397/1599/1400 1395/1597/1398
f 1398/1635/1399 1400/1634/1401 1399/1601/1402 1397/1599/1400
f 1400/1634/1401 1402/1633/1403 1401/1603/1404 1399/1601/1402
f 1402/1633/1403 1404/1632/1405 1403/1605/1406 1401/1603/1404
f 1404/1632/1405 1406/1631/1385 1405/1586/1384 1403/1605/1406
f 1407/1607/1407 1429/1610/1408 1430/1609/1409 1408/1608/1410
f 1408/1608/1410 1410/1612/1411 1409/1611/1412 1407/1607/1407
f 1410/1612/1411 1412/1614/1413 1411/1613/1414 1409/1611/1412
f 1412/1614/1413 1414/1616/1415 1413/1615/1416 1411/1613/1414
f 1414/1616/1415 1416/1618/1417 1415/1617/1418 1413/1615/1416
f 1416/1618/1417 1418/1620/1419 1417/1619/1420 1415/1617/1418
f 1418/1620/1419 1420/1622/1421 1419/1621/1422 1417/1619/1420
f 1420/1622/1421 1422/1624/1423 1421/1623/1424 1419/1621/1422
f 1422/1624/1423 1424/1626/1425 1423/1625/1426 1421/1623/1424
f 1424/1626/1425 1426/1628/1427 1425/1627/1428 1423/1625/1426
f 1426/1628/1427 1428/1630/1429 1427/1629/1430 1425/1627/1428
f 1428/1630/1429 1430/1609/1409 1429/1610/1408 1427/1629/1430
f 1321/1512/1310 1383/1583/1383 1385/1587/1388 1322/1511/1311
f 1322/1511/1311 1385/1587/1388 1387/1589/1390 1323/1514/1313
f 1323/1514/1313 1387/1589/1390 1389/1591/1392 1324/1516/1315
f 1324/1516/1315 1389/1591/1392 1391/1593/1394 1325/1518/1317
f 1325/1518/1317 1391/1593/1394 1393/1595/1396 1326/1520/1319
f 1326/1520/1319 1393/1595/1396 1395/1597/1398 1327/1522/1321
f 1327/1522/1321 1395/1597/1398 1397/1599/1400 1328/1524/1323
f 1328/1524/1323 1397/1599/1400 1399/1601/1402 1329/1526/1325
f 1329/1526/1325 1399/1601/1402 1401/1603/1404 1330/1528/1327
f 1330/1528/1327 1401/1603/1404 1403/1605/1406 1331/1530/1329
f 1331/1530/1329 1403/1605/1406 1405/1586/1384 1332/1532/1331
f 1332/1532/1331 1405/1586/1384 1383/1583/1383 1321/1512/1310
f 1384/1584/1386 1407/1607/1407 1409/1611/1412 1386/1588/1387
f 1386/1588/1387 1409/1611/1412 1411/1613/1414 1388/1590/1389
f 1388/1590/1389 1411/1613/1414 1413/1615/1416 1390/1592/1391
f 1390/1592/1391 1413/1615/1416 1415/1617/1418 1392/1594/1393
f 1392/1594/1393 1415/1617/1418 1417/1619/1420 1394/1596/1395
f 1394/1596/1395 1417/1619/1420 1419/1621/1422 1396/1598/1397
f 1396/1598/1397 1419/1621/1422 1421/1623/1424 1398/1600/1399
f 1398/1600/1399 1421/1623/1424 1423/1625/1426 1400/1602/1401
f 1400/1602/1401 1423/1625/1426 1425/1627/1428 1402/1604/1403
f 1402/1604/1403 1425/1627/1428 1427/1629/1430 1404/1606/1405
f 1404/1606/1405 1427/1629/1430 1429/1610/1408 1406/1585/1385
f 1406/1585/1385 1429/1610/1408 1407/1607/1407 1384/1584/1386
f 1408/1608/1410 1333/1533/1333 1334/1534/1336 1410/1612/1411
f 1410/1612/1411 1334/1534/1336 1335/1537/1338 1412/1614/1413
f 1412/1614/1413 1335/1537/1338 1336/1539/1340 1414/1616/1415
f 1414/1616/1415 1336/1539/1340 1337/1541/1342 1416/1618/1417
f 1416/1618/1417 1337/1541/1342 1338/1543/1344 1418/1620/1419
f 1418/1620/1419 1338/1543/1344 1339/1545/1346 1420/1622/1421
f 1420/1622/1421 1339/1545/1346 1340/1547/1348 1422/1624/1423
f 1422/1624/1423 1340/1547/1348 1341/1549/1350 1424/1626/1425
f 1424/1626/1425 1341/1549/1350 1342/1551/1352 1426/1628/1427
f 1426/1628/1427 1342/1551/1352 1343/1553/1354 1428/1630/1429
f 1428/1630/1429 1343/1553/1354 1344/1555/1356 1430/1609/1409
f 1430/1609/1409 1344/1555/1356 1333/1533/1333 1408/1608/1410
g default
v -0.056234 -0.041182 0.041418
v -0.089497 -0.041182 0.041418
v -0.056234 0.042824 0.041418
v -0.089497 0.042824 0.041418
v -0.056234 0.042824 -0.042589
v -0.089497 0.042824 -0.042589
v -0.056234 -0.041182 -0.042589
v -0.089497 -0.041182 -0.042589
v -0.054348 0.053874 -0.000586
v -0.063405 -0.052232 -0.053639
v -0.054348 0.000821 -0.053639
v -0.097026 -0.052232 -0.000586
v -0.054348 -0.052232 -0.000586
v -0.063405 -0.052232 0.052467
v -0.063405 0.053874 0.052467
v -0.054348 0.000821 0.052467
v -0.097026 0.053874 -0.000586
v -0.063405 0.053874 -0.053639
v -0.063405 0.000821 0.071869
v -0.063405 0.073276 -0.000586
v -0.063405 0.000821 -0.073041
v -0.063405 -0.071634 -0.000586
v -0.051035 0.000821 -0.000586
v -0.058809 -0.026099 0.062419
v -0.079220 -0.026099 0.062419
v -0.079220 0.027741 0.062419
v -0.058809 0.027741 0.062419
v -0.058809 0.063826 0.026335
v -0.079220 0.063826 0.026335
v -0.079220 0.063826 -0.027506
v -0.058809 0.063826 -0.027506
v -0.058809 0.027741 -0.063590
v -0.079220 0.027741 -0.063590
v -0.079220 -0.026099 -0.063590
v -0.058809 -0.026099 -0.063590
v -0.058809 -0.062183 -0.027506
v -0.079220 -0.062183 -0.027506
v -0.079220 -0.062183 0.026335
v -0.058809 -0.062183 0.026335
v -0.103807 -0.026099 0.026335
v -0.103807 -0.026099 -0.027506
v -0.103807 0.027741 -0.027506
v -0.103807 0.027741 0.026335
v -0.052649 -0.026099 -0.027506
v -0.052649 -0.026099 0.026335
v -0.052649 0.027741 0.026335
v -0.052649 0.027741 -0.027506
v -0.063405 -0.028104 0.067001
v -0.063405 0.029746 0.067001
v -0.058467 0.000821 0.067001
v -0.063405 0.068408 0.028339
v -0.080586 0.068408 -0.000586
v -0.063405 0.068408 -0.029510
v -0.058467 0.068408 -0.000586
v -0.063405 0.029746 -0.068172
v -0.063405 -0.028104 -0.068172
v -0.058467 0.000821 -0.068172
v -0.063405 -0.066766 -0.029510
v -0.080586 -0.066766 -0.000586
v -0.063405 -0.066766 0.028339
v -0.058467 -0.066766 -0.000586
v -0.106929 -0.028104 -0.000586
v -0.106929 0.029746 -0.000586
v -0.051866 -0.028104 -0.000586
v -0.051866 0.000821 0.028339
v -0.051866 0.029746 -0.000586
v -0.051866 0.000821 -0.029510
v -0.059151 -0.048580 0.048815
v -0.077854 -0.048580 0.048815
v -0.094538 -0.024094 0.048815
v -0.094538 0.025737 0.048815
v -0.077854 0.050223 0.048815
v -0.059151 0.050223 0.048815
v -0.054971 0.025737 0.048815
v -0.054971 -0.024094 0.048815
v -0.094538 0.050223 0.024329
v -0.094538 0.050223 -0.025501
v -0.077854 0.050223 -0.049987
v -0.059151 0.050223 -0.049987
v -0.054971 0.050223 -0.025501
v -0.054971 0.050223 0.024329
v -0.094538 0.025737 -0.049987
v -0.094538 -0.024094 -0.049987
v -0.077854 -0.048580 -0.049987
v -0.059151 -0.048580 -0.049987
v -0.054971 -0.024094 -0.049987
v -0.054971 0.025737 -0.049987
v -0.094538 -0.048580 -0.025501
v -0.094538 -0.048580 0.024329
v -0.054971 -0.048580 0.024329
v -0.054971 -0.048580 -0.025501
v -0.063405 0.005816 0.071028
v -0.080350 0.005470 0.066210
v -0.096596 0.005124 0.051837
v -0.106390 0.005470 0.027992
v -0.109674 0.005816 -0.000586
v -0.106390 0.005470 -0.029164
v -0.096596 0.005124 -0.053008
v -0.080350 0.005470 -0.067381
v -0.063405 0.005816 -0.072200
v -0.058526 0.005470 -0.067381
v -0.054455 0.005124 -0.053008
v -0.052001 0.005470 -0.029164
v -0.051179 0.005816 -0.000586
v -0.052001 0.005470 0.027992
v -0.054455 0.005124 0.051837
v -0.058526 0.005470 0.066210
v -0.058526 -0.003828 0.066210
v -0.054455 -0.003481 0.051837
v -0.052001 -0.003828 0.027992
v -0.051179 -0.004174 -0.000586
v -0.052001 -0.003828 -0.029164
v -0.054455 -0.003481 -0.053008
v -0.058526 -0.003828 -0.067381
v -0.063405 -0.004174 -0.072200
v -0.080350 -0.003828 -0.067381
v -0.096596 -0.003481 -0.053008
v -0.106390 -0.003828 -0.029164
v -0.109674 -0.004174 -0.000586
v -0.106390 -0.003828 0.027992
v -0.096596 -0.003481 0.051837
v -0.080350 -0.003828 0.066210
v -0.063405 -0.004174 0.071028
v -0.079256 0.000821 0.061946
v -0.062710 0.000821 0.066628
v -0.079065 0.004496 0.061311
v -0.062710 0.004892 0.065788
v -0.094415 0.000821 0.048635
v -0.094107 0.004100 0.048183
v -0.103469 0.000821 0.026447
v -0.103045 0.004496 0.026170
v -0.106554 0.000821 -0.000586
v -0.106086 0.004893 -0.000586
v -0.103469 0.000821 -0.027618
v -0.103045 0.004496 -0.027342
v -0.094415 0.000821 -0.049807
v -0.094107 0.004100 -0.049355
v -0.079065 0.004496 -0.062484
v -0.079256 0.000821 -0.063117
v -0.062710 0.004892 -0.066959
v -0.062710 0.000821 -0.067800
v -0.079065 -0.002854 -0.062484
v -0.062710 -0.003250 -0.066959
v -0.094107 -0.002458 -0.049355
v -0.103045 -0.002854 -0.027342
v -0.106086 -0.003251 -0.000586
v -0.103045 -0.002854 0.026170
v -0.094107 -0.002458 0.048183
v -0.079065 -0.002854 0.061311
v -0.062710 -0.003250 0.065788
vt 0.019212 0.467321
vt 0.017660 0.468843
vt 0.012012 0.582132
vt 0.017806 0.463895
vt 0.015513 0.577935
vt 0.012975 0.582385
vt 0.012336 0.586937
vt 0.011304 0.586910
vt 0.017253 0.459806
vt 0.017267 0.579408
vt 0.015414 0.583128
vt 0.018981 0.580899
vt 0.018381 0.583631
vt 0.018247 0.586576
vt 0.015154 0.586524
vt 0.012492 0.589184
vt 0.015339 0.589206
vt 0.016060 0.592535
vt 0.013746 0.593605
vt 0.018395 0.588731
vt 0.018928 0.591631
vt 0.019894 0.594256
vt 0.018399 0.595968
vt 0.016862 0.597665
vt 0.017270 0.458101
vt 0.011474 0.589356
vt 0.015089 0.453547
vt 0.017900 0.454024
vt 0.016187 0.598408
vt 0.019371 0.450625
vt 0.020993 0.601224
vt 0.022797 0.449217
vt 0.021268 0.600258
vt 0.026585 0.601019
vt 0.026654 0.602009
vt 0.027739 0.448554
vt 0.022133 0.597825
vt 0.022612 0.594861
vt 0.026164 0.594928
vt 0.026387 0.598151
vt 0.030556 0.597249
vt 0.031748 0.599540
vt 0.029674 0.594379
vt 0.032284 0.593410
vt 0.034001 0.594900
vt 0.035757 0.596370
vt 0.032154 0.600458
vt 0.032669 0.449311
vt 0.036528 0.597013
vt 0.036067 0.450784
vt 0.039251 0.592180
vt 0.037474 0.454210
vt 0.038287 0.591927
vt 0.038925 0.587383
vt 0.041003 0.458247
vt 0.038026 0.458299
vt 0.035848 0.591184
vt 0.032882 0.590680
vt 0.033015 0.587737
vt 0.036107 0.587792
vt 0.038773 0.585140
vt 0.035926 0.585113
vt 0.035210 0.581787
vt 0.037528 0.580723
vt 0.032869 0.585584
vt 0.032339 0.582685
vt 0.031378 0.580061
vt 0.032878 0.578353
vt 0.034420 0.576661
vt 0.038010 0.460004
vt 0.039792 0.584972
vt 0.040190 0.464558
vt 0.037380 0.464081
vt 0.035098 0.575921
vt 0.035908 0.467480
vt 0.030297 0.573096
vt 0.032483 0.468888
vt 0.030018 0.574060
vt 0.024700 0.573292
vt 0.024634 0.572301
vt 0.027540 0.469551
vt 0.029146 0.576491
vt 0.028659 0.579453
vt 0.025106 0.579383
vt 0.024890 0.576160
vt 0.020717 0.577059
vt 0.019531 0.574766
vt 0.021594 0.579930
vt 0.019127 0.573846
vt 0.022610 0.468794
vt 0.021704 0.583312
vt 0.025340 0.582870
vt 0.025558 0.586080
vt 0.021705 0.586367
vt 0.029003 0.582818
vt 0.029414 0.585844
vt 0.025704 0.588231
vt 0.029557 0.587944
vt 0.029560 0.590998
vt 0.025924 0.591441
vt 0.021848 0.588468
vt 0.022262 0.591495
vt 0.032906 0.464420
vt 0.027585 0.464761
vt 0.027630 0.460038
vt 0.033272 0.460024
vt 0.022272 0.464319
vt 0.021990 0.459917
vt 0.027649 0.458067
vt 0.022007 0.458081
vt 0.022373 0.453685
vt 0.027694 0.453344
vt 0.033290 0.458188
vt 0.033007 0.453786
vt 0.012836 0.588031
vt 0.015390 0.587855
vt 0.015430 0.588427
vt 0.012983 0.588571
vt 0.018444 0.587645
vt 0.018500 0.588109
vt 0.021856 0.587412
vt 0.021912 0.587907
vt 0.025631 0.587156
vt 0.025668 0.587696
vt 0.029406 0.586900
vt 0.029418 0.587397
vt 0.032819 0.586669
vt 0.032826 0.587135
vt 0.035911 0.587034
vt 0.035872 0.586462
vt 0.038354 0.586844
vt 0.038427 0.586290
vt 0.038958 0.586254
vt 0.039936 0.586188
vt 0.038135 0.459152
vt 0.033347 0.459107
vt 0.027640 0.459053
vt 0.021932 0.458998
vt 0.017144 0.458953
vt 0.011328 0.588137
vt 0.012305 0.588069
vt 0.035833 0.585891
vt 0.038280 0.585751
vt 0.032763 0.586206
vt 0.029351 0.586405
vt 0.025594 0.586614
vt 0.021844 0.586915
vt 0.018436 0.587179
vt 0.015351 0.587283
vt 0.012908 0.587476
vt 0.040985 0.460112
vt 0.038449 0.580343
vt 0.014277 0.459858
vt 0.014986 0.464319
vt 0.014294 0.457993
vt 0.012827 0.593988
vt 0.039957 0.587413
vt 0.040293 0.453787
vt 0.014744 0.577291
vt 0.022134 0.471605
vt 0.027511 0.472559
vt 0.032906 0.471708
vt 0.037431 0.469031
vt 0.041140 0.459181
vt 0.037619 0.449262
vt 0.033146 0.446500
vt 0.027768 0.445546
vt 0.022373 0.446397
vt 0.017848 0.449073
vt 0.014139 0.458924
vn 0.973412 -0.161970 0.161971
vn 0.981772 -0.084035 0.170477
vn 0.892700 -0.162389 0.420376
vn 0.884390 -0.330043 0.330039
vn -0.013064 -0.364119 0.931261
vn -0.018934 -0.706975 0.706985
vn 0.899193 -0.084332 0.429349
vn -0.009303 -0.013626 0.999864
vn 0.983874 -0.047632 0.172403
vn -0.485382 -0.319505 0.813831
vn -0.470235 -0.624052 0.624050
vn -0.794706 -0.267126 0.545056
vn -0.724511 -0.487381 0.487383
vn -0.497334 0.020190 0.867324
vn -0.819978 0.013037 0.572247
vn -0.009299 0.013627 0.999864
vn -0.013064 0.364119 0.931261
vn -0.485382 0.319505 0.813831
vn -0.497336 -0.020192 0.867323
vn -0.794706 0.267126 0.545057
vn -0.819978 -0.013036 0.572247
vn -0.470232 0.624053 0.624051
vn -0.724512 0.487379 0.487384
vn -0.018934 0.706973 0.706987
vn 0.983874 0.047632 0.172403
vn 0.981772 0.084035 0.170477
vn 0.892700 0.162389 0.420377
vn 0.899193 0.084333 0.429348
vn 0.884388 0.330046 0.330041
vn 0.973412 0.161969 0.161971
vn 0.982288 0.169603 0.079656
vn 0.893173 0.422409 0.154315
vn -0.013346 0.937925 0.346581
vn 0.897719 0.440568 -0.000000
vn -0.010923 0.999940 -0.000000
vn 0.984514 0.175305 -0.000000
vn -0.485204 0.819734 0.304323
vn -0.798142 0.546043 0.254572
vn -0.497977 0.867190 -0.000000
vn -0.821512 0.570191 -0.000000
vn -0.013346 0.937925 -0.346580
vn -0.485203 0.819737 -0.304318
vn -0.798142 0.546043 -0.254572
vn -0.470226 0.624054 -0.624055
vn -0.724513 0.487379 -0.487383
vn -0.018933 0.706976 -0.706984
vn 0.982288 0.169603 -0.079656
vn 0.893173 0.422410 -0.154311
vn 0.884385 0.330048 -0.330047
vn 0.973412 0.161969 -0.161970
vn 0.981772 0.084033 -0.170479
vn 0.892700 0.162388 -0.420378
vn -0.013063 0.364121 -0.931260
vn 0.899197 0.084330 -0.429342
vn -0.009298 0.013643 -0.999864
vn 0.983875 0.047630 -0.172402
vn -0.485382 0.319503 -0.813832
vn -0.794704 0.267122 -0.545060
vn -0.497341 -0.020184 -0.867320
vn -0.819980 -0.013029 -0.572245
vn -0.009302 -0.013642 -0.999864
vn -0.013063 -0.364121 -0.931260
vn -0.485382 -0.319504 -0.813831
vn -0.497339 0.020183 -0.867321
vn -0.794704 -0.267122 -0.545060
vn -0.819979 0.013030 -0.572245
vn -0.470229 -0.624052 -0.624054
vn -0.724512 -0.487381 -0.487383
vn -0.018933 -0.706978 -0.706982
vn 0.983874 -0.047629 -0.172402
vn 0.981772 -0.084033 -0.170479
vn 0.892700 -0.162388 -0.420377
vn 0.899196 -0.084330 -0.429343
vn 0.884387 -0.330045 -0.330046
vn 0.973412 -0.161970 -0.161970
vn 0.982288 -0.169603 -0.079656
vn 0.893174 -0.422407 -0.154312
vn -0.013346 -0.937925 -0.346583
vn 0.897720 -0.440566 -0.000000
vn -0.010923 -0.999940 -0.000000
vn 0.984514 -0.175305 -0.000000
vn -0.485206 -0.819734 -0.304320
vn -0.798142 -0.546043 -0.254573
vn -0.497980 -0.867189 -0.000000
vn -0.821511 -0.570192 -0.000000
vn -0.013346 -0.937924 0.346583
vn -0.485207 -0.819732 0.304325
vn -0.798141 -0.546043 0.254573
vn 0.982288 -0.169603 0.079656
vn 0.893174 -0.422406 0.154315
vn -0.936637 -0.253305 0.241966
vn -0.965866 -0.259042 0.000000
vn -0.968929 0.019352 0.246582
vn -0.999742 0.022736 0.000001
vn -0.936638 -0.253305 -0.241962
vn -0.968929 0.019346 -0.246582
vn -0.999742 -0.022735 0.000001
vn -0.965866 0.259042 0.000000
vn -0.936638 0.253305 -0.241962
vn -0.968929 -0.019347 -0.246583
vn -0.936637 0.253305 0.241966
vn -0.968929 -0.019352 0.246583
vn 0.995542 -0.068131 -0.065231
vn 0.997703 -0.067740 -0.000000
vn 0.997400 -0.033764 -0.063663
vn 0.999551 -0.029952 -0.000000
vn 0.995542 -0.068131 0.065232
vn 0.997400 -0.033764 0.063663
vn 0.999551 0.029952 0.000000
vn 0.997703 0.067740 -0.000000
vn 0.995542 0.068131 0.065232
vn 0.997400 0.033764 0.063663
vn 0.995542 0.068131 -0.065231
vn 0.997400 0.033764 -0.063663
vn -0.609343 -0.000000 0.792907
vn -0.359429 -0.680161 0.638899
vn -0.329456 -0.718741 0.612266
vn -0.477696 0.000000 0.878525
vn -0.617542 -0.675178 0.403456
vn -0.821262 0.000000 0.570551
vn -0.780130 -0.601351 0.172554
vn -0.971636 -0.000000 0.236481
vn -0.817106 -0.576488 0.000002
vn -1.000000 0.000000 0.000002
vn -0.780125 -0.601358 -0.172550
vn -0.971636 -0.000000 -0.236480
vn -0.617528 -0.675186 -0.403464
vn -0.821271 0.000000 -0.570539
vn -0.329434 -0.718765 -0.612250
vn -0.477720 0.000000 -0.878512
vn -0.359416 -0.680165 -0.638902
vn -0.609392 -0.000000 -0.792869
vn 0.894122 -0.000000 -0.447824
vn 0.007582 0.000000 -0.999971
vn 0.984476 -0.000000 -0.175522
vn 0.998021 -0.000000 -0.062880
vn 1.000000 -0.000000 -0.000000
vn 0.998021 -0.000000 0.062882
vn 0.984476 0.000000 0.175518
vn 0.894115 0.000000 0.447838
vn 0.007515 0.000000 0.999972
vn -0.359411 0.680168 -0.638901
vn -0.329437 0.718757 -0.612258
vn -0.617535 0.675179 -0.403465
vn -0.780125 0.601358 -0.172550
vn -0.817107 0.576485 0.000001
vn -0.780129 0.601351 0.172555
vn -0.617548 0.675170 0.403461
vn -0.329459 0.718733 0.612274
vn -0.359424 0.680164 0.638898
s 1
g head neck_screw_right
usemtl head_plateSG
f 1431/1643/1431 1505/1646/1432 1454/1796/1433 1498/1644/1434
f 1498/1801/1434 1454/1645/1433 1478/1648/1435 1444/1647/1436
f 1454/1645/1433 1538/1650/1437 1553/1649/1438 1478/1648/1435
f 1505/1646/1432 1539/1651/1439 1538/1795/1437 1454/1796/1433
f 1444/1647/1436 1478/1648/1435 1455/1653/1440 1499/1652/1441
f 1499/1652/1441 1455/1653/1440 1500/1655/1442 1432/1654/1443
f 1455/1653/1440 1552/1657/1444 1551/1656/1445 1500/1655/1442
f 1478/1648/1435 1553/1649/1438 1552/1657/1444 1455/1653/1440
f 1522/1658/1446 1479/1661/1447 1456/1660/1448 1523/1659/1449
f 1523/1659/1449 1456/1660/1448 1501/1663/1450 1524/1662/1451
f 1456/1660/1448 1502/1665/1452 1434/1664/1453 1501/1663/1450
f 1479/1661/1447 1445/1666/1454 1502/1665/1452 1456/1660/1448
f 1536/1667/1455 1504/1670/1456 1457/1669/1457 1537/1797/1458
f 1537/1668/1458 1457/1798/1457 1479/1661/1447 1522/1658/1446
f 1457/1798/1457 1503/1671/1459 1445/1666/1454 1479/1661/1447
f 1504/1670/1456 1433/1672/1460 1503/1811/1459 1457/1669/1457
f 1433/1672/1460 1511/1674/1461 1458/1810/1462 1503/1811/1459
f 1503/1671/1459 1458/1673/1462 1481/1675/1463 1445/1666/1454
f 1458/1673/1462 1484/1677/1464 1450/1676/1465 1481/1675/1463
f 1511/1674/1461 1439/1678/1466 1484/1809/1464 1458/1810/1462
f 1445/1666/1454 1481/1675/1463 1459/1679/1467 1502/1665/1452
f 1502/1665/1452 1459/1679/1467 1506/1680/1468 1434/1664/1453
f 1459/1679/1467 1482/1682/1469 1447/1681/1470 1506/1680/1468
f 1481/1675/1463 1450/1676/1465 1482/1682/1469 1459/1679/1467
f 1450/1676/1465 1483/1684/1471 1460/1683/1472 1482/1682/1469
f 1482/1682/1469 1460/1683/1472 1507/1685/1473 1447/1681/1470
f 1460/1683/1472 1508/1687/1474 1436/1686/1475 1507/1685/1473
f 1483/1684/1471 1448/1688/1476 1508/1687/1474 1460/1683/1472
f 1439/1678/1466 1510/1690/1477 1461/1808/1478 1484/1809/1464
f 1484/1677/1464 1461/1689/1478 1483/1684/1471 1450/1676/1465
f 1461/1689/1478 1509/1691/1479 1448/1688/1476 1483/1684/1471
f 1510/1690/1477 1435/1692/1480 1509/1807/1479 1461/1808/1478
f 1435/1692/1480 1517/1694/1481 1462/1800/1482 1509/1807/1479
f 1509/1691/1479 1462/1693/1482 1485/1695/1483 1448/1688/1476
f 1462/1693/1482 1531/1799/1484 1530/1696/1485 1485/1695/1483
f 1517/1694/1481 1532/1698/1486 1531/1697/1484 1462/1800/1482
f 1448/1688/1476 1485/1695/1483 1463/1699/1487 1508/1687/1474
f 1508/1687/1474 1463/1699/1487 1512/1700/1488 1436/1686/1475
f 1463/1699/1487 1529/1702/1489 1528/1701/1490 1512/1700/1488
f 1485/1695/1483 1530/1696/1485 1529/1702/1489 1463/1699/1487
f 1545/1703/1491 1486/1706/1492 1464/1705/1493 1546/1704/1494
f 1546/1704/1494 1464/1705/1493 1513/1708/1495 1547/1707/1496
f 1464/1705/1493 1514/1710/1497 1438/1709/1498 1513/1708/1495
f 1486/1706/1492 1440/1711/1499 1514/1710/1497 1464/1705/1493
f 1543/1712/1500 1516/1715/1501 1465/1714/1502 1544/1793/1503
f 1544/1713/1503 1465/1794/1502 1486/1706/1492 1545/1703/1491
f 1465/1794/1502 1515/1716/1504 1440/1711/1499 1486/1706/1492
f 1516/1715/1501 1437/1717/1505 1515/1805/1504 1465/1714/1502
f 1437/1717/1505 1521/1719/1506 1466/1804/1507 1515/1805/1504
f 1515/1716/1504 1466/1718/1507 1488/1720/1508 1440/1711/1499
f 1466/1718/1507 1491/1722/1509 1452/1721/1510 1488/1720/1508
f 1521/1719/1506 1443/1723/1511 1491/1803/1509 1466/1804/1507
f 1440/1711/1499 1488/1720/1508 1467/1724/1512 1514/1710/1497
f 1514/1710/1497 1467/1724/1512 1518/1725/1513 1438/1709/1498
f 1467/1724/1512 1489/1727/1514 1442/1726/1515 1518/1725/1513
f 1488/1720/1508 1452/1721/1510 1489/1727/1514 1467/1724/1512
f 1452/1721/1510 1490/1729/1516 1468/1728/1517 1489/1727/1514
f 1489/1727/1514 1468/1728/1517 1519/1730/1518 1442/1726/1515
f 1468/1728/1517 1499/1652/1441 1432/1654/1443 1519/1730/1518
f 1490/1729/1516 1444/1647/1436 1499/1652/1441 1468/1728/1517
f 1443/1723/1511 1520/1732/1519 1469/1802/1520 1491/1803/1509
f 1491/1722/1509 1469/1731/1520 1490/1729/1516 1452/1721/1510
f 1469/1731/1520 1498/1801/1434 1444/1647/1436 1490/1729/1516
f 1520/1732/1519 1431/1643/1431 1498/1644/1434 1469/1802/1520
f 1432/1654/1443 1500/1655/1442 1470/1733/1521 1519/1730/1518
f 1519/1730/1518 1470/1733/1521 1492/1734/1522 1442/1726/1515
f 1470/1733/1521 1550/1736/1523 1549/1735/1524 1492/1734/1522
f 1500/1655/1442 1551/1656/1445 1550/1736/1523 1470/1733/1521
f 1442/1726/1515 1492/1734/1522 1471/1737/1525 1518/1725/1513
f 1518/1725/1513 1471/1737/1525 1513/1708/1495 1438/1709/1498
f 1471/1737/1525 1548/1738/1526 1547/1707/1496 1513/1708/1495
f 1492/1734/1522 1549/1735/1524 1548/1738/1526 1471/1737/1525
f 1526/1739/1527 1493/1742/1528 1472/1741/1529 1527/1740/1530
f 1527/1740/1530 1472/1741/1529 1512/1700/1488 1528/1701/1490
f 1472/1741/1529 1507/1685/1473 1436/1686/1475 1512/1700/1488
f 1493/1742/1528 1447/1681/1470 1507/1685/1473 1472/1741/1529
f 1524/1662/1451 1501/1663/1450 1473/1744/1531 1525/1743/1532
f 1525/1743/1532 1473/1744/1531 1493/1742/1528 1526/1739/1527
f 1473/1744/1531 1506/1680/1468 1447/1681/1470 1493/1742/1528
f 1501/1663/1450 1434/1664/1453 1506/1680/1468 1473/1744/1531
f 1437/1717/1505 1516/1715/1501 1474/1745/1533 1521/1719/1506
f 1521/1719/1506 1474/1745/1533 1494/1746/1534 1443/1723/1511
f 1474/1745/1533 1542/1748/1535 1541/1747/1536 1494/1746/1534
f 1516/1715/1501 1543/1712/1500 1542/1748/1535 1474/1745/1533
f 1443/1723/1511 1494/1746/1534 1475/1749/1537 1520/1732/1519
f 1520/1732/1519 1475/1749/1537 1505/1646/1432 1431/1643/1431
f 1475/1749/1537 1540/1750/1538 1539/1651/1439 1505/1646/1432
f 1494/1746/1534 1541/1747/1536 1540/1750/1538 1475/1749/1537
f 1534/1751/1539 1496/1754/1540 1476/1753/1541 1535/1752/1542
f 1535/1752/1542 1476/1753/1541 1504/1670/1456 1536/1667/1455
f 1476/1753/1541 1511/1674/1461 1433/1672/1460 1504/1670/1456
f 1496/1754/1540 1439/1678/1466 1511/1674/1461 1476/1753/1541
f 1532/1698/1486 1517/1694/1481 1477/1756/1543 1533/1755/1544
f 1533/1755/1544 1477/1756/1543 1496/1754/1540 1534/1751/1539
f 1477/1756/1543 1510/1690/1477 1439/1678/1466 1496/1754/1540
f 1517/1694/1481 1435/1692/1480 1510/1690/1477 1477/1756/1543
f 1555/1757/1545 1557/1760/1546 1556/1759/1547 1554/1758/1548
f 1554/1758/1548 1556/1759/1547 1559/1762/1549 1558/1761/1550
f 1558/1761/1550 1559/1762/1549 1561/1764/1551 1560/1763/1552
f 1560/1763/1552 1561/1764/1551 1563/1766/1553 1562/1765/1554
f 1562/1765/1554 1563/1766/1553 1565/1768/1555 1564/1767/1556
f 1564/1767/1556 1565/1768/1555 1567/1770/1557 1566/1769/1558
f 1568/1771/1559 1569/1772/1560 1566/1769/1558 1567/1770/1557
f 1570/1773/1561 1571/1774/1562 1569/1772/1560 1568/1771/1559
f 1531/1799/1484 1487/1776/1563 1451/1775/1564 1530/1696/1485
f 1532/1698/1486 1441/1777/1565 1487/1806/1563 1531/1697/1484
f 1441/1777/1565 1532/1698/1486 1533/1755/1544 1497/1778/1566
f 1497/1778/1566 1533/1755/1544 1534/1751/1539 1453/1779/1567
f 1453/1779/1567 1534/1751/1539 1535/1752/1542 1495/1780/1568
f 1495/1780/1568 1535/1752/1542 1536/1667/1455 1446/1781/1569
f 1446/1781/1569 1536/1667/1455 1537/1797/1458 1480/1812/1570
f 1480/1782/1570 1537/1668/1458 1522/1658/1446 1449/1783/1571
f 1539/1651/1439 1446/1781/1569 1480/1812/1570 1538/1795/1437
f 1540/1750/1538 1495/1780/1568 1446/1781/1569 1539/1651/1439
f 1541/1747/1536 1453/1779/1567 1495/1780/1568 1540/1750/1538
f 1542/1748/1535 1497/1778/1566 1453/1779/1567 1541/1747/1536
f 1543/1712/1500 1441/1777/1565 1497/1778/1566 1542/1748/1535
f 1441/1777/1565 1543/1712/1500 1544/1793/1503 1487/1806/1563
f 1487/1776/1563 1544/1713/1503 1545/1703/1491 1451/1775/1564
f 1571/1774/1562 1573/1785/1572 1572/1784/1573 1569/1772/1560
f 1569/1772/1560 1572/1784/1573 1574/1786/1574 1566/1769/1558
f 1575/1787/1575 1564/1767/1556 1566/1769/1558 1574/1786/1574
f 1576/1788/1576 1562/1765/1554 1564/1767/1556 1575/1787/1575
f 1577/1789/1577 1560/1763/1552 1562/1765/1554 1576/1788/1576
f 1578/1790/1578 1558/1761/1550 1560/1763/1552 1577/1789/1577
f 1579/1791/1579 1554/1758/1548 1558/1761/1550 1578/1790/1578
f 1580/1792/1580 1555/1757/1545 1554/1758/1548 1579/1791/1579
f 1538/1650/1437 1480/1782/1570 1449/1783/1571 1553/1649/1438
f 1523/1659/1449 1556/1759/1547 1557/1760/1546 1522/1658/1446
f 1522/1658/1446 1557/1760/1546 1555/1757/1545 1449/1783/1571
f 1524/1662/1451 1559/1762/1549 1556/1759/1547 1523/1659/1449
f 1525/1743/1532 1561/1764/1551 1559/1762/1549 1524/1662/1451
f 1526/1739/1527 1563/1766/1553 1561/1764/1551 1525/1743/1532
f 1527/1740/1530 1565/1768/1555 1563/1766/1553 1526/1739/1527
f 1528/1701/1490 1567/1770/1557 1565/1768/1555 1527/1740/1530
f 1529/1702/1489 1568/1771/1559 1567/1770/1557 1528/1701/1490
f 1530/1696/1485 1570/1773/1561 1568/1771/1559 1529/1702/1489
f 1451/1775/1564 1571/1774/1562 1570/1773/1561 1530/1696/1485
f 1546/1704/1494 1572/1784/1573 1573/1785/1572 1545/1703/1491
f 1545/1703/1491 1573/1785/1572 1571/1774/1562 1451/1775/1564
f 1547/1707/1496 1574/1786/1574 1572/1784/1573 1546/1704/1494
f 1548/1738/1526 1575/1787/1575 1574/1786/1574 1547/1707/1496
f 1549/1735/1524 1576/1788/1576 1575/1787/1575 1548/1738/1526
f 1550/1736/1523 1577/1789/1577 1576/1788/1576 1549/1735/1524
f 1551/1656/1445 1578/1790/1578 1577/1789/1577 1550/1736/1523
f 1552/1657/1444 1579/1791/1579 1578/1790/1578 1551/1656/1445
f 1553/1649/1438 1580/1792/1580 1579/1791/1579 1552/1657/1444
f 1449/1783/1571 1555/1757/1545 1580/1792/1580 1553/1649/1438
g default
v -0.338586 0.170716 0.082335
v -0.358499 0.170716 0.082335
v -0.338586 0.215665 0.082335
v -0.358499 0.215665 0.082335
v -0.338586 0.215665 0.037386
v -0.358499 0.215665 0.037386
v -0.338586 0.170716 0.037386
v -0.358499 0.170716 0.037386
v -0.337456 0.221578 0.059861
v -0.342878 0.164804 0.031474
v -0.337456 0.193191 0.031474
v -0.363006 0.164804 0.059861
v -0.337456 0.164804 0.059861
v -0.342878 0.164804 0.088248
v -0.342878 0.221578 0.088248
v -0.337456 0.193191 0.088248
v -0.363006 0.221578 0.059861
v -0.342878 0.221578 0.031474
v -0.342878 0.193191 0.098629
v -0.342878 0.231959 0.059861
v -0.342878 0.193191 0.021092
v -0.342878 0.154422 0.059861
v -0.335473 0.193191 0.059861
v -0.340127 0.178787 0.093572
v -0.352346 0.178787 0.093572
v -0.352346 0.207595 0.093572
v -0.340127 0.207595 0.093572
v -0.340127 0.226903 0.074265
v -0.352346 0.226903 0.074265
v -0.352346 0.226903 0.045456
v -0.340127 0.226903 0.045456
v -0.340127 0.207595 0.026149
v -0.352346 0.207595 0.026149
v -0.352346 0.178787 0.026149
v -0.340127 0.178787 0.026149
v -0.340127 0.159479 0.045456
v -0.352346 0.159479 0.045456
v -0.352346 0.159479 0.074265
v -0.340127 0.159479 0.074265
v -0.367065 0.178787 0.074265
v -0.367065 0.178787 0.045456
v -0.367065 0.207595 0.045456
v -0.367065 0.207595 0.074265
v -0.336439 0.178787 0.045456
v -0.336439 0.178787 0.074265
v -0.336439 0.207595 0.074265
v -0.336439 0.207595 0.045456
v -0.342878 0.177714 0.096024
v -0.342878 0.208668 0.096024
v -0.339922 0.193191 0.096024
v -0.342878 0.229354 0.075337
v -0.353164 0.229354 0.059861
v -0.342878 0.229354 0.044384
v -0.339922 0.229354 0.059861
v -0.342878 0.208668 0.023697
v -0.342878 0.177714 0.023697
v -0.339922 0.193191 0.023697
v -0.342878 0.157027 0.044384
v -0.353164 0.157027 0.059861
v -0.342878 0.157027 0.075337
v -0.339922 0.157027 0.059861
v -0.368934 0.177714 0.059861
v -0.368934 0.208668 0.059861
v -0.335971 0.177714 0.059861
v -0.335971 0.193191 0.075337
v -0.335971 0.208668 0.059861
v -0.335971 0.193191 0.044384
v -0.340332 0.166758 0.086293
v -0.351528 0.166758 0.086293
v -0.361516 0.179859 0.086293
v -0.361516 0.206522 0.086293
v -0.351528 0.219624 0.086293
v -0.340332 0.219624 0.086293
v -0.337829 0.206522 0.086293
v -0.337829 0.179859 0.086293
v -0.361516 0.219624 0.073192
v -0.361516 0.219624 0.046529
v -0.351528 0.219624 0.033427
v -0.340332 0.219624 0.033427
v -0.337829 0.219624 0.046529
v -0.337829 0.219624 0.073192
v -0.361516 0.206522 0.033427
v -0.361516 0.179859 0.033427
v -0.351528 0.166758 0.033427
v -0.340332 0.166758 0.033427
v -0.337829 0.179859 0.033427
v -0.337829 0.206522 0.033427
v -0.361516 0.166758 0.046529
v -0.361516 0.166758 0.073192
v -0.337829 0.166758 0.073192
v -0.337829 0.166758 0.046529
v -0.342878 0.195863 0.098179
v -0.353023 0.195678 0.095601
v -0.362748 0.195493 0.087910
v -0.368611 0.195678 0.075152
v -0.370577 0.195863 0.059861
v -0.368611 0.195678 0.044569
v -0.362748 0.195493 0.031811
v -0.353023 0.195678 0.024121
v -0.342878 0.195863 0.021542
v -0.339958 0.195678 0.024121
v -0.337521 0.195493 0.031811
v -0.336052 0.195678 0.044569
v -0.335559 0.195863 0.059861
v -0.336052 0.195678 0.075152
v -0.337521 0.195493 0.087910
v -0.339958 0.195678 0.095601
v -0.339958 0.190703 0.095601
v -0.337521 0.190889 0.087910
v -0.336052 0.190703 0.075152
v -0.335559 0.190518 0.059861
v -0.336052 0.190703 0.044569
v -0.337521 0.190889 0.031811
v -0.339958 0.190703 0.024121
v -0.342878 0.190518 0.021542
v -0.353023 0.190703 0.024121
v -0.362748 0.190889 0.031811
v -0.368611 0.190703 0.044569
v -0.370577 0.190518 0.059861
v -0.368611 0.190703 0.075152
v -0.362748 0.190889 0.087910
v -0.353023 0.190703 0.095601
v -0.342878 0.190518 0.098179
v -0.352368 0.193191 0.093319
v -0.342462 0.193191 0.095825
v -0.352253 0.195157 0.092980
v -0.342462 0.195369 0.095375
v -0.361443 0.193191 0.086197
v -0.361258 0.194945 0.085955
v -0.366863 0.193191 0.074325
v -0.366609 0.195157 0.074177
v -0.368710 0.193191 0.059861
v -0.368430 0.195370 0.059861
v -0.366863 0.193191 0.045396
v -0.366609 0.195157 0.045544
v -0.361443 0.193191 0.033524
v -0.361258 0.194945 0.033766
v -0.352253 0.195157 0.026741
v -0.352368 0.193191 0.026402
v -0.342462 0.195369 0.024346
v -0.342462 0.193191 0.023896
v -0.352253 0.191224 0.026741
v -0.342462 0.191012 0.024346
v -0.361258 0.191436 0.033766
v -0.366609 0.191224 0.045544
v -0.368430 0.191012 0.059861
v -0.366609 0.191224 0.074177
v -0.361258 0.191436 0.085955
v -0.352253 0.191224 0.092980
v -0.342462 0.191012 0.095375
vt 0.424873 0.793647
vt 0.423750 0.794775
vt 0.388081 0.784503
vt 0.423814 0.791151
vt 0.391141 0.781526
vt 0.388809 0.784778
vt 0.387944 0.788264
vt 0.387145 0.788159
vt 0.423375 0.788163
vt 0.392384 0.782812
vt 0.390644 0.785552
vt 0.393596 0.784109
vt 0.392909 0.786183
vt 0.392567 0.788461
vt 0.390168 0.788171
vt 0.387884 0.790023
vt 0.390094 0.790269
vt 0.390385 0.792915
vt 0.388501 0.793559
vt 0.392507 0.790148
vt 0.392687 0.792444
vt 0.393225 0.794562
vt 0.391925 0.795771
vt 0.390594 0.796966
vt 0.423372 0.786914
vt 0.387079 0.790074
vt 0.421736 0.783599
vt 0.423798 0.783924
vt 0.390010 0.797489
vt 0.424846 0.781424
vt 0.393516 0.800066
vt 0.427342 0.780364
vt 0.393808 0.799338
vt 0.397879 0.800358
vt 0.397852 0.801134
vt 0.430954 0.779836
vt 0.394677 0.797517
vt 0.395289 0.795252
vt 0.398044 0.795591
vt 0.397956 0.798114
vt 0.401269 0.797750
vt 0.402010 0.799626
vt 0.400815 0.795448
vt 0.402922 0.794906
vt 0.404135 0.796203
vt 0.405381 0.797488
vt 0.402251 0.800373
vt 0.434569 0.780348
vt 0.405928 0.798049
vt 0.437069 0.781397
vt 0.408435 0.794514
vt 0.438129 0.783893
vt 0.407707 0.794239
vt 0.408570 0.790760
vt 0.440746 0.786818
vt 0.438568 0.786881
vt 0.405871 0.793465
vt 0.403607 0.792834
vt 0.403948 0.790557
vt 0.406347 0.790850
vt 0.408633 0.789005
vt 0.406422 0.788754
vt 0.406136 0.786111
vt 0.408023 0.785472
vt 0.404009 0.788872
vt 0.403832 0.786577
vt 0.403297 0.784460
vt 0.404601 0.783255
vt 0.405936 0.782064
vt 0.438570 0.788130
vt 0.409438 0.788957
vt 0.440206 0.791445
vt 0.438144 0.791120
vt 0.406522 0.781544
vt 0.437096 0.793620
vt 0.403020 0.778961
vt 0.434600 0.794680
vt 0.402726 0.779688
vt 0.398655 0.778661
vt 0.398684 0.777885
vt 0.430988 0.795208
vt 0.401851 0.781505
vt 0.401234 0.783768
vt 0.398478 0.783426
vt 0.398571 0.780904
vt 0.395256 0.781266
vt 0.394519 0.779388
vt 0.395705 0.783568
vt 0.394280 0.778641
vt 0.427373 0.794696
vt 0.395517 0.786204
vt 0.398378 0.786155
vt 0.398288 0.788667
vt 0.395271 0.788578
vt 0.401229 0.786411
vt 0.401304 0.788795
vt 0.398228 0.790350
vt 0.401245 0.790439
vt 0.401000 0.792812
vt 0.398139 0.792862
vt 0.395212 0.790223
vt 0.395289 0.792608
vt 0.434872 0.791406
vt 0.430980 0.791701
vt 0.430973 0.788244
vt 0.435103 0.788185
vt 0.427087 0.791423
vt 0.426843 0.788203
vt 0.430970 0.786800
vt 0.426840 0.786859
vt 0.427070 0.783638
vt 0.430962 0.783343
vt 0.435100 0.786841
vt 0.434855 0.783621
vt 0.388244 0.789155
vt 0.390244 0.789224
vt 0.390228 0.789672
vt 0.388315 0.789586
vt 0.392633 0.789308
vt 0.392639 0.789673
vt 0.395304 0.789403
vt 0.395307 0.789792
vt 0.398258 0.789508
vt 0.398243 0.789932
vt 0.401212 0.789615
vt 0.401181 0.790002
vt 0.403883 0.789711
vt 0.403851 0.790074
vt 0.406256 0.790245
vt 0.406272 0.789798
vt 0.408170 0.790295
vt 0.408271 0.789871
vt 0.408687 0.789886
vt 0.409452 0.789913
vt 0.438655 0.787505
vt 0.435150 0.787513
vt 0.430971 0.787522
vt 0.426793 0.787531
vt 0.423287 0.787539
vt 0.387064 0.789115
vt 0.387829 0.789140
vt 0.406288 0.789351
vt 0.408201 0.789439
vt 0.403877 0.789347
vt 0.401209 0.789226
vt 0.398273 0.789085
vt 0.395334 0.789015
vt 0.392665 0.788945
vt 0.390259 0.788776
vt 0.388345 0.788729
vt 0.440749 0.788184
vt 0.408769 0.785251
vt 0.421196 0.788226
vt 0.421754 0.791485
vt 0.421193 0.786860
vt 0.387756 0.793783
vt 0.409369 0.790866
vt 0.440189 0.783559
vt 0.390595 0.780963
vt 0.427048 0.796758
vt 0.430993 0.797410
vt 0.434934 0.796741
vt 0.438224 0.794743
vt 0.440855 0.787501
vt 0.438193 0.780269
vt 0.434894 0.778286
vt 0.430950 0.777634
vt 0.427008 0.778303
vt 0.423718 0.780301
vt 0.421087 0.787544
vn 0.967031 -0.180071 0.180072
vn 0.977352 -0.093546 0.189821
vn 0.871039 -0.177096 0.458179
vn 0.861383 -0.359182 0.359175
vn -0.011367 -0.363905 0.931367
vn -0.016649 -0.707008 0.707010
vn 0.878461 -0.092110 0.468852
vn -0.008353 -0.009104 0.999924
vn 0.979949 -0.053070 0.192052
vn -0.445171 -0.327763 0.833303
vn -0.430225 -0.638326 0.638316
vn -0.760798 -0.285620 0.582759
vn -0.683607 -0.516081 0.516083
vn -0.457592 0.022440 0.888879
vn -0.789964 0.013294 0.613009
vn -0.008350 0.009105 0.999924
vn -0.011367 0.363908 0.931365
vn -0.445172 0.327763 0.833303
vn -0.457592 -0.022441 0.888879
vn -0.760796 0.285621 0.582760
vn -0.789962 -0.013295 0.613011
vn -0.430226 0.638324 0.638317
vn -0.683608 0.516080 0.516083
vn -0.016648 0.707009 0.707009
vn 0.979949 0.053069 0.192054
vn 0.977352 0.093547 0.189821
vn 0.871040 0.177096 0.458177
vn 0.878462 0.092109 0.468851
vn 0.861384 0.359180 0.359175
vn 0.967031 0.180071 0.180071
vn 0.977986 0.188887 0.088688
vn 0.871580 0.460456 0.168313
vn -0.011609 0.938028 0.346365
vn 0.876968 0.480548 -0.000000
vn -0.009413 0.999956 0.000001
vn 0.980748 0.195277 -0.000000
vn -0.444894 0.839405 0.312201
vn -0.764376 0.584408 0.272389
vn -0.458115 0.888893 0.000002
vn -0.791195 0.611564 0.000001
vn -0.011610 0.938030 -0.346361
vn -0.444893 0.839407 -0.312194
vn -0.764378 0.584408 -0.272385
vn -0.430220 0.638323 -0.638322
vn -0.683610 0.516080 -0.516081
vn -0.016648 0.707009 -0.707008
vn 0.977986 0.188887 -0.088687
vn 0.871580 0.460457 -0.168310
vn 0.861380 0.359183 -0.359184
vn 0.967031 0.180072 -0.180071
vn 0.977352 0.093544 -0.189824
vn 0.871039 0.177092 -0.458181
vn -0.011365 0.363906 -0.931366
vn 0.878466 0.092106 -0.468843
vn -0.008349 0.009118 -0.999924
vn 0.979949 0.053066 -0.192050
vn -0.445172 0.327755 -0.833306
vn -0.760796 0.285611 -0.582765
vn -0.457597 -0.022437 -0.888877
vn -0.789967 -0.013292 -0.613006
vn -0.008352 -0.009116 -0.999924
vn -0.011365 -0.363902 -0.931368
vn -0.445170 -0.327754 -0.833307
vn -0.457597 0.022436 -0.888877
vn -0.760796 -0.285610 -0.582766
vn -0.789966 0.013291 -0.613007
vn -0.430218 -0.638326 -0.638320
vn -0.683607 -0.516083 -0.516081
vn -0.016647 -0.707009 -0.707009
vn 0.979950 -0.053063 -0.192049
vn 0.977352 -0.093542 -0.189824
vn 0.871038 -0.177092 -0.458182
vn 0.878465 -0.092105 -0.468845
vn 0.861379 -0.359185 -0.359183
vn 0.967031 -0.180071 -0.180072
vn 0.977986 -0.188889 -0.088687
vn 0.871581 -0.460455 -0.168310
vn -0.011610 -0.938030 -0.346360
vn 0.876968 -0.480550 -0.000000
vn -0.009413 -0.999956 0.000000
vn 0.980748 -0.195277 -0.000000
vn -0.444893 -0.839406 -0.312197
vn -0.764375 -0.584411 -0.272386
vn -0.458115 -0.888893 -0.000001
vn -0.791194 -0.611565 -0.000001
vn -0.011611 -0.938028 0.346364
vn -0.444894 -0.839404 0.312202
vn -0.764375 -0.584411 0.272389
vn 0.977986 -0.188888 0.088687
vn 0.871580 -0.460455 0.168312
vn -0.922826 -0.278625 0.266007
vn -0.958016 -0.286714 0.000000
vn -0.961836 0.020546 0.272855
vn -0.999704 0.024331 0.000001
vn -0.922828 -0.278624 -0.266004
vn -0.961836 0.020544 -0.272855
vn -0.999704 -0.024330 0.000001
vn -0.958016 0.286716 0.000000
vn -0.922827 0.278624 -0.266004
vn -0.961836 -0.020544 -0.272856
vn -0.922826 0.278626 0.266008
vn -0.961835 -0.020548 0.272858
vn 0.994431 -0.076124 -0.072883
vn 0.997128 -0.075730 0.000000
vn 0.996750 -0.037749 -0.071172
vn 0.999438 -0.033508 0.000000
vn 0.994431 -0.076126 0.072884
vn 0.996749 -0.037750 0.071172
vn 0.999438 0.033508 -0.000000
vn 0.997128 0.075730 0.000000
vn 0.994431 0.076126 0.072884
vn 0.996750 0.037750 0.071172
vn 0.994431 0.076126 -0.072883
vn 0.996749 0.037750 -0.071172
vn -0.565181 -0.000001 0.824967
vn -0.330250 -0.681007 0.653578
vn -0.296801 -0.724801 0.621749
vn -0.438669 0.000001 0.898649
vn -0.570817 -0.704179 0.422255
vn -0.790891 0.000000 0.611957
vn -0.742664 -0.643520 0.185286
vn -0.965052 -0.000000 0.262059
vn -0.783336 -0.621599 0.000003
vn -1.000000 0.000000 -0.000000
vn -0.742668 -0.643516 -0.185287
vn -0.965052 -0.000000 -0.262058
vn -0.570806 -0.704173 -0.422280
vn -0.790911 0.000000 -0.611931
vn -0.296794 -0.724794 -0.621762
vn -0.438680 0.000001 -0.898643
vn -0.330231 -0.680983 -0.653612
vn -0.565232 0.000000 -0.824932
vn 0.872798 0.000003 -0.488082
vn 0.011294 -0.000004 -0.999936
vn 0.980701 0.000003 -0.195515
vn 0.997526 0.000000 -0.070303
vn 1.000000 0.000000 -0.000000
vn 0.997526 0.000000 0.070303
vn 0.980704 -0.000003 0.195501
vn 0.872789 -0.000003 0.488097
vn 0.011229 0.000001 0.999937
vn -0.330210 0.681020 -0.653585
vn -0.296786 0.724801 -0.621757
vn -0.570794 0.704190 -0.422269
vn -0.742645 0.643544 -0.185282
vn -0.783318 0.621621 -0.000000
vn -0.742644 0.643545 0.185283
vn -0.570806 0.704196 0.422242
vn -0.296793 0.724811 0.621741
vn -0.330225 0.681029 0.653568
s 1
g head ear_screw_right
usemtl head_plateSG
f 1581/1813/1581 1655/1816/1582 1604/1966/1583 1648/1814/1584
f 1648/1971/1584 1604/1815/1583 1628/1818/1585 1594/1817/1586
f 1604/1815/1583 1688/1820/1587 1703/1819/1588 1628/1818/1585
f 1655/1816/1582 1689/1821/1589 1688/1965/1587 1604/1966/1583
f 1594/1817/1586 1628/1818/1585 1605/1823/1590 1649/1822/1591
f 1649/1822/1591 1605/1823/1590 1650/1825/1592 1582/1824/1593
f 1605/1823/1590 1702/1827/1594 1701/1826/1595 1650/1825/1592
f 1628/1818/1585 1703/1819/1588 1702/1827/1594 1605/1823/1590
f 1672/1828/1596 1629/1831/1597 1606/1830/1598 1673/1829/1599
f 1673/1829/1599 1606/1830/1598 1651/1833/1600 1674/1832/1601
f 1606/1830/1598 1652/1835/1602 1584/1834/1603 1651/1833/1600
f 1629/1831/1597 1595/1836/1604 1652/1835/1602 1606/1830/1598
f 1686/1837/1605 1654/1840/1606 1607/1839/1607 1687/1967/1608
f 1687/1838/1608 1607/1968/1607 1629/1831/1597 1672/1828/1596
f 1607/1968/1607 1653/1841/1609 1595/1836/1604 1629/1831/1597
f 1654/1840/1606 1583/1842/1610 1653/1981/1609 1607/1839/1607
f 1583/1842/1610 1661/1844/1611 1608/1980/1612 1653/1981/1609
f 1653/1841/1609 1608/1843/1612 1631/1845/1613 1595/1836/1604
f 1608/1843/1612 1634/1847/1614 1600/1846/1615 1631/1845/1613
f 1661/1844/1611 1589/1848/1616 1634/1979/1614 1608/1980/1612
f 1595/1836/1604 1631/1845/1613 1609/1849/1617 1652/1835/1602
f 1652/1835/1602 1609/1849/1617 1656/1850/1618 1584/1834/1603
f 1609/1849/1617 1632/1852/1619 1597/1851/1620 1656/1850/1618
f 1631/1845/1613 1600/1846/1615 1632/1852/1619 1609/1849/1617
f 1600/1846/1615 1633/1854/1621 1610/1853/1622 1632/1852/1619
f 1632/1852/1619 1610/1853/1622 1657/1855/1623 1597/1851/1620
f 1610/1853/1622 1658/1857/1624 1586/1856/1625 1657/1855/1623
f 1633/1854/1621 1598/1858/1626 1658/1857/1624 1610/1853/1622
f 1589/1848/1616 1660/1860/1627 1611/1978/1628 1634/1979/1614
f 1634/1847/1614 1611/1859/1628 1633/1854/1621 1600/1846/1615
f 1611/1859/1628 1659/1861/1629 1598/1858/1626 1633/1854/1621
f 1660/1860/1627 1585/1862/1630 1659/1977/1629 1611/1978/1628
f 1585/1862/1630 1667/1864/1631 1612/1970/1632 1659/1977/1629
f 1659/1861/1629 1612/1863/1632 1635/1865/1633 1598/1858/1626
f 1612/1863/1632 1681/1969/1634 1680/1866/1635 1635/1865/1633
f 1667/1864/1631 1682/1868/1636 1681/1867/1634 1612/1970/1632
f 1598/1858/1626 1635/1865/1633 1613/1869/1637 1658/1857/1624
f 1658/1857/1624 1613/1869/1637 1662/1870/1638 1586/1856/1625
f 1613/1869/1637 1679/1872/1639 1678/1871/1640 1662/1870/1638
f 1635/1865/1633 1680/1866/1635 1679/1872/1639 1613/1869/1637
f 1695/1873/1641 1636/1876/1642 1614/1875/1643 1696/1874/1644
f 1696/1874/1644 1614/1875/1643 1663/1878/1645 1697/1877/1646
f 1614/1875/1643 1664/1880/1647 1588/1879/1648 1663/1878/1645
f 1636/1876/1642 1590/1881/1649 1664/1880/1647 1614/1875/1643
f 1693/1882/1650 1666/1885/1651 1615/1884/1652 1694/1963/1653
f 1694/1883/1653 1615/1964/1652 1636/1876/1642 1695/1873/1641
f 1615/1964/1652 1665/1886/1654 1590/1881/1649 1636/1876/1642
f 1666/1885/1651 1587/1887/1655 1665/1975/1654 1615/1884/1652
f 1587/1887/1655 1671/1889/1656 1616/1974/1657 1665/1975/1654
f 1665/1886/1654 1616/1888/1657 1638/1890/1658 1590/1881/1649
f 1616/1888/1657 1641/1892/1659 1602/1891/1660 1638/1890/1658
f 1671/1889/1656 1593/1893/1661 1641/1973/1659 1616/1974/1657
f 1590/1881/1649 1638/1890/1658 1617/1894/1662 1664/1880/1647
f 1664/1880/1647 1617/1894/1662 1668/1895/1663 1588/1879/1648
f 1617/1894/1662 1639/1897/1664 1592/1896/1665 1668/1895/1663
f 1638/1890/1658 1602/1891/1660 1639/1897/1664 1617/1894/1662
f 1602/1891/1660 1640/1899/1666 1618/1898/1667 1639/1897/1664
f 1639/1897/1664 1618/1898/1667 1669/1900/1668 1592/1896/1665
f 1618/1898/1667 1649/1822/1591 1582/1824/1593 1669/1900/1668
f 1640/1899/1666 1594/1817/1586 1649/1822/1591 1618/1898/1667
f 1593/1893/1661 1670/1902/1669 1619/1972/1670 1641/1973/1659
f 1641/1892/1659 1619/1901/1670 1640/1899/1666 1602/1891/1660
f 1619/1901/1670 1648/1971/1584 1594/1817/1586 1640/1899/1666
f 1670/1902/1669 1581/1813/1581 1648/1814/1584 1619/1972/1670
f 1582/1824/1593 1650/1825/1592 1620/1903/1671 1669/1900/1668
f 1669/1900/1668 1620/1903/1671 1642/1904/1672 1592/1896/1665
f 1620/1903/1671 1700/1906/1673 1699/1905/1674 1642/1904/1672
f 1650/1825/1592 1701/1826/1595 1700/1906/1673 1620/1903/1671
f 1592/1896/1665 1642/1904/1672 1621/1907/1675 1668/1895/1663
f 1668/1895/1663 1621/1907/1675 1663/1878/1645 1588/1879/1648
f 1621/1907/1675 1698/1908/1676 1697/1877/1646 1663/1878/1645
f 1642/1904/1672 1699/1905/1674 1698/1908/1676 1621/1907/1675
f 1676/1909/1677 1643/1912/1678 1622/1911/1679 1677/1910/1680
f 1677/1910/1680 1622/1911/1679 1662/1870/1638 1678/1871/1640
f 1622/1911/1679 1657/1855/1623 1586/1856/1625 1662/1870/1638
f 1643/1912/1678 1597/1851/1620 1657/1855/1623 1622/1911/1679
f 1674/1832/1601 1651/1833/1600 1623/1914/1681 1675/1913/1682
f 1675/1913/1682 1623/1914/1681 1643/1912/1678 1676/1909/1677
f 1623/1914/1681 1656/1850/1618 1597/1851/1620 1643/1912/1678
f 1651/1833/1600 1584/1834/1603 1656/1850/1618 1623/1914/1681
f 1587/1887/1655 1666/1885/1651 1624/1915/1683 1671/1889/1656
f 1671/1889/1656 1624/1915/1683 1644/1916/1684 1593/1893/1661
f 1624/1915/1683 1692/1918/1685 1691/1917/1686 1644/1916/1684
f 1666/1885/1651 1693/1882/1650 1692/1918/1685 1624/1915/1683
f 1593/1893/1661 1644/1916/1684 1625/1919/1687 1670/1902/1669
f 1670/1902/1669 1625/1919/1687 1655/1816/1582 1581/1813/1581
f 1625/1919/1687 1690/1920/1688 1689/1821/1589 1655/1816/1582
f 1644/1916/1684 1691/1917/1686 1690/1920/1688 1625/1919/1687
f 1684/1921/1689 1646/1924/1690 1626/1923/1691 1685/1922/1692
f 1685/1922/1692 1626/1923/1691 1654/1840/1606 1686/1837/1605
f 1626/1923/1691 1661/1844/1611 1583/1842/1610 1654/1840/1606
f 1646/1924/1690 1589/1848/1616 1661/1844/1611 1626/1923/1691
f 1682/1868/1636 1667/1864/1631 1627/1926/1693 1683/1925/1694
f 1683/1925/1694 1627/1926/1693 1646/1924/1690 1684/1921/1689
f 1627/1926/1693 1660/1860/1627 1589/1848/1616 1646/1924/1690
f 1667/1864/1631 1585/1862/1630 1660/1860/1627 1627/1926/1693
f 1705/1927/1695 1707/1930/1696 1706/1929/1697 1704/1928/1698
f 1704/1928/1698 1706/1929/1697 1709/1932/1699 1708/1931/1700
f 1708/1931/1700 1709/1932/1699 1711/1934/1701 1710/1933/1702
f 1710/1933/1702 1711/1934/1701 1713/1936/1703 1712/1935/1704
f 1712/1935/1704 1713/1936/1703 1715/1938/1705 1714/1937/1706
f 1714/1937/1706 1715/1938/1705 1717/1940/1707 1716/1939/1708
f 1718/1941/1709 1719/1942/1710 1716/1939/1708 1717/1940/1707
f 1720/1943/1711 1721/1944/1712 1719/1942/1710 1718/1941/1709
f 1681/1969/1634 1637/1946/1713 1601/1945/1714 1680/1866/1635
f 1682/1868/1636 1591/1947/1715 1637/1976/1713 1681/1867/1634
f 1591/1947/1715 1682/1868/1636 1683/1925/1694 1647/1948/1716
f 1647/1948/1716 1683/1925/1694 1684/1921/1689 1603/1949/1717
f 1603/1949/1717 1684/1921/1689 1685/1922/1692 1645/1950/1718
f 1645/1950/1718 1685/1922/1692 1686/1837/1605 1596/1951/1719
f 1596/1951/1719 1686/1837/1605 1687/1967/1608 1630/1982/1720
f 1630/1952/1720 1687/1838/1608 1672/1828/1596 1599/1953/1721
f 1689/1821/1589 1596/1951/1719 1630/1982/1720 1688/1965/1587
f 1690/1920/1688 1645/1950/1718 1596/1951/1719 1689/1821/1589
f 1691/1917/1686 1603/1949/1717 1645/1950/1718 1690/1920/1688
f 1692/1918/1685 1647/1948/1716 1603/1949/1717 1691/1917/1686
f 1693/1882/1650 1591/1947/1715 1647/1948/1716 1692/1918/1685
f 1591/1947/1715 1693/1882/1650 1694/1963/1653 1637/1976/1713
f 1637/1946/1713 1694/1883/1653 1695/1873/1641 1601/1945/1714
f 1721/1944/1712 1723/1955/1722 1722/1954/1723 1719/1942/1710
f 1719/1942/1710 1722/1954/1723 1724/1956/1724 1716/1939/1708
f 1725/1957/1725 1714/1937/1706 1716/1939/1708 1724/1956/1724
f 1726/1958/1726 1712/1935/1704 1714/1937/1706 1725/1957/1725
f 1727/1959/1727 1710/1933/1702 1712/1935/1704 1726/1958/1726
f 1728/1960/1728 1708/1931/1700 1710/1933/1702 1727/1959/1727
f 1729/1961/1729 1704/1928/1698 1708/1931/1700 1728/1960/1728
f 1730/1962/1730 1705/1927/1695 1704/1928/1698 1729/1961/1729
f 1688/1820/1587 1630/1952/1720 1599/1953/1721 1703/1819/1588
f 1673/1829/1599 1706/1929/1697 1707/1930/1696 1672/1828/1596
f 1672/1828/1596 1707/1930/1696 1705/1927/1695 1599/1953/1721
f 1674/1832/1601 1709/1932/1699 1706/1929/1697 1673/1829/1599
f 1675/1913/1682 1711/1934/1701 1709/1932/1699 1674/1832/1601
f 1676/1909/1677 1713/1936/1703 1711/1934/1701 1675/1913/1682
f 1677/1910/1680 1715/1938/1705 1713/1936/1703 1676/1909/1677
f 1678/1871/1640 1717/1940/1707 1715/1938/1705 1677/1910/1680
f 1679/1872/1639 1718/1941/1709 1717/1940/1707 1678/1871/1640
f 1680/1866/1635 1720/1943/1711 1718/1941/1709 1679/1872/1639
f 1601/1945/1714 1721/1944/1712 1720/1943/1711 1680/1866/1635
f 1696/1874/1644 1722/1954/1723 1723/1955/1722 1695/1873/1641
f 1695/1873/1641 1723/1955/1722 1721/1944/1712 1601/1945/1714
f 1697/1877/1646 1724/1956/1724 1722/1954/1723 1696/1874/1644
f 1698/1908/1676 1725/1957/1725 1724/1956/1724 1697/1877/1646
f 1699/1905/1674 1726/1958/1726 1725/1957/1725 1698/1908/1676
f 1700/1906/1673 1727/1959/1727 1726/1958/1726 1699/1905/1674
f 1701/1826/1595 1728/1960/1728 1727/1959/1727 1700/1906/1673
f 1702/1827/1594 1729/1961/1729 1728/1960/1728 1701/1826/1595
f 1703/1819/1588 1730/1962/1730 1729/1961/1729 1702/1827/1594
f 1599/1953/1721 1705/1927/1695 1730/1962/1730 1703/1819/1588
g default
v 0.005632 -0.026036 0.333072
v 0.005632 0.188329 0.439397
v 0.005632 0.072343 0.406872
v 0.005632 -0.105197 0.231301
v 0.005632 0.279104 0.436501
v 0.005632 -0.035054 0.342184
v 0.005632 0.066721 0.418379
v 0.005632 0.186860 0.452136
v 0.005632 0.280521 0.449276
v 0.005632 -0.113735 0.236954
v -0.126939 0.086352 0.388172
v -0.129930 -0.081286 0.223576
v -0.124596 0.198168 0.417461
v -0.128961 -0.007342 0.319041
v -0.062630 -0.099103 0.229332
v -0.061662 -0.021305 0.329522
v -0.060388 0.075864 0.402171
v -0.059212 0.190796 0.433897
v -0.189458 0.203195 0.385852
v -0.189958 0.107202 0.359502
v -0.191396 0.024496 0.298099
v -0.191760 -0.045687 0.209910
v -0.187545 0.301574 0.382503
v -0.124042 0.310067 0.413088
v -0.058972 0.286548 0.430872
v -0.064407 -0.030107 0.338460
v -0.063176 0.070396 0.413450
v -0.198504 0.017106 0.305828
v -0.196652 0.102451 0.369376
v -0.195707 0.201945 0.397000
v -0.061788 0.189394 0.446398
v -0.061181 0.287992 0.443439
v -0.193949 0.303035 0.393536
v -0.065410 -0.105857 0.234847
v -0.199114 -0.055128 0.214566
v -0.135039 -0.091859 0.228769
v -0.133835 -0.015624 0.327558
v -0.131619 0.081196 0.398961
v -0.129073 0.196890 0.429428
v -0.128392 0.311482 0.425086
v 0.005632 -0.136377 0.117565
v 0.005632 -0.132803 0.119626
v 0.005632 0.344557 0.427058
v 0.005632 0.348085 0.429466
v 0.005632 -0.145209 0.122899
v 0.005632 -0.143151 0.119330
v 0.005632 0.349257 0.436055
v 0.005632 0.346824 0.439720
v -0.246529 0.062017 0.274423
v -0.250606 0.061931 0.275139
v -0.242332 0.131195 0.323594
v -0.246387 0.131118 0.324387
v -0.239828 0.206852 0.342597
v -0.243837 0.206703 0.343575
v -0.244332 0.286498 0.343575
v -0.248405 0.286210 0.344515
v -0.245548 -0.004586 0.193670
v -0.249638 -0.004957 0.194025
v -0.113577 0.410238 0.383023
v -0.114412 0.413870 0.385293
v -0.059422 0.359044 0.413979
v -0.059925 0.362643 0.416333
v -0.233373 0.347307 0.329234
v -0.237165 0.349261 0.329128
v -0.182843 0.400170 0.354265
v -0.184280 0.403862 0.356357
v -0.191843 -0.069047 0.113039
v -0.193515 -0.072052 0.110770
v -0.130636 -0.106989 0.118333
v -0.131880 -0.110267 0.116150
v -0.063573 -0.123902 0.119293
v -0.064242 -0.127392 0.117199
v -0.254759 0.058134 0.279127
v -0.254231 0.054992 0.281810
v -0.249528 0.126558 0.332985
v -0.250250 0.128629 0.329421
v -0.246479 0.205546 0.353355
v -0.247432 0.206002 0.349324
v -0.251353 0.288035 0.354139
v -0.252231 0.287038 0.350202
v -0.066373 -0.135994 0.122450
v -0.065748 -0.133985 0.118905
v -0.197504 -0.077624 0.112130
v -0.199171 -0.079262 0.115531
v -0.253363 -0.013497 0.198096
v -0.253829 -0.009671 0.196369
v -0.135828 -0.118257 0.121161
v -0.134630 -0.116375 0.117685
v -0.241246 0.350074 0.338832
v -0.241268 0.350650 0.334530
v -0.189432 0.402556 0.364957
v -0.187726 0.405086 0.361942
v -0.117806 0.412587 0.394833
v -0.116682 0.415064 0.391635
v -0.061453 0.361437 0.426399
v -0.060984 0.363878 0.422838
v -0.236999 -0.021490 0.122363
v -0.234592 -0.028609 0.111245
v -0.227173 -0.039186 0.107932
v -0.231383 -0.039655 0.105454
v -0.238845 -0.029047 0.108738
v -0.241271 -0.021922 0.119798
v -0.236732 -0.047219 0.110841
v -0.244218 -0.036564 0.114083
v -0.246639 -0.029402 0.125067
v -0.246516 -0.026202 0.121344
v -0.244115 -0.033363 0.110304
v -0.236661 -0.043979 0.107030
v 0.138203 0.086352 0.388172
v 0.141194 -0.081286 0.223576
v 0.135860 0.198168 0.417461
v 0.140225 -0.007342 0.319041
v 0.073894 -0.099103 0.229332
v 0.072926 -0.021305 0.329522
v 0.071653 0.075864 0.402171
v 0.070476 0.190796 0.433897
v 0.200723 0.203195 0.385852
v 0.201222 0.107202 0.359502
v 0.202660 0.024496 0.298099
v 0.203024 -0.045687 0.209910
v 0.198809 0.301574 0.382503
v 0.135306 0.310067 0.413088
v 0.070236 0.286548 0.430872
v 0.075671 -0.030107 0.338460
v 0.074440 0.070396 0.413450
v 0.209768 0.017106 0.305828
v 0.207916 0.102451 0.369376
v 0.206972 0.201945 0.397000
v 0.073052 0.189394 0.446398
v 0.072445 0.287992 0.443439
v 0.205213 0.303035 0.393536
v 0.076675 -0.105857 0.234847
v 0.210378 -0.055128 0.214566
v 0.146303 -0.091859 0.228769
v 0.145099 -0.015624 0.327558
v 0.142883 0.081196 0.398961
v 0.140337 0.196890 0.429428
v 0.139656 0.311482 0.425086
v 0.257793 0.062017 0.274423
v 0.261871 0.061931 0.275139
v 0.253596 0.131195 0.323594
v 0.257651 0.131118 0.324387
v 0.251092 0.206852 0.342597
v 0.255101 0.206703 0.343575
v 0.255596 0.286498 0.343575
v 0.259669 0.286210 0.344515
v 0.256812 -0.004586 0.193670
v 0.260902 -0.004957 0.194025
v 0.124841 0.410238 0.383023
v 0.125676 0.413870 0.385293
v 0.070686 0.359044 0.413979
v 0.071189 0.362643 0.416333
v 0.244637 0.347307 0.329234
v 0.248429 0.349261 0.329128
v 0.194107 0.400170 0.354265
v 0.195544 0.403862 0.356357
v 0.203107 -0.069047 0.113039
v 0.204779 -0.072052 0.110770
v 0.141901 -0.106989 0.118333
v 0.143144 -0.110267 0.116150
v 0.074837 -0.123902 0.119293
v 0.075506 -0.127392 0.117199
v 0.266023 0.058134 0.279127
v 0.265496 0.054992 0.281810
v 0.260792 0.126558 0.332985
v 0.261514 0.128629 0.329421
v 0.257743 0.205546 0.353355
v 0.258696 0.206002 0.349324
v 0.262617 0.288035 0.354139
v 0.263495 0.287038 0.350202
v 0.077637 -0.135994 0.122450
v 0.077012 -0.133985 0.118905
v 0.208769 -0.077624 0.112130
v 0.210435 -0.079262 0.115531
v 0.264627 -0.013497 0.198096
v 0.265093 -0.009671 0.196369
v 0.147092 -0.118257 0.121161
v 0.145894 -0.116375 0.117685
v 0.252510 0.350074 0.338832
v 0.252532 0.350650 0.334530
v 0.200696 0.402556 0.364957
v 0.198990 0.405086 0.361942
v 0.129070 0.412587 0.394833
v 0.127946 0.415064 0.391635
v 0.072717 0.361437 0.426399
v 0.072249 0.363878 0.422838
v 0.248263 -0.021490 0.122363
v 0.245856 -0.028609 0.111245
v 0.238437 -0.039186 0.107932
v 0.242647 -0.039655 0.105454
v 0.250109 -0.029047 0.108738
v 0.252536 -0.021922 0.119798
v 0.247996 -0.047219 0.110841
v 0.255482 -0.036564 0.114083
v 0.257903 -0.029402 0.125067
v 0.257780 -0.026202 0.121344
v 0.255379 -0.033363 0.110304
v 0.247925 -0.043979 0.107030
vt 0.634758 0.229316
vt 0.635121 0.249676
vt 0.624047 0.250014
vt 0.623382 0.229831
vt 0.635481 0.269907
vt 0.624373 0.270075
vt 0.635760 0.285589
vt 0.624102 0.286499
vt 0.634379 0.208043
vt 0.622499 0.208982
vt 0.611722 0.230853
vt 0.610700 0.210358
vt 0.612635 0.250521
vt 0.612853 0.270115
vt 0.612011 0.288890
vt 0.599568 0.285867
vt 0.600411 0.268957
vt 0.600494 0.251400
vt 0.599432 0.233036
vt 0.598283 0.212932
vt 0.516917 0.261872
vt 0.505748 0.261472
vt 0.506323 0.241778
vt 0.517107 0.242041
vt 0.506496 0.222228
vt 0.517295 0.222360
vt 0.506070 0.206236
vt 0.517441 0.207113
vt 0.516717 0.282871
vt 0.505096 0.282200
vt 0.493368 0.280563
vt 0.494234 0.260552
vt 0.495082 0.241288
vt 0.495195 0.222091
vt 0.494161 0.203546
vt 0.483065 0.223054
vt 0.482005 0.206258
vt 0.483195 0.240325
vt 0.482171 0.258422
vt 0.481135 0.278184
vt 0.516529 0.302554
vt 0.620407 0.187630
vt 0.503486 0.300918
vt 0.516536 0.301850
vt 0.517550 0.195680
vt 0.504562 0.193595
vt 0.622685 0.301323
vt 0.635999 0.299014
vt 0.634033 0.188626
vt 0.620576 0.189479
vt 0.620520 0.188787
vt 0.634021 0.187938
vt 0.635979 0.297879
vt 0.622436 0.300191
vt 0.622546 0.299434
vt 0.635966 0.297140
vt 0.470517 0.255532
vt 0.469369 0.275432
vt 0.468680 0.275291
vt 0.585919 0.235991
vt 0.587297 0.252479
vt 0.471848 0.239226
vt 0.587321 0.267477
vt 0.471990 0.224368
vt 0.585959 0.282096
vt 0.470179 0.209836
vt 0.585666 0.294154
vt 0.470174 0.198633
vt 0.492389 0.186042
vt 0.479454 0.188889
vt 0.595863 0.304438
vt 0.609313 0.307973
vt 0.477943 0.294987
vt 0.490660 0.298817
vt 0.607269 0.190533
vt 0.594177 0.194280
vt 0.587066 0.235892
vt 0.586022 0.215953
vt 0.586707 0.215808
vt 0.587750 0.235762
vt 0.589124 0.252328
vt 0.588434 0.252403
vt 0.589177 0.267622
vt 0.588471 0.267564
vt 0.587793 0.282302
vt 0.587111 0.282156
vt 0.587370 0.293352
vt 0.586701 0.293666
vt 0.607619 0.192331
vt 0.607506 0.191653
vt 0.594517 0.195396
vt 0.594689 0.196081
vt 0.596567 0.302766
vt 0.596395 0.303471
vt 0.609417 0.306153
vt 0.609301 0.306861
vt 0.470037 0.292535
vt 0.469314 0.292980
vt 0.583232 0.199658
vt 0.468281 0.290970
vt 0.582550 0.202408
vt 0.467993 0.288664
vt 0.584460 0.202892
vt 0.583714 0.202495
vt 0.584196 0.200201
vt 0.584861 0.200600
vt 0.585847 0.198556
vt 0.586535 0.199046
vt 0.646145 0.229426
vt 0.646199 0.249619
vt 0.646588 0.269679
vt 0.647444 0.286083
vt 0.646285 0.208558
vt 0.658125 0.209514
vt 0.657834 0.230032
vt 0.657622 0.249720
vt 0.658102 0.269309
vt 0.659611 0.288042
vt 0.670495 0.267709
vt 0.671939 0.284577
vt 0.669786 0.250165
vt 0.670194 0.231776
vt 0.670626 0.211644
vt 0.527894 0.241984
vt 0.528093 0.261685
vt 0.528094 0.222434
vt 0.528826 0.206453
vt 0.528348 0.282422
vt 0.539622 0.260986
vt 0.540106 0.281010
vt 0.539142 0.241709
vt 0.539396 0.222513
vt 0.540785 0.203991
vt 0.552886 0.206935
vt 0.551506 0.223708
vt 0.551046 0.240973
vt 0.551724 0.259087
vt 0.552382 0.278865
vt 0.529600 0.301168
vt 0.647614 0.187146
vt 0.649387 0.300847
vt 0.530576 0.193843
vt 0.647544 0.188306
vt 0.647512 0.188999
vt 0.649459 0.298954
vt 0.649596 0.299707
vt 0.563431 0.256420
vt 0.683803 0.234248
vt 0.684105 0.214320
vt 0.564198 0.276338
vt 0.562411 0.240092
vt 0.683014 0.250774
vt 0.562554 0.225234
vt 0.683523 0.265764
vt 0.564642 0.210739
vt 0.685405 0.280324
vt 0.564861 0.199538
vt 0.686128 0.292364
vt 0.542891 0.186524
vt 0.662987 0.307017
vt 0.676304 0.303006
vt 0.555769 0.189618
vt 0.555252 0.295726
vt 0.555396 0.296415
vt 0.660848 0.189579
vt 0.542464 0.299312
vt 0.682653 0.234190
vt 0.681965 0.234083
vt 0.682297 0.214105
vt 0.682986 0.214226
vt 0.681875 0.250739
vt 0.681182 0.250688
vt 0.682377 0.265891
vt 0.681674 0.265974
vt 0.684256 0.280425
vt 0.683580 0.280596
vt 0.685077 0.291914
vt 0.684396 0.291623
vt 0.660651 0.190706
vt 0.660562 0.191388
vt 0.673765 0.193984
vt 0.673618 0.194675
vt 0.675737 0.302058
vt 0.675540 0.301360
vt 0.662960 0.305905
vt 0.662819 0.305202
vt 0.563203 0.293425
vt 0.564989 0.291894
vt 0.685194 0.197842
vt 0.683002 0.195767
vt 0.565321 0.289594
vt 0.566120 0.289928
vt 0.684082 0.201117
vt 0.683600 0.198842
vt 0.684250 0.198418
vt 0.684814 0.200694
vt 0.681872 0.197347
vt 0.682542 0.196833
vt 0.564890 0.276211
vt 0.685974 0.200566
vt 0.563918 0.293884
vt 0.674065 0.192857
vt 0.565727 0.292304
vt 0.542581 0.300007
vt 0.529665 0.301868
vt 0.555971 0.188875
vt 0.565549 0.199262
vt 0.530555 0.193091
vt 0.542903 0.185767
vt 0.565336 0.210908
vt 0.563255 0.225298
vt 0.563117 0.240055
vt 0.564129 0.256301
vt 0.517557 0.194950
vt 0.634000 0.186766
vt 0.584908 0.216087
vt 0.467188 0.288982
vt 0.585349 0.197506
vt 0.477786 0.295674
vt 0.467536 0.291365
vt 0.490530 0.299510
vt 0.503408 0.301617
vt 0.479266 0.188142
vt 0.469492 0.198344
vt 0.504597 0.192843
vt 0.492392 0.185284
vt 0.469482 0.209992
vt 0.471288 0.224419
vt 0.471144 0.239176
vt 0.469821 0.255400
vn 0.000000 -0.711725 0.702458
vn 0.000000 -0.445519 0.895273
vn -0.170159 -0.434590 0.884408
vn -0.166402 -0.698905 0.695588
vn 0.000000 -0.142964 0.989728
vn -0.170842 -0.131698 0.976457
vn -0.000000 0.091411 0.995813
vn -0.173811 0.108639 0.978768
vn 0.000000 -0.897285 0.441451
vn -0.169747 -0.882641 0.438328
vn -0.373313 -0.651869 0.660079
vn -0.376908 -0.829000 0.413158
vn -0.362600 -0.403748 0.839945
vn -0.348645 -0.105997 0.931242
vn -0.344319 0.167246 0.923836
vn -0.510435 0.148768 0.846950
vn -0.522602 -0.095164 0.847249
vn -0.541095 -0.356244 0.761778
vn -0.558220 -0.575193 0.597950
vn -0.580842 -0.724743 0.370634
vn -0.000000 0.704275 -0.709927
vn 0.169355 0.692403 -0.701354
vn 0.169858 0.434794 -0.884365
vn -0.000000 0.445839 -0.895113
vn 0.170660 0.130392 -0.976664
vn -0.000000 0.141489 -0.989940
vn 0.173480 -0.109795 -0.978698
vn -0.000000 -0.093013 -0.995665
vn -0.000000 0.897791 -0.440422
vn 0.177339 0.883085 -0.434410
vn 0.389204 0.824083 -0.411591
vn 0.378194 0.647893 -0.661214
vn 0.362531 0.403830 -0.839936
vn 0.348577 0.104734 -0.931410
vn 0.344171 -0.169146 -0.923545
vn 0.523474 0.093916 -0.846850
vn 0.511346 -0.149866 -0.846206
vn 0.542076 0.355935 -0.761225
vn 0.559117 0.574483 -0.597793
vn 0.581782 0.724386 -0.369859
vn -0.000000 0.002345 -0.999997
vn 0.015483 0.022808 -0.999620
vn 0.179493 0.950743 -0.252725
vn -0.000000 0.966200 -0.257793
vn 0.000000 -0.152686 -0.988275
vn 0.199072 -0.213919 -0.956352
vn 0.560430 0.774500 -0.293374
vn 0.000000 0.897864 -0.440273
vn 0.000000 -0.970790 0.239931
vn -0.172874 -0.957766 0.229780
vn -0.087795 -0.515719 -0.852248
vn -0.000000 -0.537026 -0.843566
vn 0.000000 0.982235 0.187656
vn 0.399255 0.887441 0.230313
vn -0.173134 0.265831 0.948345
vn -0.000000 0.216611 0.976258
vn 0.590938 0.549399 -0.590722
vn 0.621799 0.690961 -0.368698
vn -0.574059 0.710406 -0.407161
vn -0.609869 0.555123 -0.565595
vn -0.647223 0.350123 -0.677139
vn 0.599519 0.332978 -0.727807
vn -0.658782 0.088715 -0.747085
vn 0.592138 0.096634 -0.800021
vn -0.663532 -0.045564 -0.746759
vn 0.581557 -0.109386 -0.806118
vn -0.506819 0.363601 -0.781620
vn 0.574852 -0.236645 -0.783291
vn 0.382073 -0.231184 -0.894748
vn 0.468184 -0.236547 -0.851381
vn -0.135386 0.808546 -0.572647
vn 0.408604 0.852549 -0.325888
vn 0.587442 0.781636 -0.209659
vn 0.387611 0.889073 -0.243531
vn 0.053729 0.005747 -0.998539
vn 0.101942 -0.002009 -0.994788
vn -0.947182 0.236940 -0.216114
vn -0.940273 0.281598 -0.191285
vn -0.671967 -0.654894 0.345795
vn -0.648725 -0.517273 0.558197
vn -0.651267 -0.313200 0.691200
vn -0.963843 0.156120 -0.215948
vn -0.644554 -0.093004 0.758881
vn -0.969460 0.019928 -0.244440
vn -0.638186 0.107250 0.762376
vn -0.962104 0.003478 -0.272662
vn -0.642426 0.279373 0.713610
vn -0.797892 0.466657 -0.381574
vn -0.376839 -0.903540 0.203978
vn -0.165272 -0.494920 -0.853076
vn -0.223586 -0.444164 -0.867599
vn -0.588271 -0.791922 0.163695
vn -0.492878 0.308940 0.813405
vn -0.397998 0.910477 -0.112381
vn -0.342910 0.316586 0.884413
vn 0.230048 0.962515 0.143676
vn 0.664498 0.724993 -0.181182
vn 0.032377 -0.007136 -0.999450
vn -0.238565 0.527358 -0.815464
vn 0.662183 0.730219 -0.168207
vn -0.482237 0.820677 -0.306492
vn 0.645459 0.745553 -0.165931
vn -0.687305 -0.709705 0.154694
vn -0.850583 0.471102 -0.233606
vn -0.735147 0.125916 -0.666111
vn -0.672535 -0.723241 0.156903
vn -0.319040 -0.342234 -0.883792
vn -0.668146 -0.730046 0.143577
vn 0.166402 -0.698905 0.695588
vn 0.170159 -0.434590 0.884408
vn 0.170842 -0.131698 0.976457
vn 0.173811 0.108639 0.978768
vn 0.169747 -0.882641 0.438328
vn 0.376908 -0.829000 0.413158
vn 0.373313 -0.651869 0.660079
vn 0.362600 -0.403748 0.839945
vn 0.348645 -0.105997 0.931242
vn 0.344319 0.167246 0.923836
vn 0.522602 -0.095164 0.847249
vn 0.510435 0.148768 0.846950
vn 0.541095 -0.356244 0.761778
vn 0.558220 -0.575193 0.597949
vn 0.580842 -0.724743 0.370634
vn -0.169858 0.434794 -0.884365
vn -0.169355 0.692403 -0.701354
vn -0.170660 0.130392 -0.976664
vn -0.173480 -0.109795 -0.978698
vn -0.177339 0.883085 -0.434410
vn -0.378194 0.647893 -0.661214
vn -0.389204 0.824083 -0.411591
vn -0.362531 0.403830 -0.839936
vn -0.348577 0.104734 -0.931410
vn -0.344171 -0.169146 -0.923545
vn -0.511346 -0.149866 -0.846206
vn -0.523474 0.093915 -0.846850
vn -0.542076 0.355935 -0.761225
vn -0.559118 0.574483 -0.597793
vn -0.581782 0.724386 -0.369859
vn -0.179493 0.950743 -0.252725
vn -0.015483 0.022808 -0.999620
vn -0.560430 0.774499 -0.293376
vn -0.199072 -0.213919 -0.956352
vn 0.087795 -0.515719 -0.852248
vn 0.172874 -0.957766 0.229780
vn 0.173134 0.265831 0.948345
vn -0.399256 0.887441 0.230312
vn -0.590938 0.549399 -0.590722
vn 0.609871 0.555122 -0.565595
vn 0.574058 0.710407 -0.407161
vn -0.621800 0.690961 -0.368698
vn -0.599518 0.332978 -0.727807
vn 0.647223 0.350122 -0.677139
vn -0.592138 0.096634 -0.800021
vn 0.658781 0.088716 -0.747086
vn -0.581556 -0.109387 -0.806118
vn 0.663532 -0.045564 -0.746759
vn -0.574852 -0.236645 -0.783291
vn 0.506819 0.363600 -0.781620
vn -0.382073 -0.231184 -0.894748
vn -0.408605 0.852548 -0.325890
vn 0.135384 0.808545 -0.572649
vn -0.468184 -0.236547 -0.851381
vn -0.587442 0.781636 -0.209659
vn -0.101941 -0.002009 -0.994788
vn -0.053728 0.005746 -0.998539
vn -0.387611 0.889073 -0.243531
vn 0.947182 0.236940 -0.216114
vn 0.648726 -0.517272 0.558197
vn 0.671967 -0.654894 0.345795
vn 0.940272 0.281601 -0.191285
vn 0.963844 0.156119 -0.215943
vn 0.651267 -0.313199 0.691200
vn 0.969461 0.019928 -0.244436
vn 0.644554 -0.093004 0.758881
vn 0.962104 0.003478 -0.272662
vn 0.638186 0.107250 0.762376
vn 0.797891 0.466659 -0.381576
vn 0.642427 0.279373 0.713610
vn 0.165272 -0.494921 -0.853076
vn 0.376840 -0.903540 0.203979
vn 0.223586 -0.444164 -0.867599
vn 0.588271 -0.791922 0.163696
vn 0.397998 0.910476 -0.112385
vn 0.492878 0.308940 0.813405
vn -0.230049 0.962515 0.143677
vn 0.342910 0.316586 0.884413
vn -0.664498 0.724993 -0.181182
vn -0.662184 0.730219 -0.168207
vn 0.238563 0.527359 -0.815463
vn -0.032378 -0.007135 -0.999450
vn -0.645459 0.745553 -0.165931
vn 0.482233 0.820679 -0.306492
vn 0.687305 -0.709705 0.154695
vn 0.672535 -0.723241 0.156904
vn 0.735144 0.125921 -0.666114
vn 0.850579 0.471108 -0.233607
vn 0.668145 -0.730046 0.143578
vn 0.319040 -0.342234 -0.883793
s 1
g head head_plate
usemtl head_plateSG
f 1736/1983/1731 1737/1984/1732 1757/1985/1733 1756/1986/1734
f 1737/1984/1732 1738/1987/1735 1761/1988/1736 1757/1985/1733
f 1738/1987/1735 1739/1989/1737 1762/1990/1738 1761/1988/1736
f 1740/1991/1739 1736/1983/1731 1756/1986/1734 1764/1992/1740
f 1756/1986/1734 1767/1993/1741 1766/1994/1742 1764/1992/1740
f 1757/1985/1733 1768/1995/1743 1767/1993/1741 1756/1986/1734
f 1761/1988/1736 1769/1996/1744 1768/1995/1743 1757/1985/1733
f 1762/1990/1738 1770/1997/1745 1769/1996/1744 1761/1988/1736
f 1769/1996/1744 1770/1997/1745 1763/1998/1746 1760/1999/1747
f 1768/1995/1743 1769/1996/1744 1760/1999/1747 1759/2000/1748
f 1767/1993/1741 1768/1995/1743 1759/2000/1748 1758/2001/1749
f 1766/1994/1742 1767/1993/1741 1758/2001/1749 1765/2002/1750
f 1731/2003/1751 1746/2004/1752 1747/2005/1753 1733/2006/1754
f 1733/2006/1754 1747/2005/1753 1748/2007/1755 1732/2008/1756
f 1732/2008/1756 1748/2007/1755 1755/2009/1757 1735/2010/1758
f 1734/2011/1759 1745/2012/1760 1746/2004/1752 1731/2003/1751
f 1746/2004/1752 1745/2012/1760 1742/2013/1761 1744/2014/1762
f 1747/2005/1753 1746/2004/1752 1744/2014/1762 1741/2015/1763
f 1748/2007/1755 1747/2005/1753 1741/2015/1763 1743/2016/1764
f 1755/2009/1757 1748/2007/1755 1743/2016/1764 1754/2017/1765
f 1743/2016/1764 1749/2018/1766 1753/2019/1767 1754/2017/1765
f 1741/2015/1763 1750/2020/1768 1749/2018/1766 1743/2016/1764
f 1744/2014/1762 1751/2021/1769 1750/2020/1768 1741/2015/1763
f 1742/2013/1761 1752/2022/1770 1751/2021/1769 1744/2014/1762
f 1771/2023/1771 1802/2204/1772 1801/2025/1773 1772/2026/1774
f 1773/2027/1775 1791/2028/1776 1792/2207/1777 1774/2196/1778
f 1775/2031/1779 1811/2032/1780 1812/2033/1781 1776/2034/1782
f 1777/2035/1783 1826/2036/1784 1825/2037/1785 1778/2038/1786
f 1779/2039/1787 1787/2040/1788 1788/2041/1789 1780/2212/1790
f 1780/2212/1790 1782/2211/1791 1781/2044/1792 1779/2039/1787
f 1782/2211/1791 1784/2210/1793 1783/2046/1794 1781/2044/1792
f 1784/2210/1793 1786/2209/1795 1785/2048/1796 1783/2046/1794
f 1786/2209/1795 1794/2206/1797 1793/2050/1798 1785/2048/1796
f 1789/2051/1799 1795/2052/1800 1796/2205/1801 1790/2208/1802
f 1790/2208/1802 1792/2207/1777 1791/2028/1776 1789/2051/1799
f 1794/2206/1797 1796/2205/1801 1795/2052/1800 1793/2050/1798
f 1797/2055/1803 1799/2056/1804 1800/2203/1805 1798/2201/1806
f 1799/2056/1804 1801/2025/1773 1802/2204/1772 1800/2203/1805
f 1803/2059/1807 1816/2060/1808 1815/2061/1809 1804/2062/1810
f 1804/2062/1810 1805/2063/1811 1806/2064/1812 1803/2059/1807
f 1805/2063/1811 1807/2065/1813 1808/2066/1814 1806/2064/1812
f 1807/2065/1813 1809/2067/1815 1810/2068/1816 1808/2066/1814
f 1809/2067/1815 1819/2069/1817 1820/2070/1818 1810/2068/1816
f 1811/2032/1780 1817/2071/1819 1818/2072/1820 1812/2033/1781
f 1813/2073/1821 1818/2072/1820 1817/2071/1819 1814/2074/1822
f 1819/2069/1817 1821/2075/1823 1822/2076/1824 1820/2070/1818
f 1821/2075/1823 1823/2077/1825 1824/2078/1826 1822/2076/1824
f 1823/2077/1825 1825/2037/1785 1826/2036/1784 1824/2078/1826
f 1758/2001/1749 1759/2000/1748 1805/2063/1811 1804/2062/1810
f 1759/2000/1748 1760/1999/1747 1807/2065/1813 1805/2063/1811
f 1760/1999/1747 1763/1998/1746 1809/2067/1815 1807/2065/1813
f 1775/2031/1779 1740/1991/1739 1764/1992/1740 1811/2032/1780
f 1765/2002/1750 1758/2001/1749 1804/2062/1810 1815/2061/1809
f 1811/2032/1780 1764/1992/1740 1766/1994/1742 1817/2071/1819
f 1817/2071/1819 1766/1994/1742 1765/2002/1750 1814/2074/1822
f 1763/1998/1746 1821/2075/1823 1819/2069/1817 1809/2067/1815
f 1770/1997/1745 1823/2077/1825 1821/2075/1823 1763/1998/1746
f 1825/2037/1785 1823/2077/1825 1770/1997/1745 1762/1990/1738
f 1739/1989/1737 1778/2038/1786 1825/2037/1785 1762/1990/1738
f 1751/2021/1769 1779/2039/1787 1781/2044/1792 1750/2020/1768
f 1750/2020/1768 1781/2044/1792 1783/2046/1794 1749/2018/1766
f 1749/2018/1766 1783/2046/1794 1785/2048/1796 1753/2019/1767
f 1772/2026/1774 1801/2025/1773 1745/2012/1760 1734/2011/1759
f 1752/2022/1770 1787/2040/1788 1779/2039/1787 1751/2021/1769
f 1801/2025/1773 1799/2056/1804 1742/2013/1761 1745/2012/1760
f 1799/2056/1804 1797/2055/1803 1752/2022/1770 1742/2013/1761
f 1753/2019/1767 1785/2048/1796 1793/2050/1798 1795/2052/1800
f 1754/2017/1765 1753/2019/1767 1795/2052/1800 1789/2051/1799
f 1791/2028/1776 1755/2009/1757 1754/2017/1765 1789/2051/1799
f 1735/2010/1758 1755/2009/1757 1791/2028/1776 1773/2027/1775
f 1780/2042/1790 1803/2059/1807 1806/2064/1812 1782/2043/1791
f 1782/2043/1791 1806/2064/1812 1808/2066/1814 1784/2045/1793
f 1784/2045/1793 1808/2066/1814 1810/2068/1816 1786/2047/1795
f 1771/2197/1771 1776/2034/1782 1812/2033/1781 1802/2024/1772
f 1788/2198/1789 1816/2060/1808 1803/2059/1807 1780/2042/1790
f 1802/2024/1772 1812/2033/1781 1818/2072/1820 1800/2057/1805
f 1800/2057/1805 1818/2072/1820 1813/2073/1821 1798/2058/1806
f 1786/2047/1795 1810/2068/1816 1820/2070/1818 1794/2049/1797
f 1794/2049/1797 1820/2070/1818 1822/2076/1824 1796/2053/1801
f 1796/2053/1801 1822/2076/1824 1824/2078/1826 1790/2054/1802
f 1790/2054/1802 1824/2078/1826 1826/2036/1784 1792/2029/1777
f 1792/2029/1777 1826/2036/1784 1777/2035/1783 1774/2030/1778
f 1829/2079/1827 1830/2080/1828 1831/2202/1829 1828/2082/1830
f 1828/2082/1830 1831/2202/1829 1832/2199/1831 1827/2084/1832
f 1835/2085/1833 1836/2086/1834 1837/2087/1835 1834/2088/1836
f 1834/2088/1836 1837/2087/1835 1838/2089/1837 1833/2090/1838
f 1829/2079/1827 1797/2055/1803 1798/2201/1806 1830/2080/1828
f 1832/2199/1831 1788/2041/1789 1787/2040/1788 1827/2084/1832
f 1835/2085/1833 1815/2061/1809 1816/2060/1808 1836/2086/1834
f 1838/2089/1837 1813/2073/1821 1814/2074/1822 1833/2090/1838
f 1798/2058/1806 1813/2073/1821 1838/2089/1837 1830/2200/1828
f 1832/2083/1831 1836/2086/1834 1816/2060/1808 1788/2198/1789
f 1797/2055/1803 1829/2079/1827 1828/2082/1830 1827/2084/1832 1787/2040/1788 1752/2022/1770
f 1815/2061/1809 1835/2085/1833 1834/2088/1836 1833/2090/1838 1814/2074/1822 1765/2002/1750
f 1830/2200/1828 1838/2089/1837 1837/2087/1835 1831/2081/1829
f 1831/2081/1829 1837/2087/1835 1836/2086/1834 1832/2083/1831
f 1736/1983/1731 1854/2091/1839 1855/2092/1840 1737/1984/1732
f 1737/1984/1732 1855/2092/1840 1859/2093/1841 1738/1987/1735
f 1738/1987/1735 1859/2093/1841 1860/2094/1842 1739/1989/1737
f 1740/1991/1739 1862/2095/1843 1854/2091/1839 1736/1983/1731
f 1854/2091/1839 1862/2095/1843 1864/2096/1844 1865/2097/1845
f 1855/2092/1840 1854/2091/1839 1865/2097/1845 1866/2098/1846
f 1859/2093/1841 1855/2092/1840 1866/2098/1846 1867/2099/1847
f 1860/2094/1842 1859/2093/1841 1867/2099/1847 1868/2100/1848
f 1867/2099/1847 1858/2101/1849 1861/2102/1850 1868/2100/1848
f 1866/2098/1846 1857/2103/1851 1858/2101/1849 1867/2099/1847
f 1865/2097/1845 1856/2104/1852 1857/2103/1851 1866/2098/1846
f 1864/2096/1844 1863/2105/1853 1856/2104/1852 1865/2097/1845
f 1731/2003/1751 1733/2006/1754 1845/2106/1854 1844/2107/1855
f 1733/2006/1754 1732/2008/1756 1846/2108/1856 1845/2106/1854
f 1732/2008/1756 1735/2010/1758 1853/2109/1857 1846/2108/1856
f 1734/2011/1759 1731/2003/1751 1844/2107/1855 1843/2110/1858
f 1844/2107/1855 1842/2111/1859 1840/2112/1860 1843/2110/1858
f 1845/2106/1854 1839/2113/1861 1842/2111/1859 1844/2107/1855
f 1846/2108/1856 1841/2114/1862 1839/2113/1861 1845/2106/1854
f 1853/2109/1857 1852/2115/1863 1841/2114/1862 1846/2108/1856
f 1841/2114/1862 1852/2115/1863 1851/2116/1864 1847/2117/1865
f 1839/2113/1861 1841/2114/1862 1847/2117/1865 1848/2118/1866
f 1842/2111/1859 1839/2113/1861 1848/2118/1866 1849/2119/1867
f 1840/2112/1860 1842/2111/1859 1849/2119/1867 1850/2120/1868
f 1771/2023/1771 1772/2026/1774 1891/2121/1869 1892/2187/1870
f 1773/2027/1775 1774/2196/1778 1882/2190/1871 1881/2124/1872
f 1775/2031/1779 1776/2034/1782 1902/2125/1873 1901/2126/1874
f 1777/2035/1783 1778/2038/1786 1915/2127/1875 1916/2128/1876
f 1869/2129/1877 1870/2195/1878 1878/2181/1879 1877/2132/1880
f 1870/2195/1878 1869/2129/1877 1871/2133/1881 1872/2194/1882
f 1872/2194/1882 1871/2133/1881 1873/2135/1883 1874/2193/1884
f 1874/2193/1884 1873/2135/1883 1875/2137/1885 1876/2192/1886
f 1876/2192/1886 1875/2137/1885 1883/2139/1887 1884/2189/1888
f 1879/2141/1889 1880/2191/1890 1886/2188/1891 1885/2144/1892
f 1880/2191/1890 1879/2141/1889 1881/2124/1872 1882/2190/1871
f 1884/2189/1888 1883/2139/1887 1885/2144/1892 1886/2188/1891
f 1887/2145/1893 1888/2146/1894 1890/2186/1895 1889/2148/1896
f 1889/2148/1896 1890/2186/1895 1892/2187/1870 1891/2121/1869
f 1893/2149/1897 1894/2150/1898 1905/2151/1899 1906/2152/1900
f 1894/2150/1898 1893/2149/1897 1896/2153/1901 1895/2154/1902
f 1895/2154/1902 1896/2153/1901 1898/2155/1903 1897/2156/1904
f 1897/2156/1904 1898/2155/1903 1900/2157/1905 1899/2158/1906
f 1899/2158/1906 1900/2157/1905 1910/2159/1907 1909/2160/1908
f 1901/2126/1874 1902/2125/1873 1908/2161/1909 1907/2162/1910
f 1903/2163/1911 1904/2164/1912 1907/2162/1910 1908/2161/1909
f 1909/2160/1908 1910/2159/1907 1912/2165/1913 1911/2166/1914
f 1911/2166/1914 1912/2165/1913 1914/2167/1915 1913/2168/1916
f 1913/2168/1916 1914/2167/1915 1916/2128/1876 1915/2127/1875
f 1856/2104/1852 1894/2150/1898 1895/2154/1902 1857/2103/1851
f 1857/2103/1851 1895/2154/1902 1897/2156/1904 1858/2101/1849
f 1858/2101/1849 1897/2156/1904 1899/2158/1906 1861/2102/1850
f 1775/2031/1779 1901/2126/1874 1862/2095/1843 1740/1991/1739
f 1863/2105/1853 1905/2151/1899 1894/2150/1898 1856/2104/1852
f 1901/2126/1874 1907/2162/1910 1864/2096/1844 1862/2095/1843
f 1907/2162/1910 1904/2164/1912 1863/2105/1853 1864/2096/1844
f 1861/2102/1850 1899/2158/1906 1909/2160/1908 1911/2166/1914
f 1868/2100/1848 1861/2102/1850 1911/2166/1914 1913/2168/1916
f 1915/2127/1875 1860/2094/1842 1868/2100/1848 1913/2168/1916
f 1739/1989/1737 1860/2094/1842 1915/2127/1875 1778/2038/1786
f 1849/2119/1867 1848/2118/1866 1871/2133/1881 1869/2129/1877
f 1848/2118/1866 1847/2117/1865 1873/2135/1883 1871/2133/1881
f 1847/2117/1865 1851/2116/1864 1875/2137/1885 1873/2135/1883
f 1772/2026/1774 1734/2011/1759 1843/2110/1858 1891/2121/1869
f 1850/2120/1868 1849/2119/1867 1869/2129/1877 1877/2132/1880
f 1891/2121/1869 1843/2110/1858 1840/2112/1860 1889/2148/1896
f 1889/2148/1896 1840/2112/1860 1850/2120/1868 1887/2145/1893
f 1851/2116/1864 1885/2144/1892 1883/2139/1887 1875/2137/1885
f 1852/2115/1863 1879/2141/1889 1885/2144/1892 1851/2116/1864
f 1881/2124/1872 1879/2141/1889 1852/2115/1863 1853/2109/1857
f 1735/2010/1758 1773/2027/1775 1881/2124/1872 1853/2109/1857
f 1870/2130/1878 1872/2134/1882 1896/2153/1901 1893/2149/1897
f 1872/2134/1882 1874/2136/1884 1898/2155/1903 1896/2153/1901
f 1874/2136/1884 1876/2138/1886 1900/2157/1905 1898/2155/1903
f 1771/2197/1771 1892/2122/1870 1902/2125/1873 1776/2034/1782
f 1878/2131/1879 1870/2130/1878 1893/2149/1897 1906/2152/1900
f 1892/2122/1870 1890/2147/1895 1908/2161/1909 1902/2125/1873
f 1890/2147/1895 1888/2184/1894 1903/2163/1911 1908/2161/1909
f 1876/2138/1886 1884/2140/1888 1910/2159/1907 1900/2157/1905
f 1884/2140/1888 1886/2143/1891 1912/2165/1913 1910/2159/1907
f 1886/2143/1891 1880/2142/1890 1914/2167/1915 1912/2165/1913
f 1880/2142/1890 1882/2123/1871 1916/2128/1876 1914/2167/1915
f 1882/2123/1871 1774/2030/1778 1777/2035/1783 1916/2128/1876
f 1919/2169/1917 1918/2170/1918 1921/2185/1919 1920/2183/1920
f 1918/2170/1918 1917/2173/1921 1922/2174/1922 1921/2185/1919
f 1925/2175/1923 1924/2176/1924 1927/2177/1925 1926/2178/1926
f 1924/2176/1924 1923/2179/1927 1928/2180/1928 1927/2177/1925
f 1919/2169/1917 1920/2183/1920 1888/2146/1894 1887/2145/1893
f 1922/2174/1922 1917/2173/1921 1877/2132/1880 1878/2181/1879
f 1925/2175/1923 1926/2178/1926 1906/2152/1900 1905/2151/1899
f 1928/2180/1928 1923/2179/1927 1904/2164/1912 1903/2163/1911
f 1888/2184/1894 1920/2172/1920 1928/2180/1928 1903/2163/1911
f 1922/2182/1922 1878/2131/1879 1906/2152/1900 1926/2178/1926
f 1887/2145/1893 1850/2120/1868 1877/2132/1880 1917/2173/1921 1918/2170/1918 1919/2169/1917
f 1905/2151/1899 1863/2105/1853 1904/2164/1912 1923/2179/1927 1924/2176/1924 1925/2175/1923
f 1920/2172/1920 1921/2171/1919 1927/2177/1925 1928/2180/1928
f 1921/2171/1919 1922/2182/1922 1926/2178/1926 1927/2177/1925
g default
v -0.328352 0.242456 0.067951
v -0.320668 0.319242 0.070754
v -0.320668 0.165184 0.064120
v -0.320668 0.174497 -0.000007
v -0.320668 0.245525 -0.009594
v -0.320668 0.310414 -0.000007
v -0.320668 0.304304 0.141958
v -0.320668 0.238735 0.144511
v -0.320668 0.174383 0.136439
v -0.290207 0.434672 -0.011667
v -0.294329 0.430581 -0.009971
v -0.294329 0.386441 -0.076033
v -0.290207 0.389572 -0.079164
v -0.290207 0.322075 -0.124264
v -0.294329 0.320380 -0.120173
v -0.290207 0.242456 -0.140101
v -0.294329 0.242456 -0.135673
v -0.290207 0.162838 -0.124264
v -0.294329 0.164532 -0.120173
v -0.294329 0.098471 -0.076033
v -0.290207 0.095341 -0.079164
v -0.290207 0.050240 -0.011667
v -0.294329 0.054331 -0.009971
v -0.290207 0.034403 0.067951
v -0.294329 0.038831 0.067951
v -0.290207 0.050240 0.147570
v -0.294329 0.054331 0.145875
v -0.294329 0.098471 0.211936
v -0.290207 0.095341 0.215068
v -0.290207 0.162838 0.260167
v -0.294329 0.164532 0.256077
v -0.290207 0.242456 0.276004
v -0.294329 0.242456 0.271577
v -0.290207 0.322074 0.260167
v -0.294329 0.320380 0.256077
v -0.294329 0.386441 0.211936
v -0.290207 0.389572 0.215068
v -0.290207 0.434672 0.147570
v -0.294329 0.430581 0.145875
v -0.290207 0.450509 0.067951
v -0.294329 0.446081 0.067951
v -0.312313 0.382266 0.129301
v -0.310899 0.297225 0.210321
v -0.310430 0.238228 0.220578
v -0.310224 0.179796 0.207477
v -0.310683 0.098766 0.122435
v -0.311278 0.088506 0.063440
v -0.312007 0.101603 0.005011
v -0.313420 0.186643 -0.076009
v -0.313889 0.245640 -0.086266
v -0.314095 0.304073 -0.073165
v -0.313636 0.385102 0.011877
v -0.313042 0.395363 0.070871
v -0.311560 0.347804 0.178269
v -0.310313 0.130824 0.173014
v -0.312759 0.136064 -0.043957
v -0.314006 0.353045 -0.038702
v -0.284635 0.242456 0.067952
v -0.287421 0.322074 0.260167
v -0.284635 0.320987 0.257543
v -0.287421 0.242456 0.276004
v -0.284635 0.242456 0.273164
v -0.287421 0.162838 0.260167
v -0.284635 0.163925 0.257543
v -0.287421 0.095341 0.215068
v -0.284635 0.097349 0.213059
v -0.287421 0.050240 0.147570
v -0.284635 0.052864 0.146484
v -0.287421 0.034403 0.067951
v -0.284635 0.037243 0.067951
v -0.287421 0.050240 -0.011667
v -0.284635 0.052864 -0.010580
v -0.287421 0.095341 -0.079164
v -0.284635 0.097349 -0.077155
v -0.287421 0.162838 -0.124264
v -0.284635 0.163925 -0.121640
v -0.287421 0.242456 -0.140101
v -0.284635 0.242456 -0.137261
v -0.287421 0.322075 -0.124264
v -0.284635 0.320988 -0.121640
v -0.287421 0.389572 -0.079164
v -0.284635 0.387563 -0.077155
v -0.287421 0.434672 -0.011667
v -0.284635 0.432047 -0.010580
v -0.287421 0.450509 0.067951
v -0.284635 0.447669 0.067951
v -0.287421 0.434672 0.147570
v -0.284635 0.432047 0.146484
v -0.287421 0.389572 0.215068
v -0.284635 0.387563 0.213059
vt 0.168501 0.969722
vt 0.162152 0.969136
vt 0.163101 0.964116
vt 0.169138 0.963660
vt 0.174419 0.964652
vt 0.174932 0.970263
vt 0.167959 0.975751
vt 0.162115 0.974296
vt 0.173864 0.975317
vt 0.174506 0.985533
vt 0.174336 0.985083
vt 0.180106 0.981809
vt 0.180446 0.982164
vt 0.167658 0.986493
vt 0.167682 0.986015
vt 0.184111 0.976693
vt 0.184568 0.976898
vt 0.185738 0.970517
vt 0.186243 0.970540
vt 0.184741 0.964223
vt 0.185217 0.964062
vt 0.181274 0.958773
vt 0.181649 0.958451
vt 0.175869 0.954993
vt 0.176086 0.954560
vt 0.169352 0.953459
vt 0.169377 0.952981
vt 0.162711 0.954398
vt 0.162541 0.953948
vt 0.156955 0.957669
vt 0.156615 0.957314
vt 0.152958 0.962774
vt 0.152500 0.962569
vt 0.151328 0.968936
vt 0.150823 0.968912
vt 0.152312 0.975221
vt 0.151836 0.975382
vt 0.155765 0.980675
vt 0.155390 0.980996
vt 0.161161 0.984466
vt 0.160945 0.984899
vt 0.172593 0.981160
vt 0.167649 0.981750
vt 0.162836 0.980505
vt 0.164557 0.958175
vt 0.169519 0.957605
vt 0.174328 0.958873
vt 0.178255 0.961787
vt 0.180704 0.965894
vt 0.181309 0.970572
vt 0.179981 0.975111
vt 0.176922 0.978828
vt 0.158890 0.977608
vt 0.156413 0.973498
vt 0.155793 0.968802
vt 0.157122 0.964238
vt 0.160202 0.960505
vt 0.151618 0.975456
vt 0.131795 0.953973
vt 0.124931 0.953620
vt 0.150592 0.968901
vt 0.155219 0.981143
vt 0.137994 0.956785
vt 0.118446 0.955779
vt 0.152291 0.962475
vt 0.113328 0.960123
vt 0.156460 0.957152
vt 0.110357 0.965988
vt 0.162463 0.953742
vt 0.109984 0.972483
vt 0.169388 0.952762
vt 0.112266 0.978619
vt 0.176185 0.954363
vt 0.116856 0.983461
vt 0.181820 0.958304
vt 0.123055 0.986273
vt 0.185434 0.963988
vt 0.129919 0.986626
vt 0.186474 0.970550
vt 0.136404 0.984467
vt 0.184777 0.976991
vt 0.141521 0.980124
vt 0.180601 0.982325
vt 0.144493 0.974258
vt 0.174584 0.985739
vt 0.144866 0.967763
vt 0.167647 0.986711
vt 0.142584 0.961627
vt 0.160846 0.985096
vt 0.127425 0.970123
vt 0.138200 0.956525
vt 0.142879 0.961462
vt 0.145205 0.967717
vt 0.144825 0.974339
vt 0.141795 0.980318
vt 0.136578 0.984746
vt 0.129968 0.986947
vt 0.122970 0.986587
vt 0.116650 0.983721
vt 0.111971 0.978784
vt 0.109644 0.972529
vt 0.110025 0.965908
vt 0.113054 0.959928
vt 0.118272 0.955500
vt 0.124882 0.953299
vt 0.131880 0.953659
vn 1.000000 -0.000150 -0.000238
vn 0.995304 0.005314 -0.096654
vn 0.993256 0.081988 -0.081978
vn 0.995779 0.091779 -0.000381
vn 0.995447 0.070920 0.063682
vn 0.997220 -0.000751 0.074515
vn 0.996729 -0.080563 -0.006354
vn 0.994243 -0.065375 -0.084889
vn 0.996351 -0.063712 0.056803
vn 0.522753 -0.787591 0.326236
vn 0.914059 -0.375813 0.152518
vn 0.911004 -0.292928 0.290284
vn 0.522751 -0.602799 0.602798
vn 0.522747 -0.852488 -0.000000
vn 0.918240 -0.396009 -0.003539
vn 0.909613 -0.159515 0.383612
vn 0.522739 -0.326238 0.787600
vn 0.910166 0.000798 0.414243
vn 0.522731 0.000000 0.852498
vn 0.912600 0.158342 0.376946
vn 0.522727 0.326235 0.787609
vn 0.916508 0.284933 0.280760
vn 0.522739 0.602804 0.602803
vn 0.921212 0.360726 0.145756
vn 0.522752 0.787591 0.326238
vn 0.925922 0.377700 -0.003258
vn 0.522752 0.852485 -0.000000
vn 0.929904 0.338805 -0.143146
vn 0.522747 0.787596 -0.326233
vn 0.932598 0.254143 -0.256267
vn 0.522732 0.602804 -0.602808
vn 0.933678 0.136896 -0.330914
vn 0.522715 0.326239 -0.787615
vn 0.933047 0.001221 -0.359751
vn 0.522709 0.000000 -0.852511
vn 0.930813 -0.137623 -0.338597
vn 0.522724 -0.326242 -0.787608
vn 0.927267 -0.262408 -0.267055
vn 0.522741 -0.602801 -0.602804
vn 0.922873 -0.354369 -0.150759
vn 0.522747 -0.787596 -0.326232
vn 0.972340 -0.219673 0.079362
vn 0.974798 -0.222890 -0.009456
vn 0.973514 -0.208083 -0.094719
vn 0.974059 0.211023 -0.081723
vn 0.974775 0.223191 -0.000333
vn 0.972106 0.217936 0.086688
vn 0.965800 0.184229 0.182453
vn 0.972211 0.087140 0.217283
vn 0.973350 -0.001701 0.229320
vn 0.970913 -0.093883 0.220260
vn 0.965122 -0.190316 0.179776
vn 0.966974 -0.171315 -0.188712
vn 0.973136 -0.075187 -0.217608
vn 0.974839 0.007860 -0.222771
vn 0.973565 0.089182 -0.210282
vn 0.967748 0.180641 -0.175592
vn -0.435852 -0.344420 -0.831510
vn -0.999460 -0.012576 -0.030361
vn -0.999460 0.000000 -0.032863
vn -0.435857 0.000000 -0.900016
vn -0.435843 -0.636414 -0.636411
vn -0.999460 -0.023238 -0.023238
vn -0.999460 0.012576 -0.030361
vn -0.435850 0.344420 -0.831511
vn -0.999460 0.023238 -0.023238
vn -0.435835 0.636416 -0.636414
vn -0.999460 0.030361 -0.012577
vn -0.435835 0.831520 -0.344417
vn -0.999460 0.032863 -0.000000
vn -0.435846 0.900021 -0.000000
vn -0.999460 0.030361 0.012576
vn -0.435850 0.831509 0.344423
vn -0.999460 0.023238 0.023238
vn -0.435855 0.636408 0.636408
vn -0.999460 0.012576 0.030361
vn -0.435852 0.344420 0.831509
vn -0.999460 0.000000 0.032863
vn -0.435848 0.000000 0.900020
vn -0.999460 -0.012576 0.030361
vn -0.435855 -0.344422 0.831508
vn -0.999460 -0.023238 0.023238
vn -0.435863 -0.636406 0.636405
vn -0.999460 -0.030362 0.012576
vn -0.435856 -0.831507 0.344420
vn -0.999460 -0.032863 0.000000
vn -0.435847 -0.900021 -0.000000
vn -0.999460 -0.030361 -0.012577
vn -0.435840 -0.831518 -0.344415
vn -1.000000 -0.000000 -0.000000
s 1
g head head_right_plate
usemtl head_plateSG
f 1929/2213/1929 1936/2214/1930 1937/2215/1931 1931/2216/1932
f 1932/2217/1933 1933/2218/1934 1929/2213/1929 1931/2216/1932
f 1930/2219/1935 1935/2220/1936 1936/2214/1930 1929/2213/1929
f 1933/2218/1934 1934/2221/1937 1930/2219/1935 1929/2213/1929
f 1938/2222/1938 1939/2223/1939 1940/2224/1940 1941/2225/1941
f 1939/2223/1939 1938/2222/1938 1968/2226/1942 1969/2227/1943
f 1941/2225/1941 1940/2224/1940 1943/2228/1944 1942/2229/1945
f 1942/2229/1945 1943/2228/1944 1945/2230/1946 1944/2231/1947
f 1944/2231/1947 1945/2230/1946 1947/2232/1948 1946/2233/1949
f 1946/2233/1949 1947/2232/1948 1948/2234/1950 1949/2235/1951
f 1949/2235/1951 1948/2234/1950 1951/2236/1952 1950/2237/1953
f 1950/2237/1953 1951/2236/1952 1953/2238/1954 1952/2239/1955
f 1952/2239/1955 1953/2238/1954 1955/2240/1956 1954/2241/1957
f 1954/2241/1957 1955/2240/1956 1956/2242/1958 1957/2243/1959
f 1957/2243/1959 1956/2242/1958 1959/2244/1960 1958/2245/1961
f 1958/2245/1961 1959/2244/1960 1961/2246/1962 1960/2247/1963
f 1960/2247/1963 1961/2246/1962 1963/2248/1964 1962/2249/1965
f 1962/2249/1965 1963/2248/1964 1964/2250/1966 1965/2251/1967
f 1965/2251/1967 1964/2250/1966 1967/2252/1968 1966/2253/1969
f 1966/2253/1969 1967/2252/1968 1969/2227/1943 1968/2226/1942
f 1980/2254/1970 1981/2255/1971 1930/2219/1935 1934/2221/1937
f 1981/2255/1971 1970/2256/1972 1935/2220/1936 1930/2219/1935
f 1931/2216/1932 1937/2215/1931 1974/2257/1973 1975/2258/1974
f 1975/2258/1974 1976/2259/1975 1932/2217/1933 1931/2216/1932
f 1976/2259/1975 1984/2260/1976 1977/2261/1977 1932/2217/1933
f 1977/2261/1977 1978/2262/1978 1933/2218/1934 1932/2217/1933
f 1978/2262/1978 1979/2263/1979 1934/2221/1937 1933/2218/1934
f 1979/2263/1979 1985/2264/1980 1980/2254/1970 1934/2221/1937
f 1970/2256/1972 1982/2265/1981 1971/2266/1982 1935/2220/1936
f 1936/2214/1930 1935/2220/1936 1971/2266/1982 1972/2267/1983
f 1937/2215/1931 1936/2214/1930 1972/2267/1983 1973/2268/1984
f 1973/2268/1984 1983/2269/1985 1974/2257/1973 1937/2215/1931
f 1982/2265/1981 1964/2250/1966 1963/2248/1964 1971/2266/1982
f 1972/2267/1983 1971/2266/1982 1963/2248/1964 1961/2246/1962
f 1973/2268/1984 1972/2267/1983 1961/2246/1962 1959/2244/1960
f 1955/2240/1956 1974/2257/1973 1983/2269/1985 1956/2242/1958
f 1975/2258/1974 1974/2257/1973 1955/2240/1956 1953/2238/1954
f 1951/2236/1952 1976/2259/1975 1975/2258/1974 1953/2238/1954
f 1947/2232/1948 1977/2261/1977 1984/2260/1976 1948/2234/1950
f 1945/2230/1946 1978/2262/1978 1977/2261/1977 1947/2232/1948
f 1943/2228/1944 1979/2263/1979 1978/2262/1978 1945/2230/1946
f 1939/2223/1939 1980/2254/1970 1985/2264/1980 1940/2224/1940
f 1969/2227/1943 1981/2255/1971 1980/2254/1970 1939/2223/1939
f 1967/2252/1968 1970/2256/1972 1981/2255/1971 1969/2227/1943
f 1948/2234/1950 1984/2260/1976 1976/2259/1975 1951/2236/1952
f 1956/2242/1958 1983/2269/1985 1973/2268/1984 1959/2244/1960
f 1967/2252/1968 1964/2250/1966 1982/2265/1981 1970/2256/1972
f 1940/2224/1940 1985/2264/1980 1979/2263/1979 1943/2228/1944
f 1987/2318/1986 1988/2271/1987 1990/2272/1988 1989/2317/1989
f 1988/2271/1987 1987/2318/1986 2017/2303/1990 2018/2275/1991
f 1989/2317/1989 1990/2272/1988 1992/2276/1992 1991/2316/1993
f 1991/2316/1993 1992/2276/1992 1994/2278/1994 1993/2315/1995
f 1993/2315/1995 1994/2278/1994 1996/2280/1996 1995/2314/1997
f 1995/2314/1997 1996/2280/1996 1998/2282/1998 1997/2313/1999
f 1997/2313/1999 1998/2282/1998 2000/2284/2000 1999/2312/2001
f 1999/2312/2001 2000/2284/2000 2002/2286/2002 2001/2311/2003
f 2001/2311/2003 2002/2286/2002 2004/2288/2004 2003/2310/2005
f 2003/2310/2005 2004/2288/2004 2006/2290/2006 2005/2309/2007
f 2005/2309/2007 2006/2290/2006 2008/2292/2008 2007/2308/2009
f 2007/2308/2009 2008/2292/2008 2010/2294/2010 2009/2307/2011
f 2009/2307/2011 2010/2294/2010 2012/2296/2012 2011/2306/2013
f 2011/2306/2013 2012/2296/2012 2014/2298/2014 2013/2305/2015
f 2013/2305/2015 2014/2298/2014 2016/2300/2016 2015/2304/2017
f 2015/2304/2017 2016/2300/2016 2018/2275/1991 2017/2303/1990
f 1938/2222/1938 1941/2225/1941 2009/2295/2011 2011/2297/2013
f 1941/2225/1941 1942/2229/1945 2007/2293/2009 2009/2295/2011
f 1942/2229/1945 1944/2231/1947 2005/2291/2007 2007/2293/2009
f 1944/2231/1947 1946/2233/1949 2003/2289/2005 2005/2291/2007
f 1946/2233/1949 1949/2235/1951 2001/2287/2003 2003/2289/2005
f 1949/2235/1951 1950/2237/1953 1999/2285/2001 2001/2287/2003
f 1950/2237/1953 1952/2239/1955 1997/2283/1999 1999/2285/2001
f 1952/2239/1955 1954/2241/1957 1995/2281/1997 1997/2283/1999
f 1954/2241/1957 1957/2243/1959 1993/2279/1995 1995/2281/1997
f 1957/2243/1959 1958/2245/1961 1991/2277/1993 1993/2279/1995
f 1958/2245/1961 1960/2247/1963 1989/2273/1989 1991/2277/1993
f 1960/2247/1963 1962/2249/1965 1987/2270/1986 1989/2273/1989
f 1962/2249/1965 1965/2251/1967 2017/2274/1990 1987/2270/1986
f 1965/2251/1967 1966/2253/1969 2015/2301/2017 2017/2274/1990
f 1966/2253/1969 1968/2226/1942 2013/2299/2015 2015/2301/2017
f 1968/2226/1942 1938/2222/1938 2011/2297/2013 2013/2299/2015
f 1990/2272/1988 1988/2271/1987 1986/2302/2018
f 1992/2276/1992 1990/2272/1988 1986/2302/2018
f 1994/2278/1994 1992/2276/1992 1986/2302/2018
f 1996/2280/1996 1994/2278/1994 1986/2302/2018
f 1998/2282/1998 1996/2280/1996 1986/2302/2018
f 2000/2284/2000 1998/2282/1998 1986/2302/2018
f 2002/2286/2002 2000/2284/2000 1986/2302/2018
f 2004/2288/2004 2002/2286/2002 1986/2302/2018
f 2006/2290/2006 2004/2288/2004 1986/2302/2018
f 2008/2292/2008 2006/2290/2006 1986/2302/2018
f 2010/2294/2010 2008/2292/2008 1986/2302/2018
f 2012/2296/2012 2010/2294/2010 1986/2302/2018
f 2014/2298/2014 2012/2296/2012 1986/2302/2018
f 2016/2300/2016 2014/2298/2014 1986/2302/2018
f 2018/2275/1991 2016/2300/2016 1986/2302/2018
f 1988/2271/1987 2018/2275/1991 1986/2302/2018
g default
v -0.057674 0.037046 -0.021161
v -0.057674 0.021522 -0.036685
v -0.057674 0.000316 -0.042367
v -0.057674 -0.020891 -0.036685
v -0.057674 -0.036415 -0.021161
v -0.057674 -0.042097 0.000045
v -0.057674 -0.036415 0.021252
v -0.057674 -0.020891 0.036776
v -0.057674 0.000316 0.042458
v -0.057674 0.021522 0.036776
v -0.057674 0.037046 0.021252
v -0.057674 0.042729 0.000045
v -0.064206 0.064103 -0.036782
v -0.064206 0.037143 -0.063742
v -0.064206 0.000316 -0.073610
v -0.064206 -0.036512 -0.063742
v -0.064206 -0.063472 -0.036782
v -0.064206 -0.073339 0.000045
v -0.064206 -0.063472 0.036873
v -0.064206 -0.036512 0.063833
v -0.064206 0.000316 0.073700
v -0.064206 0.037143 0.063833
v -0.064206 0.064103 0.036873
v -0.064206 0.073971 0.000045
v -0.072180 0.077547 -0.044544
v -0.072180 0.044905 -0.077186
v -0.072180 0.000316 -0.089134
v -0.072180 -0.044274 -0.077186
v -0.072180 -0.076915 -0.044544
v -0.072180 -0.088863 0.000045
v -0.072180 -0.076915 0.044635
v -0.072180 -0.044274 0.077277
v -0.072180 0.000316 0.089224
v -0.072180 0.044905 0.077277
v -0.072180 0.077547 0.044635
v -0.072180 0.089495 0.000045
v -0.044559 0.076537 -0.043961
v -0.044559 0.044322 -0.076176
v -0.044559 0.000316 -0.087968
v -0.044559 -0.043691 -0.076176
v -0.044559 -0.075906 -0.043961
v -0.044559 -0.087697 0.000045
v -0.044559 -0.075906 0.044052
v -0.044559 -0.043691 0.076267
v -0.044559 0.000316 0.088058
v -0.044559 0.044322 0.076267
v -0.044559 0.076537 0.044052
v -0.044559 0.088329 0.000045
v -0.044559 0.051130 -0.029292
v -0.044559 0.029654 -0.050769
v -0.044559 0.000316 -0.058630
v -0.044559 -0.029022 -0.050769
v -0.044559 -0.050498 -0.029292
v -0.044559 -0.058359 0.000045
v -0.044559 -0.050498 0.029383
v -0.044559 -0.029022 0.050860
v -0.044559 0.000316 0.058721
v -0.044559 0.029654 0.050860
v -0.044559 0.051130 0.029383
v -0.044559 0.058991 0.000045
v -0.044559 0.025723 -0.014623
v -0.044559 0.014985 -0.025362
v -0.044559 0.000316 -0.029292
v -0.044559 -0.014353 -0.025362
v -0.044559 -0.025091 -0.014623
v -0.044559 -0.029022 0.000045
v -0.044559 -0.025091 0.014714
v -0.044559 -0.014353 0.025452
v -0.044559 0.000316 0.029383
v -0.044559 0.014985 0.025452
v -0.044559 0.025723 0.014714
v -0.044559 0.029654 0.000045
v -0.062326 0.000316 0.000045
v -0.044559 0.000316 0.000045
v -0.064206 0.099675 -0.057320
v -0.061674 0.101944 -0.058630
v -0.064206 0.057681 -0.099313
v -0.061674 0.058991 -0.101583
v -0.064206 0.000316 -0.114684
v -0.061674 0.000316 -0.117305
v -0.064206 -0.057049 -0.099313
v -0.061674 -0.058359 -0.101583
v -0.064206 -0.099043 -0.057320
v -0.061674 -0.101313 -0.058630
v -0.064206 -0.114414 0.000045
v -0.061674 -0.117035 0.000045
v -0.064206 -0.099043 0.057410
v -0.061674 -0.101313 0.058721
v -0.064206 -0.057049 0.099405
v -0.061674 -0.058359 0.101674
v -0.064206 0.000316 0.114775
v -0.061674 0.000316 0.117396
v -0.064206 0.057681 0.099405
v -0.061674 0.058991 0.101674
v -0.064206 0.099675 0.057410
v -0.061674 0.101944 0.058721
v -0.064206 0.115046 0.000045
v -0.061674 0.117666 0.000045
v -0.047091 0.101944 -0.058630
v -0.044559 0.099675 -0.057320
v -0.047091 0.058991 -0.101583
v -0.044559 0.057681 -0.099313
v -0.047091 0.000316 -0.117305
v -0.044559 0.000316 -0.114684
v -0.047091 -0.058359 -0.101583
v -0.044559 -0.057049 -0.099313
v -0.047091 -0.101313 -0.058630
v -0.044559 -0.099043 -0.057320
v -0.047091 -0.117035 0.000045
v -0.044559 -0.114414 0.000045
v -0.047091 -0.101313 0.058721
v -0.044559 -0.099043 0.057410
v -0.047091 -0.058359 0.101674
v -0.044559 -0.057049 0.099405
v -0.047091 0.000316 0.117396
v -0.044559 0.000316 0.114775
v -0.047091 0.058991 0.101674
v -0.044559 0.057681 0.099405
v -0.047091 0.101944 0.058721
v -0.044559 0.099675 0.057410
v -0.047091 0.117666 0.000045
v -0.044559 0.115046 0.000045
v -0.070871 0.000316 -0.102931
v -0.070871 0.051804 -0.089135
v -0.070871 0.089496 -0.051443
v -0.070871 0.103292 0.000045
v -0.070871 0.089496 0.051533
v -0.070871 0.051804 0.089226
v -0.070871 0.000316 0.103022
v -0.070871 -0.051172 0.089226
v -0.070871 -0.088864 0.051533
v -0.070871 -0.102661 0.000045
v -0.070871 -0.088864 -0.051443
v -0.070871 -0.051172 -0.089135
vt 0.082553 0.932513
vt 0.084123 0.930313
vt 0.087802 0.931679
vt 0.085056 0.935537
vt 0.084383 0.927621
vt 0.088252 0.926965
vt 0.083262 0.925161
vt 0.086285 0.922658
vt 0.081061 0.923590
vt 0.082428 0.919911
vt 0.078370 0.923331
vt 0.077714 0.919461
vt 0.075909 0.924451
vt 0.073406 0.921428
vt 0.074339 0.926652
vt 0.070659 0.925285
vt 0.074079 0.929343
vt 0.070209 0.930000
vt 0.075200 0.931804
vt 0.072177 0.934307
vt 0.077401 0.933374
vt 0.076034 0.937054
vt 0.080092 0.933634
vt 0.080748 0.937504
vt 0.089828 0.932425
vt 0.086437 0.937196
vt 0.090380 0.926599
vt 0.087944 0.921276
vt 0.083174 0.917885
vt 0.077347 0.917333
vt 0.072024 0.919769
vt 0.068633 0.924540
vt 0.068082 0.930367
vt 0.070518 0.935689
vt 0.075288 0.939080
vt 0.081115 0.939632
vt 0.038146 0.986862
vt 0.031539 0.987012
vt 0.032547 0.982877
vt 0.036951 0.982777
vt 0.025742 0.983839
vt 0.028682 0.980762
vt 0.022309 0.978192
vt 0.026393 0.976998
vt 0.022158 0.971586
vt 0.026293 0.972593
vt 0.025331 0.965789
vt 0.028408 0.968729
vt 0.030978 0.962355
vt 0.032172 0.966439
vt 0.037584 0.962205
vt 0.036577 0.966339
vt 0.043381 0.965378
vt 0.040441 0.968455
vt 0.046815 0.971024
vt 0.042731 0.972219
vt 0.046965 0.977631
vt 0.042831 0.976623
vt 0.043792 0.983428
vt 0.040715 0.980488
vt 0.033554 0.978743
vt 0.035756 0.978693
vt 0.031622 0.977685
vt 0.030477 0.975803
vt 0.030427 0.973601
vt 0.031485 0.971669
vt 0.033367 0.970524
vt 0.035569 0.970474
vt 0.037502 0.971532
vt 0.038646 0.973414
vt 0.038696 0.975616
vt 0.037639 0.977548
vt 0.079231 0.928482
vt 0.034562 0.974608
vt 0.088609 0.939815
vt 0.088900 0.940167
vt 0.081762 0.943436
vt 0.081687 0.942985
vt 0.093019 0.933607
vt 0.093446 0.933767
vt 0.093734 0.926027
vt 0.094184 0.925951
vt 0.090563 0.919104
vt 0.090915 0.918813
vt 0.084356 0.914694
vt 0.084515 0.914266
vt 0.076775 0.913979
vt 0.076699 0.913529
vt 0.069852 0.917150
vt 0.069562 0.916798
vt 0.065443 0.923358
vt 0.065015 0.923198
vt 0.064728 0.930938
vt 0.064278 0.931014
vt 0.067899 0.937861
vt 0.067547 0.938151
vt 0.074106 0.942270
vt 0.073947 0.942698
vt 0.090058 0.941548
vt 0.039234 0.990581
vt 0.046594 0.986105
vt 0.082075 0.945211
vt 0.095140 0.934384
vt 0.030621 0.990777
vt 0.095959 0.925639
vt 0.023065 0.986641
vt 0.092296 0.917655
vt 0.018589 0.979280
vt 0.085132 0.912573
vt 0.018393 0.970668
vt 0.076387 0.911754
vt 0.022529 0.963112
vt 0.068403 0.915417
vt 0.029890 0.958636
vt 0.063321 0.922582
vt 0.038502 0.958439
vt 0.062503 0.931327
vt 0.046059 0.962576
vt 0.066166 0.939310
vt 0.050535 0.969936
vt 0.073330 0.944392
vt 0.050731 0.978549
vt 0.091438 0.933024
vt 0.087531 0.938519
vt 0.092073 0.926312
vt 0.089268 0.920182
vt 0.083773 0.916275
vt 0.077060 0.915640
vt 0.070930 0.918446
vt 0.067024 0.923941
vt 0.066389 0.930653
vt 0.069194 0.936783
vt 0.074689 0.940689
vt 0.081401 0.941325
vt 0.082148 0.945630
vt 0.073184 0.944791
vt 0.065840 0.939583
vt 0.062083 0.931400
vt 0.062922 0.922436
vt 0.068130 0.915091
vt 0.076313 0.911335
vt 0.085278 0.912173
vt 0.092623 0.917382
vt 0.096379 0.925565
vt 0.095540 0.934530
vt 0.090331 0.941874
vn -0.992230 -0.107749 0.062209
vn -0.941500 -0.291863 0.168507
vn -0.941500 -0.168506 0.291861
vn -0.992230 -0.062209 0.107750
vn -0.941501 0.000000 0.337011
vn -0.992230 0.000000 0.124418
vn -0.941500 0.168507 0.291861
vn -0.992230 0.062209 0.107750
vn -0.941500 0.291863 0.168507
vn -0.992230 0.107750 0.062209
vn -0.941500 0.337014 0.000000
vn -0.992230 0.124419 -0.000000
vn -0.941500 0.291863 -0.168507
vn -0.992230 0.107750 -0.062209
vn -0.941500 0.168506 -0.291863
vn -0.992230 0.062209 -0.107750
vn -0.941500 0.000000 -0.337013
vn -0.992230 0.000000 -0.124418
vn -0.941500 -0.168505 -0.291863
vn -0.992230 -0.062209 -0.107750
vn -0.941500 -0.291862 -0.168507
vn -0.992230 -0.107749 -0.062208
vn -0.941500 -0.337014 0.000000
vn -0.992230 -0.124419 0.000000
vn -0.988191 -0.132699 0.076614
vn -0.988191 -0.076613 0.132698
vn -0.988191 -0.000000 0.153227
vn -0.988191 0.076613 0.132698
vn -0.988191 0.132699 0.076613
vn -0.988191 0.153227 -0.000000
vn -0.988191 0.132699 -0.076613
vn -0.988191 0.076612 -0.132698
vn -0.988191 -0.000000 -0.153226
vn -0.988191 -0.076612 -0.132698
vn -0.988191 -0.132699 -0.076613
vn -0.988191 -0.153227 -0.000000
vn 1.000000 0.000000 0.000000
vn 1.000000 0.000000 0.000000
vn 1.000000 0.000000 0.000000
vn 1.000000 0.000000 0.000000
vn 1.000000 -0.000000 0.000000
vn 1.000000 -0.000000 0.000000
vn 1.000000 -0.000000 0.000000
vn 1.000000 -0.000000 0.000000
vn 1.000000 -0.000000 0.000000
vn 1.000000 -0.000000 0.000000
vn 1.000000 0.000000 0.000000
vn 1.000000 0.000000 0.000000
vn 1.000000 -0.000000 0.000000
vn 1.000000 -0.000000 0.000000
vn 1.000000 -0.000000 0.000000
vn 1.000000 -0.000000 0.000000
vn 1.000000 -0.000000 0.000000
vn 1.000000 -0.000000 0.000000
vn 1.000000 -0.000000 0.000000
vn 1.000000 0.000000 0.000000
vn 1.000000 0.000000 0.000000
vn 1.000000 0.000000 0.000000
vn 1.000000 0.000000 0.000000
vn 1.000000 0.000000 0.000000
vn 1.000000 0.000000 0.000000
vn 1.000000 -0.000000 0.000000
vn 1.000000 -0.000000 0.000000
vn 1.000000 0.000000 0.000000
vn 1.000000 0.000000 0.000000
vn 1.000000 0.000000 0.000000
vn 1.000000 0.000000 0.000000
vn 1.000000 -0.000000 0.000000
vn 1.000000 0.000000 0.000000
vn 1.000000 0.000000 0.000000
vn 1.000000 0.000000 0.000000
vn 1.000000 0.000000 0.000000
vn -1.000000 -0.000000 -0.000000
vn 1.000000 -0.000000 0.000000
vn -0.833944 0.477916 -0.275925
vn -0.833944 0.551849 0.000000
vn -0.134720 0.990884 0.000000
vn -0.134720 0.858130 -0.495443
vn -0.134723 0.495441 -0.858130
vn -0.833943 0.275924 -0.477917
vn -0.134725 0.000000 -0.990883
vn -0.833944 0.000000 -0.551850
vn -0.134725 -0.495442 -0.858130
vn -0.833944 -0.275924 -0.477916
vn -0.134727 -0.858129 -0.495442
vn -0.833945 -0.477913 -0.275925
vn -0.134731 -0.990882 0.000000
vn -0.833947 -0.551845 0.000000
vn -0.134727 -0.858130 0.495441
vn -0.833945 -0.477914 0.275924
vn -0.134719 -0.495442 0.858130
vn -0.833942 -0.275927 0.477918
vn -0.134715 0.000000 0.990884
vn -0.833940 -0.000000 0.551855
vn -0.134717 0.495442 0.858131
vn -0.833942 0.275927 0.477918
vn -0.134720 0.858131 0.495441
vn -0.833943 0.477917 0.275924
vn 0.134720 0.858130 -0.495443
vn 0.134720 0.990884 0.000000
vn 0.992084 0.125576 -0.000000
vn 0.992084 0.108752 -0.062788
vn 0.992084 0.062788 -0.108753
vn 0.134723 0.495442 -0.858130
vn 0.992084 0.000000 -0.125577
vn 0.134726 0.000000 -0.990883
vn 0.992084 -0.062788 -0.108753
vn 0.134725 -0.495442 -0.858130
vn 0.992084 -0.108752 -0.062789
vn 0.134727 -0.858129 -0.495442
vn 0.992084 -0.125576 -0.000000
vn 0.134731 -0.990882 0.000000
vn 0.992084 -0.108752 0.062788
vn 0.134727 -0.858130 0.495440
vn 0.992084 -0.062788 0.108753
vn 0.134719 -0.495442 0.858130
vn 0.992084 0.000000 0.125576
vn 0.134715 0.000000 0.990884
vn 0.992084 0.062788 0.108753
vn 0.134717 0.495442 0.858131
vn 0.992084 0.108752 0.062788
vn 0.134720 0.858131 0.495441
vn -0.939698 0.296184 -0.171002
vn -0.939698 0.171003 -0.296186
vn -0.939697 -0.000000 -0.342008
vn -0.939698 -0.171004 -0.296186
vn -0.939698 -0.296186 -0.171003
vn -0.939698 -0.342006 0.000000
vn -0.939698 -0.296186 0.171002
vn -0.939698 -0.171003 0.296184
vn -0.939699 0.000000 0.342003
vn -0.939698 0.171002 0.296184
vn -0.939698 0.296185 0.171002
vn -0.939698 0.342004 0.000000
s 1
g head neck_plate_right pivot
usemtl head_plateSG
f 2019/2319/2019 2031/2322/2020 2032/2321/2021 2020/2320/2022
f 2020/2320/2022 2032/2321/2021 2033/2324/2023 2021/2323/2024
f 2021/2323/2024 2033/2324/2023 2034/2326/2025 2022/2325/2026
f 2022/2325/2026 2034/2326/2025 2035/2328/2027 2023/2327/2028
f 2023/2327/2028 2035/2328/2027 2036/2330/2029 2024/2329/2030
f 2024/2329/2030 2036/2330/2029 2037/2332/2031 2025/2331/2032
f 2025/2331/2032 2037/2332/2031 2038/2334/2033 2026/2333/2034
f 2026/2333/2034 2038/2334/2033 2039/2336/2035 2027/2335/2036
f 2027/2335/2036 2039/2336/2035 2040/2338/2037 2028/2337/2038
f 2028/2337/2038 2040/2338/2037 2041/2340/2039 2029/2339/2040
f 2029/2339/2040 2041/2340/2039 2042/2342/2041 2030/2341/2042
f 2030/2341/2042 2042/2342/2041 2031/2322/2020 2019/2319/2019
f 2031/2322/2020 2043/2344/2043 2044/2343/2044 2032/2321/2021
f 2032/2321/2021 2044/2343/2044 2045/2345/2045 2033/2324/2023
f 2033/2324/2023 2045/2345/2045 2046/2346/2046 2034/2326/2025
f 2034/2326/2025 2046/2346/2046 2047/2347/2047 2035/2328/2027
f 2035/2328/2027 2047/2347/2047 2048/2348/2048 2036/2330/2029
f 2036/2330/2029 2048/2348/2048 2049/2349/2049 2037/2332/2031
f 2037/2332/2031 2049/2349/2049 2050/2350/2050 2038/2334/2033
f 2038/2334/2033 2050/2350/2050 2051/2351/2051 2039/2336/2035
f 2039/2336/2035 2051/2351/2051 2052/2352/2052 2040/2338/2037
f 2040/2338/2037 2052/2352/2052 2053/2353/2053 2041/2340/2039
f 2041/2340/2039 2053/2353/2053 2054/2354/2054 2042/2342/2041
f 2042/2342/2041 2054/2354/2054 2043/2344/2043 2031/2322/2020
f 2055/2355/2055 2067/2358/2056 2068/2357/2057 2056/2356/2058
f 2056/2356/2058 2068/2357/2057 2069/2360/2059 2057/2359/2060
f 2057/2359/2060 2069/2360/2059 2070/2362/2061 2058/2361/2062
f 2058/2361/2062 2070/2362/2061 2071/2364/2063 2059/2363/2064
f 2059/2363/2064 2071/2364/2063 2072/2366/2065 2060/2365/2066
f 2060/2365/2066 2072/2366/2065 2073/2368/2067 2061/2367/2068
f 2061/2367/2068 2073/2368/2067 2074/2370/2069 2062/2369/2070
f 2062/2369/2070 2074/2370/2069 2075/2372/2071 2063/2371/2072
f 2063/2371/2072 2075/2372/2071 2076/2374/2073 2064/2373/2074
f 2064/2373/2074 2076/2374/2073 2077/2376/2075 2065/2375/2076
f 2065/2375/2076 2077/2376/2075 2078/2378/2077 2066/2377/2078
f 2066/2377/2078 2078/2378/2077 2067/2358/2056 2055/2355/2055
f 2067/2358/2056 2079/2380/2079 2080/2379/2080 2068/2357/2057
f 2068/2357/2057 2080/2379/2080 2081/2381/2081 2069/2360/2059
f 2069/2360/2059 2081/2381/2081 2082/2382/2082 2070/2362/2061
f 2070/2362/2061 2082/2382/2082 2083/2383/2083 2071/2364/2063
f 2071/2364/2063 2083/2383/2083 2084/2384/2084 2072/2366/2065
f 2072/2366/2065 2084/2384/2084 2085/2385/2085 2073/2368/2067
f 2073/2368/2067 2085/2385/2085 2086/2386/2086 2074/2370/2069
f 2074/2370/2069 2086/2386/2086 2087/2387/2087 2075/2372/2071
f 2075/2372/2071 2087/2387/2087 2088/2388/2088 2076/2374/2073
f 2076/2374/2073 2088/2388/2088 2089/2389/2089 2077/2376/2075
f 2077/2376/2075 2089/2389/2089 2090/2390/2090 2078/2378/2077
f 2078/2378/2077 2090/2390/2090 2079/2380/2079 2067/2358/2056
f 2020/2320/2022 2091/2391/2091 2019/2319/2019
f 2021/2323/2024 2091/2391/2091 2020/2320/2022
f 2022/2325/2026 2091/2391/2091 2021/2323/2024
f 2023/2327/2028 2091/2391/2091 2022/2325/2026
f 2024/2329/2030 2091/2391/2091 2023/2327/2028
f 2025/2331/2032 2091/2391/2091 2024/2329/2030
f 2026/2333/2034 2091/2391/2091 2025/2331/2032
f 2027/2335/2036 2091/2391/2091 2026/2333/2034
f 2028/2337/2038 2091/2391/2091 2027/2335/2036
f 2029/2339/2040 2091/2391/2091 2028/2337/2038
f 2030/2341/2042 2091/2391/2091 2029/2339/2040
f 2019/2319/2019 2091/2391/2091 2030/2341/2042
f 2079/2380/2079 2092/2392/2092 2080/2379/2080
f 2080/2379/2080 2092/2392/2092 2081/2381/2081
f 2081/2381/2081 2092/2392/2092 2082/2382/2082
f 2082/2382/2082 2092/2392/2092 2083/2383/2083
f 2083/2383/2083 2092/2392/2092 2084/2384/2084
f 2084/2384/2084 2092/2392/2092 2085/2385/2085
f 2085/2385/2085 2092/2392/2092 2086/2386/2086
f 2086/2386/2086 2092/2392/2092 2087/2387/2087
f 2087/2387/2087 2092/2392/2092 2088/2388/2088
f 2088/2388/2088 2092/2392/2092 2089/2389/2089
f 2089/2389/2089 2092/2392/2092 2090/2390/2090
f 2090/2390/2090 2092/2392/2092 2079/2380/2079
f 2093/2393/2093 2115/2396/2094 2116/2395/2095 2094/2394/2096
f 2094/2394/2096 2096/2398/2097 2095/2397/2098 2093/2393/2093
f 2096/2398/2097 2098/2400/2099 2097/2399/2100 2095/2397/2098
f 2098/2400/2099 2100/2402/2101 2099/2401/2102 2097/2399/2100
f 2100/2402/2101 2102/2404/2103 2101/2403/2104 2099/2401/2102
f 2102/2404/2103 2104/2406/2105 2103/2405/2106 2101/2403/2104
f 2104/2406/2105 2106/2408/2107 2105/2407/2108 2103/2405/2106
f 2106/2408/2107 2108/2410/2109 2107/2409/2110 2105/2407/2108
f 2108/2410/2109 2110/2412/2111 2109/2411/2112 2107/2409/2110
f 2110/2412/2111 2112/2414/2113 2111/2413/2114 2109/2411/2112
f 2112/2414/2113 2114/2416/2115 2113/2415/2116 2111/2413/2114
f 2114/2416/2115 2116/2395/2095 2115/2396/2094 2113/2415/2116
f 2117/2417/2117 2139/2420/2118 2140/2453/2119 2118/2464/2120
f 2118/2464/2120 2120/2463/2121 2119/2421/2122 2117/2417/2117
f 2120/2463/2121 2122/2462/2123 2121/2423/2124 2119/2421/2122
f 2122/2462/2123 2124/2461/2125 2123/2425/2126 2121/2423/2124
f 2124/2461/2125 2126/2460/2127 2125/2427/2128 2123/2425/2126
f 2126/2460/2127 2128/2459/2129 2127/2429/2130 2125/2427/2128
f 2128/2459/2129 2130/2458/2131 2129/2431/2132 2127/2429/2130
f 2130/2458/2131 2132/2457/2133 2131/2433/2134 2129/2431/2132
f 2132/2457/2133 2134/2456/2135 2133/2435/2136 2131/2433/2134
f 2134/2456/2135 2136/2455/2137 2135/2437/2138 2133/2435/2136
f 2136/2455/2137 2138/2454/2139 2137/2439/2140 2135/2437/2138
f 2138/2454/2139 2140/2453/2119 2139/2420/2118 2137/2439/2140
f 2043/2344/2043 2143/2442/2141 2142/2441/2142 2044/2343/2044
f 2044/2343/2044 2142/2441/2142 2141/2443/2143 2045/2345/2045
f 2045/2345/2045 2141/2443/2143 2152/2444/2144 2046/2346/2046
f 2046/2346/2046 2152/2444/2144 2151/2445/2145 2047/2347/2047
f 2047/2347/2047 2151/2445/2145 2150/2446/2146 2048/2348/2048
f 2048/2348/2048 2150/2446/2146 2149/2447/2147 2049/2349/2049
f 2049/2349/2049 2149/2447/2147 2148/2448/2148 2050/2350/2050
f 2050/2350/2050 2148/2448/2148 2147/2449/2149 2051/2351/2051
f 2051/2351/2051 2147/2449/2149 2146/2450/2150 2052/2352/2052
f 2052/2352/2052 2146/2450/2150 2145/2451/2151 2053/2353/2053
f 2053/2353/2053 2145/2451/2151 2144/2452/2152 2054/2354/2054
f 2054/2354/2054 2144/2452/2152 2143/2442/2141 2043/2344/2043
f 2094/2394/2096 2117/2417/2117 2119/2421/2122 2096/2398/2097
f 2096/2398/2097 2119/2421/2122 2121/2423/2124 2098/2400/2099
f 2098/2400/2099 2121/2423/2124 2123/2425/2126 2100/2402/2101
f 2100/2402/2101 2123/2425/2126 2125/2427/2128 2102/2404/2103
f 2102/2404/2103 2125/2427/2128 2127/2429/2130 2104/2406/2105
f 2104/2406/2105 2127/2429/2130 2129/2431/2132 2106/2408/2107
f 2106/2408/2107 2129/2431/2132 2131/2433/2134 2108/2410/2109
f 2108/2410/2109 2131/2433/2134 2133/2435/2136 2110/2412/2111
f 2110/2412/2111 2133/2435/2136 2135/2437/2138 2112/2414/2113
f 2112/2414/2113 2135/2437/2138 2137/2439/2140 2114/2416/2115
f 2114/2416/2115 2137/2439/2140 2139/2420/2118 2116/2395/2095
f 2116/2395/2095 2139/2420/2118 2117/2417/2117 2094/2394/2096
f 2118/2418/2120 2055/2355/2055 2056/2356/2058 2120/2422/2121
f 2120/2422/2121 2056/2356/2058 2057/2359/2060 2122/2424/2123
f 2122/2424/2123 2057/2359/2060 2058/2361/2062 2124/2426/2125
f 2124/2426/2125 2058/2361/2062 2059/2363/2064 2126/2428/2127
f 2126/2428/2127 2059/2363/2064 2060/2365/2066 2128/2430/2129
f 2128/2430/2129 2060/2365/2066 2061/2367/2068 2130/2432/2131
f 2130/2432/2131 2061/2367/2068 2062/2369/2070 2132/2434/2133
f 2132/2434/2133 2062/2369/2070 2063/2371/2072 2134/2436/2135
f 2134/2436/2135 2063/2371/2072 2064/2373/2074 2136/2438/2137
f 2136/2438/2137 2064/2373/2074 2065/2375/2076 2138/2440/2139
f 2138/2440/2139 2065/2375/2076 2066/2377/2078 2140/2419/2119
f 2140/2419/2119 2066/2377/2078 2055/2355/2055 2118/2418/2120
f 2142/2441/2142 2095/2397/2098 2097/2399/2100 2141/2443/2143
f 2143/2442/2141 2093/2393/2093 2095/2397/2098 2142/2441/2142
f 2144/2452/2152 2115/2396/2094 2093/2393/2093 2143/2442/2141
f 2145/2451/2151 2113/2415/2116 2115/2396/2094 2144/2452/2152
f 2146/2450/2150 2111/2413/2114 2113/2415/2116 2145/2451/2151
f 2147/2449/2149 2109/2411/2112 2111/2413/2114 2146/2450/2150
f 2148/2448/2148 2107/2409/2110 2109/2411/2112 2147/2449/2149
f 2149/2447/2147 2105/2407/2108 2107/2409/2110 2148/2448/2148
f 2150/2446/2146 2103/2405/2106 2105/2407/2108 2149/2447/2147
f 2151/2445/2145 2101/2403/2104 2103/2405/2106 2150/2446/2146
f 2152/2444/2144 2099/2401/2102 2101/2403/2104 2151/2445/2145
f 2141/2443/2143 2097/2399/2100 2099/2401/2102 2152/2444/2144
g default
v 0.057920 0.037046 -0.021161
v 0.057920 0.021522 -0.036685
v 0.057920 0.000316 -0.042367
v 0.057920 -0.020891 -0.036685
v 0.057920 -0.036415 -0.021161
v 0.057920 -0.042097 0.000045
v 0.057920 -0.036415 0.021252
v 0.057920 -0.020891 0.036776
v 0.057920 0.000316 0.042458
v 0.057920 0.021522 0.036776
v 0.057920 0.037046 0.021252
v 0.057920 0.042729 0.000045
v 0.064451 0.064103 -0.036782
v 0.064451 0.037143 -0.063742
v 0.064451 0.000316 -0.073610
v 0.064451 -0.036512 -0.063742
v 0.064451 -0.063472 -0.036782
v 0.064451 -0.073339 0.000045
v 0.064451 -0.063472 0.036873
v 0.064451 -0.036512 0.063833
v 0.064451 0.000316 0.073700
v 0.064451 0.037143 0.063833
v 0.064451 0.064103 0.036873
v 0.064451 0.073971 0.000045
v 0.072426 0.077547 -0.044544
v 0.072426 0.044905 -0.077186
v 0.072426 0.000316 -0.089134
v 0.072426 -0.044274 -0.077186
v 0.072426 -0.076915 -0.044544
v 0.072426 -0.088863 0.000045
v 0.072426 -0.076915 0.044635
v 0.072426 -0.044274 0.077277
v 0.072426 0.000316 0.089224
v 0.072426 0.044905 0.077277
v 0.072426 0.077547 0.044635
v 0.072426 0.089495 0.000045
v 0.044805 0.076537 -0.043961
v 0.044805 0.044322 -0.076176
v 0.044805 0.000316 -0.087968
v 0.044805 -0.043691 -0.076176
v 0.044805 -0.075906 -0.043961
v 0.044805 -0.087697 0.000045
v 0.044805 -0.075906 0.044052
v 0.044805 -0.043691 0.076267
v 0.044805 0.000316 0.088058
v 0.044805 0.044322 0.076267
v 0.044805 0.076537 0.044052
v 0.044805 0.088329 0.000045
v 0.044805 0.051130 -0.029292
v 0.044805 0.029654 -0.050769
v 0.044805 0.000316 -0.058630
v 0.044805 -0.029022 -0.050769
v 0.044805 -0.050498 -0.029292
v 0.044805 -0.058359 0.000045
v 0.044805 -0.050498 0.029383
v 0.044805 -0.029022 0.050860
v 0.044805 0.000316 0.058721
v 0.044805 0.029654 0.050860
v 0.044805 0.051130 0.029383
v 0.044805 0.058991 0.000045
v 0.044805 0.025723 -0.014623
v 0.044805 0.014985 -0.025362
v 0.044805 0.000316 -0.029292
v 0.044805 -0.014353 -0.025362
v 0.044805 -0.025091 -0.014623
v 0.044805 -0.029022 0.000045
v 0.044805 -0.025091 0.014714
v 0.044805 -0.014353 0.025452
v 0.044805 0.000316 0.029383
v 0.044805 0.014985 0.025452
v 0.044805 0.025723 0.014714
v 0.044805 0.029654 0.000045
v 0.062572 0.000316 0.000045
v 0.044805 0.000316 0.000045
v 0.064451 0.099675 -0.057320
v 0.061920 0.101944 -0.058630
v 0.064451 0.057681 -0.099313
v 0.061920 0.058991 -0.101583
v 0.064451 0.000316 -0.114684
v 0.061920 0.000316 -0.117305
v 0.064451 -0.057049 -0.099313
v 0.061920 -0.058359 -0.101583
v 0.064451 -0.099043 -0.057320
v 0.061920 -0.101313 -0.058630
v 0.064451 -0.114414 0.000045
v 0.061920 -0.117035 0.000045
v 0.064451 -0.099043 0.057410
v 0.061920 -0.101313 0.058721
v 0.064451 -0.057049 0.099405
v 0.061920 -0.058359 0.101674
v 0.064451 0.000316 0.114775
v 0.061920 0.000316 0.117396
v 0.064451 0.057681 0.099405
v 0.061920 0.058991 0.101674
v 0.064451 0.099675 0.057410
v 0.061920 0.101944 0.058721
v 0.064451 0.115046 0.000045
v 0.061920 0.117666 0.000045
v 0.047336 0.101944 -0.058630
v 0.044805 0.099675 -0.057320
v 0.047336 0.058991 -0.101583
v 0.044805 0.057681 -0.099313
v 0.047336 0.000316 -0.117305
v 0.044805 0.000316 -0.114684
v 0.047336 -0.058359 -0.101583
v 0.044805 -0.057049 -0.099313
v 0.047336 -0.101313 -0.058630
v 0.044805 -0.099043 -0.057320
v 0.047336 -0.117035 0.000045
v 0.044805 -0.114414 0.000045
v 0.047336 -0.101313 0.058721
v 0.044805 -0.099043 0.057410
v 0.047336 -0.058359 0.101674
v 0.044805 -0.057049 0.099405
v 0.047336 0.000316 0.117396
v 0.044805 0.000316 0.114775
v 0.047336 0.058991 0.101674
v 0.044805 0.057681 0.099405
v 0.047336 0.101944 0.058721
v 0.044805 0.099675 0.057410
v 0.047336 0.117666 0.000045
v 0.044805 0.115046 0.000045
v 0.071117 0.000316 -0.102931
v 0.071117 0.051804 -0.089135
v 0.071117 0.089496 -0.051443
v 0.071117 0.103292 0.000045
v 0.071117 0.089496 0.051533
v 0.071117 0.051804 0.089226
v 0.071117 0.000316 0.103022
v 0.071117 -0.051172 0.089226
v 0.071117 -0.088864 0.051533
v 0.071117 -0.102661 0.000045
v 0.071117 -0.088864 -0.051443
v 0.071117 -0.051172 -0.089135
vt 0.038527 0.933269
vt 0.040408 0.931327
vt 0.043842 0.933227
vt 0.040551 0.936632
vt 0.041066 0.928704
vt 0.044991 0.928633
vt 0.040325 0.926104
vt 0.043688 0.924080
vt 0.038383 0.924223
vt 0.040283 0.920789
vt 0.035761 0.923565
vt 0.035689 0.919640
vt 0.033160 0.924306
vt 0.031136 0.920943
vt 0.031279 0.926248
vt 0.027845 0.924348
vt 0.030621 0.928870
vt 0.026697 0.928942
vt 0.031362 0.931470
vt 0.027999 0.933495
vt 0.033304 0.933352
vt 0.031404 0.936786
vt 0.035927 0.934010
vt 0.035998 0.937934
vt 0.045734 0.934267
vt 0.041669 0.938478
vt 0.047149 0.928588
vt 0.045535 0.922962
vt 0.041323 0.918896
vt 0.035644 0.917482
vt 0.030018 0.919096
vt 0.025953 0.923308
vt 0.024538 0.928987
vt 0.026153 0.934613
vt 0.030364 0.938678
vt 0.036043 0.940093
vt 0.079390 0.987783
vt 0.072783 0.987933
vt 0.073790 0.983799
vt 0.078195 0.983698
vt 0.066986 0.984760
vt 0.069926 0.981683
vt 0.063552 0.979114
vt 0.067637 0.977919
vt 0.063402 0.972507
vt 0.067536 0.973514
vt 0.066575 0.966710
vt 0.069652 0.969650
vt 0.072221 0.963276
vt 0.073416 0.967361
vt 0.078828 0.963126
vt 0.077821 0.967260
vt 0.084625 0.966299
vt 0.081685 0.969376
vt 0.088059 0.971945
vt 0.083974 0.973140
vt 0.088209 0.978552
vt 0.084075 0.977545
vt 0.085036 0.984349
vt 0.081959 0.981409
vt 0.074798 0.979664
vt 0.077000 0.979614
vt 0.072866 0.978606
vt 0.071721 0.976724
vt 0.071671 0.974522
vt 0.072729 0.972590
vt 0.074611 0.971445
vt 0.076813 0.971395
vt 0.078745 0.972453
vt 0.079890 0.974335
vt 0.079940 0.976537
vt 0.078882 0.978469
vt 0.035844 0.928787
vt 0.075805 0.975530
vt 0.043426 0.941392
vt 0.043661 0.941783
vt 0.036116 0.943951
vt 0.036108 0.943494
vt 0.048712 0.935912
vt 0.049112 0.936133
vt 0.050551 0.928523
vt 0.051007 0.928515
vt 0.048448 0.921205
vt 0.048839 0.920970
vt 0.042968 0.915918
vt 0.043189 0.915519
vt 0.035579 0.914080
vt 0.035571 0.913623
vt 0.028260 0.916183
vt 0.028025 0.915792
vt 0.022974 0.921664
vt 0.022575 0.921442
vt 0.021137 0.929052
vt 0.020680 0.929060
vt 0.023239 0.936370
vt 0.022848 0.936605
vt 0.028719 0.941656
vt 0.028498 0.942056
vt 0.044600 0.943322
vt 0.080478 0.991502
vt 0.087838 0.987026
vt 0.036160 0.945753
vt 0.050694 0.936996
vt 0.071865 0.991698
vt 0.052809 0.928471
vt 0.064309 0.987562
vt 0.050378 0.920030
vt 0.059833 0.980202
vt 0.044052 0.913936
vt 0.059637 0.971589
vt 0.035527 0.911822
vt 0.063773 0.964033
vt 0.027086 0.914253
vt 0.071133 0.959557
vt 0.020992 0.920579
vt 0.079746 0.959361
vt 0.018878 0.929105
vt 0.087302 0.963497
vt 0.021310 0.937545
vt 0.091778 0.970857
vt 0.027635 0.943638
vt 0.091974 0.979470
vt 0.047236 0.935099
vt 0.042554 0.939950
vt 0.048866 0.928557
vt 0.047006 0.922077
vt 0.042155 0.917394
vt 0.035613 0.915765
vt 0.029133 0.917625
vt 0.024450 0.922476
vt 0.022821 0.929018
vt 0.024681 0.935498
vt 0.029532 0.940180
vt 0.036074 0.941810
vt 0.036170 0.946178
vt 0.027431 0.944012
vt 0.020946 0.937766
vt 0.018453 0.929115
vt 0.020619 0.920375
vt 0.026865 0.913890
vt 0.035516 0.911396
vt 0.044256 0.913563
vt 0.050741 0.919809
vt 0.053235 0.928461
vt 0.051068 0.937200
vt 0.044822 0.943685
vn 0.992230 -0.107749 0.062209
vn 0.992230 -0.062209 0.107750
vn 0.941500 -0.168506 0.291861
vn 0.941500 -0.291862 0.168507
vn 0.992230 0.000000 0.124418
vn 0.941501 -0.000000 0.337011
vn 0.992230 0.062209 0.107750
vn 0.941500 0.168507 0.291861
vn 0.992230 0.107750 0.062209
vn 0.941500 0.291863 0.168507
vn 0.992230 0.124419 0.000000
vn 0.941500 0.337014 0.000000
vn 0.992230 0.107750 -0.062209
vn 0.941500 0.291863 -0.168507
vn 0.992230 0.062209 -0.107750
vn 0.941500 0.168506 -0.291863
vn 0.992230 0.000000 -0.124418
vn 0.941500 0.000000 -0.337013
vn 0.992230 -0.062209 -0.107750
vn 0.941500 -0.168505 -0.291863
vn 0.992230 -0.107749 -0.062208
vn 0.941500 -0.291862 -0.168507
vn 0.992230 -0.124419 0.000000
vn 0.941500 -0.337014 0.000000
vn 0.988191 -0.076613 0.132698
vn 0.988191 -0.132699 0.076614
vn 0.988191 -0.000000 0.153227
vn 0.988191 0.076613 0.132698
vn 0.988191 0.132699 0.076613
vn 0.988191 0.153227 -0.000000
vn 0.988191 0.132698 -0.076613
vn 0.988191 0.076612 -0.132698
vn 0.988191 -0.000000 -0.153226
vn 0.988191 -0.076612 -0.132698
vn 0.988191 -0.132699 -0.076613
vn 0.988191 -0.153227 -0.000000
vn -1.000000 0.000000 0.000000
vn -1.000000 0.000000 0.000000
vn -1.000000 0.000000 0.000000
vn -1.000000 -0.000000 0.000000
vn -1.000000 0.000000 0.000000
vn -1.000000 0.000000 0.000000
vn -1.000000 0.000000 0.000000
vn -1.000000 0.000000 0.000000
vn -1.000000 -0.000000 0.000000
vn -1.000000 0.000000 0.000000
vn -1.000000 -0.000000 0.000000
vn -1.000000 0.000000 0.000000
vn -1.000000 -0.000000 0.000000
vn -1.000000 0.000000 0.000000
vn -1.000000 0.000000 0.000000
vn -1.000000 0.000000 0.000000
vn -1.000000 0.000000 0.000000
vn -1.000000 -0.000000 0.000000
vn -1.000000 -0.000000 0.000000
vn -1.000000 -0.000000 0.000000
vn -1.000000 0.000000 0.000000
vn -1.000000 -0.000000 0.000000
vn -1.000000 0.000000 0.000000
vn -1.000000 -0.000000 0.000000
vn -1.000000 0.000000 0.000000
vn -1.000000 -0.000000 0.000000
vn -1.000000 0.000000 0.000000
vn -1.000000 0.000000 0.000000
vn -1.000000 0.000000 0.000000
vn -1.000000 0.000000 0.000000
vn -1.000000 0.000000 0.000000
vn -1.000000 -0.000000 0.000000
vn -1.000000 -0.000000 0.000000
vn -1.000000 0.000000 0.000000
vn -1.000000 -0.000000 0.000000
vn -1.000000 -0.000000 0.000000
vn 1.000000 -0.000000 -0.000000
vn -1.000000 -0.000000 0.000000
vn 0.833943 0.477916 -0.275925
vn 0.134720 0.858130 -0.495443
vn 0.134720 0.990884 0.000000
vn 0.833944 0.551849 0.000000
vn 0.833943 0.275924 -0.477917
vn 0.134723 0.495441 -0.858130
vn 0.833944 0.000000 -0.551849
vn 0.134726 0.000000 -0.990883
vn 0.833944 -0.275924 -0.477916
vn 0.134725 -0.495442 -0.858130
vn 0.833945 -0.477913 -0.275925
vn 0.134727 -0.858129 -0.495442
vn 0.833947 -0.551845 0.000000
vn 0.134731 -0.990882 0.000000
vn 0.833945 -0.477914 0.275924
vn 0.134727 -0.858130 0.495440
vn 0.833942 -0.275927 0.477918
vn 0.134719 -0.495443 0.858130
vn 0.833940 0.000000 0.551855
vn 0.134715 0.000000 0.990884
vn 0.833942 0.275927 0.477918
vn 0.134717 0.495442 0.858131
vn 0.833943 0.477917 0.275924
vn 0.134720 0.858131 0.495441
vn -0.134720 0.858130 -0.495443
vn -0.992084 0.108752 -0.062788
vn -0.992084 0.125576 0.000000
vn -0.134720 0.990884 0.000000
vn -0.134723 0.495441 -0.858130
vn -0.992084 0.062788 -0.108753
vn -0.134726 0.000000 -0.990883
vn -0.992084 0.000000 -0.125577
vn -0.134725 -0.495442 -0.858130
vn -0.992084 -0.062788 -0.108752
vn -0.134727 -0.858129 -0.495442
vn -0.992084 -0.108752 -0.062789
vn -0.134731 -0.990882 0.000000
vn -0.992084 -0.125576 0.000000
vn -0.134727 -0.858130 0.495440
vn -0.992084 -0.108752 0.062788
vn -0.134719 -0.495443 0.858130
vn -0.992084 -0.062789 0.108753
vn -0.134715 0.000000 0.990884
vn -0.992084 0.000000 0.125576
vn -0.134717 0.495442 0.858131
vn -0.992084 0.062788 0.108753
vn -0.134720 0.858131 0.495441
vn -0.992084 0.108752 0.062788
vn 0.939698 0.171003 -0.296186
vn 0.939699 0.296184 -0.171002
vn 0.939697 -0.000000 -0.342008
vn 0.939698 -0.171004 -0.296186
vn 0.939698 -0.296185 -0.171003
vn 0.939698 -0.342006 0.000000
vn 0.939698 -0.296186 0.171002
vn 0.939698 -0.171003 0.296184
vn 0.939699 -0.000000 0.342003
vn 0.939698 0.171002 0.296184
vn 0.939698 0.296185 0.171002
vn 0.939698 0.342004 0.000000
s 1
g head pivot neck_plate_left
usemtl head_plateSG
f 2153/2465/2153 2154/2466/2154 2166/2467/2155 2165/2468/2156
f 2154/2466/2154 2155/2469/2157 2167/2470/2158 2166/2467/2155
f 2155/2469/2157 2156/2471/2159 2168/2472/2160 2167/2470/2158
f 2156/2471/2159 2157/2473/2161 2169/2474/2162 2168/2472/2160
f 2157/2473/2161 2158/2475/2163 2170/2476/2164 2169/2474/2162
f 2158/2475/2163 2159/2477/2165 2171/2478/2166 2170/2476/2164
f 2159/2477/2165 2160/2479/2167 2172/2480/2168 2171/2478/2166
f 2160/2479/2167 2161/2481/2169 2173/2482/2170 2172/2480/2168
f 2161/2481/2169 2162/2483/2171 2174/2484/2172 2173/2482/2170
f 2162/2483/2171 2163/2485/2173 2175/2486/2174 2174/2484/2172
f 2163/2485/2173 2164/2487/2175 2176/2488/2176 2175/2486/2174
f 2164/2487/2175 2153/2465/2153 2165/2468/2156 2176/2488/2176
f 2165/2468/2156 2166/2467/2155 2178/2489/2177 2177/2490/2178
f 2166/2467/2155 2167/2470/2158 2179/2491/2179 2178/2489/2177
f 2167/2470/2158 2168/2472/2160 2180/2492/2180 2179/2491/2179
f 2168/2472/2160 2169/2474/2162 2181/2493/2181 2180/2492/2180
f 2169/2474/2162 2170/2476/2164 2182/2494/2182 2181/2493/2181
f 2170/2476/2164 2171/2478/2166 2183/2495/2183 2182/2494/2182
f 2171/2478/2166 2172/2480/2168 2184/2496/2184 2183/2495/2183
f 2172/2480/2168 2173/2482/2170 2185/2497/2185 2184/2496/2184
f 2173/2482/2170 2174/2484/2172 2186/2498/2186 2185/2497/2185
f 2174/2484/2172 2175/2486/2174 2187/2499/2187 2186/2498/2186
f 2175/2486/2174 2176/2488/2176 2188/2500/2188 2187/2499/2187
f 2176/2488/2176 2165/2468/2156 2177/2490/2178 2188/2500/2188
f 2189/2501/2189 2190/2502/2190 2202/2503/2191 2201/2504/2192
f 2190/2502/2190 2191/2505/2193 2203/2506/2194 2202/2503/2191
f 2191/2505/2193 2192/2507/2195 2204/2508/2196 2203/2506/2194
f 2192/2507/2195 2193/2509/2197 2205/2510/2198 2204/2508/2196
f 2193/2509/2197 2194/2511/2199 2206/2512/2200 2205/2510/2198
f 2194/2511/2199 2195/2513/2201 2207/2514/2202 2206/2512/2200
f 2195/2513/2201 2196/2515/2203 2208/2516/2204 2207/2514/2202
f 2196/2515/2203 2197/2517/2205 2209/2518/2206 2208/2516/2204
f 2197/2517/2205 2198/2519/2207 2210/2520/2208 2209/2518/2206
f 2198/2519/2207 2199/2521/2209 2211/2522/2210 2210/2520/2208
f 2199/2521/2209 2200/2523/2211 2212/2524/2212 2211/2522/2210
f 2200/2523/2211 2189/2501/2189 2201/2504/2192 2212/2524/2212
f 2201/2504/2192 2202/2503/2191 2214/2525/2213 2213/2526/2214
f 2202/2503/2191 2203/2506/2194 2215/2527/2215 2214/2525/2213
f 2203/2506/2194 2204/2508/2196 2216/2528/2216 2215/2527/2215
f 2204/2508/2196 2205/2510/2198 2217/2529/2217 2216/2528/2216
f 2205/2510/2198 2206/2512/2200 2218/2530/2218 2217/2529/2217
f 2206/2512/2200 2207/2514/2202 2219/2531/2219 2218/2530/2218
f 2207/2514/2202 2208/2516/2204 2220/2532/2220 2219/2531/2219
f 2208/2516/2204 2209/2518/2206 2221/2533/2221 2220/2532/2220
f 2209/2518/2206 2210/2520/2208 2222/2534/2222 2221/2533/2221
f 2210/2520/2208 2211/2522/2210 2223/2535/2223 2222/2534/2222
f 2211/2522/2210 2212/2524/2212 2224/2536/2224 2223/2535/2223
f 2212/2524/2212 2201/2504/2192 2213/2526/2214 2224/2536/2224
f 2154/2466/2154 2153/2465/2153 2225/2537/2225
f 2155/2469/2157 2154/2466/2154 2225/2537/2225
f 2156/2471/2159 2155/2469/2157 2225/2537/2225
f 2157/2473/2161 2156/2471/2159 2225/2537/2225
f 2158/2475/2163 2157/2473/2161 2225/2537/2225
f 2159/2477/2165 2158/2475/2163 2225/2537/2225
f 2160/2479/2167 2159/2477/2165 2225/2537/2225
f 2161/2481/2169 2160/2479/2167 2225/2537/2225
f 2162/2483/2171 2161/2481/2169 2225/2537/2225
f 2163/2485/2173 2162/2483/2171 2225/2537/2225
f 2164/2487/2175 2163/2485/2173 2225/2537/2225
f 2153/2465/2153 2164/2487/2175 2225/2537/2225
f 2213/2526/2214 2214/2525/2213 2226/2538/2226
f 2214/2525/2213 2215/2527/2215 2226/2538/2226
f 2215/2527/2215 2216/2528/2216 2226/2538/2226
f 2216/2528/2216 2217/2529/2217 2226/2538/2226
f 2217/2529/2217 2218/2530/2218 2226/2538/2226
f 2218/2530/2218 2219/2531/2219 2226/2538/2226
f 2219/2531/2219 2220/2532/2220 2226/2538/2226
f 2220/2532/2220 2221/2533/2221 2226/2538/2226
f 2221/2533/2221 2222/2534/2222 2226/2538/2226
f 2222/2534/2222 2223/2535/2223 2226/2538/2226
f 2223/2535/2223 2224/2536/2224 2226/2538/2226
f 2224/2536/2224 2213/2526/2214 2226/2538/2226
f 2227/2539/2227 2228/2540/2228 2250/2541/2229 2249/2542/2230
f 2228/2540/2228 2227/2539/2227 2229/2543/2231 2230/2544/2232
f 2230/2544/2232 2229/2543/2231 2231/2545/2233 2232/2546/2234
f 2232/2546/2234 2231/2545/2233 2233/2547/2235 2234/2548/2236
f 2234/2548/2236 2233/2547/2235 2235/2549/2237 2236/2550/2238
f 2236/2550/2238 2235/2549/2237 2237/2551/2239 2238/2552/2240
f 2238/2552/2240 2237/2551/2239 2239/2553/2241 2240/2554/2242
f 2240/2554/2242 2239/2553/2241 2241/2555/2243 2242/2556/2244
f 2242/2556/2244 2241/2555/2243 2243/2557/2245 2244/2558/2246
f 2244/2558/2246 2243/2557/2245 2245/2559/2247 2246/2560/2248
f 2246/2560/2248 2245/2559/2247 2247/2561/2249 2248/2562/2250
f 2248/2562/2250 2247/2561/2249 2249/2542/2230 2250/2541/2229
f 2251/2563/2251 2252/2610/2252 2274/2599/2253 2273/2566/2254
f 2252/2610/2252 2251/2563/2251 2253/2567/2255 2254/2609/2256
f 2254/2609/2256 2253/2567/2255 2255/2569/2257 2256/2608/2258
f 2256/2608/2258 2255/2569/2257 2257/2571/2259 2258/2607/2260
f 2258/2607/2260 2257/2571/2259 2259/2573/2261 2260/2606/2262
f 2260/2606/2262 2259/2573/2261 2261/2575/2263 2262/2605/2264
f 2262/2605/2264 2261/2575/2263 2263/2577/2265 2264/2604/2266
f 2264/2604/2266 2263/2577/2265 2265/2579/2267 2266/2603/2268
f 2266/2603/2268 2265/2579/2267 2267/2581/2269 2268/2602/2270
f 2268/2602/2270 2267/2581/2269 2269/2583/2271 2270/2601/2272
f 2270/2601/2272 2269/2583/2271 2271/2585/2273 2272/2600/2274
f 2272/2600/2274 2271/2585/2273 2273/2566/2254 2274/2599/2253
f 2177/2490/2178 2178/2489/2177 2276/2587/2275 2277/2588/2276
f 2178/2489/2177 2179/2491/2179 2275/2589/2277 2276/2587/2275
f 2179/2491/2179 2180/2492/2180 2286/2590/2278 2275/2589/2277
f 2180/2492/2180 2181/2493/2181 2285/2591/2279 2286/2590/2278
f 2181/2493/2181 2182/2494/2182 2284/2592/2280 2285/2591/2279
f 2182/2494/2182 2183/2495/2183 2283/2593/2281 2284/2592/2280
f 2183/2495/2183 2184/2496/2184 2282/2594/2282 2283/2593/2281
f 2184/2496/2184 2185/2497/2185 2281/2595/2283 2282/2594/2282
f 2185/2497/2185 2186/2498/2186 2280/2596/2284 2281/2595/2283
f 2186/2498/2186 2187/2499/2187 2279/2597/2285 2280/2596/2284
f 2187/2499/2187 2188/2500/2188 2278/2598/2286 2279/2597/2285
f 2188/2500/2188 2177/2490/2178 2277/2588/2276 2278/2598/2286
f 2228/2540/2228 2230/2544/2232 2253/2567/2255 2251/2563/2251
f 2230/2544/2232 2232/2546/2234 2255/2569/2257 2253/2567/2255
f 2232/2546/2234 2234/2548/2236 2257/2571/2259 2255/2569/2257
f 2234/2548/2236 2236/2550/2238 2259/2573/2261 2257/2571/2259
f 2236/2550/2238 2238/2552/2240 2261/2575/2263 2259/2573/2261
f 2238/2552/2240 2240/2554/2242 2263/2577/2265 2261/2575/2263
f 2240/2554/2242 2242/2556/2244 2265/2579/2267 2263/2577/2265
f 2242/2556/2244 2244/2558/2246 2267/2581/2269 2265/2579/2267
f 2244/2558/2246 2246/2560/2248 2269/2583/2271 2267/2581/2269
f 2246/2560/2248 2248/2562/2250 2271/2585/2273 2269/2583/2271
f 2248/2562/2250 2250/2541/2229 2273/2566/2254 2271/2585/2273
f 2250/2541/2229 2228/2540/2228 2251/2563/2251 2273/2566/2254
f 2252/2564/2252 2254/2568/2256 2190/2502/2190 2189/2501/2189
f 2254/2568/2256 2256/2570/2258 2191/2505/2193 2190/2502/2190
f 2256/2570/2258 2258/2572/2260 2192/2507/2195 2191/2505/2193
f 2258/2572/2260 2260/2574/2262 2193/2509/2197 2192/2507/2195
f 2260/2574/2262 2262/2576/2264 2194/2511/2199 2193/2509/2197
f 2262/2576/2264 2264/2578/2266 2195/2513/2201 2194/2511/2199
f 2264/2578/2266 2266/2580/2268 2196/2515/2203 2195/2513/2201
f 2266/2580/2268 2268/2582/2270 2197/2517/2205 2196/2515/2203
f 2268/2582/2270 2270/2584/2272 2198/2519/2207 2197/2517/2205
f 2270/2584/2272 2272/2586/2274 2199/2521/2209 2198/2519/2207
f 2272/2586/2274 2274/2565/2253 2200/2523/2211 2199/2521/2209
f 2274/2565/2253 2252/2564/2252 2189/2501/2189 2200/2523/2211
f 2276/2587/2275 2275/2589/2277 2231/2545/2233 2229/2543/2231
f 2277/2588/2276 2276/2587/2275 2229/2543/2231 2227/2539/2227
f 2278/2598/2286 2277/2588/2276 2227/2539/2227 2249/2542/2230
f 2279/2597/2285 2278/2598/2286 2249/2542/2230 2247/2561/2249
f 2280/2596/2284 2279/2597/2285 2247/2561/2249 2245/2559/2247
f 2281/2595/2283 2280/2596/2284 2245/2559/2247 2243/2557/2245
f 2282/2594/2282 2281/2595/2283 2243/2557/2245 2241/2555/2243
f 2283/2593/2281 2282/2594/2282 2241/2555/2243 2239/2553/2241
f 2284/2592/2280 2283/2593/2281 2239/2553/2241 2237/2551/2239
f 2285/2591/2279 2284/2592/2280 2237/2551/2239 2235/2549/2237
f 2286/2590/2278 2285/2591/2279 2235/2549/2237 2233/2547/2235
f 2275/2589/2277 2286/2590/2278 2233/2547/2235 2231/2545/2233
