# This file uses centimeters as units for non-parametric coordinates.

mtllib bot.mtl
g default
v 0.024158 0.012979 0.022290
v 0.027826 -0.001127 0.021540
v 0.023939 -0.015175 0.020793
v 0.013538 -0.025400 0.020250
v -0.000589 -0.029063 0.020055
v -0.014657 -0.025182 0.020262
v -0.024897 -0.014797 0.020813
v -0.028565 -0.000690 0.021563
v -0.024678 0.013357 0.022310
v -0.014278 0.023583 0.022853
v -0.000151 0.027245 0.023048
v 0.013918 0.023364 0.022841
v 0.042225 0.022992 0.026789
v 0.048595 -0.001506 0.025487
v 0.041845 -0.025902 0.024190
v 0.023784 -0.043659 0.023247
v -0.000750 -0.050020 0.022908
v -0.025181 -0.043280 0.023267
v -0.042965 -0.025245 0.024225
v -0.049335 -0.000747 0.025527
v -0.042584 0.023649 0.026823
v -0.024523 0.041406 0.027767
v 0.000010 0.047767 0.028105
v 0.024442 0.041027 0.027747
v 0.051202 0.027809 0.031889
v 0.058915 -0.001852 0.030312
v 0.050742 -0.031389 0.028742
v 0.028874 -0.052889 0.027600
v -0.000830 -0.060590 0.027191
v -0.030410 -0.052430 0.027624
v -0.051942 -0.030593 0.028785
v -0.059655 -0.000933 0.030361
v -0.051482 0.028605 0.031931
v -0.029614 0.050105 0.033073
v 0.000090 0.057806 0.033483
v 0.029671 0.049645 0.033049
v 0.050528 0.028348 0.015141
v 0.058140 -0.000925 0.013585
v 0.050074 -0.030077 0.012036
v 0.028492 -0.051296 0.010908
v -0.000824 -0.058896 0.010504
v -0.030018 -0.050842 0.010932
v -0.051268 -0.029291 0.012078
v -0.058879 -0.000018 0.013633
v -0.050814 0.029133 0.015183
v -0.029231 0.050352 0.016310
v 0.000084 0.057952 0.016714
v 0.029278 0.049898 0.016286
v 0.033562 0.018741 0.014630
v 0.038637 -0.000774 0.013593
v 0.033259 -0.020208 0.012560
v 0.018871 -0.034354 0.011808
v -0.000672 -0.039421 0.011539
v -0.020135 -0.034052 0.011825
v -0.034302 -0.019685 0.012588
v -0.039376 -0.000170 0.013625
v -0.033999 0.019265 0.014658
v -0.019611 0.033411 0.015410
v -0.000067 0.038478 0.015679
v 0.019396 0.033108 0.015394
v 0.016596 0.009135 0.014120
v 0.019134 -0.000623 0.013601
v 0.016445 -0.010340 0.013085
v 0.009251 -0.017413 0.012709
v -0.000521 -0.019946 0.012574
v -0.010252 -0.017262 0.012717
v -0.017336 -0.010079 0.013099
v -0.019873 -0.000321 0.013617
v -0.017184 0.009396 0.014134
v -0.009990 0.016469 0.014509
v -0.000218 0.019003 0.014644
v 0.009513 0.016318 0.014501
v -0.000370 -0.001064 0.024369
v -0.000370 -0.000472 0.013609
v 0.065979 0.036441 0.027503
v 0.067494 0.037384 0.026016
v 0.075901 -0.001717 0.025476
v 0.077643 -0.001647 0.023942
v 0.065387 -0.039718 0.023456
v 0.066889 -0.040515 0.021876
v 0.037253 -0.067378 0.021986
v 0.038112 -0.068807 0.020373
v -0.000961 -0.077286 0.021459
v -0.000975 -0.078941 0.019834
v -0.039018 -0.066787 0.022017
v -0.039900 -0.068202 0.020405
v -0.066718 -0.038694 0.023510
v -0.068234 -0.039468 0.021932
v -0.076640 -0.000535 0.025539
v -0.078383 -0.000437 0.024006
v -0.066126 0.037465 0.027558
v -0.067628 0.038431 0.026072
v -0.037992 0.065125 0.029028
v -0.038852 0.066723 0.027575
v 0.000222 0.075033 0.029554
v 0.000236 0.076857 0.028114
v 0.038278 0.064534 0.028996
v 0.039161 0.066118 0.027543
v 0.067494 0.037870 0.017184
v 0.065979 0.037096 0.015606
v 0.077643 -0.001161 0.015110
v 0.075901 -0.001063 0.013578
v 0.066889 -0.040029 0.013045
v 0.065387 -0.039063 0.011558
v 0.038112 -0.068321 0.011541
v 0.037253 -0.066723 0.010088
v -0.000975 -0.078455 0.011002
v -0.000961 -0.076631 0.009562
v -0.039900 -0.067717 0.011573
v -0.039018 -0.066132 0.010120
v -0.068234 -0.038982 0.013100
v -0.066718 -0.038040 0.011613
v -0.078383 0.000048 0.015174
v -0.076640 0.000119 0.013641
v -0.067628 0.038917 0.017240
v -0.066126 0.038119 0.015660
v -0.038852 0.067208 0.018743
v -0.037992 0.065780 0.017130
v 0.000236 0.077343 0.019282
v 0.000222 0.075687 0.017657
v 0.039161 0.066604 0.018711
v 0.038278 0.065188 0.017099
v 0.058650 -0.035986 0.027703
v 0.068087 -0.001879 0.029516
v 0.059181 0.032371 0.031336
v 0.034319 0.057585 0.032676
v 0.000162 0.067009 0.033177
v -0.034138 0.058116 0.032704
v -0.059390 0.033290 0.031384
v -0.068827 -0.000818 0.029572
v -0.059921 -0.035068 0.027752
v -0.035058 -0.060282 0.026412
v -0.000901 -0.069706 0.025911
v 0.033399 -0.060813 0.026384
vt 0.274235 0.719986
vt 0.274724 0.718066
vt 0.277593 0.718024
vt 0.276740 0.721384
vt 0.274187 0.716158
vt 0.276651 0.714688
vt 0.272769 0.714774
vt 0.274167 0.712270
vt 0.270849 0.714286
vt 0.270807 0.711417
vt 0.268941 0.714822
vt 0.267471 0.712359
vt 0.267558 0.716241
vt 0.265053 0.714842
vt 0.267069 0.718161
vt 0.264200 0.718203
vt 0.267605 0.720068
vt 0.265142 0.721539
vt 0.269024 0.721452
vt 0.267626 0.723957
vt 0.270944 0.721941
vt 0.270986 0.724810
vt 0.272852 0.721404
vt 0.274322 0.723868
vt 0.279151 0.717998
vt 0.278103 0.722141
vt 0.277987 0.713886
vt 0.274924 0.710907
vt 0.270781 0.709859
vt 0.266669 0.711022
vt 0.263690 0.714086
vt 0.262642 0.718229
vt 0.263806 0.722341
vt 0.266869 0.725320
vt 0.271012 0.726368
vt 0.275124 0.725204
vt 0.309216 0.725009
vt 0.305170 0.727512
vt 0.304287 0.724578
vt 0.306984 0.722909
vt 0.300415 0.727657
vt 0.301118 0.724675
vt 0.296225 0.725405
vt 0.298324 0.723174
vt 0.293722 0.721360
vt 0.296655 0.720477
vt 0.293577 0.716605
vt 0.296559 0.717307
vt 0.295829 0.712414
vt 0.298060 0.714513
vt 0.299874 0.709911
vt 0.300757 0.712845
vt 0.304629 0.709766
vt 0.303927 0.712748
vt 0.308819 0.712018
vt 0.306720 0.714249
vt 0.311322 0.716063
vt 0.308389 0.716946
vt 0.311467 0.720818
vt 0.308486 0.720116
vt 0.303405 0.721645
vt 0.304753 0.720810
vt 0.301820 0.721693
vt 0.300423 0.720943
vt 0.299589 0.719594
vt 0.299540 0.718009
vt 0.300291 0.716612
vt 0.301639 0.715778
vt 0.303224 0.715730
vt 0.304621 0.716480
vt 0.305455 0.717829
vt 0.305504 0.719414
vt 0.270896 0.718113
vt 0.302522 0.718711
vt 0.280260 0.723342
vt 0.280541 0.723500
vt 0.276556 0.727601
vt 0.276391 0.727323
vt 0.281620 0.717960
vt 0.281942 0.717956
vt 0.280107 0.712619
vt 0.280384 0.712454
vt 0.276126 0.708750
vt 0.276283 0.708469
vt 0.270743 0.707390
vt 0.270739 0.707067
vt 0.265402 0.708903
vt 0.265237 0.708626
vt 0.261533 0.712885
vt 0.261251 0.712727
vt 0.260173 0.718267
vt 0.259850 0.718271
vt 0.261687 0.723608
vt 0.261409 0.723773
vt 0.265668 0.727476
vt 0.265510 0.727758
vt 0.271050 0.728837
vt 0.271054 0.729159
vt 0.281613 0.724090
vt 0.281876 0.724235
vt 0.277344 0.728904
vt 0.277189 0.728648
vt 0.283166 0.717931
vt 0.283466 0.717925
vt 0.281431 0.711821
vt 0.281688 0.711666
vt 0.276874 0.707396
vt 0.277018 0.707134
vt 0.270714 0.705843
vt 0.270708 0.705544
vt 0.264603 0.707578
vt 0.264448 0.707322
vt 0.260179 0.712137
vt 0.259917 0.711992
vt 0.258627 0.718296
vt 0.258327 0.718302
vt 0.260362 0.724407
vt 0.260106 0.724562
vt 0.264920 0.728831
vt 0.264775 0.729093
vt 0.271079 0.730383
vt 0.271085 0.730682
vt 0.280408 0.717980
vt 0.279200 0.722754
vt 0.279067 0.713243
vt 0.275537 0.709810
vt 0.270763 0.708602
vt 0.266025 0.709943
vt 0.262593 0.713473
vt 0.261385 0.718247
vt 0.262726 0.722985
vt 0.266256 0.726417
vt 0.271030 0.727625
vt 0.275767 0.726284
vt 0.311247 0.726920
vt 0.305974 0.730183
vt 0.299776 0.730372
vt 0.294313 0.727437
vt 0.291051 0.722163
vt 0.290861 0.715965
vt 0.293797 0.710503
vt 0.299070 0.707240
vt 0.305268 0.707051
vt 0.310731 0.709986
vt 0.313994 0.715260
vt 0.314183 0.721458
vn -0.098912 -0.108748 0.989136
vn -0.113693 -0.051847 0.992162
vn -0.310622 -0.048055 0.949318
vn -0.270280 -0.203518 0.941026
vn -0.098012 0.004803 0.995174
vn -0.267733 0.106685 0.957569
vn -0.056076 0.046023 0.997365
vn -0.153159 0.219265 0.963569
vn 0.000884 0.060785 0.998151
vn 0.002409 0.259585 0.965717
vn 0.057600 0.045145 0.997319
vn 0.157332 0.216864 0.963440
vn 0.098894 0.003276 0.995093
vn 0.270143 0.102518 0.957347
vn 0.113697 -0.053613 0.992068
vn 0.310620 -0.052870 0.949063
vn 0.098022 -0.110269 0.989056
vn 0.267863 -0.207684 0.940807
vn 0.056088 -0.151514 0.986863
vn 0.153285 -0.320416 0.934793
vn -0.000881 -0.166288 0.986077
vn -0.002413 -0.360807 0.932638
vn -0.057620 -0.150635 0.986909
vn -0.157465 -0.318012 0.934919
vn -0.139638 -0.051440 0.988866
vn -0.121501 -0.121323 0.985149
vn -0.120356 0.018122 0.992566
vn -0.068852 0.068737 0.995256
vn 0.001084 0.086867 0.996219
vn 0.070732 0.067660 0.995198
vn 0.121441 0.016253 0.992466
vn 0.139634 -0.053602 0.988751
vn 0.120413 -0.123195 0.985050
vn 0.068907 -0.173872 0.982355
vn -0.001088 -0.192032 0.981388
vn -0.070787 -0.172792 0.982411
vn 0.000001 0.053071 -0.998591
vn 0.000003 0.053070 -0.998591
vn -0.000003 0.053070 -0.998591
vn -0.000005 0.053069 -0.998591
vn -0.000002 0.053068 -0.998591
vn 0.000001 0.053066 -0.998591
vn -0.000000 0.053071 -0.998591
vn -0.000000 0.053065 -0.998591
vn 0.000001 0.053073 -0.998591
vn 0.000000 0.053070 -0.998591
vn -0.000001 0.053073 -0.998591
vn -0.000000 0.053070 -0.998591
vn 0.000001 0.053069 -0.998591
vn -0.000002 0.053068 -0.998591
vn 0.000002 0.053067 -0.998591
vn -0.000000 0.053067 -0.998591
vn -0.000000 0.053067 -0.998591
vn -0.000003 0.053067 -0.998591
vn 0.000002 0.053065 -0.998591
vn 0.000001 0.053070 -0.998591
vn 0.000004 0.053066 -0.998591
vn 0.000004 0.053069 -0.998591
vn 0.000001 0.053070 -0.998591
vn -0.000001 0.053068 -0.998591
vn 0.000000 0.053077 -0.998591
vn 0.000002 0.053073 -0.998591
vn -0.000001 0.053069 -0.998591
vn -0.000005 0.053065 -0.998591
vn -0.000003 0.053066 -0.998591
vn 0.000003 0.053066 -0.998591
vn 0.000001 0.053073 -0.998591
vn -0.000002 0.053067 -0.998591
vn -0.000002 0.053058 -0.998591
vn 0.000001 0.053070 -0.998591
vn 0.000007 0.053077 -0.998591
vn 0.000007 0.053071 -0.998591
vn 0.000001 -0.053077 0.998591
vn -0.000001 0.053067 -0.998591
vn 0.449699 0.209248 0.868324
vn 0.860453 0.479194 0.173190
vn 0.501197 0.843492 0.193191
vn 0.261863 0.399525 0.878526
vn 0.517166 -0.049401 0.854459
vn 0.989158 -0.015682 0.146016
vn 0.446057 -0.307196 0.840633
vn 0.852798 -0.508514 0.118953
vn 0.255294 -0.494985 0.830551
vn 0.487924 -0.867226 0.099245
vn -0.004010 -0.562275 0.826940
vn -0.007676 -0.995712 0.092187
vn -0.262238 -0.490958 0.830777
vn -0.501221 -0.859559 0.099679
vn -0.450061 -0.300244 0.841011
vn -0.860477 -0.495232 0.119688
vn -0.517145 -0.041391 0.854896
vn -0.989157 -0.000350 0.146860
vn -0.445659 0.216174 0.868710
vn -0.852777 0.492465 0.173923
vn -0.254903 0.403510 0.878751
vn -0.487901 0.851156 0.193614
vn 0.004009 0.470595 0.882340
vn 0.007676 0.979630 0.200665
vn 0.860476 0.495235 -0.119680
vn 0.100189 0.109473 -0.988928
vn 0.058356 0.151887 -0.986674
vn 0.501221 0.859559 -0.099675
vn 0.989158 0.000350 -0.146857
vn 0.115179 0.051844 -0.991991
vn 0.852776 -0.492469 -0.173920
vn 0.099296 -0.005545 -0.995043
vn 0.487901 -0.851156 -0.193611
vn 0.056812 -0.047311 -0.997263
vn -0.007678 -0.979628 -0.200672
vn -0.000891 -0.062270 -0.998059
vn -0.501196 -0.843491 -0.193197
vn -0.058356 -0.046413 -0.997216
vn -0.860451 -0.479198 -0.173189
vn -0.100176 -0.003992 -0.994962
vn -0.989158 0.015679 -0.146016
vn -0.115161 0.053630 -0.991898
vn -0.852797 0.508515 -0.118953
vn -0.099288 0.111011 -0.988847
vn -0.487928 0.867223 -0.099251
vn -0.056804 0.152775 -0.986627
vn 0.007675 0.995711 -0.092195
vn 0.000897 0.167734 -0.985832
vn 0.315380 -0.052838 0.947493
vn 0.274293 0.104932 0.955904
vn 0.271965 -0.210023 0.939109
vn 0.155631 -0.324481 0.933001
vn -0.002449 -0.365493 0.930811
vn -0.159873 -0.322037 0.933131
vn -0.274408 -0.205788 0.939336
vn -0.315372 -0.047949 0.947756
vn -0.271841 0.109166 0.956130
vn -0.155514 0.223485 0.962221
vn 0.002444 0.264421 0.964404
vn 0.159749 0.221038 0.962093
s 1
g leg_plate_front_left leg_up_left
usemtl head_plateSG
f 1/1/1 2/2/2 14/3/3 13/4/4
f 2/2/2 3/5/5 15/6/6 14/3/3
f 3/5/5 4/7/7 16/8/8 15/6/6
f 4/7/7 5/9/9 17/10/10 16/8/8
f 5/9/9 6/11/11 18/12/12 17/10/10
f 6/11/11 7/13/13 19/14/14 18/12/12
f 7/13/13 8/15/15 20/16/16 19/14/14
f 8/15/15 9/17/17 21/18/18 20/16/16
f 9/17/17 10/19/19 22/20/20 21/18/18
f 10/19/19 11/21/21 23/22/22 22/20/20
f 11/21/21 12/23/23 24/24/24 23/22/22
f 12/23/23 1/1/1 13/4/4 24/24/24
f 13/4/4 14/3/3 26/25/25 25/26/26
f 14/3/3 15/6/6 27/27/27 26/25/25
f 15/6/6 16/8/8 28/28/28 27/27/27
f 16/8/8 17/10/10 29/29/29 28/28/28
f 17/10/10 18/12/12 30/30/30 29/29/29
f 18/12/12 19/14/14 31/31/31 30/30/30
f 19/14/14 20/16/16 32/32/32 31/31/31
f 20/16/16 21/18/18 33/33/33 32/32/32
f 21/18/18 22/20/20 34/34/34 33/33/33
f 22/20/20 23/22/22 35/35/35 34/34/34
f 23/22/22 24/24/24 36/36/36 35/35/35
f 24/24/24 13/4/4 25/26/26 36/36/36
f 37/37/37 38/38/38 50/39/39 49/40/40
f 38/38/38 39/41/41 51/42/42 50/39/39
f 39/41/41 40/43/43 52/44/44 51/42/42
f 40/43/43 41/45/45 53/46/46 52/44/44
f 41/45/45 42/47/47 54/48/48 53/46/46
f 42/47/47 43/49/49 55/50/50 54/48/48
f 43/49/49 44/51/51 56/52/52 55/50/50
f 44/51/51 45/53/53 57/54/54 56/52/52
f 45/53/53 46/55/55 58/56/56 57/54/54
f 46/55/55 47/57/57 59/58/58 58/56/56
f 47/57/57 48/59/59 60/60/60 59/58/58
f 48/59/59 37/37/37 49/40/40 60/60/60
f 49/40/40 50/39/39 62/61/61 61/62/62
f 50/39/39 51/42/42 63/63/63 62/61/61
f 51/42/42 52/44/44 64/64/64 63/63/63
f 52/44/44 53/46/46 65/65/65 64/64/64
f 53/46/46 54/48/48 66/66/66 65/65/65
f 54/48/48 55/50/50 67/67/67 66/66/66
f 55/50/50 56/52/52 68/68/68 67/67/67
f 56/52/52 57/54/54 69/69/69 68/68/68
f 57/54/54 58/56/56 70/70/70 69/69/69
f 58/56/56 59/58/58 71/71/71 70/70/70
f 59/58/58 60/60/60 72/72/72 71/71/71
f 60/60/60 49/40/40 61/62/62 72/72/72
f 2/2/2 1/1/1 73/73/73
f 3/5/5 2/2/2 73/73/73
f 4/7/7 3/5/5 73/73/73
f 5/9/9 4/7/7 73/73/73
f 6/11/11 5/9/9 73/73/73
f 7/13/13 6/11/11 73/73/73
f 8/15/15 7/13/13 73/73/73
f 9/17/17 8/15/15 73/73/73
f 10/19/19 9/17/17 73/73/73
f 11/21/21 10/19/19 73/73/73
f 12/23/23 11/21/21 73/73/73
f 1/1/1 12/23/23 73/73/73
f 61/62/62 62/61/61 74/74/74
f 62/61/61 63/63/63 74/74/74
f 63/63/63 64/64/64 74/74/74
f 64/64/64 65/65/65 74/74/74
f 65/65/65 66/66/66 74/74/74
f 66/66/66 67/67/67 74/74/74
f 67/67/67 68/68/68 74/74/74
f 68/68/68 69/69/69 74/74/74
f 69/69/69 70/70/70 74/74/74
f 70/70/70 71/71/71 74/74/74
f 71/71/71 72/72/72 74/74/74
f 72/72/72 61/62/62 74/74/74
f 75/75/75 76/76/76 98/77/77 97/78/78
f 76/76/76 75/75/75 77/79/79 78/80/80
f 78/80/80 77/79/79 79/81/81 80/82/82
f 80/82/82 79/81/81 81/83/83 82/84/84
f 82/84/84 81/83/83 83/85/85 84/86/86
f 84/86/86 83/85/85 85/87/87 86/88/88
f 86/88/88 85/87/87 87/89/89 88/90/90
f 88/90/90 87/89/89 89/91/91 90/92/92
f 90/92/92 89/91/91 91/93/93 92/94/94
f 92/94/94 91/93/93 93/95/95 94/96/96
f 94/96/96 93/95/95 95/97/97 96/98/98
f 96/98/98 95/97/97 97/78/78 98/77/77
f 99/99/99 100/100/100 122/101/101 121/102/102
f 100/100/100 99/99/99 101/103/103 102/104/104
f 102/104/104 101/103/103 103/105/105 104/106/106
f 104/106/106 103/105/105 105/107/107 106/108/108
f 106/108/108 105/107/107 107/109/109 108/110/110
f 108/110/110 107/109/109 109/111/111 110/112/112
f 110/112/112 109/111/111 111/113/113 112/114/114
f 112/114/114 111/113/113 113/115/115 114/116/116
f 114/116/116 113/115/115 115/117/117 116/118/118
f 116/118/118 115/117/117 117/119/119 118/120/120
f 118/120/120 117/119/119 119/121/121 120/122/122
f 120/122/122 119/121/121 121/102/102 122/101/101
f 25/26/26 26/25/25 124/123/123 125/124/124
f 26/25/25 27/27/27 123/125/125 124/123/123
f 27/27/27 28/28/28 134/126/126 123/125/125
f 28/28/28 29/29/29 133/127/127 134/126/126
f 29/29/29 30/30/30 132/128/128 133/127/127
f 30/30/30 31/31/31 131/129/129 132/128/128
f 31/31/31 32/32/32 130/130/130 131/129/129
f 32/32/32 33/33/33 129/131/131 130/130/130
f 33/33/33 34/34/34 128/132/132 129/131/131
f 34/34/34 35/35/35 127/133/133 128/132/132
f 35/35/35 36/36/36 126/134/134 127/133/133
f 36/36/36 25/26/26 125/124/124 126/134/134
f 76/76/76 78/80/80 101/103/103 99/99/99
f 78/80/80 80/82/82 103/105/105 101/103/103
f 80/82/82 82/84/84 105/107/107 103/105/105
f 82/84/84 84/86/86 107/109/109 105/107/107
f 84/86/86 86/88/88 109/111/111 107/109/109
f 86/88/88 88/90/90 111/113/113 109/111/111
f 88/90/90 90/92/92 113/115/115 111/113/113
f 90/92/92 92/94/94 115/117/117 113/115/115
f 92/94/94 94/96/96 117/119/119 115/117/117
f 94/96/96 96/98/98 119/121/121 117/119/119
f 96/98/98 98/77/77 121/102/102 119/121/121
f 98/77/77 76/76/76 99/99/99 121/102/102
f 100/135/100 102/136/104 38/38/38 37/37/37
f 102/136/104 104/137/106 39/41/41 38/38/38
f 104/137/106 106/138/108 40/43/43 39/41/41
f 106/138/108 108/139/110 41/45/45 40/43/43
f 108/139/110 110/140/112 42/47/47 41/45/45
f 110/140/112 112/141/114 43/49/49 42/47/47
f 112/141/114 114/142/116 44/51/51 43/49/49
f 114/142/116 116/143/118 45/53/53 44/51/51
f 116/143/118 118/144/120 46/55/55 45/53/53
f 118/144/120 120/145/122 47/57/57 46/55/55
f 120/145/122 122/146/101 48/59/59 47/57/57
f 122/146/101 100/135/100 37/37/37 48/59/59
f 124/123/123 123/125/125 79/81/81 77/79/79
f 125/124/124 124/123/123 77/79/79 75/75/75
f 126/134/134 125/124/124 75/75/75 97/78/78
f 127/133/133 126/134/134 97/78/78 95/97/97
f 128/132/132 127/133/133 95/97/97 93/95/95
f 129/131/131 128/132/132 93/95/95 91/93/93
f 130/130/130 129/131/131 91/93/93 89/91/91
f 131/129/129 130/130/130 89/91/91 87/89/89
f 132/128/128 131/129/129 87/89/89 85/87/87
f 133/127/127 132/128/128 85/87/87 83/85/85
f 134/126/126 133/127/127 83/85/85 81/83/83
f 123/125/125 134/126/126 81/83/83 79/81/81
g default
v 0.052299 -0.021758 -0.009916
v 0.056337 -0.004350 -0.008975
v 0.054594 0.013525 -0.008009
v 0.047297 0.030019 -0.007116
v 0.035211 0.043465 -0.006389
v 0.019545 0.052573 -0.005897
v 0.001831 0.056385 -0.005690
v -0.016193 0.054540 -0.005790
v -0.032764 0.047209 -0.006187
v -0.046241 0.035180 -0.006838
v -0.055257 0.019609 -0.007679
v -0.058820 0.002094 -0.008626
v -0.056445 -0.015503 -0.009578
v -0.048965 -0.029771 -0.010349
v -0.039293 -0.043106 -0.011070
v -0.024732 -0.044982 -0.011172
v -0.003725 -0.047224 -0.011293
v 0.016702 -0.047974 -0.011333
v 0.031199 -0.047747 -0.011321
v 0.043271 -0.035676 -0.010668
v 0.051992 -0.022195 0.002420
v 0.056205 -0.004895 0.002943
v 0.054550 0.012934 0.003715
v 0.047285 0.029408 0.004550
v 0.035207 0.042843 0.005273
v 0.019542 0.051946 0.005768
v 0.001829 0.055755 0.005980
v -0.016194 0.053908 0.005886
v -0.032764 0.046576 0.005492
v -0.046243 0.034546 0.004840
v -0.055273 0.018975 0.003955
v -0.058877 0.001458 0.002860
v -0.056590 -0.016148 0.001584
v -0.049163 -0.030545 0.000398
v -0.039228 -0.043939 0.000370
v 0.031705 -0.047863 0.000542
v 0.043027 -0.035752 0.002120
v 0.051856 -0.022598 0.010628
v 0.056154 -0.005349 0.011561
v 0.054537 0.012461 0.012524
v 0.047283 0.028931 0.013414
v 0.035208 0.042364 0.014141
v 0.019541 0.051468 0.014633
v 0.001827 0.055276 0.014839
v -0.016198 0.053426 0.014739
v -0.032770 0.046089 0.014342
v -0.046260 0.034047 0.013691
v -0.055323 0.018451 0.012848
v -0.059020 0.000874 0.011898
v -0.056921 -0.016869 0.010938
v -0.049474 -0.031673 0.010138
v -0.038789 -0.044991 0.009417
v -0.024243 -0.044724 0.009432
v -0.003528 -0.044621 0.009438
v 0.017375 -0.046284 0.009348
v 0.031781 -0.048100 0.009250
v 0.042846 -0.035960 0.009906
v -0.030246 -0.219859 0.011472
v -0.029950 -0.221185 0.009952
v -0.050582 -0.217256 0.002015
v -0.049642 -0.218664 0.000809
v -0.063221 -0.213081 -0.016461
v -0.061902 -0.214614 -0.017090
v -0.064161 -0.208709 -0.037835
v -0.062815 -0.210374 -0.037806
v -0.051974 -0.205516 -0.055553
v -0.051005 -0.207283 -0.054970
v -0.031935 -0.204066 -0.065979
v -0.031587 -0.205884 -0.065065
v -0.008944 -0.204785 -0.066224
v -0.009316 -0.206586 -0.065292
v 0.011464 -0.207429 -0.056575
v 0.010448 -0.209154 -0.055933
v 0.024103 -0.211609 -0.038099
v 0.022663 -0.213201 -0.038046
v 0.025043 -0.215987 -0.016726
v 0.023563 -0.217435 -0.017369
v 0.012773 -0.219136 0.000799
v 0.011689 -0.220484 -0.000399
v -0.007328 -0.220554 0.011104
v -0.007764 -0.221857 0.009584
v 0.017678 -0.219539 -0.019243
v 0.018934 -0.218314 -0.018698
v 0.007458 -0.222166 -0.004645
v 0.008380 -0.221025 -0.003629
v -0.009287 -0.223355 0.003937
v -0.008913 -0.222251 0.005226
v -0.028379 -0.222783 0.004242
v -0.028625 -0.221660 0.005531
v -0.045319 -0.220619 -0.003637
v -0.046112 -0.219427 -0.002612
v -0.055848 -0.217141 -0.019027
v -0.056963 -0.215841 -0.018492
v -0.056631 -0.213496 -0.036831
v -0.057769 -0.212084 -0.036854
v -0.046478 -0.210836 -0.051591
v -0.047297 -0.209338 -0.052084
v -0.029786 -0.209630 -0.060275
v -0.030078 -0.208089 -0.061048
v -0.010634 -0.210226 -0.060479
v -0.010316 -0.208700 -0.061267
v 0.006366 -0.212424 -0.052440
v 0.007231 -0.210964 -0.052982
v 0.016894 -0.215899 -0.037049
v 0.018117 -0.214552 -0.037093
v -0.020542 -0.060013 -0.011203
v -0.006853 -0.061791 -0.012639
v 0.007046 -0.061744 -0.012390
v 0.017499 -0.060955 -0.010781
v 0.019294 -0.061384 -0.001859
v 0.019514 -0.061672 0.006098
v 0.010263 -0.061288 0.008307
v -0.003358 -0.060644 0.009605
v -0.017241 -0.060073 0.009375
v -0.027775 -0.059414 0.007793
v -0.029404 -0.058761 0.000469
v -0.029580 -0.058112 -0.008981
v -0.018992 -0.077100 -0.013223
v -0.009773 -0.077726 -0.016738
v 0.000473 -0.077620 -0.016783
v 0.009340 -0.077561 -0.013365
v 0.013470 -0.078224 -0.005695
v 0.014018 -0.078717 0.002787
v 0.008013 -0.078885 0.008797
v -0.001227 -0.078633 0.012292
v -0.011350 -0.078060 0.012356
v -0.020162 -0.077447 0.008974
v -0.024322 -0.076973 0.001636
v -0.024858 -0.076447 -0.007184
v -0.001847 -0.001460 0.011771
v -0.000761 0.015111 0.012667
v -0.003007 -0.017390 0.010910
v 0.000223 0.030975 0.013525
v -0.035043 -0.016810 0.010941
v -0.035743 -0.000005 0.011850
v -0.033081 0.017011 0.012770
v -0.027307 0.032702 0.013618
v -0.018950 0.045713 0.014322
v 0.001074 0.044908 0.014279
v 0.029369 -0.020083 0.010764
v 0.032426 -0.003634 0.011654
v 0.031936 0.013488 0.012580
v 0.028062 0.029679 0.013455
v 0.021268 0.043497 0.014202
v -0.030952 -0.031308 0.010157
v -0.003818 -0.031201 0.010163
v 0.023680 -0.033505 0.010039
v -0.001233 -0.001274 -0.008809
v -0.000664 0.015603 -0.007896
v 0.000168 0.031592 -0.007032
v 0.001029 0.045778 -0.006265
v -0.001277 -0.018138 -0.009721
v -0.001835 -0.032929 -0.010520
v 0.024858 -0.034820 -0.010623
v 0.030456 -0.020296 -0.009837
v 0.032793 -0.003162 -0.008911
v 0.031961 0.014204 -0.007972
v 0.027991 0.030492 -0.007091
v 0.021217 0.044466 -0.006335
v -0.029519 -0.030981 -0.010415
v -0.033726 -0.016468 -0.009630
v -0.035185 0.000704 -0.008702
v -0.032898 0.017821 -0.007776
v -0.027256 0.033555 -0.006925
v -0.018932 0.046693 -0.006215
v 0.024296 -0.086027 -0.012249
v 0.023489 -0.084238 -0.011735
v 0.013997 -0.084586 -0.028198
v 0.013579 -0.082825 -0.027240
v -0.002224 -0.083465 -0.036285
v -0.002237 -0.081786 -0.035087
v -0.020270 -0.082821 -0.035662
v -0.019879 -0.081182 -0.034476
v -0.035792 -0.082807 -0.026178
v -0.035055 -0.081111 -0.025321
v -0.044999 -0.083436 -0.010448
v -0.044088 -0.081641 -0.010212
v -0.043827 -0.084704 0.008246
v -0.042975 -0.082882 0.007930
v -0.033528 -0.086149 0.024194
v -0.033109 -0.084274 0.023404
v -0.017370 -0.087315 0.032111
v -0.017358 -0.085458 0.031151
v 0.000616 -0.087970 0.031382
v 0.000250 -0.086128 0.030489
v 0.016190 -0.087952 0.022006
v 0.015506 -0.086108 0.021416
v 0.025468 -0.087281 0.006447
v 0.024601 -0.085440 0.006408
v -0.054506 -0.160511 -0.002590
v -0.042899 -0.162811 0.015266
v -0.024415 -0.164433 0.024318
v -0.003689 -0.165117 0.023817
v 0.014395 -0.164682 0.013689
v 0.025327 -0.163255 -0.003399
v 0.024273 -0.161028 -0.024143
v 0.012665 -0.158728 -0.041999
v -0.005886 -0.157112 -0.051240
v -0.026680 -0.156424 -0.050858
v -0.044706 -0.156857 -0.040611
v -0.055560 -0.158281 -0.023332
v 0.028664 -0.124757 0.002953
v 0.027195 -0.123746 -0.016299
v 0.014959 -0.122519 -0.032594
v -0.003601 -0.121290 -0.040952
v -0.024146 -0.120491 -0.040467
v -0.041907 -0.120435 -0.030758
v -0.052485 -0.120979 -0.014230
v -0.051252 -0.121942 0.005075
v -0.038872 -0.123190 0.021706
v -0.020206 -0.124150 0.029849
v 0.000371 -0.124821 0.029046
v 0.018147 -0.125063 0.019294
v 0.048109 -0.020171 -0.005822
v 0.051828 -0.004254 -0.004914
v 0.050152 -0.004458 0.002901
v 0.046427 -0.019773 0.002406
v 0.050242 0.012174 -0.004000
v 0.048676 0.011411 0.003614
v 0.043527 0.027368 -0.003168
v 0.042186 0.026121 0.004370
v 0.032380 0.039772 -0.002494
v 0.031377 0.038143 0.005021
v 0.017924 0.048175 -0.002041
v 0.017349 0.046295 0.005464
v 0.001584 0.051692 -0.001851
v 0.001496 0.049705 0.005653
v -0.015041 0.049990 -0.001943
v -0.014636 0.048051 0.005568
v -0.030332 0.043226 -0.002308
v -0.029473 0.041485 0.005216
v -0.042760 0.032132 -0.002910
v -0.041537 0.030720 0.004636
v -0.051062 0.017797 -0.003686
v -0.049603 0.016814 0.003860
v -0.054338 0.001716 -0.004552
v -0.052813 0.001221 0.002922
v -0.052175 -0.014382 -0.005413
v -0.050794 -0.014367 0.001842
v -0.045270 -0.027709 -0.005999
v -0.044019 -0.027343 0.000747
v -0.035858 -0.040835 -0.006613
v -0.034300 -0.040401 0.000534
v 0.028141 -0.044991 -0.006862
v 0.039767 -0.033096 -0.006438
v 0.038268 -0.031986 0.002157
v 0.027282 -0.043715 0.000772
v 0.051685 -0.004793 0.007492
v 0.047768 -0.020578 0.006623
v 0.050193 0.011560 0.008383
v 0.043513 0.026722 0.009203
v 0.032377 0.039112 0.009871
v 0.017921 0.047511 0.010326
v 0.001581 0.051024 0.010516
v -0.015046 0.049318 0.010423
v -0.030337 0.042549 0.010055
v -0.042779 0.031439 0.009459
v -0.051120 0.017070 0.008694
v -0.054495 0.000912 0.007854
v -0.052540 -0.015313 0.007037
v -0.045669 -0.029040 0.006212
v -0.035376 -0.042241 0.005220
v 0.039436 -0.033057 0.005810
v 0.028670 -0.044939 0.005107
v 0.021217 0.044138 -0.000276
v -0.018950 0.046041 0.008262
v -0.028880 -0.216879 0.006365
v -0.029023 -0.215701 0.007523
v -0.008442 -0.216325 0.007183
v -0.008663 -0.217425 0.006078
v -0.046647 -0.214715 -0.001844
v -0.047217 -0.213342 -0.000815
v -0.057612 -0.211210 -0.017827
v -0.058531 -0.209568 -0.017162
v -0.058495 -0.207592 -0.035972
v -0.059423 -0.205710 -0.035916
v -0.047978 -0.204930 -0.051024
v -0.048585 -0.202950 -0.051477
v -0.030416 -0.203657 -0.060117
v -0.030593 -0.201726 -0.060758
v -0.010173 -0.204227 -0.060307
v -0.009930 -0.202395 -0.060946
v 0.007706 -0.206423 -0.051917
v 0.008341 -0.204727 -0.052356
v 0.018701 -0.209914 -0.035913
v 0.019607 -0.208385 -0.035974
v 0.019594 -0.213524 -0.017762
v 0.020475 -0.212211 -0.017281
v 0.009009 -0.216151 -0.002908
v 0.009584 -0.215012 -0.001968
v 0.012556 -0.216444 -0.020252
v 0.016342 -0.212835 -0.018399
v 0.006513 -0.215378 -0.004838
v 0.004005 -0.218596 -0.008132
v 0.011623 -0.213787 -0.034907
v 0.015475 -0.209458 -0.035117
v -0.009517 -0.216551 0.003233
v -0.010495 -0.219651 -0.000717
v -0.027769 -0.216005 0.003502
v -0.027141 -0.219195 -0.000493
v -0.043941 -0.213895 -0.003842
v -0.041705 -0.217376 -0.007277
v -0.053997 -0.210548 -0.018349
v -0.050525 -0.214559 -0.020379
v -0.054863 -0.207073 -0.035044
v -0.051103 -0.211781 -0.035004
v -0.045118 -0.204694 -0.048842
v -0.042554 -0.209988 -0.047040
v -0.029162 -0.203613 -0.057054
v -0.028333 -0.209124 -0.054404
v -0.010854 -0.204206 -0.057224
v -0.011899 -0.209608 -0.054576
v 0.005394 -0.206220 -0.049673
v 0.002620 -0.211211 -0.047822
v -0.024464 -0.044965 -0.005109
v -0.003682 -0.047584 -0.005235
v -0.006528 -0.062685 -0.006645
v -0.019167 -0.060062 -0.005293
v 0.016554 -0.048132 -0.005269
v 0.006472 -0.062368 -0.006381
v 0.014069 -0.059189 -0.006097
v 0.014144 -0.058268 -0.001088
v 0.015499 -0.059033 0.002391
v 0.017190 -0.045717 0.003309
v 0.009034 -0.060828 0.002382
v -0.003571 -0.044403 0.003373
v -0.003695 -0.060970 0.003554
v -0.024111 -0.044379 0.003375
v -0.016688 -0.060197 0.003333
v -0.024123 -0.057634 0.003284
v -0.023960 -0.056128 -0.000041
v -0.025303 -0.056128 -0.005160
v -0.009369 -0.082283 -0.012751
v -0.017351 -0.081368 -0.009234
v -0.000226 -0.081959 -0.012598
v 0.006087 -0.081161 -0.009720
v 0.008007 -0.080620 -0.004583
v 0.009204 -0.081610 0.000485
v 0.005733 -0.082229 0.004275
v -0.002083 -0.082453 0.007655
v -0.010984 -0.081923 0.007691
v -0.017549 -0.081177 0.004962
v -0.019360 -0.080143 0.000165
v -0.020649 -0.080331 -0.005176
v 0.001074 0.045236 0.008219
v 0.021268 0.043825 0.008142
v -0.035043 -0.016483 0.004881
v -0.035743 0.000323 0.005790
v -0.003007 -0.017062 0.004850
v 0.029369 -0.019755 0.004705
v 0.032426 -0.003306 0.005594
v -0.001847 -0.001133 0.005711
v -0.033081 0.017339 0.006710
v 0.031936 0.013816 0.006520
v -0.000761 0.015439 0.006608
v -0.030952 -0.030980 0.004097
v -0.003818 -0.030873 0.004103
v 0.023680 -0.033177 0.003979
v -0.027307 0.033030 0.007559
v 0.028062 0.030006 0.007395
v 0.000223 0.031303 0.007465
v 0.001029 0.045450 -0.000205
v -0.018932 0.046365 -0.000155
v 0.030456 -0.020623 -0.003777
v 0.032793 -0.003489 -0.002851
v -0.033725 -0.016796 -0.003570
v -0.035185 0.000377 -0.002642
v -0.001233 -0.001602 -0.002749
v -0.001277 -0.018466 -0.003661
v 0.031961 0.013876 -0.001912
v -0.032898 0.017493 -0.001716
v -0.000664 0.015276 -0.001836
v 0.027991 0.030165 -0.001031
v -0.027256 0.033227 -0.000865
v 0.000168 0.031265 -0.000972
v 0.024857 -0.035148 -0.004563
v -0.029519 -0.031308 -0.004355
v -0.001835 -0.033256 -0.004460
v 0.018737 -0.087672 -0.010452
v 0.019109 -0.088288 -0.010622
v 0.020215 -0.089405 0.005042
v 0.019766 -0.088716 0.004946
v 0.010149 -0.086429 -0.023883
v 0.010625 -0.087279 -0.024365
v -0.003491 -0.085544 -0.030726
v -0.003206 -0.086614 -0.031540
v -0.018762 -0.085081 -0.030236
v -0.018978 -0.086144 -0.031101
v -0.031816 -0.085049 -0.022178
v -0.032445 -0.085951 -0.022755
v -0.039430 -0.085509 -0.009216
v -0.040221 -0.086257 -0.009461
v -0.038391 -0.086453 0.006190
v -0.039122 -0.087309 0.006384
v -0.029846 -0.087572 0.019585
v -0.030452 -0.088612 0.020094
v -0.016312 -0.088546 0.026263
v -0.016637 -0.089776 0.026947
v -0.001086 -0.089157 0.025679
v -0.000993 -0.090394 0.026356
v 0.012065 -0.089192 0.017731
v 0.012470 -0.090211 0.018133
v -0.034980 -0.123139 0.017050
v -0.019008 -0.123678 0.023919
v -0.045563 -0.122449 0.003023
v -0.046653 -0.122011 -0.012908
v -0.037732 -0.121760 -0.026558
v -0.022553 -0.121825 -0.034765
v -0.004921 -0.122420 -0.035137
v 0.010970 -0.123282 -0.028084
v 0.021444 -0.124030 -0.014380
v 0.022785 -0.124552 0.001460
v 0.013950 -0.124517 0.014945
v -0.001288 -0.124182 0.023243
v -0.038969 -0.162344 0.010665
v -0.048787 -0.160773 -0.004602
v -0.023139 -0.163483 0.018461
v -0.005204 -0.163955 0.018057
v 0.010345 -0.163599 0.009301
v 0.019497 -0.162654 -0.004974
v 0.018513 -0.161269 -0.022248
v 0.008685 -0.159793 -0.037544
v -0.007234 -0.158729 -0.045548
v -0.025209 -0.158252 -0.045261
v -0.040668 -0.158537 -0.036403
v -0.049762 -0.159394 -0.021928
v 0.008503 -0.305480 -0.071912
v 0.007078 -0.306785 -0.071974
v -0.001338 -0.301348 -0.086071
v -0.002354 -0.302904 -0.085555
v -0.017229 -0.298800 -0.093435
v -0.017633 -0.300504 -0.092642
v -0.035132 -0.298200 -0.093197
v -0.034883 -0.299943 -0.092411
v -0.050736 -0.299763 -0.085148
v -0.049877 -0.301430 -0.084656
v -0.060226 -0.303037 -0.071517
v -0.058896 -0.304490 -0.071648
v -0.059495 -0.307431 -0.055109
v -0.058192 -0.308575 -0.056038
v -0.049654 -0.311570 -0.040954
v -0.048782 -0.312454 -0.042476
v -0.033819 -0.314084 -0.033740
v -0.033586 -0.314823 -0.035523
v -0.015974 -0.314658 -0.034072
v -0.016386 -0.315365 -0.035829
v -0.000321 -0.313120 -0.042026
v -0.001325 -0.313902 -0.043485
v 0.009234 -0.309878 -0.055505
v 0.007779 -0.310875 -0.056344
v 0.004191 -0.306884 -0.071026
v 0.002959 -0.305664 -0.070098
v -0.005197 -0.302600 -0.081852
v -0.004396 -0.303572 -0.083320
v -0.018565 -0.300709 -0.088008
v -0.018346 -0.301530 -0.089740
v -0.033748 -0.300258 -0.087850
v -0.034151 -0.301038 -0.089581
v -0.046859 -0.301476 -0.081070
v -0.047845 -0.302334 -0.082517
v -0.054704 -0.303805 -0.070094
v -0.056161 -0.304874 -0.070941
v -0.053947 -0.306959 -0.056865
v -0.055352 -0.308332 -0.056934
v -0.045821 -0.310055 -0.045110
v -0.046802 -0.311669 -0.044618
v -0.032519 -0.311942 -0.039096
v -0.032896 -0.313684 -0.038357
v -0.017341 -0.312373 -0.039346
v -0.017114 -0.314144 -0.038633
v -0.004136 -0.311148 -0.046056
v -0.003356 -0.312848 -0.045627
v 0.003752 -0.308824 -0.056887
v 0.004965 -0.310330 -0.057048
vt 0.306054 0.851606
vt 0.307250 0.851886
vt 0.306296 0.855005
vt 0.305316 0.854352
vt 0.304346 0.857596
vt 0.303692 0.856645
vt 0.301590 0.859297
vt 0.301354 0.858171
vt 0.298404 0.859848
vt 0.298645 0.858716
vt 0.295271 0.859163
vt 0.296009 0.858231
vt 0.292403 0.857329
vt 0.293822 0.856858
vt 0.292570 0.855261
vt 0.293544 0.855218
vt 0.292657 0.853464
vt 0.293563 0.853466
vt 0.292751 0.851787
vt 0.293630 0.851817
vt 0.292849 0.850151
vt 0.293717 0.850202
vt 0.292966 0.848534
vt 0.293773 0.848595
vt 0.293086 0.846880
vt 0.293972 0.847003
vt 0.293235 0.845405
vt 0.294173 0.845540
vt 0.293212 0.843713
vt 0.294409 0.843889
vt 0.304696 0.845882
vt 0.305875 0.845622
vt 0.307143 0.848802
vt 0.305825 0.848858
vt 0.279068 0.850266
vt 0.279752 0.850205
vt 0.280145 0.853020
vt 0.279513 0.853322
vt 0.281485 0.855464
vt 0.280976 0.856007
vt 0.283616 0.857258
vt 0.283351 0.857963
vt 0.286260 0.858140
vt 0.286298 0.858894
vt 0.288994 0.857989
vt 0.289359 0.858661
vt 0.291494 0.856892
vt 0.291924 0.855133
vt 0.292072 0.853391
vt 0.292183 0.851735
vt 0.292281 0.850112
vt 0.292409 0.848507
vt 0.292418 0.846868
vt 0.292413 0.845392
vt 0.292349 0.843682
vt 0.281165 0.844405
vt 0.281764 0.844728
vt 0.280333 0.847512
vt 0.279755 0.847378
vt 0.296934 0.858050
vt 0.291651 0.854546
vt 0.288517 0.815735
vt 0.285735 0.815779
vt 0.285747 0.815548
vt 0.288518 0.815496
vt 0.291156 0.815404
vt 0.291160 0.815663
vt 0.293721 0.815263
vt 0.293728 0.815546
vt 0.296070 0.815156
vt 0.296084 0.815457
vt 0.298417 0.815044
vt 0.298430 0.815359
vt 0.301023 0.815103
vt 0.301029 0.815421
vt 0.303742 0.815280
vt 0.303745 0.815593
vt 0.306466 0.815558
vt 0.306483 0.815854
vt 0.309397 0.815732
vt 0.309391 0.816035
vt 0.277848 0.814815
vt 0.280506 0.815327
vt 0.280458 0.815575
vt 0.277806 0.815130
vt 0.283029 0.815501
vt 0.283004 0.815737
vt 0.280911 0.813814
vt 0.283253 0.814102
vt 0.283156 0.814887
vt 0.280684 0.814686
vt 0.278215 0.814120
vt 0.278690 0.813208
vt 0.285828 0.814226
vt 0.285787 0.814970
vt 0.288464 0.814186
vt 0.288463 0.814905
vt 0.291038 0.814048
vt 0.291055 0.814798
vt 0.293605 0.813824
vt 0.293631 0.814616
vt 0.296011 0.813602
vt 0.296052 0.814477
vt 0.298432 0.813469
vt 0.298471 0.814377
vt 0.301055 0.813497
vt 0.301074 0.814448
vt 0.303727 0.813675
vt 0.303746 0.814633
vt 0.306318 0.813900
vt 0.306399 0.814888
vt 0.308809 0.814064
vt 0.309117 0.815011
vt 0.295747 0.843114
vt 0.295718 0.841010
vt 0.298487 0.840895
vt 0.299304 0.843230
vt 0.301170 0.841419
vt 0.302819 0.844375
vt 0.302539 0.842345
vt 0.303384 0.842338
vt 0.283570 0.841331
vt 0.284119 0.841545
vt 0.285314 0.841039
vt 0.283760 0.843829
vt 0.287956 0.840813
vt 0.287350 0.843168
vt 0.290825 0.840854
vt 0.290903 0.843014
vt 0.292386 0.841390
vt 0.293227 0.841538
vt 0.294506 0.841652
vt 0.296058 0.837726
vt 0.298153 0.837759
vt 0.300141 0.838013
vt 0.301516 0.838344
vt 0.302373 0.838673
vt 0.283987 0.837915
vt 0.284881 0.837798
vt 0.285982 0.837740
vt 0.287907 0.837684
vt 0.290024 0.837701
vt 0.291818 0.837775
vt 0.293185 0.837856
vt 0.294676 0.837839
vt 0.290507 0.856241
vt 0.288100 0.857704
vt 0.290331 0.848665
vt 0.290469 0.846551
vt 0.286614 0.847329
vt 0.286608 0.849855
vt 0.282682 0.851763
vt 0.282305 0.848857
vt 0.290469 0.850800
vt 0.287432 0.852404
vt 0.283862 0.854430
vt 0.290751 0.844734
vt 0.286957 0.845176
vt 0.282791 0.846267
vt 0.290958 0.852814
vt 0.288778 0.854597
vt 0.285758 0.856518
vt 0.293884 0.854643
vt 0.294870 0.856333
vt 0.303057 0.852792
vt 0.303880 0.849915
vt 0.296033 0.846754
vt 0.299885 0.847828
vt 0.299462 0.850419
vt 0.295871 0.848913
vt 0.301533 0.855301
vt 0.298322 0.852866
vt 0.295468 0.851025
vt 0.299398 0.857145
vt 0.296753 0.854889
vt 0.294759 0.852975
vt 0.303777 0.847131
vt 0.299832 0.845499
vt 0.295981 0.844900
vt 0.281569 0.836152
vt 0.283720 0.835599
vt 0.283790 0.835717
vt 0.281625 0.836271
vt 0.304245 0.836748
vt 0.302216 0.835881
vt 0.302301 0.835724
vt 0.304313 0.836626
vt 0.300395 0.835207
vt 0.300475 0.835011
vt 0.298554 0.834736
vt 0.298633 0.834535
vt 0.296719 0.834468
vt 0.296783 0.834281
vt 0.294987 0.834342
vt 0.295004 0.834174
vt 0.293141 0.834443
vt 0.293138 0.834261
vt 0.291254 0.834506
vt 0.291221 0.834321
vt 0.289467 0.834710
vt 0.289400 0.834509
vt 0.287612 0.834972
vt 0.287539 0.834778
vt 0.285695 0.835316
vt 0.285625 0.835150
vt 0.290921 0.829129
vt 0.288599 0.829466
vt 0.293255 0.828796
vt 0.295393 0.828571
vt 0.297635 0.828578
vt 0.300049 0.828833
vt 0.302526 0.829315
vt 0.304978 0.830013
vt 0.307402 0.830928
vt 0.281498 0.830052
vt 0.279119 0.830166
vt 0.283808 0.829953
vt 0.286191 0.829752
vt 0.293414 0.823165
vt 0.290829 0.823449
vt 0.288321 0.823697
vt 0.285754 0.823873
vt 0.283136 0.823948
vt 0.280610 0.823885
vt 0.277966 0.823658
vt 0.308735 0.824546
vt 0.306081 0.823815
vt 0.303490 0.823261
vt 0.300895 0.822916
vt 0.298357 0.822833
vt 0.295895 0.822918
vt 0.322181 0.849780
vt 0.322726 0.852553
vt 0.321199 0.853362
vt 0.320576 0.850015
vt 0.324101 0.854974
vt 0.323044 0.856216
vt 0.326252 0.856710
vt 0.325741 0.858254
vt 0.328849 0.857549
vt 0.328992 0.859182
vt 0.331520 0.857396
vt 0.332400 0.858842
vt 0.333778 0.856319
vt 0.335634 0.857258
vt 0.334357 0.854718
vt 0.335730 0.855017
vt 0.334601 0.852896
vt 0.335864 0.853075
vt 0.334749 0.851152
vt 0.335973 0.851262
vt 0.334863 0.849419
vt 0.336072 0.849495
vt 0.334982 0.847702
vt 0.336157 0.847741
vt 0.334951 0.845971
vt 0.336228 0.845964
vt 0.334837 0.844469
vt 0.336271 0.844337
vt 0.334642 0.842822
vt 0.336494 0.842709
vt 0.323796 0.844392
vt 0.322623 0.847097
vt 0.320843 0.846948
vt 0.322109 0.844027
vt 0.350784 0.851833
vt 0.349826 0.854946
vt 0.348833 0.854243
vt 0.349668 0.851521
vt 0.347849 0.857474
vt 0.347153 0.856450
vt 0.345105 0.859097
vt 0.344823 0.857931
vt 0.341952 0.859707
vt 0.342131 0.858473
vt 0.338708 0.859088
vt 0.339427 0.858034
vt 0.337184 0.856684
vt 0.336840 0.854867
vt 0.336838 0.853028
vt 0.336908 0.851274
vt 0.337003 0.849541
vt 0.337079 0.847821
vt 0.337295 0.846090
vt 0.337561 0.844541
vt 0.337981 0.842945
vt 0.349842 0.845792
vt 0.350627 0.848786
vt 0.349511 0.848833
vt 0.348700 0.846070
vt 0.330418 0.856616
vt 0.337582 0.854131
vt 0.344761 0.818367
vt 0.344784 0.818102
vt 0.347771 0.818226
vt 0.347783 0.818508
vt 0.341845 0.818141
vt 0.341889 0.817877
vt 0.338976 0.817808
vt 0.339025 0.817538
vt 0.336279 0.817456
vt 0.336321 0.817179
vt 0.333610 0.817024
vt 0.333639 0.816741
vt 0.330709 0.816688
vt 0.330738 0.816397
vt 0.327722 0.816375
vt 0.327762 0.816071
vt 0.324730 0.816072
vt 0.324800 0.815757
vt 0.321618 0.815487
vt 0.321781 0.815158
vt 0.356261 0.816984
vt 0.356421 0.817328
vt 0.353566 0.818185
vt 0.353487 0.817872
vt 0.350745 0.818468
vt 0.350703 0.818172
vt 0.353209 0.816890
vt 0.353288 0.817165
vt 0.350596 0.817529
vt 0.350553 0.817279
vt 0.355737 0.815977
vt 0.355868 0.816256
vt 0.347753 0.817630
vt 0.347739 0.817393
vt 0.344869 0.817513
vt 0.344889 0.817291
vt 0.342028 0.817271
vt 0.342069 0.817051
vt 0.339168 0.816894
vt 0.339215 0.816670
vt 0.336419 0.816484
vt 0.336456 0.816250
vt 0.333665 0.816067
vt 0.333688 0.815829
vt 0.330766 0.815729
vt 0.330789 0.815483
vt 0.327840 0.815405
vt 0.327877 0.815146
vt 0.324968 0.815050
vt 0.325033 0.814774
vt 0.322213 0.814468
vt 0.322353 0.814205
vt 0.332692 0.842240
vt 0.329326 0.842331
vt 0.330165 0.840232
vt 0.332928 0.840304
vt 0.326006 0.843240
vt 0.327462 0.840660
vt 0.325590 0.841351
vt 0.324154 0.841205
vt 0.347614 0.842918
vt 0.348745 0.842801
vt 0.346609 0.845008
vt 0.346036 0.842283
vt 0.343421 0.843831
vt 0.343470 0.841654
vt 0.340156 0.842959
vt 0.340713 0.841120
vt 0.338485 0.841017
vt 0.336817 0.840807
vt 0.334730 0.840779
vt 0.330754 0.837929
vt 0.333011 0.837971
vt 0.328598 0.838053
vt 0.326722 0.838294
vt 0.325308 0.838611
vt 0.347957 0.839925
vt 0.349275 0.840429
vt 0.346240 0.839652
vt 0.344171 0.839300
vt 0.341914 0.838972
vt 0.339639 0.838720
vt 0.337493 0.838429
vt 0.335172 0.838130
vt 0.338690 0.855777
vt 0.340603 0.857384
vt 0.339671 0.846335
vt 0.339463 0.848390
vt 0.343206 0.847744
vt 0.346957 0.849803
vt 0.346200 0.852390
vt 0.342796 0.850072
vt 0.339035 0.850464
vt 0.344779 0.854679
vt 0.341735 0.852357
vt 0.339819 0.844569
vt 0.343317 0.845716
vt 0.346951 0.847388
vt 0.338372 0.852419
vt 0.342829 0.856408
vt 0.340314 0.854313
vt 0.332400 0.855253
vt 0.333709 0.853861
vt 0.324900 0.848303
vt 0.325443 0.851007
vt 0.332495 0.845792
vt 0.332520 0.847902
vt 0.329006 0.849071
vt 0.328745 0.846620
vt 0.326603 0.853453
vt 0.332720 0.850022
vt 0.329815 0.851481
vt 0.328332 0.855392
vt 0.333139 0.852047
vt 0.330978 0.853593
vt 0.325125 0.845748
vt 0.332536 0.844000
vt 0.328837 0.844442
vt 0.351701 0.839027
vt 0.351438 0.839283
vt 0.349089 0.838204
vt 0.349289 0.837939
vt 0.324202 0.836912
vt 0.323992 0.836619
vt 0.326417 0.835695
vt 0.326530 0.835994
vt 0.328707 0.835139
vt 0.328784 0.835429
vt 0.330964 0.834859
vt 0.331036 0.835152
vt 0.333258 0.834856
vt 0.333310 0.835153
vt 0.335521 0.834993
vt 0.335500 0.835285
vt 0.337922 0.835297
vt 0.337857 0.835574
vt 0.340337 0.835626
vt 0.340235 0.835883
vt 0.342573 0.836052
vt 0.342448 0.836309
vt 0.344794 0.836558
vt 0.344674 0.836815
vt 0.347044 0.837194
vt 0.346907 0.837462
vt 0.341101 0.830735
vt 0.343794 0.831272
vt 0.338371 0.830177
vt 0.335794 0.829708
vt 0.333096 0.829432
vt 0.330245 0.829361
vt 0.327330 0.829505
vt 0.324486 0.829933
vt 0.321703 0.830637
vt 0.351961 0.832572
vt 0.354671 0.832970
vt 0.349267 0.832200
vt 0.346553 0.831768
vt 0.341637 0.825524
vt 0.338682 0.825027
vt 0.344478 0.825950
vt 0.347352 0.826278
vt 0.350304 0.826496
vt 0.353214 0.826535
vt 0.356258 0.826324
vt 0.324096 0.823970
vt 0.321066 0.824208
vt 0.327065 0.823863
vt 0.330015 0.823919
vt 0.332900 0.824185
vt 0.335778 0.824548
vt 0.353639 0.801549
vt 0.351496 0.802643
vt 0.351401 0.802397
vt 0.353432 0.801315
vt 0.326622 0.799955
vt 0.328778 0.800861
vt 0.328646 0.801097
vt 0.326399 0.800185
vt 0.331014 0.801415
vt 0.330921 0.801671
vt 0.333297 0.801879
vt 0.333226 0.802137
vt 0.335509 0.802345
vt 0.335449 0.802611
vt 0.337625 0.802783
vt 0.337591 0.803051
vt 0.339795 0.803074
vt 0.339785 0.803349
vt 0.342121 0.803279
vt 0.342127 0.803554
vt 0.344476 0.803328
vt 0.344496 0.803602
vt 0.346892 0.803244
vt 0.346926 0.803518
vt 0.349233 0.802942
vt 0.349285 0.803208
vt 0.353062 0.801011
vt 0.351221 0.802032
vt 0.351075 0.801795
vt 0.352826 0.800827
vt 0.327150 0.799382
vt 0.329068 0.800224
vt 0.328966 0.800474
vt 0.326969 0.799612
vt 0.331226 0.800746
vt 0.331151 0.801006
vt 0.333490 0.801193
vt 0.333415 0.801457
vt 0.335699 0.801680
vt 0.335616 0.801942
vt 0.337778 0.802131
vt 0.337701 0.802398
vt 0.339891 0.802394
vt 0.339835 0.802665
vt 0.342158 0.802588
vt 0.342129 0.802862
vt 0.344456 0.802623
vt 0.344457 0.802898
vt 0.346807 0.802534
vt 0.346841 0.802805
vt 0.349056 0.802252
vt 0.349133 0.802516
vt 0.307401 0.798757
vt 0.305173 0.798593
vt 0.302905 0.798466
vt 0.300563 0.798419
vt 0.298273 0.798487
vt 0.296145 0.798643
vt 0.294013 0.798846
vt 0.291701 0.799013
vt 0.289355 0.799075
vt 0.286938 0.799014
vt 0.284611 0.798824
vt 0.282532 0.798497
vt 0.280499 0.798030
vn -0.357756 0.120212 0.926045
vn -0.919625 0.392604 -0.012370
vn -0.997404 0.071163 -0.011034
vn -0.344368 -0.024905 0.938505
vn -0.967673 -0.251628 -0.017074
vn -0.344953 -0.151210 0.926360
vn -0.839891 -0.541999 -0.028646
vn -0.366885 -0.316633 0.874722
vn -0.631060 -0.774688 -0.040274
vn -0.396059 -0.612449 0.684137
vn -0.361300 -0.931173 -0.048779
vn -0.380100 -0.836194 0.395353
vn -0.054931 -0.997108 -0.052517
vn -0.046106 -0.876529 0.479135
vn 0.256836 -0.965109 -0.050985
vn 0.289467 -0.874434 0.389325
vn 0.542169 -0.839103 -0.044268
vn 0.335309 -0.660444 0.671849
vn 0.775323 -0.630747 -0.032126
vn 0.339784 -0.359518 0.869076
vn 0.934250 -0.356374 -0.013211
vn 0.329019 -0.188138 0.925392
vn 0.999098 -0.039505 0.015558
vn 0.321003 -0.063668 0.944936
vn 0.956639 0.286371 0.053229
vn 0.310520 0.056733 0.948872
vn 0.847944 0.526066 0.065165
vn 0.345724 0.194662 0.917922
vn 0.817816 0.573739 0.044718
vn 0.470903 0.317170 0.823197
vn -0.485224 0.455114 0.746612
vn -0.734213 0.678225 0.030709
vn -0.783681 0.621163 -0.000305
vn -0.398730 0.309091 0.863410
vn -0.135638 0.125138 -0.982824
vn -0.158319 0.064364 -0.985288
vn -0.174986 -0.004861 -0.984559
vn -0.195469 -0.109255 -0.974605
vn -0.234595 -0.350793 -0.906592
vn -0.354152 -0.604835 -0.713268
vn -0.033989 -0.591631 -0.805492
vn 0.282930 -0.640533 -0.713910
vn 0.191325 -0.379063 -0.905376
vn 0.179758 -0.132557 -0.974739
vn 0.176907 -0.027223 -0.983851
vn 0.186416 0.046351 -0.981377
vn 0.207441 0.131437 -0.969377
vn 0.252265 0.244463 -0.936269
vn 0.330205 0.312327 -0.890739
vn -0.245340 0.306974 -0.919552
vn -0.142353 0.195350 -0.970347
vn 0.047690 0.032261 0.998341
vn -0.038928 0.145851 -0.988540
vn 0.225692 0.170162 -0.959223
vn -0.241233 0.206866 -0.948163
vn 0.063313 0.937655 0.341753
vn -0.000570 0.932465 0.361261
vn -0.103567 0.927893 0.358175
vn 0.670715 0.052779 -0.739835
vn -0.205358 0.938848 0.276391
vn 0.940135 -0.106580 -0.323709
vn -0.243430 0.963946 0.107467
vn 0.938067 -0.265808 0.222209
vn -0.152216 0.987804 -0.032766
vn 0.651817 -0.348775 0.673417
vn -0.031819 0.995594 -0.088203
vn 0.245453 -0.358666 0.900617
vn 0.087843 0.993508 -0.072290
vn -0.216009 -0.318756 0.922895
vn 0.188704 0.982024 -0.004465
vn -0.655367 -0.236105 0.717460
vn 0.238449 0.964867 0.110331
vn -0.944402 -0.112511 0.308945
vn 0.221825 0.943761 0.245171
vn -0.965607 0.043194 -0.256395
vn 0.128873 0.938118 0.321443
vn -0.662795 0.167391 -0.729851
vn -0.935829 0.238138 -0.259836
vn -0.619659 0.372946 -0.690604
vn -0.297608 0.934285 -0.196319
vn -0.422776 0.904718 0.052411
vn -0.443538 0.831800 0.333740
vn -0.950298 0.019572 0.310728
vn -0.224110 0.416349 -0.881152
vn -0.094265 0.944260 -0.315417
vn 0.205900 0.393890 -0.895799
vn 0.137194 0.937704 -0.319201
vn 0.633419 0.301573 -0.712625
vn 0.348800 0.917731 -0.190024
vn 0.935370 0.139000 -0.325210
vn 0.479548 0.877196 0.023676
vn 0.969133 -0.072373 0.235676
vn 0.477829 0.825851 0.299417
vn 0.659941 -0.240920 0.711643
vn 0.366421 0.750995 0.549311
vn 0.235625 -0.298160 0.924976
vn 0.155719 0.715187 0.681365
vn -0.228374 -0.272538 0.934649
vn -0.093477 0.716074 0.691738
vn -0.669890 -0.159824 0.725054
vn -0.316070 0.765619 0.560292
vn -0.021696 -0.052155 0.998403
vn 0.146290 -0.090187 0.985122
vn 0.051648 -0.171499 0.983830
vn 0.005730 -0.059985 0.998183
vn -0.045764 -0.157044 0.986531
vn 0.030980 -0.077653 0.996499
vn -0.635503 0.272477 0.722421
vn -0.865427 0.482402 0.135369
vn -0.639935 0.347858 -0.685185
vn -0.137582 0.001143 -0.990490
vn 0.025553 0.038260 -0.998941
vn -0.055577 -0.070165 -0.995986
vn -0.006307 0.036316 -0.999321
vn 0.039335 -0.067272 -0.996959
vn -0.033467 0.022604 -0.999184
vn 0.521397 0.173173 -0.835557
vn 0.921663 0.379194 -0.082152
vn 0.778700 0.307858 0.546671
vn 0.197705 -0.791424 0.578413
vn 0.061797 -0.785913 0.615241
vn -0.075311 -0.752034 0.654807
vn -0.468761 -0.691195 0.550011
vn -0.888878 -0.415979 0.191983
vn -0.723934 -0.606837 -0.328129
vn -0.318468 -0.588408 -0.743206
vn -0.134068 -0.648374 -0.749424
vn 0.030359 -0.691100 -0.722121
vn 0.300238 -0.781718 -0.546602
vn 0.679292 -0.698419 -0.225330
vn 0.532560 -0.826316 0.183253
vn 0.004757 0.142407 -0.989797
vn 0.048302 0.140728 -0.988869
vn -0.042800 0.055589 -0.997536
vn -0.046193 0.042946 -0.998009
vn 0.000002 0.053989 -0.998542
vn 0.000003 0.053998 -0.998541
vn 0.040788 0.050991 -0.997866
vn 0.040227 0.039693 -0.998402
vn -0.042715 0.068180 -0.996758
vn 0.000002 0.053993 -0.998541
vn 0.043105 0.063169 -0.997072
vn -0.050597 0.028826 -0.998303
vn 0.000023 0.053886 -0.998547
vn 0.041815 0.028261 -0.998726
vn -0.047745 0.087610 -0.995010
vn -0.000001 0.053982 -0.998542
vn 0.050499 0.081685 -0.995378
vn -0.038549 0.037604 0.998549
vn 0.004653 0.032584 0.999458
vn 0.041584 -0.056657 0.997527
vn 0.043870 -0.069226 0.996636
vn -0.040870 -0.063792 0.997126
vn -0.000002 -0.053991 0.998541
vn -0.000002 -0.053996 0.998541
vn -0.040932 -0.052810 0.997765
vn 0.043050 -0.044707 0.998072
vn -0.000000 -0.053989 0.998542
vn -0.042174 -0.040113 0.998305
vn 0.050014 -0.026625 0.998394
vn 0.000002 -0.053990 0.998542
vn -0.047461 -0.020707 0.998658
vn 0.047851 -0.085060 0.995226
vn -0.000062 -0.054150 0.998533
vn -0.044009 -0.074317 0.996263
vn -0.936273 -0.085753 0.340646
vn -0.967788 -0.037167 -0.249008
vn -0.442957 -0.874100 -0.199342
vn -0.479171 -0.871123 0.107419
vn -0.202956 -0.948721 0.242356
vn -0.644375 -0.088871 0.759528
vn -0.029092 -0.981484 0.189323
vn -0.210601 -0.095024 0.972943
vn 0.020643 -0.986750 0.160930
vn 0.257757 -0.129331 0.957515
vn 0.092807 -0.983036 0.158203
vn 0.677512 -0.173581 0.714735
vn 0.220827 -0.974736 0.033553
vn 0.954489 -0.187620 0.231838
vn 0.238927 -0.958770 -0.153867
vn 0.927172 -0.123855 -0.353571
vn 0.125249 -0.951576 -0.280740
vn 0.634163 -0.016874 -0.773015
vn 0.002825 -0.945737 -0.324922
vn 0.191864 0.067977 -0.979065
vn -0.092950 -0.936618 -0.337797
vn -0.265926 0.084731 -0.960263
vn -0.220930 -0.912826 -0.343422
vn -0.679204 0.040928 -0.732808
vn 0.641677 0.013843 -0.766850
vn 0.194305 0.084235 -0.977318
vn 0.933939 -0.076665 -0.349113
vn 0.961059 -0.167697 0.219642
vn 0.680856 -0.218711 0.699000
vn 0.259665 -0.221061 0.940057
vn -0.215054 -0.187478 0.958438
vn -0.655816 -0.125022 0.744497
vn -0.943785 -0.044905 0.327496
vn -0.968073 0.040744 -0.247336
vn -0.681451 0.099158 -0.725116
vn -0.269709 0.112623 -0.956333
vn 0.936159 -0.047620 -0.348338
vn 0.643962 0.077161 -0.761156
vn 0.204803 0.161771 -0.965342
vn -0.246473 0.195448 -0.949237
vn -0.655346 0.179161 -0.733773
vn -0.958490 0.092862 -0.269582
vn -0.948644 -0.051744 0.312084
vn -0.660160 -0.183848 0.728278
vn -0.222088 -0.273820 0.935788
vn 0.240117 -0.309250 0.920168
vn 0.658927 -0.288651 0.694619
vn 0.955173 -0.195169 0.222607
vn 0.509177 -0.171523 -0.843397
vn 0.508257 0.010103 -0.861146
vn 0.997427 -0.071299 0.007530
vn 0.920077 -0.391723 0.003554
vn 0.506176 0.177335 -0.844001
vn 0.967712 0.251498 0.016827
vn 0.506986 0.369877 -0.778560
vn 0.839957 0.541840 0.029674
vn 0.483157 0.627578 -0.610496
vn 0.631094 0.774586 0.041688
vn 0.309116 0.824455 -0.474047
vn 0.361281 0.931105 0.050196
vn 0.043853 0.828056 -0.558928
vn 0.054926 0.997034 0.053905
vn -0.219994 0.854602 -0.470381
vn -0.256821 0.965041 0.052325
vn -0.417663 0.680767 -0.601760
vn -0.542205 0.839009 0.045575
vn -0.471358 0.426153 -0.772150
vn -0.775371 0.630604 0.033738
vn -0.486279 0.231231 -0.842653
vn -0.934242 0.356282 0.015980
vn -0.487902 0.065401 -0.870445
vn -0.999179 0.039365 -0.009549
vn -0.477844 -0.097560 -0.873010
vn -0.957276 -0.286280 -0.040832
vn -0.477374 -0.252200 -0.841730
vn -0.847122 -0.528362 -0.056719
vn -0.532539 -0.345911 -0.772494
vn -0.812737 -0.581915 -0.028863
vn 0.505070 -0.454399 -0.733775
vn 0.499152 -0.357534 -0.789315
vn 0.783283 -0.621642 -0.005392
vn 0.727268 -0.685209 -0.039625
vn 0.386829 -0.077364 0.918901
vn 0.363001 -0.203767 0.909236
vn 0.404416 0.056102 0.912853
vn 0.421235 0.225049 0.878586
vn 0.427166 0.484555 0.763372
vn 0.284615 0.700281 0.654676
vn 0.039288 0.676066 0.735793
vn -0.202537 0.727513 0.655517
vn -0.368918 0.531038 0.762823
vn -0.392966 0.272754 0.878170
vn -0.401199 0.103834 0.910087
vn -0.416184 -0.033246 0.908673
vn -0.436295 -0.179813 0.881654
vn -0.448688 -0.330639 0.830276
vn -0.467041 -0.388544 0.794296
vn 0.350826 -0.324609 0.878379
vn 0.407172 -0.431093 0.805214
vn 0.000003 0.054003 -0.998541
vn -0.000005 -0.053995 0.998541
vn -0.228042 -0.214763 0.949670
vn -0.135657 -0.945466 0.296126
vn 0.088720 -0.950508 0.297764
vn 0.241004 -0.249388 0.937936
vn -0.673637 -0.105009 0.731564
vn -0.339447 -0.924176 0.175144
vn -0.948848 0.046810 0.312244
vn -0.458070 -0.888233 -0.034858
vn -0.951699 0.198087 -0.234586
vn -0.460058 -0.837774 -0.294078
vn -0.666057 0.281479 -0.690751
vn -0.333874 -0.791970 -0.511187
vn -0.249769 0.293264 -0.922828
vn -0.144204 -0.764389 -0.628423
vn 0.218559 0.255788 -0.941703
vn 0.078311 -0.765369 -0.638810
vn 0.660055 0.175259 -0.730488
vn 0.287867 -0.796644 -0.531499
vn 0.947943 0.054993 -0.313656
vn 0.417086 -0.849068 -0.324226
vn 0.964481 -0.093853 0.246918
vn 0.423300 -0.904519 -0.051592
vn 0.665727 -0.210941 0.715759
vn 0.287877 -0.940335 0.181378
vn 0.941187 -0.208857 0.265606
vn 0.320168 -0.943180 -0.088902
vn 0.227205 -0.968062 0.105986
vn 0.630345 -0.350229 0.692824
vn 0.956537 0.008450 -0.291488
vn 0.325112 -0.895574 -0.303726
vn 0.067633 -0.976691 0.203714
vn 0.227107 -0.397257 0.889162
vn -0.115299 -0.972178 0.203904
vn -0.208634 -0.373964 0.903672
vn -0.277220 -0.955818 0.097785
vn -0.636982 -0.276806 0.719467
vn -0.368985 -0.926645 -0.071968
vn -0.938060 -0.107698 0.329310
vn -0.361010 -0.890540 -0.276787
vn -0.969233 0.108094 -0.221139
vn -0.274102 -0.846641 -0.456144
vn -0.667571 0.276210 -0.691417
vn -0.121607 -0.824038 -0.553329
vn -0.235696 0.336528 -0.911700
vn 0.058827 -0.824008 -0.563515
vn 0.234027 0.309259 -0.921732
vn 0.224150 -0.853103 -0.471139
vn 0.676577 0.193942 -0.710373
vn -0.032229 0.015553 -0.999360
vn -0.006288 0.058482 -0.998269
vn -0.049590 0.137287 -0.989289
vn -0.190295 0.022253 -0.981475
vn 0.017048 0.036494 -0.999188
vn 0.077998 0.104914 -0.991418
vn 0.579247 -0.317499 -0.750778
vn 0.839719 -0.527966 -0.126982
vn 0.623781 -0.424537 0.656252
vn 0.024708 -0.081505 0.996367
vn 0.170019 -0.061979 0.983490
vn 0.006576 -0.037483 0.999276
vn 0.050002 0.045209 0.997725
vn -0.016410 -0.052677 0.998477
vn -0.075505 0.021734 0.996909
vn -0.549715 -0.269520 0.790678
vn -0.897783 -0.434000 0.075028
vn -0.722436 -0.343305 -0.600190
vn -0.059981 0.807184 -0.587245
vn -0.227680 0.801243 -0.553328
vn 0.104277 0.765852 -0.634505
vn 0.509289 0.644949 -0.569794
vn 0.885431 0.426883 -0.183800
vn 0.767352 0.520523 0.374469
vn 0.351934 0.595439 0.722215
vn 0.136981 0.671495 0.728238
vn -0.047216 0.707132 0.705504
vn -0.343514 0.746062 0.570429
vn -0.667720 0.711682 0.218307
vn -0.580467 0.781485 -0.228777
vn 0.000002 -0.053996 0.998541
vn 0.000003 -0.053998 0.998541
vn 0.000003 -0.053990 0.998541
vn 0.000000 -0.053995 0.998541
vn -0.000002 -0.053989 0.998542
vn 0.000003 -0.053990 0.998541
vn 0.000003 -0.054001 0.998541
vn -0.000003 -0.053998 0.998541
vn -0.000004 -0.053989 0.998542
vn 0.000001 -0.053989 0.998542
vn -0.000002 -0.053992 0.998541
vn 0.000000 -0.053985 0.998542
vn -0.000002 -0.053980 0.998542
vn 0.000002 -0.053983 0.998542
vn -0.000005 -0.053984 0.998542
vn 0.000001 -0.053980 0.998542
vn 0.000001 -0.053982 0.998542
vn -0.000006 0.054010 -0.998540
vn -0.000002 0.054009 -0.998540
vn 0.000010 0.053993 -0.998541
vn 0.000004 0.053987 -0.998542
vn -0.000006 0.053987 -0.998542
vn -0.000003 0.053997 -0.998541
vn 0.000002 0.053996 -0.998541
vn 0.000002 0.053991 -0.998541
vn -0.000001 0.053987 -0.998542
vn -0.000001 0.053989 -0.998542
vn 0.000000 0.053989 -0.998542
vn 0.000002 0.053995 -0.998541
vn 0.000002 0.053991 -0.998541
vn -0.000002 0.053990 -0.998542
vn 0.000009 0.053988 -0.998542
vn -0.000007 0.053979 -0.998542
vn -0.000001 0.053978 -0.998542
vn 0.937693 0.115476 -0.327714
vn 0.577475 0.805428 -0.133447
vn 0.561383 0.801688 0.205294
vn 0.965916 0.069800 0.249269
vn 0.647248 0.126057 -0.751784
vn 0.330983 0.885420 -0.326316
vn 0.211000 0.138771 -0.967585
vn 0.088805 0.938891 -0.332561
vn -0.258892 0.172648 -0.950351
vn -0.065109 0.954333 -0.291565
vn -0.678549 0.210967 -0.703608
vn -0.212515 0.949123 -0.232385
vn -0.949372 0.219865 -0.224394
vn -0.348147 0.936324 -0.045724
vn -0.923563 0.158339 0.349228
vn -0.356789 0.916258 0.182135
vn -0.632997 0.059987 0.771827
vn -0.234321 0.903533 0.358779
vn -0.190141 -0.017376 0.981603
vn -0.046753 0.891598 0.450408
vn 0.272017 -0.034407 0.961677
vn 0.136484 0.875876 0.462831
vn 0.686328 0.002040 0.727289
vn 0.340325 0.842387 0.417807
vn -0.643293 -0.011192 0.765539
vn -0.195929 -0.080926 0.977273
vn -0.935117 0.079206 0.345374
vn -0.961827 0.168593 -0.215559
vn -0.686812 0.218969 -0.693067
vn -0.261744 0.221354 -0.939411
vn 0.216957 0.187763 -0.957954
vn 0.659508 0.125615 -0.741127
vn 0.946568 0.045797 -0.319235
vn 0.968429 -0.037827 0.246401
vn 0.687399 -0.095334 0.719996
vn 0.271659 -0.109173 0.956181
vn -0.646196 -0.080429 0.758921
vn -0.938043 0.044189 0.343689
vn -0.207393 -0.164858 0.964266
vn 0.247290 -0.198698 0.948349
vn 0.660524 -0.181646 0.728500
vn 0.958854 -0.096021 0.267167
vn 0.950786 0.045823 -0.306443
vn 0.662870 0.178394 -0.727171
vn 0.224011 0.268907 -0.936754
vn -0.241810 0.304329 -0.921364
vn -0.665055 0.282583 -0.691266
vn -0.956803 0.188949 -0.220967
vn 0.941202 0.030438 -0.336470
vn 0.957311 -0.189153 0.218577
vn 0.260085 -0.949839 -0.173671
vn 0.297794 -0.885388 -0.356941
vn 0.222310 -0.819508 -0.528190
vn 0.646712 0.208541 -0.733672
vn 0.058250 -0.775336 -0.628857
vn 0.216651 0.314345 -0.924257
vn -0.134873 -0.761328 -0.634184
vn -0.233184 0.339264 -0.911332
vn -0.310365 -0.783489 -0.538348
vn -0.649158 0.284046 -0.705629
vn -0.413880 -0.842854 -0.343950
vn -0.954617 0.129511 -0.268204
vn -0.352553 -0.924914 -0.142268
vn -0.954108 -0.088404 0.286117
vn -0.219836 -0.974464 -0.045733
vn -0.665591 -0.266778 0.697007
vn -0.086701 -0.995787 -0.029854
vn -0.224360 -0.373691 0.900010
vn 0.018185 -0.998910 -0.042981
vn 0.229019 -0.398954 0.887911
vn 0.126223 -0.989139 -0.075318
vn 0.647184 -0.346740 0.678914
vn -0.260029 -0.951713 -0.163177
vn -0.311674 -0.896764 -0.314125
vn -0.961488 0.163024 -0.221279
vn -0.936010 -0.061383 0.346579
vn -0.636813 -0.235539 0.734160
vn -0.150558 -0.982205 -0.112272
vn -0.210609 -0.337572 0.917436
vn -0.065489 -0.992091 -0.107086
vn 0.228830 -0.361719 0.903768
vn -0.002581 -0.992411 -0.122940
vn 0.633793 -0.310381 0.708499
vn 0.065591 -0.988776 -0.134241
vn 0.948381 -0.159433 0.274142
vn 0.142406 -0.969863 -0.197702
vn 0.953682 0.063546 -0.294028
vn 0.216343 -0.920754 -0.324666
vn 0.666058 0.242320 -0.705441
vn 0.173693 -0.865573 -0.469696
vn 0.222153 0.350393 -0.909875
vn 0.044426 -0.818439 -0.572874
vn -0.228947 0.375891 -0.897936
vn -0.118890 -0.808292 -0.576654
vn -0.642873 0.325078 -0.693570
vn -0.262334 -0.829667 -0.492782
s 1
g leg_up_left leg_up_left1
usemtl head_plateSG
f 348/147/135 351/148/136 350/149/137 349/150/138
f 349/150/138 350/149/137 353/151/139 352/152/140
f 352/152/140 353/151/139 355/153/141 354/154/142
f 354/154/142 355/153/141 357/155/143 356/156/144
f 356/156/144 357/155/143 359/157/145 358/158/146
f 358/158/146 359/157/145 361/159/147 360/160/148
f 360/160/148 361/159/147 363/161/149 362/162/150
f 362/162/150 363/161/149 365/163/151 364/164/152
f 364/164/152 365/163/151 367/165/153 366/166/154
f 366/166/154 367/165/153 369/167/155 368/168/156
f 368/168/156 369/167/155 371/169/157 370/170/158
f 370/170/158 371/169/157 373/171/159 372/172/160
f 372/172/160 373/171/159 375/173/161 374/174/162
f 374/174/162 375/173/161 377/175/163 376/176/164
f 378/177/165 381/178/166 380/179/167 379/180/168
f 379/180/168 380/179/167 351/148/136 348/147/135
f 351/181/136 383/182/169 382/183/170 350/184/137
f 350/184/137 382/183/170 384/185/171 353/186/139
f 353/186/139 384/185/171 385/187/172 355/188/141
f 355/188/141 385/187/172 386/189/173 357/190/143
f 357/190/143 386/189/173 387/191/174 359/192/145
f 359/192/145 387/191/174 388/193/175 361/159/147
f 361/159/147 388/193/175 389/194/176 363/161/149
f 363/161/149 389/194/176 390/195/177 365/163/151
f 365/163/151 390/195/177 391/196/178 367/165/153
f 367/165/153 391/196/178 392/197/179 369/167/155
f 369/167/155 392/197/179 393/198/180 371/169/157
f 371/169/157 393/198/180 394/199/181 373/171/159
f 373/171/159 394/199/181 395/200/182 375/173/161
f 375/173/161 395/200/182 396/201/183 377/175/163
f 381/202/166 398/203/184 397/204/185 380/205/167
f 380/205/167 397/204/185 383/182/169 351/181/136
f 356/156/144 358/158/146 399/206/186
f 390/195/177 389/194/176 400/207/187
f 401/208/188 404/209/189 403/210/190 402/211/191
f 402/211/191 406/212/192 405/213/193 401/208/188
f 406/212/192 408/214/194 407/215/195 405/213/193
f 408/214/194 410/216/196 409/217/197 407/215/195
f 410/216/196 412/218/198 411/219/199 409/217/197
f 412/218/198 414/220/200 413/221/201 411/219/199
f 414/220/200 416/222/202 415/223/203 413/221/201
f 416/222/202 418/224/204 417/225/205 415/223/203
f 418/224/204 420/226/206 419/227/207 417/225/205
f 420/228/206 422/229/208 421/230/209 419/231/207
f 422/229/208 424/232/210 423/233/211 421/230/209
f 424/232/210 403/210/190 404/209/189 423/233/211
f 425/234/212 428/235/213 427/236/214 426/237/215
f 426/237/215 430/238/216 429/239/217 425/234/212
f 428/235/213 432/240/218 431/241/219 427/236/214
f 432/240/218 434/242/220 433/243/221 431/241/219
f 434/242/220 436/244/222 435/245/223 433/243/221
f 436/244/222 438/246/224 437/247/225 435/245/223
f 438/246/224 440/248/226 439/249/227 437/247/225
f 440/248/226 442/250/228 441/251/229 439/249/227
f 442/250/228 444/252/230 443/253/231 441/251/229
f 444/252/230 446/254/232 445/255/233 443/253/231
f 446/254/232 448/256/234 447/257/235 445/255/233
f 448/256/234 429/258/217 430/259/216 447/257/235
f 427/236/214 424/232/210 422/229/208 426/237/215
f 431/241/219 403/210/190 424/232/210 427/236/214
f 433/243/221 402/211/191 403/210/190 431/241/219
f 435/245/223 406/212/192 402/211/191 433/243/221
f 437/247/225 408/214/194 406/212/192 435/245/223
f 439/249/227 410/216/196 408/214/194 437/247/225
f 441/251/229 412/218/198 410/216/196 439/249/227
f 443/253/231 414/220/200 412/218/198 441/251/229
f 445/255/233 416/222/202 414/220/200 443/253/231
f 447/257/235 418/224/204 416/222/202 445/255/233
f 430/259/216 420/226/206 418/224/204 447/257/235
f 426/237/215 422/229/208 420/228/206 430/238/216
f 449/260/236 452/261/237 451/262/238 450/263/239
f 450/263/239 451/262/238 454/264/240 453/265/241
f 453/265/241 454/264/240 455/266/242 378/177/165
f 378/177/165 455/266/242 456/267/243 381/178/166
f 381/202/166 456/268/243 457/269/244 398/203/184
f 398/203/184 457/269/244 459/270/245 458/271/246
f 458/271/246 459/270/245 461/272/247 460/273/248
f 460/273/248 461/272/247 463/274/249 462/275/250
f 462/275/250 463/274/249 464/276/251 396/201/183
f 396/201/183 464/276/251 465/277/252 377/175/163
f 377/175/163 465/277/252 466/278/253 376/176/164
f 376/176/164 466/278/253 452/261/237 449/260/236
f 452/261/237 468/279/254 467/280/255 451/262/238
f 451/262/238 467/280/255 469/281/256 454/264/240
f 454/264/240 469/281/256 470/282/257 455/266/242
f 455/266/242 470/282/257 471/283/258 456/267/243
f 456/268/243 471/284/258 472/285/259 457/269/244
f 457/269/244 472/285/259 473/286/260 459/270/245
f 459/270/245 473/286/260 474/287/261 461/272/247
f 461/272/247 474/287/261 475/288/262 463/274/249
f 463/274/249 475/288/262 476/289/263 464/276/251
f 464/276/251 476/289/263 477/290/264 465/277/252
f 465/277/252 477/290/264 478/291/265 466/278/253
f 466/278/253 478/291/265 468/279/254 452/261/237
f 479/292/266 388/193/175 387/191/174 480/293/267
f 394/199/181 393/198/180 482/294/268 481/295/269
f 483/296/270 486/297/271 485/298/272 484/299/273
f 393/198/180 392/197/179 487/300/274 482/294/268
f 486/297/271 489/301/275 488/302/276 485/298/272
f 395/200/182 394/199/181 481/295/269 490/303/277
f 491/304/278 483/296/270 484/299/273 492/305/279
f 392/197/179 391/196/178 493/306/280 487/300/274
f 489/301/275 495/307/281 494/308/282 488/302/276
f 490/303/277 481/295/269 483/296/270 491/304/278
f 482/294/268 486/297/271 483/296/270 481/295/269
f 487/300/274 489/301/275 486/297/271 482/294/268
f 493/306/280 495/307/281 489/301/275 487/300/274
f 389/194/176 388/193/175 479/292/266 400/207/187
f 391/196/178 390/195/177 400/207/187 493/306/280
f 479/292/266 495/307/281 493/306/280 400/207/187
f 495/307/281 479/292/266 480/293/267 494/308/282
f 397/204/185 492/305/279 484/299/273 383/182/169
f 485/298/272 382/183/170 383/182/169 484/299/273
f 488/302/276 384/185/171 382/183/170 485/298/272
f 494/308/282 385/187/172 384/185/171 488/302/276
f 480/293/267 386/189/173 385/187/172 494/308/282
f 387/191/174 386/189/173 480/293/267
f 462/275/250 396/201/183 395/200/182 490/303/277
f 460/273/248 462/275/250 490/303/277 491/304/278
f 458/271/246 460/273/248 491/304/278 492/305/279
f 397/204/185 398/203/184 458/271/246 492/305/279
f 360/160/148 362/162/150 497/309/283 496/310/284
f 348/147/135 349/150/138 499/311/285 498/312/286
f 500/313/287 503/314/288 502/315/289 501/316/290
f 349/150/138 352/152/140 504/317/291 499/311/285
f 501/316/290 502/315/289 506/318/292 505/319/293
f 352/152/140 354/154/142 507/320/294 504/317/291
f 505/319/293 506/318/292 509/321/295 508/322/296
f 354/154/142 356/156/144 399/206/186 507/320/294
f 508/322/296 509/321/295 496/310/284 497/309/283
f 378/177/165 379/180/168 510/323/297 453/265/241
f 449/260/236 450/263/239 512/324/298 511/325/299
f 511/325/299 512/324/298 503/314/288 500/313/287
f 379/180/168 348/147/135 498/312/286 510/323/297
f 510/323/297 512/324/298 450/263/239 453/265/241
f 498/312/286 503/314/288 512/324/298 510/323/297
f 499/311/285 502/315/289 503/314/288 498/312/286
f 504/317/291 506/318/292 502/315/289 499/311/285
f 507/320/294 509/321/295 506/318/292 504/317/291
f 399/206/186 496/310/284 509/321/295 507/320/294
f 358/158/146 360/160/148 496/310/284 399/206/186
f 374/174/162 376/176/164 449/260/236 511/325/299
f 372/172/160 374/174/162 511/325/299 500/313/287
f 370/170/158 372/172/160 500/313/287 501/316/290
f 368/168/156 370/170/158 501/316/290 505/319/293
f 366/166/154 368/168/156 505/319/293 508/322/296
f 364/164/152 366/166/154 508/322/296 497/309/283
f 362/162/150 364/164/152 497/309/283
f 513/326/300 516/327/301 515/328/302 514/329/303
f 514/330/303 518/331/304 517/332/305 513/333/300
f 518/331/304 520/334/306 519/335/307 517/332/305
f 520/334/306 522/336/308 521/337/309 519/335/307
f 522/336/308 524/338/310 523/339/311 521/337/309
f 524/338/310 526/340/312 525/341/313 523/339/311
f 526/340/312 528/342/314 527/343/315 525/341/313
f 528/342/314 530/344/316 529/345/317 527/343/315
f 530/344/316 532/346/318 531/347/319 529/345/317
f 532/346/318 534/348/320 533/349/321 531/347/319
f 534/348/320 536/350/322 535/351/323 533/349/321
f 536/350/322 515/328/302 516/327/301 535/351/323
f 537/352/324 529/345/317 531/347/319 538/353/325
f 539/354/326 527/343/315 529/345/317 537/352/324
f 540/355/327 525/341/313 527/343/315 539/354/326
f 541/356/328 523/339/311 525/341/313 540/355/327
f 542/357/329 521/337/309 523/339/311 541/356/328
f 543/358/330 519/335/307 521/337/309 542/357/329
f 544/359/331 517/332/305 519/335/307 543/358/330
f 545/360/332 513/333/300 517/332/305 544/359/331
f 546/361/333 516/327/301 513/326/300 545/362/332
f 547/363/334 535/351/323 516/327/301 546/361/333
f 548/364/335 533/349/321 535/351/323 547/363/334
f 538/353/325 531/347/319 533/349/321 548/364/335
f 468/279/254 524/338/310 522/336/308 467/280/255
f 467/280/255 522/336/308 520/334/306 469/281/256
f 469/281/256 520/334/306 518/331/304 470/282/257
f 470/282/257 518/331/304 514/330/303 471/283/258
f 471/284/258 514/329/303 515/328/302 472/285/259
f 472/285/259 515/328/302 536/350/322 473/286/260
f 473/286/260 536/350/322 534/348/320 474/287/261
f 474/287/261 534/348/320 532/346/318 475/288/262
f 475/288/262 532/346/318 530/344/316 476/289/263
f 476/289/263 530/344/316 528/342/314 477/290/264
f 477/290/264 528/342/314 526/340/312 478/291/265
f 478/291/265 526/340/312 524/338/310 468/279/254
f 407/215/195 550/365/336 549/366/337 405/213/193
f 405/213/193 549/366/337 551/367/338 401/208/188
f 401/208/188 551/367/338 552/368/339 404/209/189
f 404/209/189 552/368/339 553/369/340 423/233/211
f 423/233/211 553/369/340 554/370/341 421/230/209
f 421/230/209 554/370/341 555/371/342 419/231/207
f 419/227/207 555/372/342 556/373/343 417/225/205
f 417/225/205 556/373/343 557/374/344 415/223/203
f 415/223/203 557/374/344 558/375/345 413/221/201
f 413/221/201 558/375/345 559/376/346 411/219/199
f 411/219/199 559/376/346 560/377/347 409/217/197
f 409/217/197 560/377/347 550/365/336 407/215/195
f 554/370/341 546/361/333 545/362/332 555/371/342
f 555/372/342 545/360/332 544/359/331 556/373/343
f 556/373/343 544/359/331 543/358/330 557/374/344
f 557/374/344 543/358/330 542/357/329 558/375/345
f 558/375/345 542/357/329 541/356/328 559/376/346
f 559/376/346 541/356/328 540/355/327 560/377/347
f 560/377/347 540/355/327 539/354/326 550/365/336
f 550/365/336 539/354/326 537/352/324 549/366/337
f 549/366/337 537/352/324 538/353/325 551/367/338
f 551/367/338 538/353/325 548/364/335 552/368/339
f 552/368/339 548/364/335 547/363/334 553/369/340
f 553/369/340 547/363/334 546/361/333 554/370/341
f 135/378/348 136/379/349 156/380/350 155/381/351
f 136/379/349 137/382/352 157/383/353 156/380/350
f 137/382/352 138/384/354 158/385/355 157/383/353
f 138/384/354 139/386/356 159/387/357 158/385/355
f 139/386/356 140/388/358 160/389/359 159/387/357
f 140/388/358 141/390/360 161/391/361 160/389/359
f 141/390/360 142/392/362 162/393/363 161/391/361
f 142/392/362 143/394/364 163/395/365 162/393/363
f 143/394/364 144/396/366 164/397/367 163/395/365
f 144/396/366 145/398/368 165/399/369 164/397/367
f 145/398/368 146/400/370 166/401/371 165/399/369
f 146/400/370 147/402/372 167/403/373 166/401/371
f 147/402/372 148/404/374 168/405/375 167/403/373
f 148/404/374 149/406/376 169/407/377 168/405/375
f 153/408/378 154/409/379 171/410/380 170/411/381
f 154/409/379 135/378/348 155/381/351 171/410/380
f 155/412/351 156/413/350 173/414/382 172/415/383
f 156/413/350 157/416/353 174/417/384 173/414/382
f 157/416/353 158/418/355 175/419/385 174/417/384
f 158/418/355 159/420/357 176/421/386 175/419/385
f 159/420/357 160/422/359 177/423/387 176/421/386
f 160/422/359 161/391/361 178/424/388 177/423/387
f 161/391/361 162/393/363 179/425/389 178/424/388
f 162/393/363 163/395/365 180/426/390 179/425/389
f 163/395/365 164/397/367 181/427/391 180/426/390
f 164/397/367 165/399/369 182/428/392 181/427/391
f 165/399/369 166/401/371 183/429/393 182/428/392
f 166/401/371 167/403/373 184/430/394 183/429/393
f 167/403/373 168/405/375 185/431/395 184/430/394
f 168/405/375 169/407/377 186/432/396 185/431/395
f 170/433/381 171/434/380 191/435/397 190/436/398
f 171/434/380 155/412/351 172/415/383 191/435/397
f 139/386/356 293/437/399 140/388/358
f 180/426/390 272/438/400 179/425/389
f 192/439/401 193/440/402 215/441/403 214/442/404
f 193/440/402 192/439/401 194/443/405 195/444/406
f 195/444/406 194/443/405 196/445/407 197/446/408
f 197/446/408 196/445/407 198/447/409 199/448/410
f 199/448/410 198/447/409 200/449/411 201/450/412
f 201/450/412 200/449/411 202/451/413 203/452/414
f 203/452/414 202/451/413 204/453/415 205/454/416
f 205/454/416 204/453/415 206/455/417 207/456/418
f 207/456/418 206/455/417 208/457/419 209/458/420
f 209/459/420 208/460/419 210/461/421 211/462/422
f 211/462/422 210/461/421 212/463/423 213/464/424
f 213/464/424 212/463/423 214/442/404 215/441/403
f 216/465/425 217/466/426 219/467/427 218/468/428
f 217/466/426 216/465/425 238/469/429 239/470/430
f 218/468/428 219/467/427 221/471/431 220/472/432
f 220/472/432 221/471/431 223/473/433 222/474/434
f 222/474/434 223/473/433 225/475/435 224/476/436
f 224/476/436 225/475/435 227/477/437 226/478/438
f 226/478/438 227/477/437 229/479/439 228/480/440
f 228/480/440 229/479/439 231/481/441 230/482/442
f 230/482/442 231/481/441 233/483/443 232/484/444
f 232/484/444 233/483/443 235/485/445 234/486/446
f 234/486/446 235/485/445 237/487/447 236/488/448
f 236/488/448 237/487/447 239/489/430 238/490/429
f 219/467/427 217/466/426 211/462/422 213/464/424
f 221/471/431 219/467/427 213/464/424 215/441/403
f 223/473/433 221/471/431 215/441/403 193/440/402
f 225/475/435 223/473/433 193/440/402 195/444/406
f 227/477/437 225/475/435 195/444/406 197/446/408
f 229/479/439 227/477/437 197/446/408 199/448/410
f 231/481/441 229/479/439 199/448/410 201/450/412
f 233/483/443 231/481/441 201/450/412 203/452/414
f 235/485/445 233/483/443 203/452/414 205/454/416
f 237/487/447 235/485/445 205/454/416 207/456/418
f 239/489/430 237/487/447 207/456/418 209/458/420
f 217/466/426 239/470/430 209/459/420 211/462/422
f 150/491/449 151/492/450 241/493/451 240/494/452
f 151/492/450 152/495/453 242/496/454 241/493/451
f 152/495/453 153/408/378 243/497/455 242/496/454
f 153/408/378 170/411/381 244/498/456 243/497/455
f 170/433/381 190/436/398 245/499/457 244/500/456
f 190/436/398 189/501/458 246/502/459 245/499/457
f 189/501/458 188/503/460 247/504/461 246/502/459
f 188/503/460 187/505/462 248/506/463 247/504/461
f 187/505/462 186/432/396 249/507/464 248/506/463
f 186/432/396 169/407/377 250/508/465 249/507/464
f 169/407/377 149/406/376 251/509/466 250/508/465
f 149/406/376 150/491/449 240/494/452 251/509/466
f 240/494/452 241/493/451 253/510/467 252/511/468
f 241/493/451 242/496/454 254/512/469 253/510/467
f 242/496/454 243/497/455 255/513/470 254/512/469
f 243/497/455 244/498/456 256/514/471 255/513/470
f 244/500/456 245/499/457 257/515/472 256/516/471
f 245/499/457 246/502/459 258/517/473 257/515/472
f 246/502/459 247/504/461 259/518/474 258/517/473
f 247/504/461 248/506/463 260/519/475 259/518/474
f 248/506/463 249/507/464 261/520/476 260/519/475
f 249/507/464 250/508/465 262/521/477 261/520/476
f 250/508/465 251/509/466 263/522/478 262/521/477
f 251/509/466 240/494/452 252/511/468 263/522/478
f 273/523/479 278/524/480 177/423/387 178/424/388
f 184/430/394 268/525/481 269/526/482 183/429/393
f 266/527/483 274/528/484 275/529/485 264/530/486
f 183/429/393 269/526/482 270/531/487 182/428/392
f 264/530/486 275/529/485 276/532/488 265/533/489
f 185/431/395 279/534/490 268/525/481 184/430/394
f 280/535/491 281/536/492 274/528/484 266/527/483
f 182/428/392 270/531/487 271/537/493 181/427/391
f 265/533/489 276/532/488 277/538/494 267/539/495
f 279/534/490 280/535/491 266/527/483 268/525/481
f 269/526/482 268/525/481 266/527/483 264/530/486
f 270/531/487 269/526/482 264/530/486 265/533/489
f 271/537/493 270/531/487 265/533/489 267/539/495
f 179/425/389 272/438/400 273/523/479 178/424/388
f 181/427/391 271/537/493 272/438/400 180/426/390
f 273/523/479 272/438/400 271/537/493 267/539/495
f 267/539/495 277/538/494 278/524/480 273/523/479
f 191/435/397 172/415/383 274/528/484 281/536/492
f 275/529/485 274/528/484 172/415/383 173/414/382
f 276/532/488 275/529/485 173/414/382 174/417/384
f 277/538/494 276/532/488 174/417/384 175/419/385
f 278/524/480 277/538/494 175/419/385 176/421/386
f 177/423/387 278/524/480 176/421/386
f 187/505/462 279/534/490 185/431/395 186/432/396
f 188/503/460 280/535/491 279/534/490 187/505/462
f 189/501/458 281/536/492 280/535/491 188/503/460
f 191/435/397 281/536/492 189/501/458 190/436/398
f 141/390/360 285/540/496 299/541/497 142/392/362
f 135/378/348 289/542/498 290/543/499 136/379/349
f 295/544/500 296/545/501 282/546/502 286/547/503
f 136/379/349 290/543/499 291/548/504 137/382/352
f 296/545/501 297/549/505 283/550/506 282/546/502
f 137/382/352 291/548/504 292/551/507 138/384/354
f 297/549/505 298/552/508 284/553/509 283/550/506
f 138/384/354 292/551/507 293/437/399 139/386/356
f 298/552/508 299/541/497 285/540/496 284/553/509
f 153/408/378 152/495/453 288/554/510 154/409/379
f 150/491/449 294/555/511 287/556/512 151/492/450
f 294/555/511 295/544/500 286/547/503 287/556/512
f 154/409/379 288/554/510 289/542/498 135/378/348
f 288/554/510 152/495/453 151/492/450 287/556/512
f 289/542/498 288/554/510 287/556/512 286/547/503
f 290/543/499 289/542/498 286/547/503 282/546/502
f 291/548/504 290/543/499 282/546/502 283/550/506
f 292/551/507 291/548/504 283/550/506 284/553/509
f 293/437/399 292/551/507 284/553/509 285/540/496
f 140/388/358 293/437/399 285/540/496 141/390/360
f 148/404/374 294/555/511 150/491/449 149/406/376
f 147/402/372 295/544/500 294/555/511 148/404/374
f 146/400/370 296/545/501 295/544/500 147/402/372
f 145/398/368 297/549/505 296/545/501 146/400/370
f 144/396/366 298/552/508 297/549/505 145/398/368
f 143/394/364 299/541/497 298/552/508 144/396/366
f 142/392/362 299/541/497 143/394/364
f 300/557/513 301/558/514 323/559/515 322/560/516
f 301/561/514 300/562/513 302/563/517 303/564/518
f 303/564/518 302/563/517 304/565/519 305/566/520
f 305/566/520 304/565/519 306/567/521 307/568/522
f 307/568/522 306/567/521 308/569/523 309/570/524
f 309/570/524 308/569/523 310/571/525 311/572/526
f 311/572/526 310/571/525 312/573/527 313/574/528
f 313/574/528 312/573/527 314/575/529 315/576/530
f 315/576/530 314/575/529 316/577/531 317/578/532
f 317/578/532 316/577/531 318/579/533 319/580/534
f 319/580/534 318/579/533 320/581/535 321/582/536
f 321/582/536 320/581/535 322/560/516 323/559/515
f 344/583/537 345/584/538 316/577/531 314/575/529
f 343/585/539 344/583/537 314/575/529 312/573/527
f 342/586/540 343/585/539 312/573/527 310/571/525
f 341/587/541 342/586/540 310/571/525 308/569/523
f 340/588/542 341/587/541 308/569/523 306/567/521
f 339/589/543 340/588/542 306/567/521 304/565/519
f 338/590/544 339/589/543 304/565/519 302/563/517
f 337/591/545 338/590/544 302/563/517 300/562/513
f 336/592/546 337/593/545 300/557/513 322/560/516
f 347/594/547 336/592/546 322/560/516 320/581/535
f 346/595/548 347/594/547 320/581/535 318/579/533
f 345/584/538 346/595/548 318/579/533 316/577/531
f 252/511/468 253/510/467 307/568/522 309/570/524
f 253/510/467 254/512/469 305/566/520 307/568/522
f 254/512/469 255/513/470 303/564/518 305/566/520
f 255/513/470 256/514/471 301/561/514 303/564/518
f 256/516/471 257/515/472 323/559/515 301/558/514
f 257/515/472 258/517/473 321/582/536 323/559/515
f 258/517/473 259/518/474 319/580/534 321/582/536
f 259/518/474 260/519/475 317/578/532 319/580/534
f 260/519/475 261/520/476 315/576/530 317/578/532
f 261/520/476 262/521/477 313/574/528 315/576/530
f 262/521/477 263/522/478 311/572/526 313/574/528
f 263/522/478 252/511/468 309/570/524 311/572/526
f 196/445/407 194/443/405 325/596/549 324/597/550
f 194/443/405 192/439/401 326/598/551 325/596/549
f 192/439/401 214/442/404 327/599/552 326/598/551
f 214/442/404 212/463/423 328/600/553 327/599/552
f 212/463/423 210/461/421 329/601/554 328/600/553
f 210/461/421 208/460/419 330/602/555 329/601/554
f 208/457/419 206/455/417 331/603/556 330/604/555
f 206/455/417 204/453/415 332/605/557 331/603/556
f 204/453/415 202/451/413 333/606/558 332/605/557
f 202/451/413 200/449/411 334/607/559 333/606/558
f 200/449/411 198/447/409 335/608/560 334/607/559
f 198/447/409 196/445/407 324/597/550 335/608/560
f 329/601/554 330/602/555 337/593/545 336/592/546
f 330/604/555 331/603/556 338/590/544 337/591/545
f 331/603/556 332/605/557 339/589/543 338/590/544
f 332/605/557 333/606/558 340/588/542 339/589/543
f 333/606/558 334/607/559 341/587/541 340/588/542
f 334/607/559 335/608/560 342/586/540 341/587/541
f 335/608/560 324/597/550 343/585/539 342/586/540
f 324/597/550 325/596/549 344/583/537 343/585/539
f 325/596/549 326/598/551 345/584/538 344/583/537
f 326/598/551 327/599/552 346/595/548 345/584/538
f 327/599/552 328/600/553 347/594/547 346/595/548
f 328/600/553 329/601/554 336/592/546 347/594/547
f 561/609/561 583/610/562 584/611/563 562/612/564
f 562/613/564 564/614/565 563/615/566 561/616/561
f 564/614/565 566/617/567 565/618/568 563/615/566
f 566/617/567 568/619/569 567/620/570 565/618/568
f 568/619/569 570/621/571 569/622/572 567/620/570
f 570/621/571 572/623/573 571/624/574 569/622/572
f 572/623/573 574/625/575 573/626/576 571/624/574
f 574/625/575 576/627/577 575/628/578 573/626/576
f 576/627/577 578/629/579 577/630/580 575/628/578
f 578/629/579 580/631/581 579/632/582 577/630/580
f 580/631/581 582/633/583 581/634/584 579/632/582
f 582/633/583 584/611/563 583/610/562 581/634/584
f 585/635/585 608/636/586 607/637/587 586/638/588
f 586/639/588 587/640/589 588/641/590 585/642/585
f 587/640/589 589/643/591 590/644/592 588/641/590
f 589/643/591 591/645/593 592/646/594 590/644/592
f 591/645/593 593/647/595 594/648/596 592/646/594
f 593/647/595 595/649/597 596/650/598 594/648/596
f 595/649/597 597/651/599 598/652/600 596/650/598
f 597/651/599 599/653/601 600/654/602 598/652/600
f 599/653/601 601/655/603 602/656/604 600/654/602
f 601/655/603 603/657/605 604/658/606 602/656/604
f 603/657/605 605/659/607 606/660/608 604/658/606
f 605/659/607 607/637/587 608/636/586 606/660/608
f 586/661/588 429/258/217 448/256/234 587/662/589
f 587/662/589 448/256/234 446/254/232 589/663/591
f 589/663/591 446/254/232 444/252/230 591/664/593
f 591/664/593 444/252/230 442/250/228 593/665/595
f 593/665/595 442/250/228 440/248/226 595/666/597
f 595/666/597 440/248/226 438/246/224 597/667/599
f 597/667/599 438/246/224 436/244/222 599/668/601
f 599/668/601 436/244/222 434/242/220 601/669/603
f 601/669/603 434/242/220 432/240/218 603/670/605
f 603/670/605 432/240/218 428/235/213 605/671/607
f 605/671/607 428/235/213 425/234/212 607/672/587
f 607/672/587 425/234/212 429/239/217 586/673/588
f 561/616/561 563/615/566 236/488/448 238/490/429
f 563/615/566 565/618/568 234/486/446 236/488/448
f 565/618/568 567/620/570 232/484/444 234/486/446
f 567/620/570 569/622/572 230/482/442 232/484/444
f 569/622/572 571/624/574 228/480/440 230/482/442
f 571/624/574 573/626/576 226/478/438 228/480/440
f 573/626/576 575/628/578 224/476/436 226/478/438
f 575/628/578 577/630/580 222/474/434 224/476/436
f 577/630/580 579/632/582 220/472/432 222/474/434
f 579/632/582 581/634/584 218/468/428 220/472/432
f 581/634/584 583/610/562 216/465/425 218/468/428
f 583/610/562 561/609/561 238/469/429 216/465/425
f 562/613/564 585/642/585 588/641/590 564/614/565
f 564/614/565 588/641/590 590/644/592 566/617/567
f 566/617/567 590/644/592 592/646/594 568/619/569
f 568/619/569 592/646/594 594/648/596 570/621/571
f 570/621/571 594/648/596 596/650/598 572/623/573
f 572/623/573 596/650/598 598/652/600 574/625/575
f 574/625/575 598/652/600 600/654/602 576/627/577
f 576/627/577 600/654/602 602/656/604 578/629/579
f 578/629/579 602/656/604 604/658/606 580/631/581
f 580/631/581 604/658/606 606/660/608 582/633/583
f 582/633/583 606/660/608 608/636/586 584/611/563
f 584/611/563 608/636/586 585/635/585 562/612/564
g default
v -0.000589 -0.026812 -0.019702
v 0.013538 -0.023149 -0.019507
v 0.023939 -0.012923 -0.018964
v 0.027826 0.001124 -0.018217
v 0.024158 0.015231 -0.017467
v 0.013918 0.025616 -0.016915
v -0.000151 0.029497 -0.016709
v -0.014278 0.025834 -0.016904
v -0.024678 0.015609 -0.017447
v -0.028565 0.001561 -0.018194
v -0.024897 -0.012545 -0.018944
v -0.014657 -0.022930 -0.019496
v -0.000750 -0.047333 -0.024759
v 0.023784 -0.040972 -0.024421
v 0.041845 -0.023215 -0.023477
v 0.048595 0.001181 -0.022181
v 0.042225 0.025678 -0.020879
v 0.024442 0.043714 -0.019921
v 0.000010 0.050454 -0.019562
v -0.024523 0.044093 -0.019900
v -0.042584 0.026336 -0.020844
v -0.049335 0.001940 -0.022141
v -0.042965 -0.022558 -0.023442
v -0.025181 -0.040593 -0.024401
v -0.000830 -0.057372 -0.030136
v 0.028874 -0.049671 -0.029727
v 0.050742 -0.028171 -0.028584
v 0.058915 0.001367 -0.027015
v 0.051202 0.031028 -0.025438
v 0.029671 0.052864 -0.024278
v 0.000090 0.061025 -0.023844
v -0.029614 0.053323 -0.024254
v -0.051482 0.031823 -0.025396
v -0.059654 0.002286 -0.026966
v -0.051942 -0.027375 -0.028542
v -0.030410 -0.049211 -0.029703
v -0.000824 -0.057518 -0.013368
v 0.028492 -0.049918 -0.012964
v 0.050074 -0.028699 -0.011836
v 0.058140 0.000453 -0.010287
v 0.050528 0.029725 -0.008731
v 0.029278 0.051276 -0.007586
v 0.000084 0.059330 -0.007158
v -0.029231 0.051729 -0.007562
v -0.050814 0.030511 -0.008690
v -0.058879 0.001359 -0.010239
v -0.051268 -0.027913 -0.011795
v -0.030018 -0.049464 -0.012940
v -0.000672 -0.038044 -0.012333
v 0.018871 -0.032976 -0.012064
v 0.033259 -0.018831 -0.011312
v 0.038637 0.000604 -0.010279
v 0.033562 0.020119 -0.009242
v 0.019396 0.034486 -0.008478
v -0.000067 0.039855 -0.008193
v -0.019611 0.034788 -0.008462
v -0.033999 0.020643 -0.009214
v -0.039376 0.001208 -0.010247
v -0.034302 -0.018307 -0.011284
v -0.020135 -0.032674 -0.012048
v -0.000521 -0.018569 -0.011298
v 0.009251 -0.016035 -0.011164
v 0.016445 -0.008962 -0.010787
v 0.019134 0.000755 -0.010271
v 0.016596 0.010512 -0.009752
v 0.009513 0.017696 -0.009371
v -0.000218 0.020381 -0.009228
v -0.009990 0.017847 -0.009363
v -0.017184 0.010774 -0.009739
v -0.019873 0.001057 -0.010255
v -0.017336 -0.008700 -0.010774
v -0.010252 -0.015884 -0.011155
v -0.000370 0.001498 -0.021023
v -0.000370 0.000906 -0.010263
v -0.000961 -0.074599 -0.026208
v -0.000975 -0.076423 -0.024768
v 0.037253 -0.064691 -0.025682
v 0.038112 -0.066289 -0.024229
v 0.065387 -0.037031 -0.024212
v 0.066889 -0.037997 -0.022726
v 0.075901 0.000969 -0.022192
v 0.077643 0.000872 -0.020660
v 0.065979 0.039128 -0.020164
v 0.067494 0.039902 -0.018586
v 0.038278 0.067221 -0.018671
v 0.039161 0.068636 -0.017058
v 0.000222 0.077720 -0.018113
v 0.000236 0.079375 -0.016488
v -0.037992 0.067812 -0.018640
v -0.038852 0.069241 -0.017026
v -0.066126 0.040152 -0.020110
v -0.067628 0.040949 -0.018530
v -0.076640 0.002152 -0.022129
v -0.078383 0.002081 -0.020596
v -0.066718 -0.036007 -0.024157
v -0.068233 -0.036950 -0.022670
v -0.039018 -0.064100 -0.025650
v -0.039900 -0.065684 -0.024197
v -0.000975 -0.076909 -0.015936
v -0.000961 -0.075253 -0.014310
v 0.038112 -0.066774 -0.015397
v 0.037253 -0.065345 -0.013784
v 0.066889 -0.038483 -0.013894
v 0.065387 -0.037685 -0.012314
v 0.077643 0.000386 -0.011828
v 0.075901 0.000315 -0.010294
v 0.067494 0.039416 -0.009754
v 0.065979 0.038474 -0.008267
v 0.039161 0.068150 -0.008227
v 0.038278 0.066566 -0.006774
v 0.000236 0.078889 -0.007656
v 0.000222 0.077065 -0.006216
v -0.038852 0.068755 -0.008194
v -0.037992 0.067157 -0.006742
v -0.067628 0.040463 -0.009698
v -0.066126 0.039498 -0.008212
v -0.078383 0.001595 -0.011764
v -0.076640 0.001497 -0.010232
v -0.068233 -0.037436 -0.013838
v -0.066718 -0.036662 -0.012259
v -0.039900 -0.066170 -0.015365
v -0.039018 -0.064754 -0.013753
v 0.058650 -0.032855 -0.028038
v 0.033399 -0.057682 -0.029358
v -0.000901 -0.066575 -0.029830
v -0.035058 -0.057151 -0.029330
v -0.059921 -0.031937 -0.027990
v -0.068827 0.002313 -0.026169
v -0.059390 0.036421 -0.024357
v -0.034138 0.061247 -0.023037
v 0.000162 0.070140 -0.022565
v 0.034319 0.060716 -0.023066
v 0.059181 0.035502 -0.024406
v 0.068087 0.001252 -0.026226
vt 0.335146 0.717808
vt 0.334112 0.719666
vt 0.331125 0.718921
vt 0.332932 0.715669
vt 0.334145 0.721791
vt 0.331186 0.722640
vt 0.335237 0.723616
vt 0.333098 0.725831
vt 0.337094 0.724651
vt 0.336350 0.727638
vt 0.339220 0.724618
vt 0.340069 0.727577
vt 0.341045 0.723526
vt 0.343260 0.725665
vt 0.342080 0.721669
vt 0.345067 0.722413
vt 0.342046 0.719543
vt 0.345006 0.718694
vt 0.340955 0.717718
vt 0.343093 0.715503
vt 0.339097 0.716683
vt 0.339842 0.713696
vt 0.336971 0.716716
vt 0.336123 0.713757
vt 0.329501 0.718520
vt 0.331726 0.714510
vt 0.329579 0.723105
vt 0.331939 0.727037
vt 0.335949 0.729262
vt 0.340534 0.729184
vt 0.344466 0.726823
vt 0.346691 0.722814
vt 0.346612 0.718229
vt 0.344252 0.714297
vt 0.340243 0.712072
vt 0.335658 0.712150
vt 0.374043 0.711111
vt 0.378984 0.712393
vt 0.377363 0.715253
vt 0.374069 0.714398
vt 0.382622 0.715974
vt 0.379788 0.717640
vt 0.383982 0.720895
vt 0.380695 0.720920
vt 0.382700 0.725835
vt 0.379840 0.724214
vt 0.379119 0.729473
vt 0.377453 0.726640
vt 0.374198 0.730833
vt 0.374172 0.727546
vt 0.369257 0.729551
vt 0.370878 0.726691
vt 0.365620 0.725970
vt 0.368453 0.724304
vt 0.364260 0.721049
vt 0.367547 0.721024
vt 0.365542 0.716108
vt 0.368402 0.717730
vt 0.369123 0.712471
vt 0.370789 0.715304
vt 0.375742 0.718112
vt 0.374095 0.717685
vt 0.376955 0.719306
vt 0.377408 0.720946
vt 0.376980 0.722593
vt 0.375787 0.723806
vt 0.374147 0.724259
vt 0.372500 0.723832
vt 0.371287 0.722638
vt 0.370834 0.720998
vt 0.371261 0.719351
vt 0.372455 0.718138
vt 0.338096 0.720667
vt 0.374121 0.720972
vt 0.329819 0.712672
vt 0.329570 0.712431
vt 0.334830 0.709271
vt 0.334925 0.709604
vt 0.326930 0.717881
vt 0.326594 0.717797
vt 0.327033 0.723837
vt 0.326700 0.723932
vt 0.330100 0.728944
vt 0.329859 0.729193
vt 0.335310 0.731833
vt 0.335226 0.732169
vt 0.341266 0.731730
vt 0.341362 0.732063
vt 0.346373 0.728662
vt 0.346622 0.728903
vt 0.349262 0.723452
vt 0.349598 0.723536
vt 0.349158 0.717496
vt 0.349491 0.717401
vt 0.346091 0.712390
vt 0.346332 0.712141
vt 0.340881 0.709501
vt 0.340965 0.709165
vt 0.328620 0.711524
vt 0.328387 0.711302
vt 0.334370 0.707702
vt 0.334461 0.708011
vt 0.325318 0.717487
vt 0.325005 0.717411
vt 0.325439 0.724302
vt 0.325131 0.724392
vt 0.328953 0.730143
vt 0.328731 0.730376
vt 0.334916 0.733445
vt 0.334840 0.733757
vt 0.341731 0.733323
vt 0.341822 0.733632
vt 0.347572 0.729810
vt 0.347805 0.730032
vt 0.350874 0.723846
vt 0.351186 0.723922
vt 0.350752 0.717031
vt 0.351060 0.716941
vt 0.347239 0.711190
vt 0.347460 0.710958
vt 0.341276 0.707889
vt 0.341351 0.707576
vt 0.328193 0.718193
vt 0.330756 0.713573
vt 0.328283 0.723476
vt 0.331002 0.728006
vt 0.335622 0.730570
vt 0.340905 0.730480
vt 0.345436 0.727761
vt 0.347999 0.723140
vt 0.347909 0.717857
vt 0.345189 0.713327
vt 0.340569 0.710764
vt 0.335286 0.710854
vt 0.374020 0.708117
vt 0.380461 0.709789
vt 0.385203 0.714457
vt 0.386975 0.720871
vt 0.385304 0.727312
vt 0.380636 0.732054
vt 0.374222 0.733827
vt 0.367781 0.732155
vt 0.363039 0.727487
vt 0.361266 0.721073
vt 0.362938 0.714632
vt 0.367606 0.709890
vn 0.000884 0.166285 -0.986077
vn -0.056085 0.151509 -0.986863
vn -0.153281 0.320411 -0.934795
vn 0.002411 0.360799 -0.932641
vn -0.098020 0.110262 -0.989057
vn -0.267859 0.207679 -0.940809
vn -0.113689 0.053615 -0.992069
vn -0.310621 0.052868 -0.949063
vn -0.098893 -0.003265 -0.995093
vn -0.270147 -0.102511 -0.957347
vn -0.057605 -0.045142 -0.997318
vn -0.157332 -0.216858 -0.963441
vn -0.000882 -0.060782 -0.998151
vn -0.002412 -0.259580 -0.965719
vn 0.056072 -0.046012 -0.997366
vn 0.153155 -0.219259 -0.963571
vn 0.098003 -0.004786 -0.995175
vn 0.267728 -0.106674 -0.957571
vn 0.113690 0.051851 -0.992162
vn 0.310614 0.048057 -0.949320
vn 0.098906 0.108740 -0.989138
vn 0.270269 0.203509 -0.941031
vn 0.057615 0.150634 -0.986909
vn 0.157459 0.318001 -0.934924
vn -0.068912 0.173879 -0.982353
vn 0.001082 0.192027 -0.981389
vn -0.120423 0.123198 -0.985049
vn -0.139642 0.053603 -0.988750
vn -0.121442 -0.016245 -0.992466
vn -0.070728 -0.067655 -0.995199
vn -0.001087 -0.086867 -0.996219
vn 0.068853 -0.068738 -0.995256
vn 0.120356 -0.018119 -0.992566
vn 0.139630 0.051442 -0.988867
vn 0.121500 0.121324 -0.985149
vn 0.070790 0.172787 -0.982412
vn -0.000005 -0.053071 0.998591
vn -0.000001 -0.053068 0.998591
vn -0.000003 -0.053063 0.998591
vn -0.000002 -0.053070 0.998591
vn 0.000002 -0.053066 0.998591
vn -0.000003 -0.053063 0.998591
vn 0.000000 -0.053068 0.998591
vn -0.000002 -0.053069 0.998591
vn -0.000000 -0.053068 0.998591
vn 0.000001 -0.053069 0.998591
vn 0.000003 -0.053068 0.998591
vn 0.000005 -0.053066 0.998591
vn 0.000002 -0.053070 0.998591
vn 0.000001 -0.053069 0.998591
vn -0.000003 -0.053071 0.998591
vn -0.000004 -0.053071 0.998591
vn -0.000004 -0.053071 0.998591
vn -0.000002 -0.053071 0.998591
vn -0.000003 -0.053066 0.998591
vn -0.000005 -0.053066 0.998591
vn 0.000000 -0.053067 0.998591
vn -0.000005 -0.053068 0.998591
vn -0.000001 -0.053073 0.998591
vn -0.000002 -0.053075 0.998591
vn 0.000004 -0.053073 0.998591
vn 0.000008 -0.053070 0.998591
vn 0.000006 -0.053073 0.998591
vn 0.000014 -0.053072 0.998591
vn 0.000008 -0.053067 0.998591
vn 0.000001 -0.053065 0.998591
vn -0.000002 -0.053075 0.998591
vn -0.000004 -0.053075 0.998591
vn -0.000001 -0.053068 0.998591
vn -0.000001 -0.053063 0.998591
vn -0.000005 -0.053064 0.998591
vn -0.000001 -0.053070 0.998591
vn 0.000001 0.053082 -0.998590
vn -0.000004 -0.053066 0.998591
vn -0.004006 -0.470567 -0.882355
vn -0.007677 -0.979629 -0.200668
vn -0.501197 -0.843491 -0.193198
vn -0.261851 -0.399494 -0.878544
vn 0.254905 -0.403503 -0.878754
vn 0.487903 -0.851154 -0.193617
vn 0.445663 -0.216171 -0.868709
vn 0.852776 -0.492467 -0.173925
vn 0.517150 0.041391 -0.854894
vn 0.989158 0.000352 -0.146854
vn 0.450068 0.300252 -0.841004
vn 0.860475 0.495240 -0.119669
vn 0.262247 0.490975 -0.830765
vn 0.501221 0.859561 -0.099660
vn 0.004016 0.562281 -0.826937
vn 0.007677 0.995712 -0.092189
vn -0.255293 0.494985 -0.830551
vn -0.487924 0.867225 -0.099253
vn -0.446058 0.307204 -0.840630
vn -0.852800 0.508510 -0.118954
vn -0.517160 0.049407 -0.854461
vn -0.989158 0.015678 -0.146017
vn -0.449683 -0.209238 -0.868335
vn -0.860452 -0.479192 -0.173195
vn -0.007675 -0.995712 0.092187
vn -0.000893 -0.167746 0.985830
vn -0.058349 -0.151884 0.986675
vn -0.501220 -0.859560 0.099672
vn 0.487922 -0.867227 0.099241
vn 0.056811 -0.152791 0.986624
vn 0.852797 -0.508516 0.118946
vn 0.099293 -0.111015 0.988846
vn 0.989158 -0.015680 0.146013
vn 0.115163 -0.053630 0.991898
vn 0.860453 0.479192 0.173192
vn 0.100178 0.003989 0.994962
vn 0.501199 0.843489 0.193197
vn 0.058351 0.046405 0.997217
vn 0.007676 0.979629 0.200672
vn 0.000895 0.062257 0.998060
vn -0.487900 0.851155 0.193621
vn -0.056805 0.047298 0.997264
vn -0.852775 0.492468 0.173926
vn -0.099282 0.005533 0.995044
vn -0.989157 -0.000354 0.146859
vn -0.115156 -0.051842 0.991994
vn -0.860473 -0.495240 0.119682
vn -0.100171 -0.109461 0.988931
vn 0.155507 -0.223472 -0.962226
vn -0.002450 -0.264410 -0.964407
vn 0.271850 -0.109164 -0.956128
vn 0.315394 0.047952 -0.947749
vn 0.274423 0.205795 -0.939330
vn 0.159876 0.322041 -0.933129
vn 0.002449 0.365494 -0.930811
vn -0.155630 0.324483 -0.933001
vn -0.271959 0.210022 -0.939111
vn -0.315380 0.052839 -0.947493
vn -0.274293 -0.104934 -0.955904
vn -0.159749 -0.221038 -0.962093
s 1
g leg_up_left leg_plate_back_left
usemtl head_plateSG
f 609/674/609 610/675/610 622/676/611 621/677/612
f 610/675/610 611/678/613 623/679/614 622/676/611
f 611/678/613 612/680/615 624/681/616 623/679/614
f 612/680/615 613/682/617 625/683/618 624/681/616
f 613/682/617 614/684/619 626/685/620 625/683/618
f 614/684/619 615/686/621 627/687/622 626/685/620
f 615/686/621 616/688/623 628/689/624 627/687/622
f 616/688/623 617/690/625 629/691/626 628/689/624
f 617/690/625 618/692/627 630/693/628 629/691/626
f 618/692/627 619/694/629 631/695/630 630/693/628
f 619/694/629 620/696/631 632/697/632 631/695/630
f 620/696/631 609/674/609 621/677/612 632/697/632
f 621/677/612 622/676/611 634/698/633 633/699/634
f 622/676/611 623/679/614 635/700/635 634/698/633
f 623/679/614 624/681/616 636/701/636 635/700/635
f 624/681/616 625/683/618 637/702/637 636/701/636
f 625/683/618 626/685/620 638/703/638 637/702/637
f 626/685/620 627/687/622 639/704/639 638/703/638
f 627/687/622 628/689/624 640/705/640 639/704/639
f 628/689/624 629/691/626 641/706/641 640/705/640
f 629/691/626 630/693/628 642/707/642 641/706/641
f 630/693/628 631/695/630 643/708/643 642/707/642
f 631/695/630 632/697/632 644/709/644 643/708/643
f 632/697/632 621/677/612 633/699/634 644/709/644
f 645/710/645 646/711/646 658/712/647 657/713/648
f 646/711/646 647/714/649 659/715/650 658/712/647
f 647/714/649 648/716/651 660/717/652 659/715/650
f 648/716/651 649/718/653 661/719/654 660/717/652
f 649/718/653 650/720/655 662/721/656 661/719/654
f 650/720/655 651/722/657 663/723/658 662/721/656
f 651/722/657 652/724/659 664/725/660 663/723/658
f 652/724/659 653/726/661 665/727/662 664/725/660
f 653/726/661 654/728/663 666/729/664 665/727/662
f 654/728/663 655/730/665 667/731/666 666/729/664
f 655/730/665 656/732/667 668/733/668 667/731/666
f 656/732/667 645/710/645 657/713/648 668/733/668
f 657/713/648 658/712/647 670/734/669 669/735/670
f 658/712/647 659/715/650 671/736/671 670/734/669
f 659/715/650 660/717/652 672/737/672 671/736/671
f 660/717/652 661/719/654 673/738/673 672/737/672
f 661/719/654 662/721/656 674/739/674 673/738/673
f 662/721/656 663/723/658 675/740/675 674/739/674
f 663/723/658 664/725/660 676/741/676 675/740/675
f 664/725/660 665/727/662 677/742/677 676/741/676
f 665/727/662 666/729/664 678/743/678 677/742/677
f 666/729/664 667/731/666 679/744/679 678/743/678
f 667/731/666 668/733/668 680/745/680 679/744/679
f 668/733/668 657/713/648 669/735/670 680/745/680
f 610/675/610 609/674/609 681/746/681
f 611/678/613 610/675/610 681/746/681
f 612/680/615 611/678/613 681/746/681
f 613/682/617 612/680/615 681/746/681
f 614/684/619 613/682/617 681/746/681
f 615/686/621 614/684/619 681/746/681
f 616/688/623 615/686/621 681/746/681
f 617/690/625 616/688/623 681/746/681
f 618/692/627 617/690/625 681/746/681
f 619/694/629 618/692/627 681/746/681
f 620/696/631 619/694/629 681/746/681
f 609/674/609 620/696/631 681/746/681
f 669/735/670 670/734/669 682/747/682
f 670/734/669 671/736/671 682/747/682
f 671/736/671 672/737/672 682/747/682
f 672/737/672 673/738/673 682/747/682
f 673/738/673 674/739/674 682/747/682
f 674/739/674 675/740/675 682/747/682
f 675/740/675 676/741/676 682/747/682
f 676/741/676 677/742/677 682/747/682
f 677/742/677 678/743/678 682/747/682
f 678/743/678 679/744/679 682/747/682
f 679/744/679 680/745/680 682/747/682
f 680/745/680 669/735/670 682/747/682
f 683/748/683 684/749/684 706/750/685 705/751/686
f 684/749/684 683/748/683 685/752/687 686/753/688
f 686/753/688 685/752/687 687/754/689 688/755/690
f 688/755/690 687/754/689 689/756/691 690/757/692
f 690/757/692 689/756/691 691/758/693 692/759/694
f 692/759/694 691/758/693 693/760/695 694/761/696
f 694/761/696 693/760/695 695/762/697 696/763/698
f 696/763/698 695/762/697 697/764/699 698/765/700
f 698/765/700 697/764/699 699/766/701 700/767/702
f 700/767/702 699/766/701 701/768/703 702/769/704
f 702/769/704 701/768/703 703/770/705 704/771/706
f 704/771/706 703/770/705 705/751/686 706/750/685
f 707/772/707 708/773/708 730/774/709 729/775/710
f 708/773/708 707/772/707 709/776/711 710/777/712
f 710/777/712 709/776/711 711/778/713 712/779/714
f 712/779/714 711/778/713 713/780/715 714/781/716
f 714/781/716 713/780/715 715/782/717 716/783/718
f 716/783/718 715/782/717 717/784/719 718/785/720
f 718/785/720 717/784/719 719/786/721 720/787/722
f 720/787/722 719/786/721 721/788/723 722/789/724
f 722/789/724 721/788/723 723/790/725 724/791/726
f 724/791/726 723/790/725 725/792/727 726/793/728
f 726/793/728 725/792/727 727/794/729 728/795/730
f 728/795/730 727/794/729 729/775/710 730/774/709
f 633/699/634 634/698/633 732/796/731 733/797/732
f 634/698/633 635/700/635 731/798/733 732/796/731
f 635/700/635 636/701/636 742/799/734 731/798/733
f 636/701/636 637/702/637 741/800/735 742/799/734
f 637/702/637 638/703/638 740/801/736 741/800/735
f 638/703/638 639/704/639 739/802/737 740/801/736
f 639/704/639 640/705/640 738/803/738 739/802/737
f 640/705/640 641/706/641 737/804/739 738/803/738
f 641/706/641 642/707/642 736/805/740 737/804/739
f 642/707/642 643/708/643 735/806/741 736/805/740
f 643/708/643 644/709/644 734/807/742 735/806/741
f 644/709/644 633/699/634 733/797/732 734/807/742
f 684/749/684 686/753/688 709/776/711 707/772/707
f 686/753/688 688/755/690 711/778/713 709/776/711
f 688/755/690 690/757/692 713/780/715 711/778/713
f 690/757/692 692/759/694 715/782/717 713/780/715
f 692/759/694 694/761/696 717/784/719 715/782/717
f 694/761/696 696/763/698 719/786/721 717/784/719
f 696/763/698 698/765/700 721/788/723 719/786/721
f 698/765/700 700/767/702 723/790/725 721/788/723
f 700/767/702 702/769/704 725/792/727 723/790/725
f 702/769/704 704/771/706 727/794/729 725/792/727
f 704/771/706 706/750/685 729/775/710 727/794/729
f 706/750/685 684/749/684 707/772/707 729/775/710
f 708/808/708 710/809/712 646/711/646 645/710/645
f 710/809/712 712/810/714 647/714/649 646/711/646
f 712/810/714 714/811/716 648/716/651 647/714/649
f 714/811/716 716/812/718 649/718/653 648/716/651
f 716/812/718 718/813/720 650/720/655 649/718/653
f 718/813/720 720/814/722 651/722/657 650/720/655
f 720/814/722 722/815/724 652/724/659 651/722/657
f 722/815/724 724/816/726 653/726/661 652/724/659
f 724/816/726 726/817/728 654/728/663 653/726/661
f 726/817/728 728/818/730 655/730/665 654/728/663
f 728/818/730 730/819/709 656/732/667 655/730/665
f 730/819/709 708/808/708 645/710/645 656/732/667
f 732/796/731 731/798/733 687/754/689 685/752/687
f 733/797/732 732/796/731 685/752/687 683/748/683
f 734/807/742 733/797/732 683/748/683 705/751/686
f 735/806/741 734/807/742 705/751/686 703/770/705
f 736/805/740 735/806/741 703/770/705 701/768/703
f 737/804/739 736/805/740 701/768/703 699/766/701
f 738/803/738 737/804/739 699/766/701 697/764/699
f 739/802/737 738/803/738 697/764/699 695/762/697
f 740/801/736 739/802/737 695/762/697 693/760/695
f 741/800/735 740/801/736 693/760/695 691/758/693
f 742/799/734 741/800/735 691/758/693 689/756/691
f 731/798/733 742/799/734 689/756/691 687/754/689
g default
v -0.038049 -0.010357 0.014068
v -0.038049 -0.011597 0.036606
v -0.009750 0.037720 0.016623
v -0.009750 0.036480 0.039162
v 0.038397 0.009463 0.015122
v 0.038397 0.008223 0.037660
v 0.010099 -0.038614 0.012567
v 0.010099 -0.039854 0.035105
v 0.018045 0.029986 0.014930
v 0.012710 -0.048922 0.016892
v 0.030581 -0.018222 0.012368
v -0.017697 -0.032330 0.040621
v -0.017697 -0.030739 0.011703
v -0.048104 -0.013231 0.018789
v -0.012361 0.047493 0.022016
v -0.030233 0.017468 0.014265
v 0.018045 0.028395 0.043848
v 0.048452 0.011802 0.020119
v -0.041353 0.023657 0.020749
v 0.024581 0.040752 0.021657
v 0.041701 -0.025086 0.018159
v -0.024233 -0.042181 0.017250
v 0.000174 -0.000253 0.011073
v -0.045005 0.005243 0.016647
v -0.045005 0.004482 0.030477
v -0.026868 0.035295 0.032115
v -0.026868 0.036056 0.018285
v 0.005968 0.044570 0.018737
v 0.005968 0.043809 0.032567
v 0.036827 0.025699 0.031605
v 0.036827 0.026460 0.017775
v 0.045353 -0.006329 0.016032
v 0.045353 -0.007090 0.029862
v 0.027216 -0.037903 0.028225
v 0.027216 -0.037142 0.014395
v -0.005621 -0.045656 0.013942
v -0.005621 -0.046417 0.027772
v -0.036479 -0.028306 0.028734
v -0.036479 -0.027546 0.014905
v -0.024323 -0.008572 0.046492
v 0.006535 -0.026682 0.045529
v 0.024672 0.004131 0.047166
v -0.006187 0.022241 0.048129
v 0.006535 -0.024775 0.010865
v -0.024323 -0.006665 0.011828
v -0.006187 0.024148 0.013465
v 0.024672 0.006038 0.012503
v -0.048306 0.005466 0.019782
v -0.028819 0.038573 0.021542
v -0.038563 0.022204 0.017316
v 0.006363 0.047695 0.022026
v 0.022941 0.037325 0.033150
v 0.039519 0.028236 0.020992
v 0.022941 0.038150 0.018163
v 0.048654 -0.006895 0.019125
v 0.029167 -0.040002 0.017366
v 0.038911 -0.023264 0.014900
v -0.006015 -0.049124 0.016881
v -0.022593 -0.040035 0.029039
v -0.039171 -0.029665 0.017915
v -0.022593 -0.039211 0.014052
v -0.009570 -0.018890 0.048065
v 0.009918 0.014217 0.049824
v -0.009570 -0.016838 0.010756
v -0.016404 0.009445 0.012153
v 0.009918 0.016270 0.012515
v 0.016752 -0.010014 0.011119
v -0.044781 -0.012212 0.015952
v -0.044781 -0.012909 0.028624
v -0.036532 0.000483 0.040674
v -0.019746 0.029001 0.042189
v -0.011498 0.043637 0.031629
v -0.011498 0.044334 0.018957
v -0.019746 0.030476 0.015380
v -0.036532 0.001957 0.013865
v 0.002536 0.034778 0.042497
v 0.031096 0.018017 0.041606
v 0.045129 0.010403 0.029863
v 0.045129 0.011100 0.017191
v 0.031096 0.019492 0.014797
v 0.002536 0.036253 0.015687
v 0.036881 -0.004233 0.040424
v 0.020095 -0.032751 0.038908
v 0.011847 -0.046143 0.026858
v 0.011847 -0.045445 0.014186
v 0.020095 -0.031276 0.012099
v 0.036881 -0.002758 0.013614
v -0.002187 -0.038528 0.038601
v -0.030747 -0.021767 0.039492
v -0.030747 -0.020292 0.012682
v -0.002187 -0.037053 0.011792
v -0.039188 0.026233 0.020886
v -0.036543 0.023782 0.032271
v -0.028422 0.018144 0.043011
v -0.014639 0.009957 0.049231
v 0.001857 0.000420 0.050956
v 0.018120 -0.009269 0.048210
v 0.031669 -0.017122 0.041137
v 0.040023 -0.021153 0.029883
v 0.042902 -0.021945 0.018326
v 0.040023 -0.020340 0.015095
v 0.031669 -0.015552 0.012583
v 0.018120 -0.007242 0.011358
v 0.001857 0.002600 0.011322
v -0.014639 0.011984 0.012379
v -0.028422 0.019715 0.014457
v -0.036543 0.024596 0.017483
v -0.039675 0.019275 0.017200
v -0.031321 0.014790 0.014196
v -0.017771 0.006663 0.012097
v -0.001508 -0.003117 0.011018
v 0.014988 -0.012563 0.011075
v 0.028770 -0.020476 0.012322
v 0.036891 -0.025661 0.014813
v 0.039537 -0.027662 0.018022
v 0.036891 -0.026475 0.029600
v 0.028770 -0.022047 0.040875
v 0.014988 -0.014590 0.047927
v -0.001508 -0.005298 0.050652
v -0.017771 0.004636 0.048949
v -0.031321 0.013219 0.042749
v -0.039675 0.018461 0.031988
v -0.042553 0.020516 0.020582
v -0.035665 0.019728 0.031312
v -0.038349 0.021920 0.020184
v -0.034064 0.021625 0.031283
v -0.036496 0.023968 0.020293
v -0.028036 0.014686 0.041345
v -0.026673 0.016422 0.041228
v -0.015319 0.006885 0.047083
v -0.013923 0.008911 0.046902
v 0.000174 -0.002323 0.048690
v 0.001546 0.000025 0.048497
v 0.015667 -0.011301 0.046117
v 0.016747 -0.009089 0.045946
v 0.028385 -0.018427 0.039586
v 0.029230 -0.016387 0.039485
v 0.036888 -0.020015 0.029070
v 0.036013 -0.022339 0.029076
v 0.039587 -0.020684 0.017920
v 0.038697 -0.023297 0.017781
v 0.034412 -0.024222 0.028846
v 0.036844 -0.025344 0.017672
v 0.027021 -0.020140 0.039285
v 0.014271 -0.013296 0.045722
v -0.001198 -0.004636 0.048249
v -0.016399 0.004704 0.046679
v -0.028882 0.012669 0.041029
v -0.036540 0.017419 0.031059
v -0.039239 0.019307 0.020045
vt 0.018117 0.426156
vt 0.016191 0.426359
vt 0.016833 0.421697
vt 0.019033 0.422966
vt 0.011877 0.661934
vt 0.012782 0.661669
vt 0.014986 0.666043
vt 0.014288 0.666663
vt 0.018289 0.668965
vt 0.017725 0.669751
vt 0.018816 0.418172
vt 0.020923 0.419786
vt 0.014803 0.661080
vt 0.016795 0.664570
vt 0.016866 0.660514
vt 0.018727 0.662492
vt 0.021043 0.664208
vt 0.019389 0.666600
vt 0.020156 0.670026
vt 0.021625 0.667871
vt 0.024695 0.669066
vt 0.024353 0.671373
vt 0.022836 0.665228
vt 0.025493 0.666344
vt 0.028145 0.666936
vt 0.028711 0.668999
vt 0.029236 0.671037
vt 0.021884 0.418597
vt 0.019867 0.416874
vt 0.022898 0.414198
vt 0.024600 0.416085
vt 0.019771 0.670914
vt 0.024178 0.672290
vt 0.029470 0.671951
vt 0.027324 0.412596
vt 0.027527 0.414522
vt 0.031987 0.413236
vt 0.030717 0.415438
vt 0.033626 0.668885
vt 0.034240 0.669598
vt 0.037038 0.665039
vt 0.037847 0.665498
vt 0.036246 0.415640
vt 0.034560 0.417725
vt 0.032207 0.666993
vt 0.030119 0.665084
vt 0.032113 0.662239
vt 0.034757 0.663742
vt 0.036250 0.659891
vt 0.038601 0.660142
vt 0.033542 0.659073
vt 0.034127 0.656431
vt 0.036191 0.655862
vt 0.038211 0.655271
vt 0.039486 0.419303
vt 0.037599 0.421004
vt 0.039529 0.660304
vt 0.039115 0.655003
vt 0.041087 0.423729
vt 0.039161 0.423932
vt 0.040445 0.428391
vt 0.038245 0.427122
vt 0.036007 0.650905
vt 0.036705 0.650285
vt 0.032710 0.647988
vt 0.033276 0.647203
vt 0.038462 0.431916
vt 0.036355 0.430302
vt 0.034199 0.652378
vt 0.032266 0.654455
vt 0.029952 0.652741
vt 0.031607 0.650351
vt 0.030848 0.646926
vt 0.029375 0.649078
vt 0.026310 0.647882
vt 0.026658 0.645575
vt 0.028161 0.651720
vt 0.025506 0.650602
vt 0.022858 0.650008
vt 0.022296 0.647943
vt 0.021778 0.645903
vt 0.035394 0.431491
vt 0.037412 0.433214
vt 0.034379 0.435890
vt 0.032678 0.434003
vt 0.031236 0.646040
vt 0.026837 0.644658
vt 0.021547 0.644988
vt 0.029954 0.437492
vt 0.029751 0.435566
vt 0.025291 0.436852
vt 0.026561 0.434651
vt 0.017385 0.648049
vt 0.016773 0.647334
vt 0.013966 0.651892
vt 0.013159 0.651430
vt 0.021032 0.434448
vt 0.022718 0.432364
vt 0.018798 0.649945
vt 0.020881 0.651858
vt 0.018885 0.654702
vt 0.016244 0.653194
vt 0.014746 0.657047
vt 0.012396 0.656791
vt 0.017453 0.657870
vt 0.017792 0.430786
vt 0.019679 0.429084
vt 0.011468 0.656626
vt 0.020239 0.659619
vt 0.021848 0.656394
vt 0.024602 0.657965
vt 0.022741 0.661285
vt 0.023804 0.653367
vt 0.026511 0.654671
vt 0.026390 0.658983
vt 0.028252 0.655663
vt 0.030754 0.657327
vt 0.029146 0.660552
vt 0.024483 0.662277
vt 0.027192 0.663579
vt 0.029347 0.431751
vt 0.025419 0.429025
vt 0.028083 0.425731
vt 0.032056 0.428867
vt 0.021932 0.425753
vt 0.024187 0.422502
vt 0.029195 0.424357
vt 0.025223 0.421221
vt 0.027930 0.418337
vt 0.031859 0.421063
vt 0.033091 0.427586
vt 0.035346 0.424335
vt 0.019433 0.669125
vt 0.020593 0.667084
vt 0.021076 0.667355
vt 0.019943 0.669291
vt 0.022017 0.664582
vt 0.022428 0.664783
vt 0.023660 0.661697
vt 0.024097 0.661919
vt 0.025496 0.658474
vt 0.025961 0.658739
vt 0.027334 0.655251
vt 0.027747 0.655514
vt 0.028978 0.652367
vt 0.029361 0.652617
vt 0.030884 0.650143
vt 0.030405 0.649866
vt 0.031971 0.648181
vt 0.031568 0.647828
vt 0.031830 0.647367
vt 0.032286 0.646568
vt 0.038040 0.432648
vt 0.035957 0.430963
vt 0.032620 0.428264
vt 0.028639 0.425044
vt 0.024658 0.421824
vt 0.021321 0.419125
vt 0.019238 0.417440
vt 0.018718 0.670386
vt 0.019172 0.669586
vt 0.029922 0.649595
vt 0.031059 0.647661
vt 0.028568 0.652165
vt 0.026897 0.655029
vt 0.025032 0.658209
vt 0.023246 0.661434
vt 0.021634 0.664332
vt 0.020113 0.666807
vt 0.019029 0.668772
vn -0.226042 -0.007006 -0.974092
vn -0.458872 -0.072224 -0.885562
vn -0.451963 0.121288 -0.883753
vn -0.193339 0.066262 -0.978892
vn -0.967789 -0.251720 0.004716
vn -0.987332 0.157228 0.021357
vn -0.868450 0.494470 0.035977
vn -0.419750 0.194570 -0.886540
vn -0.176235 0.099324 -0.979324
vn -0.858151 -0.247134 0.450002
vn -0.867475 0.111846 0.484746
vn -0.674627 -0.213031 0.706750
vn -0.612924 0.004515 0.790129
vn -0.493032 0.261274 0.829853
vn -0.740661 0.432559 0.514114
vn -0.855413 0.516560 0.037865
vn -0.761413 0.396983 0.512499
vn -0.541853 0.664321 0.514853
vn -0.618298 0.783956 0.055868
vn -0.506142 0.238631 0.828780
vn -0.338585 0.469976 0.815158
vn -0.174992 0.634870 0.752541
vn -0.222630 0.831570 0.508849
vn -0.251220 0.965282 0.071553
vn -0.127033 0.183038 -0.974864
vn -0.333049 0.342377 -0.878553
vn -0.284811 0.405635 -0.868529
vn -0.106501 0.213888 -0.971035
vn -0.119242 0.505389 -0.854613
vn -0.058714 0.277441 -0.958947
vn 0.082349 0.496445 -0.864153
vn 0.017614 0.242202 -0.970066
vn 0.176465 0.982024 0.067000
vn 0.506596 0.860235 0.057929
vn 0.227010 0.433188 -0.872247
vn 0.090628 0.206207 -0.974302
vn 0.153505 0.837702 0.524111
vn 0.057918 0.564079 0.823687
vn 0.292560 0.453718 0.841753
vn 0.441237 0.723605 0.530760
vn 0.680641 0.528573 0.507285
vn 0.773927 0.631474 0.047739
vn 0.502315 0.303458 0.809687
vn 0.674342 0.136732 0.725649
vn 0.857869 0.197793 0.474277
vn 0.967689 0.250074 0.032274
vn 0.352880 0.337569 -0.872653
vn 0.157729 0.159933 -0.974445
vn 0.459050 0.165787 -0.872805
vn 0.226076 0.110220 -0.967854
vn 0.451866 -0.026857 -0.891682
vn 0.193322 0.037877 -0.980404
vn 0.987379 -0.158319 0.004110
vn 0.868513 -0.495349 -0.017747
vn 0.419682 -0.099491 -0.902202
vn 0.176213 0.005036 -0.984339
vn 0.867683 -0.162684 0.469746
vn 0.613033 -0.088315 0.785106
vn 0.493310 -0.347929 0.797239
vn 0.741121 -0.484820 0.464424
vn 0.855638 -0.517203 -0.019607
vn 0.762115 -0.449452 0.466019
vn 0.542476 -0.715891 0.439568
vn 0.618456 -0.785231 -0.030411
vn 0.506701 -0.325533 0.798299
vn 0.339048 -0.554442 0.760026
vn 0.175264 -0.712164 0.679783
vn 0.222921 -0.881934 0.415330
vn 0.251314 -0.967287 -0.034595
vn 0.126949 -0.078602 -0.988790
vn 0.332618 -0.246946 -0.910155
vn 0.284511 -0.310848 -0.906878
vn 0.106447 -0.109663 -0.988253
vn 0.119088 -0.411260 -0.903705
vn 0.058673 -0.174058 -0.982986
vn -0.082242 -0.401390 -0.912207
vn -0.017607 -0.137892 -0.990291
vn -0.176524 -0.983442 -0.040992
vn -0.506722 -0.861329 -0.036673
vn -0.226744 -0.337781 -0.913505
vn -0.090585 -0.101691 -0.990683
vn -0.153741 -0.889696 0.429890
vn -0.058021 -0.649204 0.758399
vn -0.292977 -0.541126 0.788256
vn -0.441823 -0.776685 0.448947
vn -0.681281 -0.579873 0.446771
vn -0.774085 -0.632709 -0.021720
vn -0.502804 -0.387967 0.772444
vn -0.352557 -0.242830 -0.903735
vn -0.157673 -0.055713 -0.985918
vn -0.342986 -0.146974 0.927771
vn -0.133785 -0.278531 0.951064
vn 0.011677 -0.033247 0.999379
vn -0.206633 0.092589 0.974028
vn 0.081705 -0.396357 0.914454
vn 0.226577 -0.161698 0.960477
vn -0.011680 -0.072911 0.997270
vn 0.206697 -0.195361 0.958703
vn 0.342877 0.047740 0.938166
vn 0.133687 0.175932 0.975282
vn -0.226447 0.058838 0.972245
vn -0.081616 0.296763 0.951457
vn 0.022158 -0.040712 -0.998925
vn -0.035029 -0.006575 -0.999365
vn -0.015483 0.026734 -0.999523
vn 0.038553 -0.009609 -0.999210
vn -0.092625 0.026650 -0.995344
vn -0.073475 0.056140 -0.995716
vn 0.015492 0.079353 -0.996726
vn -0.038565 0.115475 -0.992561
vn -0.022165 0.146396 -0.988978
vn 0.035039 0.112472 -0.993037
vn 0.073477 0.049711 -0.996057
vn 0.092633 0.078996 -0.992562
vn -0.688426 0.372366 0.622425
vn -0.760467 0.421333 0.494134
vn -0.894447 -0.326232 0.305840
vn -0.897988 -0.280606 0.338936
vn -0.498195 0.249088 0.830516
vn -0.696173 -0.412501 0.587525
vn -0.207700 0.070424 0.975654
vn -0.459738 -0.477194 0.748951
vn 0.000002 -0.053070 0.998591
vn -0.296531 -0.546834 0.782970
vn 0.207795 -0.173501 0.962662
vn -0.158040 -0.654529 0.739334
vn 0.498619 -0.335994 0.799054
vn 0.006017 -0.825049 0.565029
vn 0.164724 -0.948195 0.271649
vn 0.761026 -0.471634 0.445423
vn 0.208205 -0.929784 0.303565
vn 0.689243 -0.436228 0.578489
vn 0.861971 -0.505666 -0.036164
vn 0.392184 -0.182946 -0.901511
vn 0.154317 -0.038369 -0.987276
vn 0.055328 0.020502 -0.998258
vn -0.000000 0.053063 -0.998591
vn -0.055343 0.085409 -0.994808
vn -0.154372 0.142807 -0.977638
vn -0.392485 0.277643 -0.876852
vn -0.862152 0.506274 0.019538
vn 0.894028 0.291969 0.339806
vn 0.897930 0.241596 0.367904
vn 0.695501 0.347733 0.628776
vn 0.459148 0.394701 0.795861
vn 0.296107 0.460074 0.837050
vn 0.157791 0.571378 0.805375
vn -0.005888 0.758933 0.651142
vn -0.164457 0.912774 0.373895
vn -0.208602 0.890977 0.403293
s 1
g leg_up_left leg_screw_front_left pivot
usemtl head_plateSG
f 743/820/743 810/821/744 766/822/745 817/823/746
f 810/824/744 756/825/747 790/826/748 766/827/745
f 766/827/745 790/826/748 865/828/749 850/829/750
f 817/823/746 766/822/745 850/830/750 851/831/751
f 756/825/747 811/832/752 767/833/753 790/826/748
f 811/832/752 744/834/754 812/835/755 767/833/753
f 767/833/753 812/835/755 863/836/756 864/837/757
f 790/826/748 767/833/753 864/837/757 865/828/749
f 834/838/758 835/839/759 768/840/760 791/841/761
f 835/839/759 836/842/762 813/843/763 768/840/760
f 768/840/760 813/843/763 746/844/764 814/845/765
f 791/841/761 768/840/760 814/845/765 757/846/766
f 848/847/767 849/848/768 769/849/769 816/850/770
f 849/851/768 834/838/758 791/841/761 769/852/769
f 769/852/769 791/841/761 757/846/766 815/853/771
f 816/850/770 769/849/769 815/854/771 745/855/772
f 745/855/772 815/854/771 770/856/773 823/857/774
f 815/853/771 757/846/766 793/858/775 770/859/773
f 770/859/773 793/858/775 762/860/776 796/861/777
f 823/857/774 770/856/773 796/862/777 751/863/778
f 757/846/766 814/845/765 771/864/779 793/858/775
f 814/845/765 746/844/764 818/865/780 771/864/779
f 771/864/779 818/865/780 759/866/781 794/867/782
f 793/858/775 771/864/779 794/867/782 762/860/776
f 762/860/776 794/867/782 772/868/783 795/869/784
f 794/867/782 759/866/781 819/870/785 772/868/783
f 772/868/783 819/870/785 748/871/786 820/872/787
f 795/869/784 772/868/783 820/872/787 760/873/788
f 751/863/778 796/862/777 773/874/789 822/875/790
f 796/861/777 762/860/776 795/869/784 773/876/789
f 773/876/789 795/869/784 760/873/788 821/877/791
f 822/875/790 773/874/789 821/878/791 747/879/792
f 747/879/792 821/878/791 774/880/793 829/881/794
f 821/877/791 760/873/788 797/882/795 774/883/793
f 774/883/793 797/882/795 842/884/796 843/885/797
f 829/881/794 774/880/793 843/886/797 844/887/798
f 760/873/788 820/872/787 775/888/799 797/882/795
f 820/872/787 748/871/786 824/889/800 775/888/799
f 775/888/799 824/889/800 840/890/801 841/891/802
f 797/882/795 775/888/799 841/891/802 842/884/796
f 857/892/803 858/893/804 776/894/805 798/895/806
f 858/893/804 859/896/807 825/897/808 776/894/805
f 776/894/805 825/897/808 750/898/809 826/899/810
f 798/895/806 776/894/805 826/899/810 752/900/811
f 855/901/812 856/902/813 777/903/814 828/904/815
f 856/905/813 857/892/803 798/895/806 777/906/814
f 777/906/814 798/895/806 752/900/811 827/907/816
f 828/904/815 777/903/814 827/908/816 749/909/817
f 749/909/817 827/908/816 778/910/818 833/911/819
f 827/907/816 752/900/811 800/912/820 778/913/818
f 778/913/818 800/912/820 764/914/821 803/915/822
f 833/911/819 778/910/818 803/916/822 755/917/823
f 752/900/811 826/899/810 779/918/824 800/912/820
f 826/899/810 750/898/809 830/919/825 779/918/824
f 779/918/824 830/919/825 754/920/826 801/921/827
f 800/912/820 779/918/824 801/921/827 764/914/821
f 764/914/821 801/921/827 780/922/828 802/923/829
f 801/921/827 754/920/826 831/924/830 780/922/828
f 780/922/828 831/924/830 744/834/754 811/832/752
f 802/923/829 780/922/828 811/832/752 756/825/747
f 755/917/823 803/916/822 781/925/831 832/926/832
f 803/915/822 764/914/821 802/923/829 781/927/831
f 781/927/831 802/923/829 756/825/747 810/824/744
f 832/926/832 781/925/831 810/821/744 743/820/743
f 744/834/754 831/924/830 782/928/833 812/835/755
f 831/924/830 754/920/826 804/929/834 782/928/833
f 782/928/833 804/929/834 861/930/835 862/931/836
f 812/835/755 782/928/833 862/931/836 863/836/756
f 754/920/826 830/919/825 783/932/837 804/929/834
f 830/919/825 750/898/809 825/897/808 783/932/837
f 783/932/837 825/897/808 859/896/807 860/933/838
f 804/929/834 783/932/837 860/933/838 861/930/835
f 838/934/839 839/935/840 784/936/841 805/937/842
f 839/935/840 840/890/801 824/889/800 784/936/841
f 784/936/841 824/889/800 748/871/786 819/870/785
f 805/937/842 784/936/841 819/870/785 759/866/781
f 836/842/762 837/938/843 785/939/844 813/843/763
f 837/938/843 838/934/839 805/937/842 785/939/844
f 785/939/844 805/937/842 759/866/781 818/865/780
f 813/843/763 785/939/844 818/865/780 746/844/764
f 749/909/817 833/911/819 786/940/845 828/904/815
f 833/911/819 755/917/823 806/941/846 786/940/845
f 786/940/845 806/941/846 853/942/847 854/943/848
f 828/904/815 786/940/845 854/943/848 855/901/812
f 755/917/823 832/926/832 787/944/849 806/941/846
f 832/926/832 743/820/743 817/823/746 787/944/849
f 787/944/849 817/823/746 851/831/751 852/945/850
f 806/941/846 787/944/849 852/945/850 853/942/847
f 846/946/851 847/947/852 788/948/853 808/949/854
f 847/947/852 848/847/767 816/850/770 788/948/853
f 788/948/853 816/850/770 745/855/772 823/857/774
f 808/949/854 788/948/853 823/857/774 751/863/778
f 844/887/798 845/950/855 789/951/856 829/881/794
f 845/950/855 846/946/851 808/949/854 789/951/856
f 789/951/856 808/949/854 751/863/778 822/875/790
f 829/881/794 789/951/856 822/875/790 747/879/792
f 867/952/857 866/953/858 868/954/859 869/955/860
f 866/953/858 870/956/861 871/957/862 868/954/859
f 870/956/861 872/958/863 873/959/864 871/957/862
f 872/958/863 874/960/865 875/961/866 873/959/864
f 874/960/865 876/962/867 877/963/868 875/961/866
f 876/962/867 878/964/869 879/965/870 877/963/868
f 880/966/871 879/965/870 878/964/869 881/967/872
f 882/968/873 880/966/871 881/967/872 883/969/874
f 843/885/797 842/884/796 763/970/875 799/971/876
f 844/887/798 843/886/797 799/972/876 753/973/877
f 753/973/877 809/974/878 845/950/855 844/887/798
f 809/974/878 765/975/879 846/946/851 845/950/855
f 765/975/879 807/976/880 847/947/852 846/946/851
f 807/976/880 758/977/881 848/847/767 847/947/852
f 758/977/881 792/978/882 849/848/768 848/847/767
f 792/979/882 761/980/883 834/838/758 849/851/768
f 851/831/751 850/830/750 792/978/882 758/977/881
f 852/945/850 851/831/751 758/977/881 807/976/880
f 853/942/847 852/945/850 807/976/880 765/975/879
f 854/943/848 853/942/847 765/975/879 809/974/878
f 855/901/812 854/943/848 809/974/878 753/973/877
f 753/973/877 799/972/876 856/902/813 855/901/812
f 799/971/876 763/970/875 857/892/803 856/905/813
f 883/969/874 881/967/872 884/981/884 885/982/885
f 881/967/872 878/964/869 886/983/886 884/981/884
f 887/984/887 886/983/886 878/964/869 876/962/867
f 888/985/888 887/984/887 876/962/867 874/960/865
f 889/986/889 888/985/888 874/960/865 872/958/863
f 890/987/890 889/986/889 872/958/863 870/956/861
f 891/988/891 890/987/890 870/956/861 866/953/858
f 892/989/892 891/988/891 866/953/858 867/952/857
f 850/829/750 865/828/749 761/980/883 792/979/882
f 835/839/759 834/838/758 869/955/860 868/954/859
f 834/838/758 761/980/883 867/952/857 869/955/860
f 836/842/762 835/839/759 868/954/859 871/957/862
f 837/938/843 836/842/762 871/957/862 873/959/864
f 838/934/839 837/938/843 873/959/864 875/961/866
f 839/935/840 838/934/839 875/961/866 877/963/868
f 840/890/801 839/935/840 877/963/868 879/965/870
f 841/891/802 840/890/801 879/965/870 880/966/871
f 842/884/796 841/891/802 880/966/871 882/968/873
f 763/970/875 842/884/796 882/968/873 883/969/874
f 858/893/804 857/892/803 885/982/885 884/981/884
f 857/892/803 763/970/875 883/969/874 885/982/885
f 859/896/807 858/893/804 884/981/884 886/983/886
f 860/933/838 859/896/807 886/983/886 887/984/887
f 861/930/835 860/933/838 887/984/887 888/985/888
f 862/931/836 861/930/835 888/985/888 889/986/889
f 863/836/756 862/931/836 889/986/889 890/987/890
f 864/837/757 863/836/756 890/987/890 891/988/891
f 865/828/749 864/837/757 891/988/891 892/989/892
f 761/980/883 865/828/749 892/989/892 867/952/857
g default
v -0.010099 0.038614 -0.020759
v -0.010099 0.039854 -0.038487
v -0.038397 -0.009463 -0.022769
v -0.038397 -0.008223 -0.040497
v 0.009751 -0.037720 -0.023950
v 0.009751 -0.036480 -0.041678
v 0.038049 0.010357 -0.021940
v 0.038049 0.011597 -0.039668
v -0.018045 -0.029985 -0.022618
v 0.048104 0.013231 -0.025653
v 0.030233 -0.017468 -0.022095
v 0.017697 0.032330 -0.042826
v 0.017697 0.030739 -0.020080
v -0.012709 0.048922 -0.024161
v -0.048452 -0.011803 -0.026699
v -0.030581 0.018222 -0.020603
v -0.018045 -0.028394 -0.045365
v 0.012362 -0.047493 -0.028191
v -0.041701 0.025086 -0.025158
v -0.024581 -0.040752 -0.027910
v 0.041353 -0.023657 -0.027195
v 0.024233 0.042181 -0.024443
v -0.000174 0.000253 -0.019584
v -0.027216 0.037142 -0.022197
v -0.027216 0.037903 -0.033076
v -0.045353 0.007090 -0.034364
v -0.045353 0.006330 -0.023485
v -0.036827 -0.026459 -0.024856
v -0.036827 -0.025699 -0.035734
v -0.005969 -0.043809 -0.036491
v -0.005969 -0.044570 -0.025613
v 0.026868 -0.036056 -0.025257
v 0.026868 -0.035295 -0.036136
v 0.045005 -0.004482 -0.034847
v 0.045005 -0.005243 -0.023969
v 0.036479 0.027546 -0.022598
v 0.036479 0.028307 -0.033477
v 0.005621 0.046417 -0.032720
v 0.005621 0.045656 -0.021841
v -0.006535 0.026682 -0.046687
v 0.024323 0.008572 -0.047444
v 0.006187 -0.022241 -0.048732
v -0.024672 -0.004131 -0.047975
v 0.024323 0.006665 -0.020178
v -0.006535 0.024775 -0.019421
v -0.024672 -0.006038 -0.020709
v 0.006187 -0.024148 -0.021466
v -0.029167 0.040002 -0.024534
v -0.048654 0.006895 -0.025918
v -0.038911 0.023265 -0.022594
v -0.039519 -0.028236 -0.027387
v -0.022941 -0.037325 -0.036950
v -0.006363 -0.047695 -0.028200
v -0.022941 -0.038150 -0.025161
v 0.028819 -0.038573 -0.027818
v 0.048306 -0.005466 -0.026435
v 0.038563 -0.022204 -0.024495
v 0.039171 0.029665 -0.024966
v 0.022593 0.040035 -0.033716
v 0.006015 0.049124 -0.024152
v 0.022593 0.039211 -0.021927
v 0.009570 0.018891 -0.048682
v -0.009918 -0.014217 -0.050066
v 0.009570 0.016838 -0.019334
v -0.016752 0.010014 -0.019620
v -0.009918 -0.016269 -0.020719
v 0.016404 -0.009445 -0.020433
v -0.011846 0.045445 -0.022033
v -0.011846 0.046142 -0.032001
v -0.020095 0.032751 -0.041479
v -0.036881 0.004233 -0.042671
v -0.045129 -0.010403 -0.034364
v -0.045129 -0.011100 -0.024396
v -0.036881 0.002758 -0.021583
v -0.020095 0.031276 -0.020391
v -0.031095 -0.018017 -0.043601
v -0.002535 -0.034778 -0.044302
v 0.011498 -0.043637 -0.035754
v 0.011498 -0.044334 -0.025786
v -0.002535 -0.036253 -0.023214
v -0.031095 -0.019492 -0.022513
v 0.019747 -0.029001 -0.044060
v 0.036533 -0.000483 -0.042868
v 0.044781 0.012909 -0.033390
v 0.044781 0.012211 -0.023422
v 0.036533 -0.001958 -0.021780
v 0.019747 -0.030476 -0.022972
v 0.030747 0.021767 -0.041938
v 0.002188 0.038528 -0.041237
v 0.002188 0.037053 -0.020149
v 0.030747 0.020292 -0.020850
v -0.042901 0.021944 -0.025289
v -0.040023 0.021153 -0.034380
v -0.031669 0.017123 -0.043232
v -0.018119 0.009269 -0.048796
v -0.001857 -0.000420 -0.050956
v 0.014639 -0.009957 -0.049599
v 0.028422 -0.018144 -0.044706
v 0.036543 -0.023782 -0.036258
v 0.039188 -0.026233 -0.027303
v 0.036543 -0.024596 -0.024626
v 0.028422 -0.019715 -0.022246
v 0.014639 -0.011984 -0.020611
v -0.001857 -0.002600 -0.019780
v -0.018119 0.007242 -0.019808
v -0.031669 0.015552 -0.020772
v -0.040023 0.020340 -0.022748
v -0.036891 0.025661 -0.022525
v -0.028770 0.020477 -0.020566
v -0.014987 0.012563 -0.019585
v 0.001508 0.003117 -0.019541
v 0.017771 -0.006663 -0.020389
v 0.031320 -0.014790 -0.022040
v 0.039675 -0.019275 -0.024404
v 0.042554 -0.020516 -0.027064
v 0.039675 -0.018461 -0.036036
v 0.031320 -0.013219 -0.044501
v 0.017771 -0.004636 -0.049377
v 0.001508 0.005298 -0.050717
v -0.014987 0.014590 -0.048573
v -0.028770 0.022047 -0.043027
v -0.036891 0.026475 -0.034157
v -0.039536 0.027662 -0.025050
v -0.036014 0.022339 -0.033745
v -0.038697 0.023297 -0.024861
v -0.036888 0.020015 -0.033740
v -0.039587 0.020685 -0.024970
v -0.028385 0.018427 -0.042012
v -0.029230 0.016387 -0.041933
v -0.015668 0.011301 -0.047150
v -0.016747 0.009089 -0.047015
v -0.000174 0.002323 -0.049174
v -0.001546 -0.000025 -0.049022
v 0.015319 -0.006885 -0.047910
v 0.013923 -0.008911 -0.047768
v 0.028037 -0.014686 -0.043396
v 0.026673 -0.016422 -0.043304
v 0.034064 -0.021626 -0.035481
v 0.035665 -0.019728 -0.035504
v 0.036496 -0.023967 -0.026836
v 0.038349 -0.021920 -0.026751
v 0.036540 -0.017419 -0.035305
v 0.039239 -0.019307 -0.026642
v 0.028882 -0.012669 -0.043147
v 0.016399 -0.004705 -0.047592
v 0.001198 0.004636 -0.048827
v -0.014271 0.013295 -0.046839
v -0.027021 0.020140 -0.041776
v -0.034412 0.024222 -0.033564
v -0.036844 0.025345 -0.024775
vt 0.092009 0.889560
vt 0.091517 0.891444
vt 0.087361 0.889187
vt 0.089335 0.887568
vt 0.020928 0.866716
vt 0.021166 0.867634
vt 0.016702 0.869709
vt 0.016102 0.868988
vt 0.013662 0.872935
vt 0.012891 0.872343
vt 0.084750 0.886071
vt 0.087015 0.884663
vt 0.021694 0.869682
vt 0.018125 0.871573
vt 0.022197 0.871772
vt 0.020151 0.873579
vt 0.018354 0.875852
vt 0.016004 0.874114
vt 0.012538 0.874776
vt 0.014656 0.876320
vt 0.013359 0.879366
vt 0.011052 0.878950
vt 0.017272 0.877620
vt 0.016067 0.880254
vt 0.015389 0.882899
vt 0.013299 0.883402
vt 0.011235 0.883865
vt 0.086238 0.883337
vt 0.083902 0.884623
vt 0.082461 0.880823
vt 0.084839 0.879892
vt 0.011658 0.874362
vt 0.010137 0.878744
vt 0.010309 0.884071
vt 0.082525 0.876093
vt 0.084408 0.876585
vt 0.084781 0.871935
vt 0.086401 0.873910
vt 0.013259 0.888343
vt 0.012522 0.888937
vt 0.017013 0.891892
vt 0.016526 0.892690
vt 0.088552 0.868783
vt 0.089914 0.871109
vt 0.015204 0.886978
vt 0.017187 0.884940
vt 0.019982 0.887033
vt 0.018388 0.889642
vt 0.022209 0.891263
vt 0.021883 0.893618
vt 0.023117 0.888569
vt 0.025752 0.889241
vt 0.026258 0.891331
vt 0.026789 0.893379
vt 0.093146 0.867036
vt 0.094076 0.869414
vt 0.021691 0.894544
vt 0.027028 0.894297
vt 0.097876 0.867101
vt 0.097383 0.868984
vt 0.102032 0.869358
vt 0.100058 0.870977
vt 0.031244 0.891304
vt 0.031845 0.892025
vt 0.034278 0.888085
vt 0.035049 0.888678
vt 0.104642 0.872474
vt 0.102378 0.873883
vt 0.029821 0.889440
vt 0.027796 0.887434
vt 0.029591 0.885163
vt 0.031939 0.886902
vt 0.035404 0.886248
vt 0.033288 0.884700
vt 0.034587 0.881659
vt 0.036894 0.882082
vt 0.030673 0.883396
vt 0.031880 0.880765
vt 0.032561 0.878124
vt 0.034653 0.877625
vt 0.036719 0.877169
vt 0.103154 0.875208
vt 0.105491 0.873922
vt 0.106932 0.877722
vt 0.104554 0.878652
vt 0.036282 0.886665
vt 0.037809 0.882290
vt 0.037645 0.876966
vt 0.106868 0.882451
vt 0.104984 0.881960
vt 0.104611 0.886610
vt 0.102992 0.884635
vt 0.034702 0.872688
vt 0.035440 0.872096
vt 0.030950 0.869132
vt 0.031439 0.868336
vt 0.100841 0.889762
vt 0.099479 0.887436
vt 0.032752 0.874048
vt 0.030765 0.876080
vt 0.027971 0.873984
vt 0.029570 0.871379
vt 0.025747 0.869753
vt 0.026078 0.867400
vt 0.024835 0.872445
vt 0.096247 0.891509
vt 0.095317 0.889131
vt 0.026273 0.866474
vt 0.022989 0.875189
vt 0.026178 0.876908
vt 0.024513 0.879624
vt 0.021237 0.877649
vt 0.029157 0.878968
vt 0.027761 0.881646
vt 0.023433 0.881388
vt 0.026709 0.883364
vt 0.024958 0.885824
vt 0.021771 0.884107
vt 0.020185 0.879368
vt 0.018791 0.882048
vt 0.101254 0.880986
vt 0.097297 0.883713
vt 0.095145 0.880039
vt 0.099503 0.877416
vt 0.092983 0.885831
vt 0.090726 0.882557
vt 0.094247 0.878506
vt 0.089890 0.881129
vt 0.088138 0.877559
vt 0.092095 0.874832
vt 0.098666 0.875988
vt 0.096409 0.872714
vt 0.013466 0.874079
vt 0.015479 0.875309
vt 0.015192 0.875785
vt 0.013283 0.874586
vt 0.017948 0.876818
vt 0.017732 0.877224
vt 0.020793 0.878559
vt 0.020557 0.878991
vt 0.023973 0.880506
vt 0.023692 0.880965
vt 0.027153 0.882454
vt 0.026876 0.882861
vt 0.029997 0.884197
vt 0.029734 0.884573
vt 0.032171 0.886182
vt 0.032464 0.885709
vt 0.034108 0.887336
vt 0.034475 0.886942
vt 0.034930 0.887221
vt 0.035717 0.887704
vt 0.105181 0.873130
vt 0.102858 0.874491
vt 0.099136 0.876672
vt 0.094696 0.879272
vt 0.090256 0.881873
vt 0.086534 0.884054
vt 0.084211 0.885415
vt 0.012222 0.873321
vt 0.013011 0.873801
vt 0.032752 0.885233
vt 0.034659 0.886436
vt 0.030213 0.883792
vt 0.027389 0.882022
vt 0.024254 0.880048
vt 0.021071 0.878152
vt 0.018211 0.876441
vt 0.015773 0.874835
vt 0.013834 0.873684
vn -0.046459 0.137781 0.989373
vn -0.097439 0.336245 0.936720
vn -0.232607 0.253845 0.938859
vn -0.084152 0.086722 0.992672
vn -0.251844 0.966821 0.042788
vn -0.618844 0.784597 0.037939
vn -0.851768 0.523013 0.030808
vn -0.270550 0.200859 0.941519
vn -0.100282 0.062090 0.993020
vn -0.211764 0.838839 -0.501503
vn -0.513969 0.676835 -0.527001
vn -0.153906 0.626190 -0.764329
vn -0.291481 0.477267 -0.829009
vn -0.434769 0.277403 -0.856752
vn -0.717405 0.426887 -0.550544
vn -0.873659 0.486268 0.016232
vn -0.698455 0.453097 -0.553954
vn -0.815044 0.154364 -0.558459
vn -0.987745 0.155934 -0.006653
vn -0.419816 0.298114 -0.857253
vn -0.523334 0.075545 -0.848772
vn -0.584289 -0.117769 -0.802955
vn -0.804835 -0.184645 -0.564046
vn -0.966799 -0.252259 -0.040811
vn -0.139576 -0.003929 0.990203
vn -0.343626 0.081674 0.935548
vn -0.371089 0.021992 0.928337
vn -0.153278 -0.030080 0.987725
vn -0.379371 -0.137347 0.914994
vn -0.179940 -0.087811 0.979750
vn -0.291666 -0.279419 0.914798
vn -0.125349 -0.127083 0.983940
vn -0.772819 -0.631739 -0.060464
vn -0.505322 -0.859800 -0.073449
vn -0.187800 -0.358480 0.914452
vn -0.072038 -0.163917 0.983840
vn -0.632719 -0.492092 -0.597923
vn -0.424936 -0.256099 -0.868241
vn -0.245739 -0.381030 -0.891307
vn -0.408635 -0.670117 -0.619646
vn -0.143191 -0.775816 -0.614496
vn -0.175361 -0.980874 -0.084469
vn -0.048541 -0.474804 -0.878752
vn 0.150370 -0.544944 -0.824879
vn 0.207188 -0.773020 -0.599594
vn 0.250277 -0.964023 -0.089566
vn -0.068406 -0.411588 0.908799
vn -0.013972 -0.192729 0.981152
vn 0.099105 -0.420421 0.901901
vn 0.046865 -0.221546 0.974023
vn 0.235820 -0.335816 0.911930
vn 0.084682 -0.170189 0.981766
vn 0.616338 -0.784268 -0.071077
vn 0.848150 -0.527034 -0.053647
vn 0.275160 -0.282626 0.918918
vn 0.101020 -0.145474 0.984191
vn 0.504286 -0.616249 -0.604924
vn 0.286081 -0.397074 -0.872061
vn 0.428047 -0.199653 -0.881428
vn 0.706010 -0.371022 -0.603235
vn 0.872949 -0.486285 -0.038567
vn 0.691936 -0.400984 -0.600363
vn 0.811710 -0.105274 -0.574495
vn 0.986988 -0.158558 -0.026711
vn 0.416779 -0.223073 -0.881211
vn 0.522095 -0.003409 -0.852881
vn 0.587822 0.186368 -0.787231
vn 0.809423 0.234053 -0.538567
vn 0.968372 0.249428 -0.006426
vn 0.139699 -0.078732 0.987059
vn 0.344309 -0.159615 0.925189
vn 0.372254 -0.100227 0.922703
vn 0.153396 -0.052563 0.986766
vn 0.377709 0.059150 0.924033
vn 0.179520 0.005498 0.983739
vn 0.288252 0.198492 0.936756
vn 0.124765 0.044031 0.991209
vn 0.775295 0.631042 0.026518
vn 0.507330 0.860565 0.045210
vn 0.184976 0.275483 0.943341
vn 0.071577 0.080348 0.994194
vn 0.642730 0.548993 -0.534326
vn 0.430753 0.332430 -0.839013
vn 0.250568 0.462921 -0.850247
vn 0.417666 0.734243 -0.535203
vn 0.146813 0.843418 -0.516810
vn 0.176243 0.983037 0.050759
vn 0.049640 0.558559 -0.827978
vn 0.067172 0.327278 0.942537
vn 0.013888 0.108939 0.993951
vn -0.066770 0.323125 -0.943998
vn 0.107611 0.224101 -0.968607
vn -0.009958 0.025063 -0.999636
vn -0.182947 0.128948 -0.974630
vn 0.278334 0.119141 -0.953067
vn 0.164706 -0.075352 -0.983460
vn 0.009987 0.058877 -0.998215
vn 0.181576 -0.045833 -0.982308
vn 0.065756 -0.238708 -0.968863
vn -0.106607 -0.140257 -0.984359
vn -0.165267 0.157915 -0.973524
vn -0.277205 -0.038455 -0.960041
vn 0.073012 -0.021007 0.997110
vn 0.027574 0.005172 0.999606
vn 0.012190 -0.021024 0.999705
vn 0.057893 -0.044217 0.997343
vn -0.017444 0.032051 0.999334
vn -0.030332 0.007562 0.999511
vn -0.012203 -0.062516 0.997969
vn -0.057904 -0.039167 0.997554
vn -0.073092 -0.062331 0.995376
vn -0.027639 -0.088729 0.995672
vn 0.030440 -0.091124 0.995374
vn 0.017516 -0.115667 0.993134
vn -0.627095 0.394568 -0.671617
vn -0.720037 0.446530 -0.531186
vn -0.155778 0.927896 -0.338736
vn -0.179250 0.914636 -0.362369
vn -0.424922 0.286416 -0.858724
vn -0.005039 0.747324 -0.664441
vn -0.166522 0.138987 -0.976193
vn 0.136397 0.561910 -0.815876
vn -0.000008 0.041915 -0.999121
vn 0.250446 0.462088 -0.850736
vn 0.165622 -0.056153 -0.984589
vn 0.392856 0.408821 -0.823729
vn 0.420058 -0.209928 -0.882883
vn 0.625540 0.371131 -0.686266
vn 0.867471 0.321236 -0.379871
vn 0.711250 -0.393787 -0.582285
vn 0.866321 0.299897 -0.399438
vn 0.615319 -0.334899 -0.713600
vn 0.862964 -0.503941 -0.036558
vn 0.324224 -0.229467 0.917727
vn 0.122577 -0.113392 0.985960
vn 0.043628 -0.067345 0.996775
vn -0.000008 -0.041785 0.999127
vn -0.043576 -0.016155 0.998919
vn -0.122104 0.030329 0.992054
vn -0.321332 0.149772 0.935048
vn -0.860904 0.507707 0.032822
vn 0.150858 -0.875107 -0.459815
vn 0.184715 -0.859063 -0.477380
vn 0.003313 -0.668144 -0.744024
vn -0.133458 -0.479142 -0.867532
vn -0.245674 -0.381639 -0.891065
vn -0.385895 -0.333319 -0.860223
vn -0.616311 -0.310340 -0.723775
vn -0.860037 -0.288603 -0.420766
vn -0.863576 -0.245065 -0.440657
s 1
g leg_up_left pivot leg_screw_back_left
usemtl head_plateSG
f 893/990/893 960/991/894 916/992/895 967/993/896
f 960/994/894 906/995/897 940/996/898 916/997/895
f 916/997/895 940/996/898 1015/998/899 1000/999/900
f 967/993/896 916/992/895 1000/1000/900 1001/1001/901
f 906/995/897 961/1002/902 917/1003/903 940/996/898
f 961/1002/902 894/1004/904 962/1005/905 917/1003/903
f 917/1003/903 962/1005/905 1013/1006/906 1014/1007/907
f 940/996/898 917/1003/903 1014/1007/907 1015/998/899
f 984/1008/908 985/1009/909 918/1010/910 941/1011/911
f 985/1009/909 986/1012/912 963/1013/913 918/1010/910
f 918/1010/910 963/1013/913 896/1014/914 964/1015/915
f 941/1011/911 918/1010/910 964/1015/915 907/1016/916
f 998/1017/917 999/1018/918 919/1019/919 966/1020/920
f 999/1021/918 984/1008/908 941/1011/911 919/1022/919
f 919/1022/919 941/1011/911 907/1016/916 965/1023/921
f 966/1020/920 919/1019/919 965/1024/921 895/1025/922
f 895/1025/922 965/1024/921 920/1026/923 973/1027/924
f 965/1023/921 907/1016/916 943/1028/925 920/1029/923
f 920/1029/923 943/1028/925 912/1030/926 946/1031/927
f 973/1027/924 920/1026/923 946/1032/927 901/1033/928
f 907/1016/916 964/1015/915 921/1034/929 943/1028/925
f 964/1015/915 896/1014/914 968/1035/930 921/1034/929
f 921/1034/929 968/1035/930 909/1036/931 944/1037/932
f 943/1028/925 921/1034/929 944/1037/932 912/1030/926
f 912/1030/926 944/1037/932 922/1038/933 945/1039/934
f 944/1037/932 909/1036/931 969/1040/935 922/1038/933
f 922/1038/933 969/1040/935 898/1041/936 970/1042/937
f 945/1039/934 922/1038/933 970/1042/937 910/1043/938
f 901/1033/928 946/1032/927 923/1044/939 972/1045/940
f 946/1031/927 912/1030/926 945/1039/934 923/1046/939
f 923/1046/939 945/1039/934 910/1043/938 971/1047/941
f 972/1045/940 923/1044/939 971/1048/941 897/1049/942
f 897/1049/942 971/1048/941 924/1050/943 979/1051/944
f 971/1047/941 910/1043/938 947/1052/945 924/1053/943
f 924/1053/943 947/1052/945 992/1054/946 993/1055/947
f 979/1051/944 924/1050/943 993/1056/947 994/1057/948
f 910/1043/938 970/1042/937 925/1058/949 947/1052/945
f 970/1042/937 898/1041/936 974/1059/950 925/1058/949
f 925/1058/949 974/1059/950 990/1060/951 991/1061/952
f 947/1052/945 925/1058/949 991/1061/952 992/1054/946
f 1007/1062/953 1008/1063/954 926/1064/955 948/1065/956
f 1008/1063/954 1009/1066/957 975/1067/958 926/1064/955
f 926/1064/955 975/1067/958 900/1068/959 976/1069/960
f 948/1065/956 926/1064/955 976/1069/960 902/1070/961
f 1005/1071/962 1006/1072/963 927/1073/964 978/1074/965
f 1006/1075/963 1007/1062/953 948/1065/956 927/1076/964
f 927/1076/964 948/1065/956 902/1070/961 977/1077/966
f 978/1074/965 927/1073/964 977/1078/966 899/1079/967
f 899/1079/967 977/1078/966 928/1080/968 983/1081/969
f 977/1077/966 902/1070/961 950/1082/970 928/1083/968
f 928/1083/968 950/1082/970 914/1084/971 953/1085/972
f 983/1081/969 928/1080/968 953/1086/972 905/1087/973
f 902/1070/961 976/1069/960 929/1088/974 950/1082/970
f 976/1069/960 900/1068/959 980/1089/975 929/1088/974
f 929/1088/974 980/1089/975 904/1090/976 951/1091/977
f 950/1082/970 929/1088/974 951/1091/977 914/1084/971
f 914/1084/971 951/1091/977 930/1092/978 952/1093/979
f 951/1091/977 904/1090/976 981/1094/980 930/1092/978
f 930/1092/978 981/1094/980 894/1004/904 961/1002/902
f 952/1093/979 930/1092/978 961/1002/902 906/995/897
f 905/1087/973 953/1086/972 931/1095/981 982/1096/982
f 953/1085/972 914/1084/971 952/1093/979 931/1097/981
f 931/1097/981 952/1093/979 906/995/897 960/994/894
f 982/1096/982 931/1095/981 960/991/894 893/990/893
f 894/1004/904 981/1094/980 932/1098/983 962/1005/905
f 981/1094/980 904/1090/976 954/1099/984 932/1098/983
f 932/1098/983 954/1099/984 1011/1100/985 1012/1101/986
f 962/1005/905 932/1098/983 1012/1101/986 1013/1006/906
f 904/1090/976 980/1089/975 933/1102/987 954/1099/984
f 980/1089/975 900/1068/959 975/1067/958 933/1102/987
f 933/1102/987 975/1067/958 1009/1066/957 1010/1103/988
f 954/1099/984 933/1102/987 1010/1103/988 1011/1100/985
f 988/1104/989 989/1105/990 934/1106/991 955/1107/992
f 989/1105/990 990/1060/951 974/1059/950 934/1106/991
f 934/1106/991 974/1059/950 898/1041/936 969/1040/935
f 955/1107/992 934/1106/991 969/1040/935 909/1036/931
f 986/1012/912 987/1108/993 935/1109/994 963/1013/913
f 987/1108/993 988/1104/989 955/1107/992 935/1109/994
f 935/1109/994 955/1107/992 909/1036/931 968/1035/930
f 963/1013/913 935/1109/994 968/1035/930 896/1014/914
f 899/1079/967 983/1081/969 936/1110/995 978/1074/965
f 983/1081/969 905/1087/973 956/1111/996 936/1110/995
f 936/1110/995 956/1111/996 1003/1112/997 1004/1113/998
f 978/1074/965 936/1110/995 1004/1113/998 1005/1071/962
f 905/1087/973 982/1096/982 937/1114/999 956/1111/996
f 982/1096/982 893/990/893 967/993/896 937/1114/999
f 937/1114/999 967/993/896 1001/1001/901 1002/1115/1000
f 956/1111/996 937/1114/999 1002/1115/1000 1003/1112/997
f 996/1116/1001 997/1117/1002 938/1118/1003 958/1119/1004
f 997/1117/1002 998/1017/917 966/1020/920 938/1118/1003
f 938/1118/1003 966/1020/920 895/1025/922 973/1027/924
f 958/1119/1004 938/1118/1003 973/1027/924 901/1033/928
f 994/1057/948 995/1120/1005 939/1121/1006 979/1051/944
f 995/1120/1005 996/1116/1001 958/1119/1004 939/1121/1006
f 939/1121/1006 958/1119/1004 901/1033/928 972/1045/940
f 979/1051/944 939/1121/1006 972/1045/940 897/1049/942
f 1017/1122/1007 1016/1123/1008 1018/1124/1009 1019/1125/1010
f 1016/1123/1008 1020/1126/1011 1021/1127/1012 1018/1124/1009
f 1020/1126/1011 1022/1128/1013 1023/1129/1014 1021/1127/1012
f 1022/1128/1013 1024/1130/1015 1025/1131/1016 1023/1129/1014
f 1024/1130/1015 1026/1132/1017 1027/1133/1018 1025/1131/1016
f 1026/1132/1017 1028/1134/1019 1029/1135/1020 1027/1133/1018
f 1030/1136/1021 1029/1135/1020 1028/1134/1019 1031/1137/1022
f 1032/1138/1023 1030/1136/1021 1031/1137/1022 1033/1139/1024
f 993/1055/947 992/1054/946 913/1140/1025 949/1141/1026
f 994/1057/948 993/1056/947 949/1142/1026 903/1143/1027
f 903/1143/1027 959/1144/1028 995/1120/1005 994/1057/948
f 959/1144/1028 915/1145/1029 996/1116/1001 995/1120/1005
f 915/1145/1029 957/1146/1030 997/1117/1002 996/1116/1001
f 957/1146/1030 908/1147/1031 998/1017/917 997/1117/1002
f 908/1147/1031 942/1148/1032 999/1018/918 998/1017/917
f 942/1149/1032 911/1150/1033 984/1008/908 999/1021/918
f 1001/1001/901 1000/1000/900 942/1148/1032 908/1147/1031
f 1002/1115/1000 1001/1001/901 908/1147/1031 957/1146/1030
f 1003/1112/997 1002/1115/1000 957/1146/1030 915/1145/1029
f 1004/1113/998 1003/1112/997 915/1145/1029 959/1144/1028
f 1005/1071/962 1004/1113/998 959/1144/1028 903/1143/1027
f 903/1143/1027 949/1142/1026 1006/1072/963 1005/1071/962
f 949/1141/1026 913/1140/1025 1007/1062/953 1006/1075/963
f 1033/1139/1024 1031/1137/1022 1034/1151/1034 1035/1152/1035
f 1031/1137/1022 1028/1134/1019 1036/1153/1036 1034/1151/1034
f 1037/1154/1037 1036/1153/1036 1028/1134/1019 1026/1132/1017
f 1038/1155/1038 1037/1154/1037 1026/1132/1017 1024/1130/1015
f 1039/1156/1039 1038/1155/1038 1024/1130/1015 1022/1128/1013
f 1040/1157/1040 1039/1156/1039 1022/1128/1013 1020/1126/1011
f 1041/1158/1041 1040/1157/1040 1020/1126/1011 1016/1123/1008
f 1042/1159/1042 1041/1158/1041 1016/1123/1008 1017/1122/1007
f 1000/999/900 1015/998/899 911/1150/1033 942/1149/1032
f 985/1009/909 984/1008/908 1019/1125/1010 1018/1124/1009
f 984/1008/908 911/1150/1033 1017/1122/1007 1019/1125/1010
f 986/1012/912 985/1009/909 1018/1124/1009 1021/1127/1012
f 987/1108/993 986/1012/912 1021/1127/1012 1023/1129/1014
f 988/1104/989 987/1108/993 1023/1129/1014 1025/1131/1016
f 989/1105/990 988/1104/989 1025/1131/1016 1027/1133/1018
f 990/1060/951 989/1105/990 1027/1133/1018 1029/1135/1020
f 991/1061/952 990/1060/951 1029/1135/1020 1030/1136/1021
f 992/1054/946 991/1061/952 1030/1136/1021 1032/1138/1023
f 913/1140/1025 992/1054/946 1032/1138/1023 1033/1139/1024
f 1008/1063/954 1007/1062/953 1035/1152/1035 1034/1151/1034
f 1007/1062/953 913/1140/1025 1033/1139/1024 1035/1152/1035
f 1009/1066/957 1008/1063/954 1034/1151/1034 1036/1153/1036
f 1010/1103/988 1009/1066/957 1036/1153/1036 1037/1154/1037
f 1011/1100/985 1010/1103/988 1037/1154/1037 1038/1155/1038
f 1012/1101/986 1011/1100/985 1038/1155/1038 1039/1156/1039
f 1013/1006/906 1012/1101/986 1039/1156/1039 1040/1157/1040
f 1014/1007/907 1013/1006/906 1040/1157/1040 1041/1158/1041
f 1015/998/899 1014/1007/907 1041/1158/1041 1042/1159/1042
f 911/1150/1033 1015/998/899 1042/1159/1042 1017/1122/1007
