# This file uses centimeters as units for non-parametric coordinates.

mtllib bot.mtl
g default
v 0.000589 -0.026812 -0.019702
v -0.013538 -0.023149 -0.019507
v -0.023939 -0.012923 -0.018964
v -0.027826 0.001124 -0.018217
v -0.024158 0.015231 -0.017467
v -0.013918 0.025616 -0.016915
v 0.000151 0.029497 -0.016709
v 0.014278 0.025834 -0.016904
v 0.024678 0.015609 -0.017447
v 0.028565 0.001561 -0.018194
v 0.024897 -0.012545 -0.018944
v 0.014657 -0.022930 -0.019496
v 0.000750 -0.047333 -0.024759
v -0.023784 -0.040972 -0.024421
v -0.041845 -0.023215 -0.023477
v -0.048595 0.001181 -0.022181
v -0.042225 0.025678 -0.020879
v -0.024442 0.043714 -0.019921
v -0.000010 0.050454 -0.019562
v 0.024523 0.044093 -0.019900
v 0.042584 0.026336 -0.020844
v 0.049335 0.001940 -0.022141
v 0.042965 -0.022558 -0.023442
v 0.025181 -0.040593 -0.024401
v 0.000830 -0.057372 -0.030136
v -0.028874 -0.049671 -0.029727
v -0.050742 -0.028171 -0.028584
v -0.058915 0.001367 -0.027015
v -0.051202 0.031028 -0.025438
v -0.029671 0.052864 -0.024278
v -0.000090 0.061025 -0.023844
v 0.029614 0.053323 -0.024254
v 0.051482 0.031823 -0.025396
v 0.059654 0.002286 -0.026966
v 0.051942 -0.027375 -0.028542
v 0.030410 -0.049211 -0.029703
v 0.000824 -0.057518 -0.013368
v -0.028492 -0.049918 -0.012964
v -0.050074 -0.028699 -0.011836
v -0.058140 0.000453 -0.010287
v -0.050528 0.029725 -0.008731
v -0.029278 0.051276 -0.007586
v -0.000084 0.059330 -0.007158
v 0.029231 0.051729 -0.007562
v 0.050814 0.030511 -0.008690
v 0.058879 0.001359 -0.010239
v 0.051268 -0.027913 -0.011795
v 0.030018 -0.049464 -0.012940
v 0.000672 -0.038044 -0.012333
v -0.018871 -0.032976 -0.012064
v -0.033259 -0.018831 -0.011312
v -0.038637 0.000604 -0.010279
v -0.033562 0.020119 -0.009242
v -0.019396 0.034486 -0.008478
v 0.000067 0.039855 -0.008193
v 0.019611 0.034788 -0.008462
v 0.033999 0.020643 -0.009214
v 0.039376 0.001208 -0.010247
v 0.034302 -0.018307 -0.011284
v 0.020135 -0.032674 -0.012048
v 0.000521 -0.018569 -0.011298
v -0.009251 -0.016035 -0.011164
v -0.016445 -0.008962 -0.010787
v -0.019134 0.000755 -0.010271
v -0.016596 0.010512 -0.009752
v -0.009513 0.017696 -0.009371
v 0.000218 0.020381 -0.009228
v 0.009990 0.017847 -0.009363
v 0.017184 0.010774 -0.009739
v 0.019873 0.001057 -0.010255
v 0.017336 -0.008700 -0.010774
v 0.010252 -0.015884 -0.011155
v 0.000370 0.001498 -0.021023
v 0.000370 0.000906 -0.010263
v 0.000961 -0.074599 -0.026208
v 0.000975 -0.076423 -0.024768
v -0.037253 -0.064691 -0.025682
v -0.038112 -0.066289 -0.024229
v -0.065387 -0.037031 -0.024212
v -0.066889 -0.037997 -0.022726
v -0.075901 0.000969 -0.022192
v -0.077643 0.000872 -0.020660
v -0.065979 0.039128 -0.020164
v -0.067494 0.039902 -0.018586
v -0.038278 0.067221 -0.018671
v -0.039161 0.068636 -0.017058
v -0.000222 0.077720 -0.018113
v -0.000236 0.079375 -0.016488
v 0.037992 0.067812 -0.018640
v 0.038852 0.069241 -0.017026
v 0.066126 0.040152 -0.020110
v 0.067628 0.040949 -0.018530
v 0.076640 0.002152 -0.022129
v 0.078383 0.002081 -0.020596
v 0.066718 -0.036007 -0.024157
v 0.068233 -0.036950 -0.022670
v 0.039018 -0.064100 -0.025650
v 0.039900 -0.065684 -0.024197
v 0.000975 -0.076909 -0.015936
v 0.000961 -0.075253 -0.014310
v -0.038112 -0.066774 -0.015397
v -0.037253 -0.065345 -0.013784
v -0.066889 -0.038483 -0.013894
v -0.065387 -0.037685 -0.012314
v -0.077643 0.000386 -0.011828
v -0.075901 0.000315 -0.010294
v -0.067494 0.039416 -0.009754
v -0.065979 0.038474 -0.008267
v -0.039161 0.068150 -0.008227
v -0.038278 0.066566 -0.006774
v -0.000236 0.078889 -0.007656
v -0.000222 0.077065 -0.006216
v 0.038852 0.068755 -0.008194
v 0.037992 0.067157 -0.006742
v 0.067628 0.040463 -0.009698
v 0.066126 0.039498 -0.008212
v 0.078383 0.001595 -0.011764
v 0.076640 0.001497 -0.010232
v 0.068233 -0.037436 -0.013838
v 0.066718 -0.036662 -0.012259
v 0.039900 -0.066170 -0.015365
v 0.039018 -0.064754 -0.013753
v -0.058650 -0.032855 -0.028038
v -0.033399 -0.057682 -0.029358
v 0.000901 -0.066575 -0.029830
v 0.035058 -0.057151 -0.029330
v 0.059921 -0.031937 -0.027990
v 0.068827 0.002313 -0.026169
v 0.059390 0.036421 -0.024357
v 0.034138 0.061247 -0.023037
v -0.000162 0.070140 -0.022565
v -0.034319 0.060716 -0.023066
v -0.059181 0.035502 -0.024406
v -0.068087 0.001252 -0.026226
vt 0.167349 0.802987
vt 0.166330 0.804816
vt 0.163389 0.804083
vt 0.165168 0.800881
vt 0.166363 0.806910
vt 0.163449 0.807745
vt 0.167438 0.808707
vt 0.165332 0.810887
vt 0.169267 0.809726
vt 0.168534 0.812667
vt 0.171361 0.809693
vt 0.172196 0.812607
vt 0.173158 0.808618
vt 0.175338 0.810724
vt 0.174176 0.806789
vt 0.177118 0.807522
vt 0.174144 0.804695
vt 0.177058 0.803859
vt 0.173069 0.802898
vt 0.175175 0.800717
vt 0.171240 0.801879
vt 0.171973 0.798938
vt 0.169146 0.801912
vt 0.168310 0.798998
vt 0.161790 0.803688
vt 0.163981 0.799740
vt 0.161867 0.808203
vt 0.164191 0.812075
vt 0.168139 0.814266
vt 0.172654 0.814189
vt 0.176526 0.811865
vt 0.178717 0.807916
vt 0.178640 0.803401
vt 0.176316 0.799530
vt 0.172367 0.797339
vt 0.167852 0.797416
vt 0.057482 0.793886
vt 0.062348 0.795149
vt 0.060751 0.797965
vt 0.057508 0.797123
vt 0.065930 0.798676
vt 0.063140 0.800316
vt 0.067269 0.803521
vt 0.064032 0.803546
vt 0.066007 0.808386
vt 0.063191 0.806790
vt 0.062480 0.811969
vt 0.060840 0.809178
vt 0.057635 0.813308
vt 0.057609 0.810071
vt 0.052769 0.812045
vt 0.054366 0.809229
vt 0.049187 0.808519
vt 0.051978 0.806878
vt 0.047848 0.803673
vt 0.051085 0.803648
vt 0.049111 0.798808
vt 0.051927 0.800404
vt 0.052637 0.795225
vt 0.054278 0.798016
vt 0.059155 0.800781
vt 0.057533 0.800360
vt 0.060349 0.801957
vt 0.060796 0.803572
vt 0.060375 0.805194
vt 0.059199 0.806388
vt 0.057584 0.806834
vt 0.055962 0.806413
vt 0.054768 0.805238
vt 0.054322 0.803623
vt 0.054743 0.802001
vt 0.055918 0.800807
vt 0.170253 0.805802
vt 0.057559 0.803597
vt 0.162103 0.797929
vt 0.161858 0.797692
vt 0.167037 0.794581
vt 0.167131 0.794908
vt 0.159258 0.803059
vt 0.158927 0.802976
vt 0.159359 0.808924
vt 0.159032 0.809018
vt 0.162380 0.813953
vt 0.162143 0.814198
vt 0.167510 0.816798
vt 0.167427 0.817129
vt 0.173376 0.816696
vt 0.173469 0.817024
vt 0.178404 0.813676
vt 0.178650 0.813913
vt 0.181249 0.808545
vt 0.181580 0.808628
vt 0.181147 0.802680
vt 0.181475 0.802586
vt 0.178126 0.797652
vt 0.178364 0.797406
vt 0.172996 0.794807
vt 0.173079 0.794476
vt 0.160922 0.796799
vt 0.160693 0.796580
vt 0.166585 0.793036
vt 0.166674 0.793339
vt 0.157670 0.802671
vt 0.157363 0.802596
vt 0.157790 0.809382
vt 0.157486 0.809471
vt 0.161250 0.815134
vt 0.161031 0.815363
vt 0.167122 0.818386
vt 0.167047 0.818693
vt 0.173833 0.818265
vt 0.173922 0.818569
vt 0.179585 0.814806
vt 0.179814 0.815024
vt 0.182837 0.808933
vt 0.183144 0.809008
vt 0.182716 0.802222
vt 0.183020 0.802133
vt 0.179257 0.796470
vt 0.179475 0.796242
vt 0.173385 0.793219
vt 0.173459 0.792912
vt 0.160501 0.803366
vt 0.163026 0.798817
vt 0.160590 0.808569
vt 0.163268 0.813030
vt 0.167818 0.815555
vt 0.173020 0.815466
vt 0.177481 0.812788
vt 0.180005 0.808238
vt 0.179917 0.803036
vt 0.177239 0.798575
vt 0.172689 0.796050
vt 0.167487 0.796139
vt 0.057459 0.790939
vt 0.063802 0.792585
vt 0.068472 0.797182
vt 0.070217 0.803498
vt 0.068571 0.809840
vt 0.063974 0.814510
vt 0.057658 0.816256
vt 0.051315 0.814609
vt 0.046646 0.810013
vt 0.044900 0.803697
vt 0.046546 0.797354
vt 0.051143 0.792684
vn -0.000884 0.166286 -0.986077
vn -0.002411 0.360799 -0.932641
vn 0.153281 0.320411 -0.934795
vn 0.056085 0.151509 -0.986863
vn 0.267859 0.207679 -0.940809
vn 0.098020 0.110262 -0.989057
vn 0.310621 0.052868 -0.949062
vn 0.113689 0.053615 -0.992069
vn 0.270146 -0.102511 -0.957347
vn 0.098893 -0.003265 -0.995093
vn 0.157332 -0.216858 -0.963441
vn 0.057605 -0.045142 -0.997318
vn 0.002412 -0.259580 -0.965719
vn 0.000882 -0.060782 -0.998151
vn -0.153155 -0.219259 -0.963571
vn -0.056072 -0.046012 -0.997366
vn -0.267728 -0.106674 -0.957571
vn -0.098003 -0.004786 -0.995175
vn -0.310614 0.048057 -0.949320
vn -0.113690 0.051851 -0.992162
vn -0.270269 0.203509 -0.941031
vn -0.098906 0.108740 -0.989138
vn -0.157459 0.318001 -0.934923
vn -0.057615 0.150634 -0.986909
vn -0.001082 0.192028 -0.981389
vn 0.068912 0.173879 -0.982353
vn 0.120423 0.123198 -0.985049
vn 0.139642 0.053603 -0.988750
vn 0.121442 -0.016245 -0.992466
vn 0.070728 -0.067656 -0.995199
vn 0.001087 -0.086867 -0.996219
vn -0.068853 -0.068738 -0.995256
vn -0.120356 -0.018119 -0.992566
vn -0.139630 0.051442 -0.988867
vn -0.121500 0.121323 -0.985149
vn -0.070790 0.172787 -0.982412
vn 0.000005 -0.053072 0.998591
vn 0.000002 -0.053070 0.998591
vn 0.000003 -0.053063 0.998591
vn 0.000001 -0.053068 0.998591
vn 0.000003 -0.053063 0.998591
vn -0.000002 -0.053066 0.998591
vn 0.000002 -0.053069 0.998591
vn -0.000000 -0.053068 0.998591
vn -0.000001 -0.053069 0.998591
vn 0.000000 -0.053068 0.998591
vn -0.000005 -0.053067 0.998591
vn -0.000003 -0.053068 0.998591
vn -0.000001 -0.053069 0.998591
vn -0.000002 -0.053070 0.998591
vn 0.000004 -0.053071 0.998591
vn 0.000003 -0.053071 0.998591
vn 0.000002 -0.053071 0.998591
vn 0.000004 -0.053071 0.998591
vn 0.000005 -0.053066 0.998591
vn 0.000003 -0.053066 0.998591
vn 0.000005 -0.053068 0.998591
vn -0.000000 -0.053067 0.998591
vn 0.000002 -0.053075 0.998591
vn 0.000001 -0.053073 0.998591
vn -0.000008 -0.053070 0.998591
vn -0.000004 -0.053073 0.998591
vn -0.000006 -0.053073 0.998591
vn -0.000014 -0.053072 0.998591
vn -0.000008 -0.053067 0.998591
vn -0.000001 -0.053065 0.998591
vn 0.000002 -0.053075 0.998591
vn 0.000004 -0.053075 0.998591
vn 0.000001 -0.053068 0.998591
vn 0.000001 -0.053063 0.998591
vn 0.000005 -0.053064 0.998591
vn 0.000001 -0.053070 0.998591
vn -0.000001 0.053082 -0.998590
vn 0.000004 -0.053066 0.998591
vn 0.004007 -0.470568 -0.882355
vn 0.261851 -0.399495 -0.878543
vn 0.501196 -0.843491 -0.193199
vn 0.007677 -0.979629 -0.200668
vn -0.487903 -0.851154 -0.193616
vn -0.254905 -0.403503 -0.878754
vn -0.852776 -0.492467 -0.173924
vn -0.445663 -0.216171 -0.868709
vn -0.989158 0.000352 -0.146855
vn -0.517150 0.041391 -0.854894
vn -0.860475 0.495239 -0.119670
vn -0.450068 0.300252 -0.841004
vn -0.501221 0.859561 -0.099661
vn -0.262247 0.490975 -0.830765
vn -0.007677 0.995712 -0.092188
vn -0.004016 0.562280 -0.826937
vn 0.487924 0.867225 -0.099252
vn 0.255293 0.494985 -0.830551
vn 0.852800 0.508510 -0.118954
vn 0.446058 0.307204 -0.840630
vn 0.989158 0.015678 -0.146017
vn 0.517160 0.049407 -0.854461
vn 0.860452 -0.479192 -0.173196
vn 0.449682 -0.209238 -0.868335
vn 0.007675 -0.995712 0.092187
vn 0.501220 -0.859560 0.099672
vn 0.058349 -0.151884 0.986675
vn 0.000893 -0.167746 0.985830
vn -0.056811 -0.152792 0.986624
vn -0.487923 -0.867227 0.099240
vn -0.099293 -0.111016 0.988846
vn -0.852797 -0.508517 0.118945
vn -0.115163 -0.053630 0.991898
vn -0.989158 -0.015680 0.146013
vn -0.100178 0.003990 0.994962
vn -0.860453 0.479191 0.173193
vn -0.058351 0.046405 0.997217
vn -0.501199 0.843489 0.193198
vn -0.000895 0.062257 0.998060
vn -0.007677 0.979628 0.200672
vn 0.056805 0.047298 0.997264
vn 0.487900 0.851155 0.193621
vn 0.099282 0.005533 0.995044
vn 0.852775 0.492468 0.173926
vn 0.115156 -0.051843 0.991994
vn 0.989157 -0.000354 0.146859
vn 0.100171 -0.109461 0.988931
vn 0.860473 -0.495240 0.119682
vn 0.002450 -0.264411 -0.964407
vn -0.155506 -0.223472 -0.962226
vn -0.271850 -0.109164 -0.956128
vn -0.315394 0.047952 -0.947749
vn -0.274423 0.205795 -0.939330
vn -0.159876 0.322042 -0.933129
vn -0.002449 0.365494 -0.930811
vn 0.155630 0.324483 -0.933000
vn 0.271959 0.210022 -0.939111
vn 0.315380 0.052839 -0.947493
vn 0.274293 -0.104935 -0.955904
vn 0.159749 -0.221038 -0.962093
s 1
g leg_plate_back_right leg_up_right
usemtl head_plateSG
f 1/1/1 13/4/2 14/3/3 2/2/4
f 2/2/4 14/3/3 15/6/5 3/5/6
f 3/5/6 15/6/5 16/8/7 4/7/8
f 4/7/8 16/8/7 17/10/9 5/9/10
f 5/9/10 17/10/9 18/12/11 6/11/12
f 6/11/12 18/12/11 19/14/13 7/13/14
f 7/13/14 19/14/13 20/16/15 8/15/16
f 8/15/16 20/16/15 21/18/17 9/17/18
f 9/17/18 21/18/17 22/20/19 10/19/20
f 10/19/20 22/20/19 23/22/21 11/21/22
f 11/21/22 23/22/21 24/24/23 12/23/24
f 12/23/24 24/24/23 13/4/2 1/1/1
f 13/4/2 25/26/25 26/25/26 14/3/3
f 14/3/3 26/25/26 27/27/27 15/6/5
f 15/6/5 27/27/27 28/28/28 16/8/7
f 16/8/7 28/28/28 29/29/29 17/10/9
f 17/10/9 29/29/29 30/30/30 18/12/11
f 18/12/11 30/30/30 31/31/31 19/14/13
f 19/14/13 31/31/31 32/32/32 20/16/15
f 20/16/15 32/32/32 33/33/33 21/18/17
f 21/18/17 33/33/33 34/34/34 22/20/19
f 22/20/19 34/34/34 35/35/35 23/22/21
f 23/22/21 35/35/35 36/36/36 24/24/23
f 24/24/23 36/36/36 25/26/25 13/4/2
f 37/37/37 49/40/38 50/39/39 38/38/40
f 38/38/40 50/39/39 51/42/41 39/41/42
f 39/41/42 51/42/41 52/44/43 40/43/44
f 40/43/44 52/44/43 53/46/45 41/45/46
f 41/45/46 53/46/45 54/48/47 42/47/48
f 42/47/48 54/48/47 55/50/49 43/49/50
f 43/49/50 55/50/49 56/52/51 44/51/52
f 44/51/52 56/52/51 57/54/53 45/53/54
f 45/53/54 57/54/53 58/56/55 46/55/56
f 46/55/56 58/56/55 59/58/57 47/57/58
f 47/57/58 59/58/57 60/60/59 48/59/60
f 48/59/60 60/60/59 49/40/38 37/37/37
f 49/40/38 61/62/61 62/61/62 50/39/39
f 50/39/39 62/61/62 63/63/63 51/42/41
f 51/42/41 63/63/63 64/64/64 52/44/43
f 52/44/43 64/64/64 65/65/65 53/46/45
f 53/46/45 65/65/65 66/66/66 54/48/47
f 54/48/47 66/66/66 67/67/67 55/50/49
f 55/50/49 67/67/67 68/68/68 56/52/51
f 56/52/51 68/68/68 69/69/69 57/54/53
f 57/54/53 69/69/69 70/70/70 58/56/55
f 58/56/55 70/70/70 71/71/71 59/58/57
f 59/58/57 71/71/71 72/72/72 60/60/59
f 60/60/59 72/72/72 61/62/61 49/40/38
f 2/2/4 73/73/73 1/1/1
f 3/5/6 73/73/73 2/2/4
f 4/7/8 73/73/73 3/5/6
f 5/9/10 73/73/73 4/7/8
f 6/11/12 73/73/73 5/9/10
f 7/13/14 73/73/73 6/11/12
f 8/15/16 73/73/73 7/13/14
f 9/17/18 73/73/73 8/15/16
f 10/19/20 73/73/73 9/17/18
f 11/21/22 73/73/73 10/19/20
f 12/23/24 73/73/73 11/21/22
f 1/1/1 73/73/73 12/23/24
f 61/62/61 74/74/74 62/61/62
f 62/61/62 74/74/74 63/63/63
f 63/63/63 74/74/74 64/64/64
f 64/64/64 74/74/74 65/65/65
f 65/65/65 74/74/74 66/66/66
f 66/66/66 74/74/74 67/67/67
f 67/67/67 74/74/74 68/68/68
f 68/68/68 74/74/74 69/69/69
f 69/69/69 74/74/74 70/70/70
f 70/70/70 74/74/74 71/71/71
f 71/71/71 74/74/74 72/72/72
f 72/72/72 74/74/74 61/62/61
f 75/75/75 97/78/76 98/77/77 76/76/78
f 76/76/78 78/80/79 77/79/80 75/75/75
f 78/80/79 80/82/81 79/81/82 77/79/80
f 80/82/81 82/84/83 81/83/84 79/81/82
f 82/84/83 84/86/85 83/85/86 81/83/84
f 84/86/85 86/88/87 85/87/88 83/85/86
f 86/88/87 88/90/89 87/89/90 85/87/88
f 88/90/89 90/92/91 89/91/92 87/89/90
f 90/92/91 92/94/93 91/93/94 89/91/92
f 92/94/93 94/96/95 93/95/96 91/93/94
f 94/96/95 96/98/97 95/97/98 93/95/96
f 96/98/97 98/77/77 97/78/76 95/97/98
f 99/99/99 121/102/100 122/101/101 100/100/102
f 100/100/102 102/104/103 101/103/104 99/99/99
f 102/104/103 104/106/105 103/105/106 101/103/104
f 104/106/105 106/108/107 105/107/108 103/105/106
f 106/108/107 108/110/109 107/109/110 105/107/108
f 108/110/109 110/112/111 109/111/112 107/109/110
f 110/112/111 112/114/113 111/113/114 109/111/112
f 112/114/113 114/116/115 113/115/116 111/113/114
f 114/116/115 116/118/117 115/117/118 113/115/116
f 116/118/117 118/120/119 117/119/120 115/117/118
f 118/120/119 120/122/121 119/121/122 117/119/120
f 120/122/121 122/101/101 121/102/100 119/121/122
f 25/26/25 125/124/123 124/123/124 26/25/26
f 26/25/26 124/123/124 123/125/125 27/27/27
f 27/27/27 123/125/125 134/126/126 28/28/28
f 28/28/28 134/126/126 133/127/127 29/29/29
f 29/29/29 133/127/127 132/128/128 30/30/30
f 30/30/30 132/128/128 131/129/129 31/31/31
f 31/31/31 131/129/129 130/130/130 32/32/32
f 32/32/32 130/130/130 129/131/131 33/33/33
f 33/33/33 129/131/131 128/132/132 34/34/34
f 34/34/34 128/132/132 127/133/133 35/35/35
f 35/35/35 127/133/133 126/134/134 36/36/36
f 36/36/36 126/134/134 125/124/123 25/26/25
f 76/76/78 99/99/99 101/103/104 78/80/79
f 78/80/79 101/103/104 103/105/106 80/82/81
f 80/82/81 103/105/106 105/107/108 82/84/83
f 82/84/83 105/107/108 107/109/110 84/86/85
f 84/86/85 107/109/110 109/111/112 86/88/87
f 86/88/87 109/111/112 111/113/114 88/90/89
f 88/90/89 111/113/114 113/115/116 90/92/91
f 90/92/91 113/115/116 115/117/118 92/94/93
f 92/94/93 115/117/118 117/119/120 94/96/95
f 94/96/95 117/119/120 119/121/122 96/98/97
f 96/98/97 119/121/122 121/102/100 98/77/77
f 98/77/77 121/102/100 99/99/99 76/76/78
f 100/135/102 37/37/37 38/38/40 102/136/103
f 102/136/103 38/38/40 39/41/42 104/137/105
f 104/137/105 39/41/42 40/43/44 106/138/107
f 106/138/107 40/43/44 41/45/46 108/139/109
f 108/139/109 41/45/46 42/47/48 110/140/111
f 110/140/111 42/47/48 43/49/50 112/141/113
f 112/141/113 43/49/50 44/51/52 114/142/115
f 114/142/115 44/51/52 45/53/54 116/143/117
f 116/143/117 45/53/54 46/55/56 118/144/119
f 118/144/119 46/55/56 47/57/58 120/145/121
f 120/145/121 47/57/58 48/59/60 122/146/101
f 122/146/101 48/59/60 37/37/37 100/135/102
f 124/123/124 77/79/80 79/81/82 123/125/125
f 125/124/123 75/75/75 77/79/80 124/123/124
f 126/134/134 97/78/76 75/75/75 125/124/123
f 127/133/133 95/97/98 97/78/76 126/134/134
f 128/132/132 93/95/96 95/97/98 127/133/133
f 129/131/131 91/93/94 93/95/96 128/132/132
f 130/130/130 89/91/92 91/93/94 129/131/131
f 131/129/129 87/89/90 89/91/92 130/130/130
f 132/128/128 85/87/88 87/89/90 131/129/129
f 133/127/127 83/85/86 85/87/88 132/128/128
f 134/126/126 81/83/84 83/85/86 133/127/127
f 123/125/125 79/81/82 81/83/84 134/126/126
g default
v -0.024158 0.012979 0.022290
v -0.027826 -0.001127 0.021540
v -0.023939 -0.015175 0.020793
v -0.013538 -0.025400 0.020250
v 0.000589 -0.029063 0.020055
v 0.014657 -0.025182 0.020262
v 0.024897 -0.014797 0.020813
v 0.028565 -0.000690 0.021563
v 0.024678 0.013357 0.022310
v 0.014278 0.023583 0.022853
v 0.000151 0.027245 0.023048
v -0.013918 0.023364 0.022841
v -0.042225 0.022992 0.026789
v -0.048595 -0.001506 0.025487
v -0.041845 -0.025902 0.024190
v -0.023784 -0.043659 0.023247
v 0.000750 -0.050020 0.022908
v 0.025181 -0.043280 0.023267
v 0.042965 -0.025245 0.024225
v 0.049335 -0.000747 0.025527
v 0.042584 0.023649 0.026823
v 0.024523 0.041406 0.027767
v -0.000010 0.047767 0.028105
v -0.024442 0.041027 0.027747
v -0.051202 0.027809 0.031889
v -0.058915 -0.001852 0.030312
v -0.050742 -0.031389 0.028742
v -0.028874 -0.052889 0.027600
v 0.000830 -0.060590 0.027191
v 0.030410 -0.052430 0.027624
v 0.051942 -0.030593 0.028785
v 0.059655 -0.000933 0.030361
v 0.051482 0.028605 0.031931
v 0.029614 0.050105 0.033073
v -0.000090 0.057806 0.033483
v -0.029671 0.049645 0.033049
v -0.050528 0.028348 0.015141
v -0.058140 -0.000925 0.013585
v -0.050074 -0.030077 0.012036
v -0.028492 -0.051296 0.010908
v 0.000824 -0.058896 0.010504
v 0.030018 -0.050842 0.010932
v 0.051268 -0.029291 0.012078
v 0.058879 -0.000018 0.013633
v 0.050814 0.029133 0.015183
v 0.029231 0.050352 0.016310
v -0.000084 0.057952 0.016714
v -0.029278 0.049898 0.016286
v -0.033562 0.018741 0.014630
v -0.038637 -0.000774 0.013593
v -0.033259 -0.020208 0.012560
v -0.018871 -0.034354 0.011808
v 0.000672 -0.039421 0.011539
v 0.020135 -0.034052 0.011825
v 0.034302 -0.019685 0.012588
v 0.039376 -0.000170 0.013625
v 0.033999 0.019265 0.014658
v 0.019611 0.033411 0.015410
v 0.000067 0.038478 0.015679
v -0.019396 0.033108 0.015394
v -0.016596 0.009135 0.014120
v -0.019134 -0.000623 0.013601
v -0.016445 -0.010340 0.013085
v -0.009251 -0.017413 0.012709
v 0.000521 -0.019946 0.012574
v 0.010252 -0.017262 0.012717
v 0.017336 -0.010079 0.013099
v 0.019873 -0.000321 0.013617
v 0.017184 0.009396 0.014134
v 0.009990 0.016469 0.014509
v 0.000218 0.019003 0.014644
v -0.009513 0.016318 0.014501
v 0.000370 -0.001064 0.024369
v 0.000370 -0.000472 0.013609
v -0.065979 0.036441 0.027503
v -0.067494 0.037384 0.026016
v -0.075901 -0.001717 0.025476
v -0.077643 -0.001647 0.023942
v -0.065387 -0.039718 0.023456
v -0.066889 -0.040515 0.021876
v -0.037253 -0.067378 0.021986
v -0.038112 -0.068807 0.020373
v 0.000961 -0.077286 0.021459
v 0.000975 -0.078941 0.019834
v 0.039018 -0.066787 0.022017
v 0.039900 -0.068202 0.020405
v 0.066718 -0.038694 0.023510
v 0.068234 -0.039468 0.021932
v 0.076640 -0.000535 0.025539
v 0.078383 -0.000437 0.024006
v 0.066126 0.037465 0.027558
v 0.067628 0.038431 0.026072
v 0.037992 0.065125 0.029028
v 0.038852 0.066723 0.027575
v -0.000222 0.075033 0.029554
v -0.000236 0.076857 0.028114
v -0.038278 0.064534 0.028996
v -0.039161 0.066118 0.027543
v -0.067494 0.037870 0.017184
v -0.065979 0.037096 0.015606
v -0.077643 -0.001161 0.015110
v -0.075901 -0.001063 0.013578
v -0.066889 -0.040029 0.013045
v -0.065387 -0.039063 0.011558
v -0.038112 -0.068321 0.011541
v -0.037253 -0.066723 0.010088
v 0.000975 -0.078455 0.011002
v 0.000961 -0.076631 0.009562
v 0.039900 -0.067717 0.011573
v 0.039018 -0.066132 0.010120
v 0.068234 -0.038982 0.013100
v 0.066718 -0.038040 0.011613
v 0.078383 0.000048 0.015174
v 0.076640 0.000119 0.013641
v 0.067628 0.038917 0.017240
v 0.066126 0.038119 0.015660
v 0.038852 0.067208 0.018743
v 0.037992 0.065780 0.017130
v -0.000236 0.077343 0.019282
v -0.000222 0.075687 0.017657
v -0.039161 0.066604 0.018711
v -0.038278 0.065188 0.017099
v -0.058650 -0.035986 0.027703
v -0.068087 -0.001879 0.029516
v -0.059181 0.032371 0.031336
v -0.034319 0.057585 0.032676
v -0.000162 0.067009 0.033177
v 0.034138 0.058116 0.032704
v 0.059390 0.033290 0.031384
v 0.068827 -0.000818 0.029572
v 0.059921 -0.035068 0.027752
v 0.035058 -0.060282 0.026412
v 0.000901 -0.069706 0.025911
v -0.033399 -0.060813 0.026384
vt 0.133600 0.805717
vt 0.134082 0.803826
vt 0.136906 0.803785
vt 0.136067 0.807094
vt 0.133553 0.801947
vt 0.135979 0.800500
vt 0.132156 0.800585
vt 0.133533 0.798118
vt 0.130265 0.800104
vt 0.130225 0.797279
vt 0.128387 0.800632
vt 0.126939 0.798206
vt 0.127024 0.802029
vt 0.124558 0.800652
vt 0.126543 0.803920
vt 0.123718 0.803961
vt 0.127072 0.805798
vt 0.124646 0.807246
vt 0.128468 0.807161
vt 0.127091 0.809627
vt 0.130359 0.807642
vt 0.130400 0.810467
vt 0.132238 0.807114
vt 0.133685 0.809540
vt 0.138441 0.803759
vt 0.137409 0.807839
vt 0.137295 0.799710
vt 0.134278 0.796776
vt 0.130199 0.795744
vt 0.126149 0.796890
vt 0.123216 0.799907
vt 0.122184 0.803987
vt 0.123330 0.808036
vt 0.126347 0.810969
vt 0.130426 0.812002
vt 0.134475 0.810856
vt 0.100716 0.811901
vt 0.096732 0.814366
vt 0.095863 0.811477
vt 0.098518 0.809834
vt 0.092050 0.814509
vt 0.092741 0.811572
vt 0.087923 0.812291
vt 0.089990 0.810094
vt 0.085458 0.808308
vt 0.088347 0.807438
vt 0.085316 0.803625
vt 0.088252 0.804317
vt 0.087533 0.799499
vt 0.089730 0.801566
vt 0.091517 0.797034
vt 0.092386 0.799923
vt 0.096199 0.796891
vt 0.095507 0.799828
vt 0.100325 0.799109
vt 0.098258 0.801306
vt 0.102790 0.803092
vt 0.099901 0.803962
vt 0.102933 0.807775
vt 0.099997 0.807083
vt 0.094994 0.808589
vt 0.096321 0.807767
vt 0.093433 0.808636
vt 0.092057 0.807897
vt 0.091236 0.806569
vt 0.091188 0.805008
vt 0.091927 0.803633
vt 0.093255 0.802811
vt 0.094816 0.802764
vt 0.096191 0.803503
vt 0.097013 0.804831
vt 0.097061 0.806391
vt 0.130312 0.803873
vt 0.094124 0.805700
vt 0.139533 0.809022
vt 0.139810 0.809177
vt 0.135885 0.813215
vt 0.135723 0.812942
vt 0.140872 0.803722
vt 0.141190 0.803718
vt 0.139382 0.798463
vt 0.139655 0.798300
vt 0.135462 0.794653
vt 0.135617 0.794375
vt 0.130161 0.793313
vt 0.130157 0.792995
vt 0.124902 0.794803
vt 0.124739 0.794530
vt 0.121092 0.798724
vt 0.120814 0.798569
vt 0.119753 0.804024
vt 0.119435 0.804028
vt 0.121243 0.809283
vt 0.120970 0.809446
vt 0.125163 0.813093
vt 0.125008 0.813371
vt 0.130463 0.814432
vt 0.130468 0.814750
vt 0.140866 0.809759
vt 0.141124 0.809901
vt 0.136662 0.814499
vt 0.136509 0.814247
vt 0.142395 0.803693
vt 0.142690 0.803688
vt 0.140686 0.797676
vt 0.140939 0.797524
vt 0.136198 0.793319
vt 0.136341 0.793061
vt 0.130133 0.791790
vt 0.130127 0.791495
vt 0.124115 0.793499
vt 0.123963 0.793246
vt 0.119758 0.797987
vt 0.119500 0.797845
vt 0.118230 0.804053
vt 0.117935 0.804059
vt 0.119939 0.810070
vt 0.119686 0.810223
vt 0.124427 0.814427
vt 0.124285 0.814685
vt 0.130492 0.815955
vt 0.130498 0.816250
vt 0.139678 0.803742
vt 0.138489 0.808442
vt 0.138358 0.799076
vt 0.134882 0.795696
vt 0.130181 0.794507
vt 0.125516 0.795827
vt 0.122135 0.799303
vt 0.120946 0.804004
vt 0.122267 0.808670
vt 0.125743 0.812050
vt 0.130444 0.813239
vt 0.135109 0.811919
vt 0.102716 0.813783
vt 0.097524 0.816996
vt 0.091420 0.817183
vt 0.086041 0.814292
vt 0.082828 0.809099
vt 0.082642 0.802996
vt 0.085532 0.797617
vt 0.090725 0.794403
vt 0.096829 0.794217
vt 0.102208 0.797108
vt 0.105421 0.802301
vt 0.105607 0.808404
vn 0.098912 -0.108748 0.989136
vn 0.270280 -0.203518 0.941026
vn 0.310622 -0.048056 0.949318
vn 0.113693 -0.051847 0.992162
vn 0.267733 0.106685 0.957569
vn 0.098012 0.004803 0.995174
vn 0.153159 0.219265 0.963569
vn 0.056076 0.046023 0.997365
vn -0.002409 0.259586 0.965717
vn -0.000884 0.060785 0.998151
vn -0.157332 0.216864 0.963440
vn -0.057600 0.045145 0.997318
vn -0.270143 0.102518 0.957347
vn -0.098894 0.003276 0.995093
vn -0.310621 -0.052870 0.949063
vn -0.113697 -0.053613 0.992068
vn -0.267863 -0.207684 0.940807
vn -0.098022 -0.110269 0.989056
vn -0.153285 -0.320416 0.934793
vn -0.056088 -0.151514 0.986863
vn 0.002413 -0.360807 0.932637
vn 0.000881 -0.166288 0.986077
vn 0.157465 -0.318012 0.934919
vn 0.057620 -0.150635 0.986909
vn 0.121501 -0.121323 0.985149
vn 0.139638 -0.051440 0.988866
vn 0.120355 0.018122 0.992566
vn 0.068852 0.068737 0.995256
vn -0.001084 0.086867 0.996219
vn -0.070732 0.067660 0.995198
vn -0.121441 0.016253 0.992466
vn -0.139634 -0.053602 0.988751
vn -0.120413 -0.123194 0.985050
vn -0.068907 -0.173872 0.982355
vn 0.001088 -0.192032 0.981388
vn 0.070787 -0.172792 0.982412
vn -0.000001 0.053071 -0.998591
vn 0.000005 0.053069 -0.998591
vn 0.000003 0.053070 -0.998591
vn -0.000003 0.053070 -0.998591
vn -0.000001 0.053066 -0.998591
vn 0.000002 0.053068 -0.998591
vn 0.000000 0.053065 -0.998591
vn 0.000000 0.053070 -0.998591
vn -0.000000 0.053070 -0.998591
vn -0.000001 0.053073 -0.998591
vn 0.000000 0.053070 -0.998591
vn 0.000001 0.053072 -0.998591
vn 0.000002 0.053068 -0.998591
vn -0.000001 0.053069 -0.998591
vn 0.000000 0.053067 -0.998591
vn -0.000002 0.053067 -0.998591
vn 0.000003 0.053067 -0.998591
vn 0.000000 0.053067 -0.998591
vn -0.000001 0.053070 -0.998591
vn -0.000002 0.053065 -0.998591
vn -0.000004 0.053069 -0.998591
vn -0.000004 0.053066 -0.998591
vn 0.000001 0.053068 -0.998591
vn -0.000001 0.053070 -0.998591
vn -0.000002 0.053073 -0.998591
vn -0.000000 0.053077 -0.998591
vn 0.000001 0.053069 -0.998591
vn 0.000005 0.053065 -0.998591
vn 0.000003 0.053066 -0.998591
vn -0.000003 0.053066 -0.998591
vn -0.000001 0.053073 -0.998591
vn 0.000002 0.053067 -0.998591
vn 0.000002 0.053058 -0.998591
vn -0.000001 0.053070 -0.998591
vn -0.000007 0.053077 -0.998590
vn -0.000007 0.053071 -0.998591
vn -0.000001 -0.053077 0.998590
vn 0.000001 0.053067 -0.998591
vn -0.449699 0.209248 0.868324
vn -0.261863 0.399525 0.878526
vn -0.501197 0.843492 0.193192
vn -0.860453 0.479194 0.173190
vn -0.989158 -0.015682 0.146016
vn -0.517165 -0.049401 0.854459
vn -0.852797 -0.508514 0.118953
vn -0.446057 -0.307197 0.840633
vn -0.487924 -0.867226 0.099247
vn -0.255294 -0.494985 0.830551
vn 0.007676 -0.995712 0.092188
vn 0.004011 -0.562275 0.826941
vn 0.501220 -0.859559 0.099679
vn 0.262239 -0.490958 0.830777
vn 0.860476 -0.495232 0.119689
vn 0.450061 -0.300245 0.841010
vn 0.989157 -0.000350 0.146860
vn 0.517145 -0.041391 0.854897
vn 0.852777 0.492465 0.173923
vn 0.445658 0.216174 0.868710
vn 0.487901 0.851156 0.193614
vn 0.254903 0.403511 0.878751
vn -0.007676 0.979630 0.200665
vn -0.004009 0.470595 0.882340
vn -0.860476 0.495235 -0.119681
vn -0.501222 0.859559 -0.099676
vn -0.058356 0.151887 -0.986674
vn -0.100189 0.109473 -0.988928
vn -0.115179 0.051844 -0.991991
vn -0.989158 0.000351 -0.146857
vn -0.099296 -0.005545 -0.995043
vn -0.852776 -0.492469 -0.173919
vn -0.056812 -0.047311 -0.997263
vn -0.487902 -0.851156 -0.193611
vn 0.000892 -0.062270 -0.998059
vn 0.007678 -0.979628 -0.200673
vn 0.058356 -0.046414 -0.997216
vn 0.501196 -0.843492 -0.193196
vn 0.100176 -0.003992 -0.994962
vn 0.860451 -0.479198 -0.173188
vn 0.115161 0.053630 -0.991898
vn 0.989158 0.015680 -0.146016
vn 0.099288 0.111011 -0.988847
vn 0.852797 0.508516 -0.118954
vn 0.056804 0.152775 -0.986627
vn 0.487928 0.867223 -0.099252
vn -0.000897 0.167734 -0.985832
vn -0.007675 0.995711 -0.092196
vn -0.274293 0.104932 0.955904
vn -0.315380 -0.052838 0.947493
vn -0.271965 -0.210023 0.939109
vn -0.155631 -0.324481 0.933001
vn 0.002449 -0.365494 0.930811
vn 0.159873 -0.322038 0.933130
vn 0.274408 -0.205789 0.939336
vn 0.315372 -0.047949 0.947756
vn 0.271841 0.109167 0.956130
vn 0.155514 0.223485 0.962221
vn -0.002444 0.264421 0.964404
vn -0.159749 0.221038 0.962093
s 1
g leg_up_right leg_plate_front_right
usemtl head_plateSG
f 135/147/135 147/150/136 148/149/137 136/148/138
f 136/148/138 148/149/137 149/152/139 137/151/140
f 137/151/140 149/152/139 150/154/141 138/153/142
f 138/153/142 150/154/141 151/156/143 139/155/144
f 139/155/144 151/156/143 152/158/145 140/157/146
f 140/157/146 152/158/145 153/160/147 141/159/148
f 141/159/148 153/160/147 154/162/149 142/161/150
f 142/161/150 154/162/149 155/164/151 143/163/152
f 143/163/152 155/164/151 156/166/153 144/165/154
f 144/165/154 156/166/153 157/168/155 145/167/156
f 145/167/156 157/168/155 158/170/157 146/169/158
f 146/169/158 158/170/157 147/150/136 135/147/135
f 147/150/136 159/172/159 160/171/160 148/149/137
f 148/149/137 160/171/160 161/173/161 149/152/139
f 149/152/139 161/173/161 162/174/162 150/154/141
f 150/154/141 162/174/162 163/175/163 151/156/143
f 151/156/143 163/175/163 164/176/164 152/158/145
f 152/158/145 164/176/164 165/177/165 153/160/147
f 153/160/147 165/177/165 166/178/166 154/162/149
f 154/162/149 166/178/166 167/179/167 155/164/151
f 155/164/151 167/179/167 168/180/168 156/166/153
f 156/166/153 168/180/168 169/181/169 157/168/155
f 157/168/155 169/181/169 170/182/170 158/170/157
f 158/170/157 170/182/170 159/172/159 147/150/136
f 171/183/171 183/186/172 184/185/173 172/184/174
f 172/184/174 184/185/173 185/188/175 173/187/176
f 173/187/176 185/188/175 186/190/177 174/189/178
f 174/189/178 186/190/177 187/192/179 175/191/180
f 175/191/180 187/192/179 188/194/181 176/193/182
f 176/193/182 188/194/181 189/196/183 177/195/184
f 177/195/184 189/196/183 190/198/185 178/197/186
f 178/197/186 190/198/185 191/200/187 179/199/188
f 179/199/188 191/200/187 192/202/189 180/201/190
f 180/201/190 192/202/189 193/204/191 181/203/192
f 181/203/192 193/204/191 194/206/193 182/205/194
f 182/205/194 194/206/193 183/186/172 171/183/171
f 183/186/172 195/208/195 196/207/196 184/185/173
f 184/185/173 196/207/196 197/209/197 185/188/175
f 185/188/175 197/209/197 198/210/198 186/190/177
f 186/190/177 198/210/198 199/211/199 187/192/179
f 187/192/179 199/211/199 200/212/200 188/194/181
f 188/194/181 200/212/200 201/213/201 189/196/183
f 189/196/183 201/213/201 202/214/202 190/198/185
f 190/198/185 202/214/202 203/215/203 191/200/187
f 191/200/187 203/215/203 204/216/204 192/202/189
f 192/202/189 204/216/204 205/217/205 193/204/191
f 193/204/191 205/217/205 206/218/206 194/206/193
f 194/206/193 206/218/206 195/208/195 183/186/172
f 136/148/138 207/219/207 135/147/135
f 137/151/140 207/219/207 136/148/138
f 138/153/142 207/219/207 137/151/140
f 139/155/144 207/219/207 138/153/142
f 140/157/146 207/219/207 139/155/144
f 141/159/148 207/219/207 140/157/146
f 142/161/150 207/219/207 141/159/148
f 143/163/152 207/219/207 142/161/150
f 144/165/154 207/219/207 143/163/152
f 145/167/156 207/219/207 144/165/154
f 146/169/158 207/219/207 145/167/156
f 135/147/135 207/219/207 146/169/158
f 195/208/195 208/220/208 196/207/196
f 196/207/196 208/220/208 197/209/197
f 197/209/197 208/220/208 198/210/198
f 198/210/198 208/220/208 199/211/199
f 199/211/199 208/220/208 200/212/200
f 200/212/200 208/220/208 201/213/201
f 201/213/201 208/220/208 202/214/202
f 202/214/202 208/220/208 203/215/203
f 203/215/203 208/220/208 204/216/204
f 204/216/204 208/220/208 205/217/205
f 205/217/205 208/220/208 206/218/206
f 206/218/206 208/220/208 195/208/195
f 209/221/209 231/224/210 232/223/211 210/222/212
f 210/222/212 212/226/213 211/225/214 209/221/209
f 212/226/213 214/228/215 213/227/216 211/225/214
f 214/228/215 216/230/217 215/229/218 213/227/216
f 216/230/217 218/232/219 217/231/220 215/229/218
f 218/232/219 220/234/221 219/233/222 217/231/220
f 220/234/221 222/236/223 221/235/224 219/233/222
f 222/236/223 224/238/225 223/237/226 221/235/224
f 224/238/225 226/240/227 225/239/228 223/237/226
f 226/240/227 228/242/229 227/241/230 225/239/228
f 228/242/229 230/244/231 229/243/232 227/241/230
f 230/244/231 232/223/211 231/224/210 229/243/232
f 233/245/233 255/248/234 256/247/235 234/246/236
f 234/246/236 236/250/237 235/249/238 233/245/233
f 236/250/237 238/252/239 237/251/240 235/249/238
f 238/252/239 240/254/241 239/253/242 237/251/240
f 240/254/241 242/256/243 241/255/244 239/253/242
f 242/256/243 244/258/245 243/257/246 241/255/244
f 244/258/245 246/260/247 245/259/248 243/257/246
f 246/260/247 248/262/249 247/261/250 245/259/248
f 248/262/249 250/264/251 249/263/252 247/261/250
f 250/264/251 252/266/253 251/265/254 249/263/252
f 252/266/253 254/268/255 253/267/256 251/265/254
f 254/268/255 256/247/235 255/248/234 253/267/256
f 159/172/159 259/270/257 258/269/258 160/171/160
f 160/171/160 258/269/258 257/271/259 161/173/161
f 161/173/161 257/271/259 268/272/260 162/174/162
f 162/174/162 268/272/260 267/273/261 163/175/163
f 163/175/163 267/273/261 266/274/262 164/176/164
f 164/176/164 266/274/262 265/275/263 165/177/165
f 165/177/165 265/275/263 264/276/264 166/178/166
f 166/178/166 264/276/264 263/277/265 167/179/167
f 167/179/167 263/277/265 262/278/266 168/180/168
f 168/180/168 262/278/266 261/279/267 169/181/169
f 169/181/169 261/279/267 260/280/268 170/182/170
f 170/182/170 260/280/268 259/270/257 159/172/159
f 210/222/212 233/245/233 235/249/238 212/226/213
f 212/226/213 235/249/238 237/251/240 214/228/215
f 214/228/215 237/251/240 239/253/242 216/230/217
f 216/230/217 239/253/242 241/255/244 218/232/219
f 218/232/219 241/255/244 243/257/246 220/234/221
f 220/234/221 243/257/246 245/259/248 222/236/223
f 222/236/223 245/259/248 247/261/250 224/238/225
f 224/238/225 247/261/250 249/263/252 226/240/227
f 226/240/227 249/263/252 251/265/254 228/242/229
f 228/242/229 251/265/254 253/267/256 230/244/231
f 230/244/231 253/267/256 255/248/234 232/223/211
f 232/223/211 255/248/234 233/245/233 210/222/212
f 234/281/236 171/183/171 172/184/174 236/282/237
f 236/282/237 172/184/174 173/187/176 238/283/239
f 238/283/239 173/187/176 174/189/178 240/284/241
f 240/284/241 174/189/178 175/191/180 242/285/243
f 242/285/243 175/191/180 176/193/182 244/286/245
f 244/286/245 176/193/182 177/195/184 246/287/247
f 246/287/247 177/195/184 178/197/186 248/288/249
f 248/288/249 178/197/186 179/199/188 250/289/251
f 250/289/251 179/199/188 180/201/190 252/290/253
f 252/290/253 180/201/190 181/203/192 254/291/255
f 254/291/255 181/203/192 182/205/194 256/292/235
f 256/292/235 182/205/194 171/183/171 234/281/236
f 258/269/258 211/225/214 213/227/216 257/271/259
f 259/270/257 209/221/209 211/225/214 258/269/258
f 260/280/268 231/224/210 209/221/209 259/270/257
f 261/279/267 229/243/232 231/224/210 260/280/268
f 262/278/266 227/241/230 229/243/232 261/279/267
f 263/277/265 225/239/228 227/241/230 262/278/266
f 264/276/264 223/237/226 225/239/228 263/277/265
f 265/275/263 221/235/224 223/237/226 264/276/264
f 266/274/262 219/233/222 221/235/224 265/275/263
f 267/273/261 217/231/220 219/233/222 266/274/262
f 268/272/260 215/229/218 217/231/220 267/273/261
f 257/271/259 213/227/216 215/229/218 268/272/260
g default
v -0.052299 -0.021758 -0.009916
v -0.056337 -0.004350 -0.008975
v -0.054594 0.013525 -0.008009
v -0.047297 0.030019 -0.007116
v -0.035211 0.043465 -0.006389
v -0.019545 0.052573 -0.005897
v -0.001831 0.056385 -0.005690
v 0.016193 0.054540 -0.005790
v 0.032764 0.047209 -0.006187
v 0.046241 0.035180 -0.006838
v 0.055257 0.019609 -0.007679
v 0.058820 0.002094 -0.008626
v 0.056445 -0.015503 -0.009578
v 0.048965 -0.029771 -0.010349
v 0.039293 -0.043106 -0.011070
v 0.024732 -0.044982 -0.011172
v 0.003725 -0.047224 -0.011293
v -0.016702 -0.047974 -0.011333
v -0.031199 -0.047747 -0.011321
v -0.043271 -0.035676 -0.010668
v -0.051992 -0.022195 0.002420
v -0.056205 -0.004895 0.002943
v -0.054550 0.012934 0.003715
v -0.047285 0.029408 0.004550
v -0.035207 0.042843 0.005273
v -0.019542 0.051946 0.005768
v -0.001829 0.055755 0.005980
v 0.016194 0.053908 0.005886
v 0.032764 0.046576 0.005492
v 0.046243 0.034546 0.004840
v 0.055273 0.018975 0.003955
v 0.058877 0.001458 0.002860
v 0.056590 -0.016148 0.001584
v 0.049163 -0.030545 0.000398
v 0.039228 -0.043939 0.000370
v -0.031705 -0.047863 0.000542
v -0.043027 -0.035752 0.002120
v -0.051856 -0.022598 0.010628
v -0.056154 -0.005349 0.011561
v -0.054537 0.012461 0.012524
v -0.047283 0.028931 0.013414
v -0.035208 0.042364 0.014141
v -0.019541 0.051468 0.014633
v -0.001827 0.055276 0.014839
v 0.016198 0.053426 0.014739
v 0.032770 0.046089 0.014342
v 0.046260 0.034047 0.013691
v 0.055323 0.018451 0.012848
v 0.059020 0.000874 0.011898
v 0.056921 -0.016869 0.010938
v 0.049474 -0.031673 0.010138
v 0.038789 -0.044991 0.009417
v 0.024243 -0.044724 0.009432
v 0.003528 -0.044621 0.009438
v -0.017375 -0.046284 0.009348
v -0.031781 -0.048100 0.009250
v -0.042846 -0.035960 0.009906
v 0.030246 -0.219859 0.011472
v 0.029950 -0.221185 0.009952
v 0.050582 -0.217256 0.002015
v 0.049642 -0.218664 0.000809
v 0.063221 -0.213081 -0.016461
v 0.061902 -0.214614 -0.017090
v 0.064162 -0.208709 -0.037835
v 0.062815 -0.210374 -0.037806
v 0.051974 -0.205516 -0.055553
v 0.051005 -0.207283 -0.054970
v 0.031935 -0.204066 -0.065979
v 0.031587 -0.205884 -0.065065
v 0.008944 -0.204785 -0.066224
v 0.009316 -0.206586 -0.065292
v -0.011464 -0.207429 -0.056575
v -0.010448 -0.209154 -0.055933
v -0.024103 -0.211609 -0.038099
v -0.022663 -0.213201 -0.038046
v -0.025043 -0.215987 -0.016726
v -0.023563 -0.217435 -0.017369
v -0.012773 -0.219136 0.000799
v -0.011689 -0.220484 -0.000399
v 0.007328 -0.220554 0.011104
v 0.007764 -0.221857 0.009584
v -0.017678 -0.219539 -0.019243
v -0.018934 -0.218314 -0.018698
v -0.007458 -0.222166 -0.004645
v -0.008380 -0.221025 -0.003629
v 0.009287 -0.223355 0.003937
v 0.008913 -0.222251 0.005226
v 0.028379 -0.222783 0.004242
v 0.028625 -0.221660 0.005531
v 0.045319 -0.220619 -0.003637
v 0.046112 -0.219427 -0.002612
v 0.055848 -0.217141 -0.019027
v 0.056963 -0.215841 -0.018492
v 0.056631 -0.213496 -0.036831
v 0.057769 -0.212084 -0.036854
v 0.046478 -0.210836 -0.051591
v 0.047297 -0.209338 -0.052084
v 0.029786 -0.209630 -0.060275
v 0.030078 -0.208089 -0.061048
v 0.010634 -0.210226 -0.060479
v 0.010316 -0.208700 -0.061267
v -0.006366 -0.212424 -0.052440
v -0.007231 -0.210964 -0.052982
v -0.016894 -0.215899 -0.037049
v -0.018117 -0.214552 -0.037093
v 0.020542 -0.060013 -0.011203
v 0.006853 -0.061791 -0.012639
v -0.007046 -0.061744 -0.012390
v -0.017499 -0.060955 -0.010781
v -0.019294 -0.061384 -0.001859
v -0.019514 -0.061672 0.006098
v -0.010263 -0.061288 0.008307
v 0.003358 -0.060644 0.009605
v 0.017241 -0.060073 0.009375
v 0.027775 -0.059414 0.007793
v 0.029404 -0.058761 0.000469
v 0.029580 -0.058112 -0.008981
v 0.018992 -0.077100 -0.013223
v 0.009773 -0.077726 -0.016738
v -0.000473 -0.077620 -0.016783
v -0.009340 -0.077561 -0.013365
v -0.013470 -0.078224 -0.005695
v -0.014018 -0.078717 0.002787
v -0.008013 -0.078885 0.008797
v 0.001227 -0.078633 0.012292
v 0.011350 -0.078060 0.012356
v 0.020162 -0.077447 0.008974
v 0.024322 -0.076973 0.001636
v 0.024858 -0.076447 -0.007184
v 0.001847 -0.001460 0.011771
v 0.000761 0.015111 0.012667
v 0.003007 -0.017390 0.010910
v -0.000223 0.030975 0.013525
v 0.035043 -0.016810 0.010941
v 0.035743 -0.000005 0.011850
v 0.033081 0.017011 0.012770
v 0.027307 0.032702 0.013618
v 0.018950 0.045713 0.014322
v -0.001074 0.044908 0.014279
v -0.029369 -0.020083 0.010764
v -0.032426 -0.003634 0.011654
v -0.031936 0.013488 0.012580
v -0.028062 0.029679 0.013455
v -0.021268 0.043497 0.014202
v 0.030952 -0.031308 0.010157
v 0.003818 -0.031201 0.010163
v -0.023680 -0.033505 0.010039
v 0.001233 -0.001274 -0.008809
v 0.000664 0.015603 -0.007896
v -0.000168 0.031592 -0.007032
v -0.001029 0.045778 -0.006265
v 0.001277 -0.018138 -0.009721
v 0.001835 -0.032929 -0.010520
v -0.024857 -0.034820 -0.010623
v -0.030456 -0.020296 -0.009837
v -0.032793 -0.003162 -0.008911
v -0.031961 0.014204 -0.007972
v -0.027991 0.030492 -0.007091
v -0.021217 0.044466 -0.006335
v 0.029519 -0.030981 -0.010415
v 0.033726 -0.016468 -0.009630
v 0.035185 0.000704 -0.008702
v 0.032899 0.017821 -0.007776
v 0.027256 0.033555 -0.006925
v 0.018932 0.046693 -0.006215
v -0.024296 -0.086027 -0.012249
v -0.023489 -0.084238 -0.011735
v -0.013997 -0.084586 -0.028198
v -0.013579 -0.082825 -0.027240
v 0.002224 -0.083465 -0.036285
v 0.002237 -0.081786 -0.035087
v 0.020270 -0.082821 -0.035662
v 0.019879 -0.081182 -0.034476
v 0.035792 -0.082807 -0.026178
v 0.035055 -0.081111 -0.025321
v 0.044999 -0.083436 -0.010448
v 0.044088 -0.081641 -0.010212
v 0.043827 -0.084704 0.008246
v 0.042975 -0.082882 0.007930
v 0.033528 -0.086149 0.024194
v 0.033109 -0.084274 0.023404
v 0.017370 -0.087315 0.032111
v 0.017358 -0.085458 0.031151
v -0.000616 -0.087970 0.031382
v -0.000250 -0.086128 0.030489
v -0.016190 -0.087952 0.022006
v -0.015506 -0.086108 0.021416
v -0.025468 -0.087281 0.006447
v -0.024601 -0.085440 0.006408
v 0.054506 -0.160511 -0.002590
v 0.042899 -0.162811 0.015266
v 0.024415 -0.164433 0.024318
v 0.003689 -0.165117 0.023817
v -0.014395 -0.164682 0.013689
v -0.025327 -0.163255 -0.003399
v -0.024273 -0.161028 -0.024143
v -0.012665 -0.158728 -0.041999
v 0.005886 -0.157112 -0.051240
v 0.026680 -0.156424 -0.050858
v 0.044706 -0.156857 -0.040611
v 0.055560 -0.158281 -0.023332
v -0.028664 -0.124757 0.002953
v -0.027195 -0.123746 -0.016299
v -0.014959 -0.122519 -0.032594
v 0.003601 -0.121290 -0.040952
v 0.024146 -0.120491 -0.040467
v 0.041907 -0.120435 -0.030758
v 0.052485 -0.120979 -0.014230
v 0.051252 -0.121942 0.005075
v 0.038872 -0.123190 0.021706
v 0.020206 -0.124150 0.029849
v -0.000371 -0.124821 0.029046
v -0.018147 -0.125063 0.019294
v -0.048109 -0.020171 -0.005822
v -0.051828 -0.004254 -0.004914
v -0.050152 -0.004458 0.002901
v -0.046427 -0.019773 0.002406
v -0.050242 0.012174 -0.004000
v -0.048676 0.011411 0.003614
v -0.043527 0.027368 -0.003168
v -0.042186 0.026121 0.004370
v -0.032380 0.039772 -0.002494
v -0.031376 0.038143 0.005021
v -0.017924 0.048175 -0.002041
v -0.017349 0.046295 0.005464
v -0.001584 0.051692 -0.001851
v -0.001496 0.049705 0.005653
v 0.015041 0.049990 -0.001943
v 0.014636 0.048051 0.005568
v 0.030332 0.043226 -0.002308
v 0.029473 0.041485 0.005216
v 0.042760 0.032132 -0.002910
v 0.041537 0.030720 0.004636
v 0.051062 0.017797 -0.003686
v 0.049603 0.016814 0.003860
v 0.054338 0.001716 -0.004552
v 0.052813 0.001221 0.002922
v 0.052175 -0.014382 -0.005413
v 0.050794 -0.014367 0.001842
v 0.045270 -0.027709 -0.005999
v 0.044019 -0.027343 0.000747
v 0.035858 -0.040835 -0.006613
v 0.034300 -0.040401 0.000534
v -0.028141 -0.044991 -0.006862
v -0.039767 -0.033096 -0.006438
v -0.038268 -0.031986 0.002157
v -0.027282 -0.043715 0.000772
v -0.051685 -0.004793 0.007492
v -0.047768 -0.020578 0.006623
v -0.050193 0.011560 0.008383
v -0.043513 0.026722 0.009203
v -0.032377 0.039112 0.009871
v -0.017921 0.047511 0.010326
v -0.001581 0.051024 0.010516
v 0.015046 0.049318 0.010423
v 0.030337 0.042549 0.010055
v 0.042779 0.031439 0.009459
v 0.051120 0.017070 0.008694
v 0.054495 0.000912 0.007854
v 0.052540 -0.015313 0.007037
v 0.045669 -0.029040 0.006212
v 0.035377 -0.042241 0.005220
v -0.039436 -0.033057 0.005810
v -0.028670 -0.044939 0.005107
v -0.021217 0.044138 -0.000276
v 0.018950 0.046041 0.008262
v 0.028880 -0.216879 0.006365
v 0.029023 -0.215701 0.007523
v 0.008442 -0.216325 0.007183
v 0.008663 -0.217425 0.006078
v 0.046647 -0.214715 -0.001844
v 0.047217 -0.213342 -0.000815
v 0.057612 -0.211210 -0.017827
v 0.058531 -0.209568 -0.017162
v 0.058495 -0.207592 -0.035972
v 0.059423 -0.205710 -0.035916
v 0.047978 -0.204930 -0.051024
v 0.048585 -0.202950 -0.051477
v 0.030416 -0.203657 -0.060117
v 0.030593 -0.201726 -0.060758
v 0.010173 -0.204227 -0.060307
v 0.009930 -0.202395 -0.060946
v -0.007706 -0.206423 -0.051917
v -0.008341 -0.204727 -0.052356
v -0.018701 -0.209914 -0.035913
v -0.019607 -0.208385 -0.035974
v -0.019594 -0.213524 -0.017762
v -0.020475 -0.212211 -0.017281
v -0.009009 -0.216151 -0.002908
v -0.009584 -0.215012 -0.001968
v -0.012556 -0.216444 -0.020252
v -0.016342 -0.212835 -0.018399
v -0.006513 -0.215378 -0.004838
v -0.004005 -0.218596 -0.008132
v -0.011623 -0.213787 -0.034907
v -0.015475 -0.209458 -0.035117
v 0.009517 -0.216551 0.003233
v 0.010495 -0.219651 -0.000717
v 0.027769 -0.216005 0.003502
v 0.027141 -0.219195 -0.000493
v 0.043941 -0.213895 -0.003842
v 0.041705 -0.217376 -0.007277
v 0.053997 -0.210548 -0.018349
v 0.050525 -0.214559 -0.020379
v 0.054863 -0.207073 -0.035044
v 0.051103 -0.211781 -0.035004
v 0.045118 -0.204694 -0.048842
v 0.042554 -0.209988 -0.047040
v 0.029162 -0.203613 -0.057054
v 0.028333 -0.209124 -0.054404
v 0.010854 -0.204206 -0.057224
v 0.011899 -0.209608 -0.054576
v -0.005394 -0.206220 -0.049673
v -0.002620 -0.211211 -0.047822
v 0.024464 -0.044965 -0.005109
v 0.003682 -0.047584 -0.005235
v 0.006528 -0.062685 -0.006645
v 0.019167 -0.060062 -0.005293
v -0.016554 -0.048132 -0.005269
v -0.006472 -0.062368 -0.006381
v -0.014069 -0.059189 -0.006097
v -0.014144 -0.058268 -0.001088
v -0.015499 -0.059033 0.002391
v -0.017190 -0.045717 0.003309
v -0.009034 -0.060828 0.002382
v 0.003571 -0.044403 0.003373
v 0.003695 -0.060970 0.003554
v 0.024111 -0.044379 0.003375
v 0.016688 -0.060197 0.003333
v 0.024123 -0.057634 0.003284
v 0.023960 -0.056128 -0.000041
v 0.025303 -0.056128 -0.005160
v 0.009369 -0.082283 -0.012751
v 0.017351 -0.081368 -0.009234
v 0.000226 -0.081959 -0.012598
v -0.006087 -0.081161 -0.009720
v -0.008007 -0.080620 -0.004583
v -0.009204 -0.081610 0.000485
v -0.005733 -0.082229 0.004275
v 0.002083 -0.082453 0.007655
v 0.010984 -0.081923 0.007691
v 0.017549 -0.081177 0.004962
v 0.019360 -0.080143 0.000165
v 0.020649 -0.080331 -0.005176
v -0.001074 0.045236 0.008219
v -0.021268 0.043825 0.008142
v 0.035043 -0.016483 0.004881
v 0.035743 0.000323 0.005790
v 0.003007 -0.017062 0.004850
v -0.029369 -0.019755 0.004705
v -0.032426 -0.003306 0.005594
v 0.001847 -0.001133 0.005711
v 0.033081 0.017339 0.006710
v -0.031936 0.013816 0.006520
v 0.000761 0.015439 0.006608
v 0.030952 -0.030980 0.004097
v 0.003818 -0.030873 0.004103
v -0.023680 -0.033177 0.003979
v 0.027307 0.033030 0.007559
v -0.028062 0.030006 0.007395
v -0.000223 0.031303 0.007465
v -0.001029 0.045450 -0.000205
v 0.018932 0.046365 -0.000155
v -0.030456 -0.020623 -0.003777
v -0.032793 -0.003489 -0.002851
v 0.033725 -0.016796 -0.003570
v 0.035185 0.000377 -0.002642
v 0.001233 -0.001602 -0.002749
v 0.001277 -0.018466 -0.003661
v -0.031961 0.013876 -0.001912
v 0.032899 0.017493 -0.001716
v 0.000664 0.015276 -0.001836
v -0.027991 0.030165 -0.001031
v 0.027256 0.033227 -0.000865
v -0.000168 0.031265 -0.000972
v -0.024857 -0.035148 -0.004563
v 0.029519 -0.031308 -0.004355
v 0.001835 -0.033256 -0.004460
v -0.018737 -0.087672 -0.010452
v -0.019109 -0.088288 -0.010622
v -0.020215 -0.089405 0.005042
v -0.019766 -0.088716 0.004946
v -0.010149 -0.086429 -0.023883
v -0.010625 -0.087279 -0.024365
v 0.003491 -0.085544 -0.030726
v 0.003206 -0.086614 -0.031540
v 0.018762 -0.085081 -0.030236
v 0.018978 -0.086144 -0.031101
v 0.031816 -0.085049 -0.022178
v 0.032445 -0.085951 -0.022755
v 0.039430 -0.085509 -0.009216
v 0.040221 -0.086257 -0.009461
v 0.038391 -0.086453 0.006190
v 0.039122 -0.087309 0.006384
v 0.029846 -0.087572 0.019585
v 0.030452 -0.088612 0.020094
v 0.016312 -0.088546 0.026263
v 0.016637 -0.089776 0.026947
v 0.001086 -0.089157 0.025679
v 0.000993 -0.090394 0.026356
v -0.012065 -0.089192 0.017731
v -0.012470 -0.090211 0.018133
v 0.034980 -0.123139 0.017050
v 0.019008 -0.123678 0.023919
v 0.045563 -0.122449 0.003023
v 0.046653 -0.122011 -0.012908
v 0.037732 -0.121760 -0.026558
v 0.022553 -0.121825 -0.034765
v 0.004921 -0.122420 -0.035137
v -0.010970 -0.123282 -0.028084
v -0.021444 -0.124030 -0.014380
v -0.022785 -0.124552 0.001460
v -0.013950 -0.124517 0.014945
v 0.001288 -0.124182 0.023243
v 0.038969 -0.162344 0.010665
v 0.048787 -0.160773 -0.004602
v 0.023139 -0.163483 0.018461
v 0.005204 -0.163955 0.018057
v -0.010345 -0.163599 0.009301
v -0.019497 -0.162654 -0.004974
v -0.018513 -0.161269 -0.022248
v -0.008685 -0.159793 -0.037544
v 0.007234 -0.158729 -0.045548
v 0.025209 -0.158252 -0.045261
v 0.040668 -0.158537 -0.036403
v 0.049762 -0.159394 -0.021928
v -0.008503 -0.305480 -0.071912
v -0.007078 -0.306785 -0.071974
v 0.001338 -0.301348 -0.086071
v 0.002354 -0.302904 -0.085555
v 0.017229 -0.298800 -0.093435
v 0.017633 -0.300504 -0.092642
v 0.035132 -0.298200 -0.093197
v 0.034883 -0.299943 -0.092411
v 0.050736 -0.299763 -0.085148
v 0.049877 -0.301430 -0.084656
v 0.060226 -0.303037 -0.071517
v 0.058896 -0.304490 -0.071648
v 0.059495 -0.307431 -0.055109
v 0.058192 -0.308575 -0.056038
v 0.049654 -0.311570 -0.040954
v 0.048782 -0.312454 -0.042476
v 0.033819 -0.314084 -0.033740
v 0.033586 -0.314823 -0.035523
v 0.015974 -0.314658 -0.034072
v 0.016386 -0.315365 -0.035829
v 0.000321 -0.313120 -0.042026
v 0.001325 -0.313902 -0.043485
v -0.009234 -0.309878 -0.055505
v -0.007779 -0.310875 -0.056344
v -0.004191 -0.306884 -0.071026
v -0.002959 -0.305664 -0.070098
v 0.005197 -0.302600 -0.081852
v 0.004396 -0.303572 -0.083320
v 0.018565 -0.300709 -0.088008
v 0.018346 -0.301530 -0.089740
v 0.033748 -0.300258 -0.087850
v 0.034151 -0.301038 -0.089581
v 0.046859 -0.301476 -0.081070
v 0.047845 -0.302334 -0.082517
v 0.054704 -0.303805 -0.070094
v 0.056161 -0.304874 -0.070941
v 0.053947 -0.306959 -0.056865
v 0.055352 -0.308332 -0.056934
v 0.045821 -0.310055 -0.045110
v 0.046802 -0.311669 -0.044618
v 0.032519 -0.311942 -0.039096
v 0.032896 -0.313684 -0.038357
v 0.017341 -0.312373 -0.039346
v 0.017114 -0.314144 -0.038633
v 0.004136 -0.311148 -0.046056
v 0.003356 -0.312848 -0.045627
v -0.003752 -0.308824 -0.056887
v -0.004965 -0.310330 -0.057048
vt 0.216969 0.914522
vt 0.218022 0.914546
vt 0.217900 0.916283
vt 0.217006 0.916244
vt 0.217832 0.917993
vt 0.216917 0.917942
vt 0.217772 0.919722
vt 0.216856 0.919650
vt 0.217714 0.921495
vt 0.216769 0.921385
vt 0.217648 0.923406
vt 0.216611 0.923201
vt 0.217591 0.925560
vt 0.216141 0.924978
vt 0.214463 0.927271
vt 0.213793 0.926231
vt 0.211161 0.927730
vt 0.211035 0.926521
vt 0.207927 0.926894
vt 0.208291 0.925736
vt 0.205254 0.924910
vt 0.206024 0.923986
vt 0.203536 0.922086
vt 0.204529 0.921527
vt 0.202838 0.918819
vt 0.204013 0.918635
vt 0.203414 0.915673
vt 0.204469 0.915824
vt 0.204779 0.912436
vt 0.205808 0.912838
vt 0.216759 0.911178
vt 0.218102 0.911192
vt 0.218169 0.912979
vt 0.216906 0.912962
vt 0.218586 0.914622
vt 0.218432 0.916324
vt 0.218419 0.918019
vt 0.218368 0.919731
vt 0.218328 0.921484
vt 0.218306 0.923350
vt 0.218559 0.925167
vt 0.221029 0.926556
vt 0.220571 0.927224
vt 0.223840 0.926984
vt 0.223711 0.927768
vt 0.226688 0.926320
vt 0.226881 0.927088
vt 0.229103 0.924632
vt 0.229575 0.925273
vt 0.230733 0.922157
vt 0.231424 0.922594
vt 0.231401 0.919231
vt 0.232245 0.919411
vt 0.231035 0.916336
vt 0.231983 0.916285
vt 0.229680 0.913187
vt 0.230528 0.913048
vt 0.218893 0.911322
vt 0.218732 0.913068
vt 0.216305 0.922594
vt 0.222004 0.926357
vt 0.227822 0.882017
vt 0.224873 0.882342
vt 0.223484 0.881152
vt 0.225965 0.881015
vt 0.229178 0.880473
vt 0.230670 0.881475
vt 0.233404 0.880028
vt 0.233524 0.880411
vt 0.200273 0.880950
vt 0.203135 0.880931
vt 0.203109 0.881265
vt 0.200267 0.881302
vt 0.205766 0.880768
vt 0.205765 0.881118
vt 0.208628 0.880746
vt 0.208583 0.881118
vt 0.212926 0.880881
vt 0.211285 0.881848
vt 0.214774 0.881028
vt 0.214055 0.882544
vt 0.216839 0.881252
vt 0.216853 0.881602
vt 0.219423 0.881377
vt 0.219431 0.881649
vt 0.222099 0.881360
vt 0.222089 0.881648
vt 0.219402 0.879689
vt 0.221868 0.879621
vt 0.221935 0.880544
vt 0.219438 0.880668
vt 0.216855 0.880442
vt 0.216930 0.879357
vt 0.224561 0.879201
vt 0.224707 0.879835
vt 0.227281 0.878949
vt 0.227401 0.879686
vt 0.229880 0.878583
vt 0.229991 0.879369
vt 0.232446 0.878235
vt 0.232804 0.879367
vt 0.200886 0.879239
vt 0.203340 0.879162
vt 0.203215 0.880170
vt 0.200538 0.880140
vt 0.205875 0.878986
vt 0.205859 0.880019
vt 0.208622 0.878875
vt 0.208662 0.879984
vt 0.211431 0.878683
vt 0.211376 0.879609
vt 0.214243 0.878632
vt 0.214206 0.879216
vt 0.207886 0.911399
vt 0.209101 0.908598
vt 0.211912 0.907914
vt 0.211784 0.910207
vt 0.214968 0.907926
vt 0.215500 0.910233
vt 0.216535 0.908664
vt 0.217843 0.908771
vt 0.218838 0.908842
vt 0.220207 0.908389
vt 0.220341 0.910733
vt 0.223145 0.908539
vt 0.223931 0.911120
vt 0.225944 0.908993
vt 0.227615 0.912033
vt 0.227420 0.909687
vt 0.228064 0.909763
vt 0.207068 0.909267
vt 0.207888 0.909488
vt 0.209650 0.905006
vt 0.211656 0.904719
vt 0.213913 0.904641
vt 0.215769 0.904742
vt 0.217340 0.904904
vt 0.218891 0.904894
vt 0.220347 0.904957
vt 0.222551 0.905138
vt 0.224635 0.905408
vt 0.226162 0.905686
vt 0.227036 0.905973
vt 0.207576 0.905539
vt 0.208526 0.905297
vt 0.219681 0.924626
vt 0.218657 0.922764
vt 0.228268 0.920673
vt 0.228978 0.917673
vt 0.224694 0.915672
vt 0.224403 0.918319
vt 0.220631 0.916685
vt 0.220722 0.914453
vt 0.226763 0.923352
vt 0.223283 0.920911
vt 0.220266 0.918922
vt 0.228735 0.914823
vt 0.224550 0.913357
vt 0.220636 0.912564
vt 0.224570 0.925354
vt 0.221656 0.923078
vt 0.219556 0.920998
vt 0.212837 0.925974
vt 0.215089 0.924351
vt 0.214813 0.916395
vt 0.214951 0.914095
vt 0.206549 0.916879
vt 0.210982 0.914884
vt 0.210942 0.917695
vt 0.207034 0.919981
vt 0.214995 0.918660
vt 0.211841 0.920397
vt 0.208348 0.922725
vt 0.215548 0.920776
vt 0.213275 0.922666
vt 0.210376 0.924825
vt 0.215273 0.912104
vt 0.211376 0.912457
vt 0.206962 0.914066
vt 0.216944 0.902243
vt 0.219226 0.902289
vt 0.219216 0.902428
vt 0.216943 0.902378
vt 0.214660 0.902072
vt 0.214646 0.901893
vt 0.212507 0.901780
vt 0.212483 0.901565
vt 0.210368 0.901652
vt 0.210337 0.901438
vt 0.208258 0.901784
vt 0.208205 0.901595
vt 0.206189 0.902196
vt 0.206108 0.902038
vt 0.203993 0.903016
vt 0.203916 0.902816
vt 0.230392 0.903045
vt 0.227980 0.902510
vt 0.228047 0.902323
vt 0.230462 0.902832
vt 0.225801 0.902304
vt 0.225838 0.902095
vt 0.223616 0.902276
vt 0.223632 0.902069
vt 0.221388 0.902361
vt 0.221402 0.902178
vt 0.229753 0.896677
vt 0.227008 0.896747
vt 0.232592 0.896562
vt 0.204089 0.896122
vt 0.201676 0.896861
vt 0.206584 0.895657
vt 0.209258 0.895463
vt 0.211992 0.895507
vt 0.214628 0.895720
vt 0.217139 0.896063
vt 0.219396 0.896376
vt 0.221702 0.896627
vt 0.224275 0.896742
vt 0.233540 0.889743
vt 0.230595 0.890194
vt 0.227775 0.890463
vt 0.224947 0.890552
vt 0.222168 0.890457
vt 0.219630 0.890212
vt 0.217040 0.889907
vt 0.214310 0.889642
vt 0.211526 0.889387
vt 0.208755 0.889220
vt 0.206018 0.889366
vt 0.203337 0.889732
vt 0.200628 0.890334
vt 0.262300 0.913990
vt 0.262169 0.915899
vt 0.260862 0.915865
vt 0.260800 0.913981
vt 0.262181 0.917743
vt 0.260875 0.917778
vt 0.262190 0.919605
vt 0.260881 0.919692
vt 0.262247 0.921486
vt 0.260891 0.921661
vt 0.262421 0.923434
vt 0.260900 0.923774
vt 0.262971 0.925302
vt 0.260941 0.926172
vt 0.265212 0.926619
vt 0.264238 0.928126
vt 0.267987 0.926976
vt 0.267785 0.928722
vt 0.270741 0.926291
vt 0.271210 0.927972
vt 0.273115 0.924681
vt 0.274082 0.926038
vt 0.274767 0.922297
vt 0.276173 0.923287
vt 0.275548 0.919420
vt 0.277158 0.919901
vt 0.275316 0.916594
vt 0.276967 0.916594
vt 0.274407 0.913652
vt 0.276040 0.913381
vt 0.262911 0.910573
vt 0.262515 0.912322
vt 0.260706 0.912225
vt 0.260849 0.910429
vt 0.259923 0.915929
vt 0.259799 0.914072
vt 0.259894 0.917791
vt 0.259892 0.919682
vt 0.259866 0.921589
vt 0.259781 0.923602
vt 0.259363 0.925454
vt 0.257712 0.927963
vt 0.256947 0.926805
vt 0.254249 0.928510
vt 0.254068 0.927168
vt 0.250865 0.927749
vt 0.251218 0.926450
vt 0.247988 0.925817
vt 0.248791 0.924736
vt 0.245970 0.922988
vt 0.247117 0.922247
vt 0.245012 0.919609
vt 0.246379 0.919279
vt 0.245171 0.916353
vt 0.246669 0.916361
vt 0.246374 0.913182
vt 0.247806 0.913350
vt 0.259616 0.912444
vt 0.259366 0.910696
vt 0.263162 0.922586
vt 0.255707 0.926073
vt 0.250703 0.882947
vt 0.250779 0.882653
vt 0.253980 0.883224
vt 0.253944 0.883523
vt 0.247539 0.882147
vt 0.247670 0.881850
vt 0.244389 0.880859
vt 0.244611 0.880550
vt 0.281988 0.882324
vt 0.282125 0.882685
vt 0.278926 0.883138
vt 0.278880 0.882807
vt 0.275882 0.883239
vt 0.275854 0.882917
vt 0.272721 0.883404
vt 0.272698 0.883087
vt 0.269481 0.883576
vt 0.269463 0.883261
vt 0.266304 0.883804
vt 0.266288 0.883490
vt 0.263154 0.883997
vt 0.263141 0.883683
vt 0.260155 0.884089
vt 0.260146 0.883780
vt 0.257152 0.883890
vt 0.257155 0.883588
vt 0.260105 0.882828
vt 0.260116 0.883089
vt 0.257151 0.882938
vt 0.257148 0.882685
vt 0.263112 0.882729
vt 0.263121 0.882994
vt 0.254070 0.882591
vt 0.254100 0.882339
vt 0.250991 0.882003
vt 0.251059 0.881755
vt 0.248027 0.881163
vt 0.248147 0.880908
vt 0.245234 0.879856
vt 0.245421 0.879606
vt 0.281490 0.881204
vt 0.281603 0.881485
vt 0.278739 0.881962
vt 0.278692 0.881667
vt 0.275737 0.882150
vt 0.275708 0.881875
vt 0.272603 0.882367
vt 0.272580 0.882100
vt 0.269407 0.882578
vt 0.269391 0.882312
vt 0.266260 0.882799
vt 0.266249 0.882533
vt 0.272170 0.912127
vt 0.268601 0.910620
vt 0.268916 0.908515
vt 0.271694 0.909419
vt 0.265029 0.910110
vt 0.265853 0.908155
vt 0.263498 0.908372
vt 0.261259 0.908245
vt 0.259322 0.908433
vt 0.257167 0.910541
vt 0.257202 0.908377
vt 0.253679 0.911266
vt 0.254231 0.908850
vt 0.250206 0.912311
vt 0.251434 0.909455
vt 0.249451 0.910132
vt 0.248177 0.910135
vt 0.273322 0.910386
vt 0.274774 0.910315
vt 0.269471 0.906127
vt 0.271669 0.906558
vt 0.267047 0.905857
vt 0.264575 0.905720
vt 0.262098 0.905692
vt 0.259683 0.905600
vt 0.257365 0.905877
vt 0.254950 0.906131
vt 0.252645 0.906453
vt 0.250655 0.906825
vt 0.249190 0.907217
vt 0.273447 0.907040
vt 0.274876 0.907619
vt 0.257770 0.924458
vt 0.259019 0.922758
vt 0.249260 0.917634
vt 0.249973 0.920444
vt 0.253307 0.915605
vt 0.257185 0.914212
vt 0.257315 0.916430
vt 0.253666 0.918121
vt 0.251380 0.922975
vt 0.257663 0.918697
vt 0.254685 0.920634
vt 0.249374 0.914957
vt 0.253296 0.913404
vt 0.257114 0.912358
vt 0.253377 0.924929
vt 0.258263 0.920854
vt 0.256104 0.922810
vt 0.264483 0.924248
vt 0.266430 0.925865
vt 0.264832 0.913954
vt 0.264766 0.916255
vt 0.272694 0.917406
vt 0.272010 0.920271
vt 0.268418 0.917801
vt 0.268651 0.915124
vt 0.264447 0.918533
vt 0.270637 0.922779
vt 0.267448 0.920365
vt 0.263874 0.920684
vt 0.268692 0.924707
vt 0.266086 0.922558
vt 0.264838 0.911965
vt 0.272605 0.914746
vt 0.268605 0.912787
vt 0.262672 0.903392
vt 0.262654 0.903710
vt 0.259663 0.903707
vt 0.259689 0.903383
vt 0.265612 0.903138
vt 0.265592 0.903457
vt 0.268325 0.902941
vt 0.268297 0.903251
vt 0.270918 0.902961
vt 0.270876 0.903275
vt 0.273432 0.903309
vt 0.273342 0.903622
vt 0.275894 0.903982
vt 0.275706 0.904258
vt 0.278315 0.905250
vt 0.278064 0.905527
vt 0.246564 0.904547
vt 0.246369 0.904201
vt 0.249114 0.903434
vt 0.249175 0.903738
vt 0.251670 0.903161
vt 0.251687 0.903461
vt 0.254251 0.903129
vt 0.254252 0.903424
vt 0.256924 0.903247
vt 0.256921 0.903550
vt 0.247535 0.897669
vt 0.250692 0.897729
vt 0.244315 0.897638
vt 0.278186 0.898115
vt 0.281019 0.899112
vt 0.275235 0.897466
vt 0.272094 0.897136
vt 0.268861 0.897069
vt 0.265709 0.897215
vt 0.262630 0.897444
vt 0.259775 0.897660
vt 0.256899 0.897786
vt 0.253850 0.897784
vt 0.247006 0.891162
vt 0.243696 0.890527
vt 0.250199 0.891587
vt 0.253403 0.891847
vt 0.256577 0.891974
vt 0.259695 0.891945
vt 0.262898 0.891763
vt 0.266167 0.891509
vt 0.269348 0.891318
vt 0.272550 0.891279
vt 0.275783 0.891468
vt 0.278978 0.891768
vt 0.282159 0.892253
vt 0.263861 0.868310
vt 0.261510 0.868357
vt 0.261543 0.868069
vt 0.263866 0.868019
vt 0.266268 0.867831
vt 0.266284 0.868123
vt 0.268653 0.867551
vt 0.268686 0.867844
vt 0.271077 0.867252
vt 0.271124 0.867536
vt 0.273487 0.866964
vt 0.273560 0.867247
vt 0.275785 0.866566
vt 0.275913 0.866829
vt 0.278004 0.865705
vt 0.278246 0.865965
vt 0.249723 0.864350
vt 0.251909 0.865758
vt 0.251774 0.866015
vt 0.249481 0.864584
vt 0.254262 0.866696
vt 0.254166 0.866974
vt 0.256729 0.867386
vt 0.256654 0.867674
vt 0.259209 0.867826
vt 0.259151 0.868115
vt 0.263835 0.867569
vt 0.261565 0.867628
vt 0.261557 0.867334
vt 0.263789 0.867273
vt 0.266151 0.867087
vt 0.266208 0.867375
vt 0.268528 0.866804
vt 0.268584 0.867092
vt 0.270954 0.866494
vt 0.271002 0.866786
vt 0.273336 0.866235
vt 0.273387 0.866525
vt 0.275523 0.865898
vt 0.275622 0.866178
vt 0.277449 0.865085
vt 0.277642 0.865337
vt 0.250395 0.863872
vt 0.252329 0.865132
vt 0.252148 0.865374
vt 0.250133 0.864054
vt 0.254549 0.865990
vt 0.254430 0.866263
vt 0.256928 0.866642
vt 0.256854 0.866927
vt 0.259329 0.867070
vt 0.259292 0.867362
vt 0.216364 0.863327
vt 0.213976 0.863110
vt 0.211584 0.862951
vt 0.209155 0.862877
vt 0.206789 0.862914
vt 0.204605 0.863026
vt 0.202429 0.863162
vt 0.230447 0.862228
vt 0.228141 0.862741
vt 0.225746 0.863132
vt 0.223236 0.863409
vt 0.220788 0.863552
vt 0.218567 0.863517
vn 0.357756 0.120213 0.926045
vn 0.344367 -0.024905 0.938505
vn 0.997404 0.071163 -0.011034
vn 0.919625 0.392604 -0.012371
vn 0.344953 -0.151209 0.926360
vn 0.967674 -0.251627 -0.017073
vn 0.366886 -0.316633 0.874722
vn 0.839891 -0.541999 -0.028645
vn 0.396058 -0.612449 0.684137
vn 0.631060 -0.774688 -0.040275
vn 0.380100 -0.836194 0.395353
vn 0.361300 -0.931173 -0.048780
vn 0.046106 -0.876530 0.479135
vn 0.054931 -0.997108 -0.052515
vn -0.289467 -0.874435 0.389323
vn -0.256836 -0.965109 -0.050983
vn -0.335310 -0.660444 0.671849
vn -0.542169 -0.839103 -0.044267
vn -0.339785 -0.359518 0.869076
vn -0.775323 -0.630747 -0.032127
vn -0.329019 -0.188139 0.925392
vn -0.934250 -0.356375 -0.013212
vn -0.321003 -0.063667 0.944936
vn -0.999098 -0.039505 0.015557
vn -0.310520 0.056733 0.948872
vn -0.956639 0.286371 0.053229
vn -0.345724 0.194662 0.917922
vn -0.847944 0.526065 0.065165
vn -0.470904 0.317170 0.823197
vn -0.817817 0.573739 0.044720
vn 0.485223 0.455115 0.746611
vn 0.398729 0.309091 0.863411
vn 0.783681 0.621163 -0.000306
vn 0.734212 0.678225 0.030708
vn 0.158319 0.064364 -0.985288
vn 0.135638 0.125138 -0.982824
vn 0.174986 -0.004861 -0.984559
vn 0.195469 -0.109256 -0.974605
vn 0.234594 -0.350793 -0.906592
vn 0.354152 -0.604834 -0.713269
vn 0.033989 -0.591632 -0.805492
vn -0.282930 -0.640533 -0.713910
vn -0.191326 -0.379063 -0.905376
vn -0.179758 -0.132556 -0.974739
vn -0.176907 -0.027223 -0.983851
vn -0.186416 0.046351 -0.981377
vn -0.207441 0.131437 -0.969377
vn -0.252266 0.244463 -0.936269
vn -0.330206 0.312327 -0.890739
vn 0.142353 0.195350 -0.970347
vn 0.245340 0.306975 -0.919551
vn -0.047690 0.032261 0.998341
vn 0.038928 0.145851 -0.988540
vn -0.225692 0.170162 -0.959223
vn 0.000570 0.932468 0.361253
vn -0.063314 0.937658 0.341744
vn 0.241233 0.206866 -0.948163
vn -0.670716 0.052779 -0.739834
vn 0.103567 0.927892 0.358176
vn -0.940135 -0.106580 -0.323708
vn 0.205357 0.938848 0.276392
vn -0.938067 -0.265808 0.222209
vn 0.243430 0.963946 0.107468
vn -0.651816 -0.348775 0.673418
vn 0.152215 0.987804 -0.032764
vn -0.245453 -0.358666 0.900617
vn 0.031819 0.995595 -0.088194
vn 0.216009 -0.318756 0.922895
vn -0.087842 0.993509 -0.072280
vn 0.655367 -0.236104 0.717460
vn -0.188702 0.982024 -0.004465
vn 0.944402 -0.112511 0.308945
vn -0.238448 0.964868 0.110330
vn 0.965607 0.043194 -0.256395
vn -0.221824 0.943762 0.245170
vn 0.662795 0.167391 -0.729851
vn -0.128874 0.938119 0.321441
vn 0.935829 0.238138 -0.259835
vn 0.422776 0.904718 0.052410
vn 0.297608 0.934285 -0.196321
vn 0.619659 0.372946 -0.690604
vn 0.950297 0.019572 0.310728
vn 0.443539 0.831800 0.333739
vn 0.094265 0.944259 -0.315418
vn 0.224110 0.416349 -0.881152
vn -0.137193 0.937703 -0.319203
vn -0.205900 0.393890 -0.895799
vn -0.348800 0.917731 -0.190025
vn -0.633419 0.301573 -0.712625
vn -0.479548 0.877196 0.023676
vn -0.935370 0.138999 -0.325210
vn -0.477828 0.825851 0.299417
vn -0.969133 -0.072372 0.235676
vn -0.366420 0.750995 0.549312
vn -0.659941 -0.240920 0.711643
vn -0.155719 0.715186 0.681367
vn -0.235626 -0.298160 0.924976
vn 0.093476 0.716072 0.691739
vn 0.228374 -0.272539 0.934649
vn 0.316071 0.765619 0.560292
vn 0.669890 -0.159824 0.725054
vn 0.021696 -0.052155 0.998403
vn -0.005730 -0.059985 0.998183
vn -0.051648 -0.171499 0.983830
vn -0.146289 -0.090187 0.985122
vn -0.030980 -0.077653 0.996499
vn 0.045764 -0.157044 0.986531
vn 0.635503 0.272478 0.722421
vn 0.865427 0.482402 0.135369
vn 0.639935 0.347858 -0.685184
vn -0.025553 0.038260 -0.998941
vn 0.137582 0.001143 -0.990490
vn 0.006307 0.036316 -0.999320
vn 0.055577 -0.070165 -0.995986
vn 0.033467 0.022604 -0.999184
vn -0.039335 -0.067272 -0.996959
vn -0.521398 0.173174 -0.835557
vn -0.921663 0.379194 -0.082150
vn -0.778700 0.307858 0.546671
vn -0.061797 -0.785913 0.615241
vn -0.197705 -0.791423 0.578413
vn 0.075311 -0.752034 0.654807
vn 0.468761 -0.691195 0.550011
vn 0.888877 -0.415980 0.191985
vn 0.723934 -0.606838 -0.328128
vn 0.318468 -0.588408 -0.743206
vn 0.134068 -0.648374 -0.749424
vn -0.030359 -0.691100 -0.722121
vn -0.300237 -0.781718 -0.546603
vn -0.679292 -0.698418 -0.225331
vn -0.532560 -0.826316 0.183253
vn -0.004757 0.142407 -0.989797
vn -0.048301 0.140728 -0.988869
vn 0.046193 0.042946 -0.998009
vn 0.042800 0.055589 -0.997536
vn -0.000002 0.053989 -0.998542
vn -0.040227 0.039693 -0.998402
vn -0.040788 0.050991 -0.997866
vn -0.000003 0.053998 -0.998541
vn 0.042715 0.068180 -0.996758
vn -0.043105 0.063169 -0.997072
vn -0.000002 0.053993 -0.998541
vn 0.050597 0.028826 -0.998303
vn -0.000023 0.053886 -0.998547
vn -0.041815 0.028261 -0.998726
vn 0.047745 0.087610 -0.995010
vn -0.050499 0.081685 -0.995378
vn 0.000001 0.053982 -0.998542
vn -0.004653 0.032583 0.999458
vn 0.038549 0.037604 0.998549
vn -0.043870 -0.069226 0.996636
vn -0.041584 -0.056657 0.997527
vn 0.040870 -0.063792 0.997126
vn 0.040932 -0.052810 0.997765
vn 0.000002 -0.053996 0.998541
vn 0.000002 -0.053992 0.998541
vn -0.043050 -0.044707 0.998072
vn 0.042174 -0.040113 0.998305
vn 0.000000 -0.053989 0.998542
vn -0.050014 -0.026625 0.998394
vn 0.047461 -0.020707 0.998658
vn -0.000002 -0.053990 0.998542
vn -0.047851 -0.085060 0.995226
vn 0.044009 -0.074317 0.996263
vn 0.000062 -0.054150 0.998533
vn 0.936273 -0.085753 0.340646
vn 0.479171 -0.871124 0.107419
vn 0.442957 -0.874101 -0.199341
vn 0.967788 -0.037168 -0.249008
vn 0.644376 -0.088871 0.759528
vn 0.202956 -0.948721 0.242357
vn 0.210601 -0.095024 0.972943
vn 0.029092 -0.981484 0.189324
vn -0.257757 -0.129331 0.957515
vn -0.020643 -0.986750 0.160930
vn -0.677513 -0.173582 0.714735
vn -0.092806 -0.983036 0.158203
vn -0.954489 -0.187620 0.231838
vn -0.220827 -0.974736 0.033553
vn -0.927172 -0.123855 -0.353570
vn -0.238926 -0.958769 -0.153869
vn -0.634163 -0.016874 -0.773015
vn -0.125249 -0.951576 -0.280742
vn -0.191863 0.067977 -0.979065
vn -0.002825 -0.945736 -0.324923
vn 0.265926 0.084731 -0.960263
vn 0.092950 -0.936618 -0.337797
vn 0.679204 0.040928 -0.732808
vn 0.220930 -0.912826 -0.343421
vn -0.641678 0.013843 -0.766850
vn -0.194305 0.084235 -0.977318
vn -0.933940 -0.076665 -0.349113
vn -0.961059 -0.167697 0.219642
vn -0.680856 -0.218712 0.699000
vn -0.259665 -0.221061 0.940057
vn 0.215054 -0.187478 0.958438
vn 0.655816 -0.125022 0.744497
vn 0.943785 -0.044905 0.327496
vn 0.968073 0.040745 -0.247337
vn 0.681451 0.099158 -0.725116
vn 0.269708 0.112623 -0.956333
vn -0.643963 0.077161 -0.761156
vn -0.936159 -0.047620 -0.348337
vn -0.204803 0.161771 -0.965342
vn 0.246473 0.195448 -0.949237
vn 0.655346 0.179161 -0.733773
vn 0.958490 0.092862 -0.269582
vn 0.948645 -0.051744 0.312084
vn 0.660160 -0.183848 0.728278
vn 0.222088 -0.273820 0.935788
vn -0.240117 -0.309250 0.920168
vn -0.658927 -0.288651 0.694619
vn -0.955173 -0.195169 0.222606
vn -0.509176 -0.171523 -0.843397
vn -0.920076 -0.391723 0.003554
vn -0.997427 -0.071299 0.007531
vn -0.508257 0.010103 -0.861146
vn -0.967712 0.251498 0.016827
vn -0.506176 0.177335 -0.844001
vn -0.839958 0.541840 0.029674
vn -0.506986 0.369878 -0.778560
vn -0.631094 0.774586 0.041688
vn -0.483157 0.627579 -0.610495
vn -0.361281 0.931105 0.050196
vn -0.309116 0.824456 -0.474046
vn -0.054926 0.997034 0.053906
vn -0.043853 0.828056 -0.558928
vn 0.256821 0.965042 0.052326
vn 0.219994 0.854602 -0.470381
vn 0.542205 0.839009 0.045575
vn 0.417663 0.680766 -0.601760
vn 0.775371 0.630604 0.033739
vn 0.471358 0.426153 -0.772150
vn 0.934242 0.356282 0.015981
vn 0.486279 0.231232 -0.842653
vn 0.999179 0.039365 -0.009549
vn 0.487902 0.065401 -0.870445
vn 0.957276 -0.286280 -0.040831
vn 0.477844 -0.097560 -0.873010
vn 0.847123 -0.528362 -0.056719
vn 0.477375 -0.252200 -0.841729
vn 0.812737 -0.581916 -0.028863
vn 0.532540 -0.345911 -0.772494
vn -0.505071 -0.454400 -0.733774
vn -0.727268 -0.685208 -0.039624
vn -0.783283 -0.621643 -0.005393
vn -0.499152 -0.357534 -0.789314
vn -0.363000 -0.203766 0.909236
vn -0.386829 -0.077364 0.918901
vn -0.404416 0.056102 0.912853
vn -0.421236 0.225049 0.878586
vn -0.427167 0.484555 0.763371
vn -0.284616 0.700282 0.654675
vn -0.039288 0.676067 0.735792
vn 0.202537 0.727513 0.655518
vn 0.368918 0.531037 0.762823
vn 0.392966 0.272754 0.878170
vn 0.401199 0.103834 0.910087
vn 0.416184 -0.033246 0.908673
vn 0.436295 -0.179813 0.881654
vn 0.448688 -0.330638 0.830276
vn 0.467041 -0.388544 0.794296
vn -0.407172 -0.431093 0.805214
vn -0.350825 -0.324608 0.878380
vn -0.000003 0.054003 -0.998541
vn 0.000005 -0.053995 0.998541
vn 0.228042 -0.214763 0.949670
vn -0.241004 -0.249387 0.937935
vn -0.088720 -0.950508 0.297765
vn 0.135658 -0.945468 0.296122
vn 0.339447 -0.924176 0.175140
vn 0.673637 -0.105009 0.731565
vn 0.458069 -0.888233 -0.034859
vn 0.948848 0.046810 0.312245
vn 0.460057 -0.837774 -0.294077
vn 0.951699 0.198087 -0.234585
vn 0.333874 -0.791969 -0.511188
vn 0.666057 0.281479 -0.690751
vn 0.144204 -0.764389 -0.628423
vn 0.249769 0.293264 -0.922828
vn -0.078311 -0.765370 -0.638809
vn -0.218559 0.255788 -0.941703
vn -0.287868 -0.796643 -0.531500
vn -0.660055 0.175259 -0.730487
vn -0.417086 -0.849068 -0.324226
vn -0.947943 0.054993 -0.313656
vn -0.423299 -0.904520 -0.051591
vn -0.964481 -0.093853 0.246918
vn -0.287876 -0.940335 0.181379
vn -0.665727 -0.210941 0.715759
vn -0.941186 -0.208857 0.265606
vn -0.630345 -0.350229 0.692824
vn -0.227205 -0.968062 0.105988
vn -0.320169 -0.943180 -0.088902
vn -0.325114 -0.895574 -0.303725
vn -0.956537 0.008450 -0.291488
vn -0.227107 -0.397257 0.889162
vn -0.067633 -0.976691 0.203714
vn 0.208634 -0.373964 0.903672
vn 0.115299 -0.972179 0.203896
vn 0.636982 -0.276806 0.719466
vn 0.277219 -0.955818 0.097777
vn 0.938060 -0.107698 0.329310
vn 0.368985 -0.926645 -0.071969
vn 0.969233 0.108094 -0.221139
vn 0.361011 -0.890539 -0.276787
vn 0.667571 0.276210 -0.691417
vn 0.274102 -0.846640 -0.456145
vn 0.235696 0.336528 -0.911700
vn 0.121606 -0.824039 -0.553328
vn -0.234027 0.309259 -0.921732
vn -0.058827 -0.824010 -0.563513
vn -0.676577 0.193942 -0.710373
vn -0.224150 -0.853104 -0.471138
vn 0.032229 0.015553 -0.999359
vn 0.190295 0.022253 -0.981475
vn 0.049590 0.137287 -0.989289
vn 0.006288 0.058482 -0.998269
vn -0.077998 0.104914 -0.991418
vn -0.017048 0.036494 -0.999189
vn -0.579247 -0.317499 -0.750778
vn -0.839719 -0.527966 -0.126981
vn -0.623780 -0.424536 0.656253
vn -0.170018 -0.061979 0.983490
vn -0.024708 -0.081505 0.996367
vn -0.050002 0.045209 0.997725
vn -0.006576 -0.037483 0.999276
vn 0.075505 0.021734 0.996909
vn 0.016410 -0.052677 0.998477
vn 0.549716 -0.269520 0.790678
vn 0.897783 -0.434000 0.075027
vn 0.722436 -0.343305 -0.600190
vn 0.227680 0.801244 -0.553327
vn 0.059981 0.807184 -0.587245
vn -0.104277 0.765851 -0.634506
vn -0.509289 0.644948 -0.569795
vn -0.885431 0.426884 -0.183800
vn -0.767352 0.520524 0.374468
vn -0.351934 0.595439 0.722215
vn -0.136981 0.671495 0.728238
vn 0.047216 0.707131 0.705505
vn 0.343515 0.746062 0.570429
vn 0.667720 0.711683 0.218306
vn 0.580467 0.781485 -0.228778
vn -0.000002 -0.053996 0.998541
vn -0.000003 -0.053998 0.998541
vn -0.000000 -0.053995 0.998541
vn -0.000003 -0.053990 0.998542
vn 0.000002 -0.053989 0.998542
vn 0.000003 -0.053998 0.998541
vn -0.000003 -0.054001 0.998541
vn -0.000003 -0.053990 0.998541
vn 0.000004 -0.053989 0.998542
vn 0.000002 -0.053992 0.998541
vn -0.000001 -0.053989 0.998542
vn 0.000000 -0.053985 0.998542
vn 0.000003 -0.053980 0.998542
vn -0.000002 -0.053983 0.998542
vn 0.000006 -0.053984 0.998542
vn -0.000001 -0.053982 0.998542
vn -0.000001 -0.053980 0.998542
vn 0.000002 0.054009 -0.998540
vn 0.000006 0.054010 -0.998540
vn -0.000004 0.053987 -0.998542
vn -0.000010 0.053992 -0.998541
vn 0.000006 0.053987 -0.998542
vn -0.000002 0.053991 -0.998541
vn -0.000002 0.053996 -0.998541
vn 0.000003 0.053997 -0.998541
vn 0.000001 0.053987 -0.998542
vn -0.000000 0.053989 -0.998542
vn 0.000001 0.053989 -0.998542
vn -0.000002 0.053995 -0.998541
vn 0.000002 0.053990 -0.998542
vn -0.000002 0.053991 -0.998541
vn -0.000009 0.053988 -0.998542
vn 0.000001 0.053978 -0.998542
vn 0.000007 0.053979 -0.998542
vn -0.937693 0.115477 -0.327714
vn -0.965916 0.069800 0.249269
vn -0.561382 0.801689 0.205293
vn -0.577474 0.805429 -0.133448
vn -0.330982 0.885420 -0.326317
vn -0.647248 0.126057 -0.751784
vn -0.088805 0.938891 -0.332561
vn -0.211000 0.138771 -0.967585
vn 0.065109 0.954333 -0.291563
vn 0.258892 0.172648 -0.950351
vn 0.212516 0.949123 -0.232385
vn 0.678549 0.210967 -0.703608
vn 0.348147 0.936324 -0.045725
vn 0.949372 0.219865 -0.224394
vn 0.356789 0.916258 0.182135
vn 0.923563 0.158340 0.349227
vn 0.234321 0.903533 0.358779
vn 0.632997 0.059987 0.771827
vn 0.046753 0.891598 0.450408
vn 0.190141 -0.017376 0.981603
vn -0.136484 0.875876 0.462832
vn -0.272018 -0.034407 0.961677
vn -0.340324 0.842387 0.417807
vn -0.686328 0.002039 0.727289
vn 0.643293 -0.011192 0.765539
vn 0.195929 -0.080926 0.977273
vn 0.935117 0.079207 0.345374
vn 0.961827 0.168593 -0.215559
vn 0.686811 0.218969 -0.693068
vn 0.261744 0.221354 -0.939411
vn -0.216957 0.187763 -0.957953
vn -0.659508 0.125615 -0.741127
vn -0.946568 0.045797 -0.319235
vn -0.968429 -0.037828 0.246402
vn -0.687399 -0.095334 0.719995
vn -0.271659 -0.109173 0.956181
vn 0.938043 0.044189 0.343689
vn 0.646196 -0.080429 0.758922
vn 0.207393 -0.164858 0.964266
vn -0.247290 -0.198698 0.948350
vn -0.660525 -0.181646 0.728500
vn -0.958855 -0.096021 0.267166
vn -0.950786 0.045823 -0.306443
vn -0.662871 0.178394 -0.727171
vn -0.224011 0.268907 -0.936754
vn 0.241810 0.304329 -0.921364
vn 0.665055 0.282584 -0.691266
vn 0.956803 0.188950 -0.220967
vn -0.941202 0.030438 -0.336470
vn -0.297796 -0.885388 -0.356940
vn -0.260085 -0.949839 -0.173671
vn -0.957311 -0.189153 0.218577
vn -0.646712 0.208541 -0.733672
vn -0.222312 -0.819509 -0.528188
vn -0.216651 0.314345 -0.924257
vn -0.058250 -0.775337 -0.628856
vn 0.233184 0.339264 -0.911332
vn 0.134875 -0.761328 -0.634184
vn 0.649158 0.284045 -0.705629
vn 0.310366 -0.783488 -0.538349
vn 0.954617 0.129510 -0.268204
vn 0.413881 -0.842853 -0.343950
vn 0.954108 -0.088404 0.286117
vn 0.352554 -0.924914 -0.142267
vn 0.665591 -0.266777 0.697007
vn 0.219836 -0.974464 -0.045744
vn 0.224360 -0.373691 0.900010
vn 0.086701 -0.995787 -0.029868
vn -0.229019 -0.398954 0.887911
vn -0.018186 -0.998910 -0.042983
vn -0.647184 -0.346740 0.678914
vn -0.126223 -0.989139 -0.075317
vn 0.260030 -0.951713 -0.163177
vn 0.936010 -0.061383 0.346579
vn 0.961488 0.163024 -0.221279
vn 0.311675 -0.896764 -0.314122
vn 0.150559 -0.982204 -0.112280
vn 0.636813 -0.235539 0.734159
vn 0.065490 -0.992091 -0.107086
vn 0.210609 -0.337572 0.917436
vn 0.002581 -0.992412 -0.122932
vn -0.228830 -0.361719 0.903768
vn -0.065591 -0.988776 -0.134241
vn -0.633793 -0.310380 0.708499
vn -0.142406 -0.969863 -0.197702
vn -0.948381 -0.159433 0.274142
vn -0.216343 -0.920754 -0.324667
vn -0.953682 0.063546 -0.294028
vn -0.173692 -0.865575 -0.469693
vn -0.666058 0.242320 -0.705442
vn -0.044425 -0.818441 -0.572871
vn -0.222153 0.350393 -0.909875
vn 0.118889 -0.808288 -0.576659
vn 0.228947 0.375891 -0.897936
vn 0.262334 -0.829664 -0.492787
vn 0.642872 0.325078 -0.693570
s 1
g leg_up_right leg_up_right
usemtl head_plateSG
f 482/293/269 483/296/270 484/295/271 485/294/272
f 483/296/270 486/298/273 487/297/274 484/295/271
f 486/298/273 488/300/275 489/299/276 487/297/274
f 488/300/275 490/302/277 491/301/278 489/299/276
f 490/302/277 492/304/279 493/303/280 491/301/278
f 492/304/279 494/306/281 495/305/282 493/303/280
f 494/306/281 496/308/283 497/307/284 495/305/282
f 496/308/283 498/310/285 499/309/286 497/307/284
f 498/310/285 500/312/287 501/311/288 499/309/286
f 500/312/287 502/314/289 503/313/290 501/311/288
f 502/314/289 504/316/291 505/315/292 503/313/290
f 504/316/291 506/318/293 507/317/294 505/315/292
f 506/318/293 508/320/295 509/319/296 507/317/294
f 508/320/295 510/322/297 511/321/298 509/319/296
f 512/323/299 513/326/300 514/325/301 515/324/302
f 513/326/300 482/293/269 485/294/272 514/325/301
f 485/294/272 484/295/271 516/328/303 517/327/304
f 484/295/271 487/297/274 518/329/305 516/328/303
f 487/297/274 489/299/276 519/330/306 518/329/305
f 489/299/276 491/301/278 520/331/307 519/330/306
f 491/301/278 493/303/280 521/332/308 520/331/307
f 493/303/280 495/305/282 522/333/309 521/332/308
f 495/305/282 497/335/284 523/334/310 522/333/309
f 497/335/284 499/337/286 524/336/311 523/334/310
f 499/337/286 501/339/288 525/338/312 524/336/311
f 501/339/288 503/341/290 526/340/313 525/338/312
f 503/341/290 505/343/292 527/342/314 526/340/313
f 505/343/292 507/345/294 528/344/315 527/342/314
f 507/345/294 509/347/296 529/346/316 528/344/315
f 509/347/296 511/349/298 530/348/317 529/346/316
f 515/324/302 514/325/301 531/351/318 532/350/319
f 514/325/301 485/294/272 517/327/304 531/351/318
f 490/302/277 533/352/320 492/304/279
f 524/336/311 534/353/321 523/334/310
f 535/354/322 536/357/323 537/356/324 538/355/325
f 536/357/323 535/354/322 539/359/326 540/358/327
f 540/358/327 539/359/326 541/361/328 542/360/329
f 542/362/329 541/365/328 543/364/330 544/363/331
f 544/363/331 543/364/330 545/367/332 546/366/333
f 546/366/333 545/367/332 547/369/334 548/368/335
f 548/368/335 547/369/334 549/371/336 550/370/337
f 550/370/337 549/371/336 551/373/338 552/372/339
f 552/372/339 551/373/338 553/375/340 554/374/341
f 554/374/341 553/375/340 555/377/342 556/376/343
f 556/376/343 555/377/342 557/379/344 558/378/345
f 558/378/345 557/379/344 538/355/325 537/356/324
f 559/380/346 560/383/347 561/382/348 562/381/349
f 560/383/347 559/380/346 563/385/350 564/384/351
f 562/381/349 561/382/348 565/387/352 566/386/353
f 566/386/353 565/387/352 567/389/354 568/388/355
f 568/388/355 567/389/354 569/391/356 570/390/357
f 570/390/357 569/391/356 571/393/358 572/392/359
f 572/394/359 571/397/358 573/396/360 574/395/361
f 574/395/361 573/396/360 575/399/362 576/398/363
f 576/398/363 575/399/362 577/401/364 578/400/365
f 578/400/365 577/401/364 579/403/366 580/402/367
f 580/402/367 579/403/366 581/405/368 582/404/369
f 582/404/369 581/405/368 564/384/351 563/385/350
f 561/382/348 560/383/347 556/376/343 558/378/345
f 565/387/352 561/382/348 558/378/345 537/356/324
f 567/389/354 565/387/352 537/356/324 536/357/323
f 569/391/356 567/389/354 536/357/323 540/358/327
f 571/393/358 569/391/356 540/358/327 542/360/329
f 573/396/360 571/397/358 542/362/329 544/363/331
f 575/399/362 573/396/360 544/363/331 546/366/333
f 577/401/364 575/399/362 546/366/333 548/368/335
f 579/403/366 577/401/364 548/368/335 550/370/337
f 581/405/368 579/403/366 550/370/337 552/372/339
f 564/384/351 581/405/368 552/372/339 554/374/341
f 560/383/347 564/384/351 554/374/341 556/376/343
f 583/406/370 584/409/371 585/408/372 586/407/373
f 584/409/371 587/411/374 588/410/375 585/408/372
f 587/411/374 512/323/299 589/412/376 588/410/375
f 512/323/299 515/324/302 590/413/377 589/412/376
f 515/324/302 532/350/319 591/414/378 590/413/377
f 532/350/319 592/416/379 593/415/380 591/414/378
f 592/416/379 594/418/381 595/417/382 593/415/380
f 594/418/381 596/420/383 597/419/384 595/417/382
f 596/420/383 530/348/317 598/421/385 597/419/384
f 530/348/317 511/349/298 599/422/386 598/421/385
f 511/321/298 510/322/297 600/424/387 599/423/386
f 510/322/297 583/406/370 586/407/373 600/424/387
f 586/407/373 585/408/372 601/426/388 602/425/389
f 585/408/372 588/410/375 603/427/390 601/426/388
f 588/410/375 589/412/376 604/428/391 603/427/390
f 589/412/376 590/413/377 605/429/392 604/428/391
f 590/413/377 591/414/378 606/430/393 605/429/392
f 591/414/378 593/415/380 607/431/394 606/430/393
f 593/415/380 595/417/382 608/432/395 607/431/394
f 595/417/382 597/419/384 609/433/396 608/432/395
f 597/419/384 598/421/385 610/434/397 609/433/396
f 598/421/385 599/422/386 611/435/398 610/434/397
f 599/423/386 600/424/387 612/437/399 611/436/398
f 600/424/387 586/407/373 602/425/389 612/437/399
f 613/438/400 614/439/401 521/332/308 522/333/309
f 528/344/315 615/441/402 616/440/403 527/342/314
f 617/442/404 618/445/405 619/444/406 620/443/407
f 527/342/314 616/440/403 621/446/408 526/340/313
f 620/443/407 619/444/406 622/448/409 623/447/410
f 529/346/316 624/449/411 615/441/402 528/344/315
f 625/450/412 626/451/413 618/445/405 617/442/404
f 526/340/313 621/446/408 627/452/414 525/338/312
f 623/447/410 622/448/409 628/454/415 629/453/416
f 624/449/411 625/450/412 617/442/404 615/441/402
f 616/440/403 615/441/402 617/442/404 620/443/407
f 621/446/408 616/440/403 620/443/407 623/447/410
f 627/452/414 621/446/408 623/447/410 629/453/416
f 523/334/310 534/353/321 613/438/400 522/333/309
f 525/338/312 627/452/414 534/353/321 524/336/311
f 613/438/400 534/353/321 627/452/414 629/453/416
f 629/453/416 628/454/415 614/439/401 613/438/400
f 531/351/318 517/327/304 618/445/405 626/451/413
f 619/444/406 618/445/405 517/327/304 516/328/303
f 622/448/409 619/444/406 516/328/303 518/329/305
f 628/454/415 622/448/409 518/329/305 519/330/306
f 614/439/401 628/454/415 519/330/306 520/331/307
f 521/332/308 614/439/401 520/331/307
f 596/420/383 624/449/411 529/346/316 530/348/317
f 594/418/381 625/450/412 624/449/411 596/420/383
f 592/416/379 626/451/413 625/450/412 594/418/381
f 531/351/318 626/451/413 592/416/379 532/350/319
f 494/306/281 630/456/417 631/455/418 496/308/283
f 482/293/269 632/458/419 633/457/420 483/296/270
f 634/459/421 635/462/422 636/461/423 637/460/424
f 483/296/270 633/457/420 638/463/425 486/298/273
f 635/462/422 639/465/426 640/464/427 636/461/423
f 486/298/273 638/463/425 641/466/428 488/300/275
f 639/465/426 642/468/429 643/467/430 640/464/427
f 488/300/275 641/466/428 533/352/320 490/302/277
f 642/468/429 631/455/418 630/456/417 643/467/430
f 512/323/299 587/411/374 644/469/431 513/326/300
f 583/406/370 645/471/432 646/470/433 584/409/371
f 645/471/432 634/459/421 637/460/424 646/470/433
f 513/326/300 644/469/431 632/458/419 482/293/269
f 644/469/431 587/411/374 584/409/371 646/470/433
f 632/458/419 644/469/431 646/470/433 637/460/424
f 633/457/420 632/458/419 637/460/424 636/461/423
f 638/463/425 633/457/420 636/461/423 640/464/427
f 641/466/428 638/463/425 640/464/427 643/467/430
f 533/352/320 641/466/428 643/467/430 630/456/417
f 492/304/279 533/352/320 630/456/417 494/306/281
f 508/320/295 645/471/432 583/406/370 510/322/297
f 506/318/293 634/459/421 645/471/432 508/320/295
f 504/316/291 635/462/422 634/459/421 506/318/293
f 502/314/289 639/465/426 635/462/422 504/316/291
f 500/312/287 642/468/429 639/465/426 502/314/289
f 498/310/285 631/455/418 642/468/429 500/312/287
f 496/308/283 631/455/418 498/310/285
f 647/472/434 648/475/435 649/474/436 650/473/437
f 648/475/435 647/472/434 651/477/438 652/476/439
f 652/476/439 651/477/438 653/479/440 654/478/441
f 654/478/441 653/479/440 655/481/442 656/480/443
f 656/480/443 655/481/442 657/483/444 658/482/445
f 658/482/445 657/483/444 659/485/446 660/484/447
f 660/484/447 659/485/446 661/487/448 662/486/449
f 662/488/449 661/491/448 663/490/450 664/489/451
f 664/489/451 663/490/450 665/493/452 666/492/453
f 666/492/453 665/493/452 667/495/454 668/494/455
f 668/494/455 667/495/454 669/497/456 670/496/457
f 670/496/457 669/497/456 650/473/437 649/474/436
f 671/498/458 672/499/459 665/493/452 663/490/450
f 673/500/460 671/498/458 663/490/450 661/491/448
f 674/501/461 673/502/460 661/487/448 659/485/446
f 675/503/462 674/501/461 659/485/446 657/483/444
f 676/504/463 675/503/462 657/483/444 655/481/442
f 677/505/464 676/504/463 655/481/442 653/479/440
f 678/506/465 677/505/464 653/479/440 651/477/438
f 679/507/466 678/506/465 651/477/438 647/472/434
f 680/508/467 679/507/466 647/472/434 650/473/437
f 681/509/468 680/508/467 650/473/437 669/497/456
f 682/510/469 681/509/468 669/497/456 667/495/454
f 672/499/459 682/510/469 667/495/454 665/493/452
f 602/425/389 601/426/388 656/480/443 658/482/445
f 601/426/388 603/427/390 654/478/441 656/480/443
f 603/427/390 604/428/391 652/476/439 654/478/441
f 604/428/391 605/429/392 648/475/435 652/476/439
f 605/429/392 606/430/393 649/474/436 648/475/435
f 606/430/393 607/431/394 670/496/457 649/474/436
f 607/431/394 608/432/395 668/494/455 670/496/457
f 608/432/395 609/433/396 666/492/453 668/494/455
f 609/433/396 610/434/397 664/489/451 666/492/453
f 610/434/397 611/435/398 662/488/449 664/489/451
f 611/436/398 612/437/399 660/484/447 662/486/449
f 612/437/399 602/425/389 658/482/445 660/484/447
f 541/361/328 539/359/326 683/512/470 684/511/471
f 539/359/326 535/354/322 685/513/472 683/512/470
f 535/354/322 538/355/325 686/514/473 685/513/472
f 538/355/325 557/379/344 687/515/474 686/514/473
f 557/379/344 555/377/342 688/516/475 687/515/474
f 555/377/342 553/375/340 689/517/476 688/516/475
f 553/375/340 551/373/338 690/518/477 689/517/476
f 551/373/338 549/371/336 691/519/478 690/518/477
f 549/371/336 547/369/334 692/520/479 691/519/478
f 547/369/334 545/367/332 693/521/480 692/520/479
f 545/367/332 543/364/330 694/522/481 693/521/480
f 543/364/330 541/365/328 684/523/471 694/522/481
f 688/516/475 689/517/476 679/507/466 680/508/467
f 689/517/476 690/518/477 678/506/465 679/507/466
f 690/518/477 691/519/478 677/505/464 678/506/465
f 691/519/478 692/520/479 676/504/463 677/505/464
f 692/520/479 693/521/480 675/503/462 676/504/463
f 693/521/480 694/522/481 674/501/461 675/503/462
f 694/522/481 684/523/471 673/502/460 674/501/461
f 684/511/471 683/512/470 671/498/458 673/500/460
f 683/512/470 685/513/472 672/499/459 671/498/458
f 685/513/472 686/514/473 682/510/469 672/499/459
f 686/514/473 687/515/474 681/509/468 682/510/469
f 687/515/474 688/516/475 680/508/467 681/509/468
f 269/524/482 289/527/483 290/526/484 270/525/485
f 270/525/485 290/526/484 291/529/486 271/528/487
f 271/528/487 291/529/486 292/531/488 272/530/489
f 272/530/489 292/531/488 293/533/490 273/532/491
f 273/532/491 293/533/490 294/535/492 274/534/493
f 274/534/493 294/535/492 295/537/494 275/536/495
f 275/536/495 295/537/494 296/539/496 276/538/497
f 276/538/497 296/539/496 297/541/498 277/540/499
f 277/540/499 297/541/498 298/543/500 278/542/501
f 278/542/501 298/543/500 299/545/502 279/544/503
f 279/544/503 299/545/502 300/547/504 280/546/505
f 280/546/505 300/547/504 301/549/506 281/548/507
f 281/548/507 301/549/506 302/551/508 282/550/509
f 282/550/509 302/551/508 303/553/510 283/552/511
f 287/554/512 304/557/513 305/556/514 288/555/515
f 288/555/515 305/556/514 289/527/483 269/524/482
f 289/527/483 306/559/516 307/558/517 290/526/484
f 290/526/484 307/558/517 308/560/518 291/529/486
f 291/529/486 308/560/518 309/561/519 292/531/488
f 292/531/488 309/561/519 310/562/520 293/533/490
f 293/533/490 310/562/520 311/563/521 294/535/492
f 294/535/492 311/563/521 312/564/522 295/537/494
f 295/537/494 312/564/522 313/566/523 296/565/496
f 296/565/496 313/566/523 314/568/524 297/567/498
f 297/567/498 314/568/524 315/570/525 298/569/500
f 298/569/500 315/570/525 316/572/526 299/571/502
f 299/571/502 316/572/526 317/574/527 300/573/504
f 300/573/504 317/574/527 318/576/528 301/575/506
f 301/575/506 318/576/528 319/578/529 302/577/508
f 302/577/508 319/578/529 320/580/530 303/579/510
f 304/557/513 324/582/531 325/581/532 305/556/514
f 305/556/514 325/581/532 306/559/516 289/527/483
f 273/532/491 274/534/493 427/583/533
f 314/568/524 313/566/523 406/584/534
f 326/585/535 348/588/536 349/587/537 327/586/538
f 327/586/538 329/590/539 328/589/540 326/585/535
f 329/590/539 331/592/541 330/591/542 328/589/540
f 331/593/541 333/596/543 332/595/544 330/594/542
f 333/596/543 335/598/545 334/597/546 332/595/544
f 335/598/545 337/600/547 336/599/548 334/597/546
f 337/600/547 339/602/549 338/601/550 336/599/548
f 339/602/549 341/604/551 340/603/552 338/601/550
f 341/604/551 343/606/553 342/605/554 340/603/552
f 343/606/553 345/608/555 344/607/556 342/605/554
f 345/608/555 347/610/557 346/609/558 344/607/556
f 347/610/557 349/587/537 348/588/536 346/609/558
f 350/611/559 352/614/560 353/613/561 351/612/562
f 351/612/562 373/616/563 372/615/564 350/611/559
f 352/614/560 354/618/565 355/617/566 353/613/561
f 354/618/565 356/620/567 357/619/568 355/617/566
f 356/620/567 358/622/569 359/621/570 357/619/568
f 358/622/569 360/624/571 361/623/572 359/621/570
f 360/625/571 362/628/573 363/627/574 361/626/572
f 362/628/573 364/630/575 365/629/576 363/627/574
f 364/630/575 366/632/577 367/631/578 365/629/576
f 366/632/577 368/634/579 369/633/580 367/631/578
f 368/634/579 370/636/581 371/635/582 369/633/580
f 370/636/581 372/615/564 373/616/563 371/635/582
f 353/613/561 347/610/557 345/608/555 351/612/562
f 355/617/566 349/587/537 347/610/557 353/613/561
f 357/619/568 327/586/538 349/587/537 355/617/566
f 359/621/570 329/590/539 327/586/538 357/619/568
f 361/623/572 331/592/541 329/590/539 359/621/570
f 363/627/574 333/596/543 331/593/541 361/626/572
f 365/629/576 335/598/545 333/596/543 363/627/574
f 367/631/578 337/600/547 335/598/545 365/629/576
f 369/633/580 339/602/549 337/600/547 367/631/578
f 371/635/582 341/604/551 339/602/549 369/633/580
f 373/616/563 343/606/553 341/604/551 371/635/582
f 351/612/562 345/608/555 343/606/553 373/616/563
f 284/637/583 374/640/584 375/639/585 285/638/586
f 285/638/586 375/639/585 376/642/587 286/641/588
f 286/641/588 376/642/587 377/643/589 287/554/512
f 287/554/512 377/643/589 378/644/590 304/557/513
f 304/557/513 378/644/590 379/645/591 324/582/531
f 324/582/531 379/645/591 380/647/592 323/646/593
f 323/646/593 380/647/592 381/649/594 322/648/595
f 322/648/595 381/649/594 382/651/596 321/650/597
f 321/650/597 382/651/596 383/652/598 320/580/530
f 320/580/530 383/652/598 384/653/599 303/579/510
f 303/553/510 384/655/599 385/654/600 283/552/511
f 283/552/511 385/654/600 374/640/584 284/637/583
f 374/640/584 386/657/601 387/656/602 375/639/585
f 375/639/585 387/656/602 388/658/603 376/642/587
f 376/642/587 388/658/603 389/659/604 377/643/589
f 377/643/589 389/659/604 390/660/605 378/644/590
f 378/644/590 390/660/605 391/661/606 379/645/591
f 379/645/591 391/661/606 392/662/607 380/647/592
f 380/647/592 392/662/607 393/663/608 381/649/594
f 381/649/594 393/663/608 394/664/609 382/651/596
f 382/651/596 394/664/609 395/665/610 383/652/598
f 383/652/598 395/665/610 396/666/611 384/653/599
f 384/655/599 396/668/611 397/667/612 385/654/600
f 385/654/600 397/667/612 386/657/601 374/640/584
f 407/669/613 312/564/522 311/563/521 412/670/614
f 318/576/528 317/574/527 403/672/615 402/671/616
f 400/673/617 398/676/618 409/675/619 408/674/620
f 317/574/527 316/572/526 404/677/621 403/672/615
f 398/676/618 399/679/622 410/678/623 409/675/619
f 319/578/529 318/576/528 402/671/616 413/680/624
f 414/681/625 400/673/617 408/674/620 415/682/626
f 316/572/526 315/570/525 405/683/627 404/677/621
f 399/679/622 401/685/628 411/684/629 410/678/623
f 413/680/624 402/671/616 400/673/617 414/681/625
f 403/672/615 398/676/618 400/673/617 402/671/616
f 404/677/621 399/679/622 398/676/618 403/672/615
f 405/683/627 401/685/628 399/679/622 404/677/621
f 313/566/523 312/564/522 407/669/613 406/584/534
f 315/570/525 314/568/524 406/584/534 405/683/627
f 407/669/613 401/685/628 405/683/627 406/584/534
f 401/685/628 407/669/613 412/670/614 411/684/629
f 325/581/532 415/682/626 408/674/620 306/559/516
f 409/675/619 307/558/517 306/559/516 408/674/620
f 410/678/623 308/560/518 307/558/517 409/675/619
f 411/684/629 309/561/519 308/560/518 410/678/623
f 412/670/614 310/562/520 309/561/519 411/684/629
f 311/563/521 310/562/520 412/670/614
f 321/650/597 320/580/530 319/578/529 413/680/624
f 322/648/595 321/650/597 413/680/624 414/681/625
f 323/646/593 322/648/595 414/681/625 415/682/626
f 325/581/532 324/582/531 323/646/593 415/682/626
f 275/536/495 276/538/497 433/687/630 419/686/631
f 269/524/482 270/525/485 424/689/632 423/688/633
f 429/690/634 420/693/635 416/692/636 430/691/637
f 270/525/485 271/528/487 425/694/638 424/689/632
f 430/691/637 416/692/636 417/696/639 431/695/640
f 271/528/487 272/530/489 426/697/641 425/694/638
f 431/695/640 417/696/639 418/699/642 432/698/643
f 272/530/489 273/532/491 427/583/533 426/697/641
f 432/698/643 418/699/642 419/686/631 433/687/630
f 287/554/512 288/555/515 422/700/644 286/641/588
f 284/637/583 285/638/586 421/702/645 428/701/646
f 428/701/646 421/702/645 420/693/635 429/690/634
f 288/555/515 269/524/482 423/688/633 422/700/644
f 422/700/644 421/702/645 285/638/586 286/641/588
f 423/688/633 420/693/635 421/702/645 422/700/644
f 424/689/632 416/692/636 420/693/635 423/688/633
f 425/694/638 417/696/639 416/692/636 424/689/632
f 426/697/641 418/699/642 417/696/639 425/694/638
f 427/583/533 419/686/631 418/699/642 426/697/641
f 274/534/493 275/536/495 419/686/631 427/583/533
f 282/550/509 283/552/511 284/637/583 428/701/646
f 281/548/507 282/550/509 428/701/646 429/690/634
f 280/546/505 281/548/507 429/690/634 430/691/637
f 279/544/503 280/546/505 430/691/637 431/695/640
f 278/542/501 279/544/503 431/695/640 432/698/643
f 277/540/499 278/542/501 432/698/643 433/687/630
f 276/538/497 277/540/499 433/687/630
f 434/703/647 456/706/648 457/705/649 435/704/650
f 435/704/650 437/708/651 436/707/652 434/703/647
f 437/708/651 439/710/653 438/709/654 436/707/652
f 439/710/653 441/712/655 440/711/656 438/709/654
f 441/712/655 443/714/657 442/713/658 440/711/656
f 443/714/657 445/716/659 444/715/660 442/713/658
f 445/716/659 447/718/661 446/717/662 444/715/660
f 447/719/661 449/722/663 448/721/664 446/720/662
f 449/722/663 451/724/665 450/723/666 448/721/664
f 451/724/665 453/726/667 452/725/668 450/723/666
f 453/726/667 455/728/669 454/727/670 452/725/668
f 455/728/669 457/705/649 456/706/648 454/727/670
f 478/729/671 448/721/664 450/723/666 479/730/672
f 477/731/673 446/720/662 448/721/664 478/729/671
f 476/732/674 444/715/660 446/717/662 477/733/673
f 475/734/675 442/713/658 444/715/660 476/732/674
f 474/735/676 440/711/656 442/713/658 475/734/675
f 473/736/677 438/709/654 440/711/656 474/735/676
f 472/737/678 436/707/652 438/709/654 473/736/677
f 471/738/679 434/703/647 436/707/652 472/737/678
f 470/739/680 456/706/648 434/703/647 471/738/679
f 481/740/681 454/727/670 456/706/648 470/739/680
f 480/741/682 452/725/668 454/727/670 481/740/681
f 479/730/672 450/723/666 452/725/668 480/741/682
f 386/657/601 443/714/657 441/712/655 387/656/602
f 387/656/602 441/712/655 439/710/653 388/658/603
f 388/658/603 439/710/653 437/708/651 389/659/604
f 389/659/604 437/708/651 435/704/650 390/660/605
f 390/660/605 435/704/650 457/705/649 391/661/606
f 391/661/606 457/705/649 455/728/669 392/662/607
f 392/662/607 455/728/669 453/726/667 393/663/608
f 393/663/608 453/726/667 451/724/665 394/664/609
f 394/664/609 451/724/665 449/722/663 395/665/610
f 395/665/610 449/722/663 447/719/661 396/666/611
f 396/668/611 447/718/661 445/716/659 397/667/612
f 397/667/612 445/716/659 443/714/657 386/657/601
f 330/591/542 458/743/683 459/742/684 328/589/540
f 328/589/540 459/742/684 460/744/685 326/585/535
f 326/585/535 460/744/685 461/745/686 348/588/536
f 348/588/536 461/745/686 462/746/687 346/609/558
f 346/609/558 462/746/687 463/747/688 344/607/556
f 344/607/556 463/747/688 464/748/689 342/605/554
f 342/605/554 464/748/689 465/749/690 340/603/552
f 340/603/552 465/749/690 466/750/691 338/601/550
f 338/601/550 466/750/691 467/751/692 336/599/548
f 336/599/548 467/751/692 468/752/693 334/597/546
f 334/597/546 468/752/693 469/753/694 332/595/544
f 332/595/544 469/753/694 458/754/683 330/594/542
f 463/747/688 470/739/680 471/738/679 464/748/689
f 464/748/689 471/738/679 472/737/678 465/749/690
f 465/749/690 472/737/678 473/736/677 466/750/691
f 466/750/691 473/736/677 474/735/676 467/751/692
f 467/751/692 474/735/676 475/734/675 468/752/693
f 468/752/693 475/734/675 476/732/674 469/753/694
f 469/753/694 476/732/674 477/733/673 458/754/683
f 458/743/683 477/731/673 478/729/671 459/742/684
f 459/742/684 478/729/671 479/730/672 460/744/685
f 460/744/685 479/730/672 480/741/682 461/745/686
f 461/745/686 480/741/682 481/740/681 462/746/687
f 462/746/687 481/740/681 470/739/680 463/747/688
f 695/755/695 696/758/696 718/757/697 717/756/698
f 696/758/696 695/755/695 697/760/699 698/759/700
f 698/759/700 697/760/699 699/762/701 700/761/702
f 700/761/702 699/762/701 701/764/703 702/763/704
f 702/763/704 701/764/703 703/766/705 704/765/706
f 704/765/706 703/766/705 705/768/707 706/767/708
f 706/767/708 705/768/707 707/770/709 708/769/710
f 708/771/710 707/774/709 709/773/711 710/772/712
f 710/772/712 709/773/711 711/776/713 712/775/714
f 712/775/714 711/776/713 713/778/715 714/777/716
f 714/777/716 713/778/715 715/780/717 716/779/718
f 716/779/718 715/780/717 717/756/698 718/757/697
f 719/781/719 720/784/720 741/783/721 742/782/722
f 720/784/720 719/781/719 722/786/723 721/785/724
f 721/785/724 722/786/723 724/788/725 723/787/726
f 723/787/726 724/788/725 726/790/727 725/789/728
f 725/789/728 726/790/727 728/792/729 727/791/730
f 727/791/730 728/792/729 730/794/731 729/793/732
f 729/793/732 730/794/731 732/796/733 731/795/734
f 731/797/734 732/800/733 734/799/735 733/798/736
f 733/798/736 734/799/735 736/802/737 735/801/738
f 735/801/738 736/802/737 738/804/739 737/803/740
f 737/803/740 738/804/739 740/806/741 739/805/742
f 739/805/742 740/806/741 742/782/722 741/783/721
f 720/807/720 721/808/724 582/404/369 563/385/350
f 721/808/724 723/809/726 580/402/367 582/404/369
f 723/809/726 725/810/728 578/400/365 580/402/367
f 725/810/728 727/811/730 576/398/363 578/400/365
f 727/811/730 729/812/732 574/395/361 576/398/363
f 729/812/732 731/813/734 572/394/359 574/395/361
f 731/814/734 733/815/736 570/390/357 572/392/359
f 733/815/736 735/816/738 568/388/355 570/390/357
f 735/816/738 737/817/740 566/386/353 568/388/355
f 737/817/740 739/818/742 562/381/349 566/386/353
f 739/818/742 741/819/721 559/380/346 562/381/349
f 741/819/721 720/807/720 563/385/350 559/380/346
f 695/755/695 372/615/564 370/636/581 697/760/699
f 697/760/699 370/636/581 368/634/579 699/762/701
f 699/762/701 368/634/579 366/632/577 701/764/703
f 701/764/703 366/632/577 364/630/575 703/766/705
f 703/766/705 364/630/575 362/628/573 705/768/707
f 705/768/707 362/628/573 360/625/571 707/770/709
f 707/774/709 360/624/571 358/622/569 709/773/711
f 709/773/711 358/622/569 356/620/567 711/776/713
f 711/776/713 356/620/567 354/618/565 713/778/715
f 713/778/715 354/618/565 352/614/560 715/780/717
f 715/780/717 352/614/560 350/611/559 717/756/698
f 717/756/698 350/611/559 372/615/564 695/755/695
f 696/758/696 698/759/700 722/786/723 719/781/719
f 698/759/700 700/761/702 724/788/725 722/786/723
f 700/761/702 702/763/704 726/790/727 724/788/725
f 702/763/704 704/765/706 728/792/729 726/790/727
f 704/765/706 706/767/708 730/794/731 728/792/729
f 706/767/708 708/769/710 732/796/733 730/794/731
f 708/771/710 710/772/712 734/799/735 732/800/733
f 710/772/712 712/775/714 736/802/737 734/799/735
f 712/775/714 714/777/716 738/804/739 736/802/737
f 714/777/716 716/779/718 740/806/741 738/804/739
f 716/779/718 718/757/697 742/782/722 740/806/741
f 718/757/697 696/758/696 719/781/719 742/782/722
g default
v 0.038049 -0.010357 0.014068
v 0.038049 -0.011597 0.036606
v 0.009750 0.037720 0.016623
v 0.009750 0.036480 0.039162
v -0.038397 0.009463 0.015122
v -0.038397 0.008223 0.037660
v -0.010099 -0.038614 0.012567
v -0.010099 -0.039854 0.035105
v -0.018045 0.029986 0.014930
v -0.012710 -0.048922 0.016892
v -0.030581 -0.018222 0.012368
v 0.017697 -0.032330 0.040621
v 0.017697 -0.030739 0.011703
v 0.048104 -0.013231 0.018789
v 0.012361 0.047493 0.022016
v 0.030233 0.017468 0.014265
v -0.018045 0.028395 0.043848
v -0.048452 0.011802 0.020119
v 0.041353 0.023657 0.020749
v -0.024581 0.040752 0.021657
v -0.041701 -0.025086 0.018159
v 0.024233 -0.042181 0.017250
v -0.000174 -0.000253 0.011073
v 0.045005 0.005243 0.016647
v 0.045005 0.004482 0.030477
v 0.026868 0.035295 0.032115
v 0.026868 0.036056 0.018285
v -0.005968 0.044570 0.018737
v -0.005968 0.043809 0.032567
v -0.036827 0.025699 0.031605
v -0.036827 0.026460 0.017775
v -0.045353 -0.006329 0.016032
v -0.045353 -0.007090 0.029862
v -0.027216 -0.037903 0.028225
v -0.027216 -0.037142 0.014395
v 0.005621 -0.045656 0.013942
v 0.005621 -0.046417 0.027772
v 0.036479 -0.028306 0.028734
v 0.036479 -0.027546 0.014905
v 0.024323 -0.008572 0.046492
v -0.006535 -0.026682 0.045529
v -0.024672 0.004131 0.047166
v 0.006187 0.022241 0.048129
v -0.006535 -0.024775 0.010865
v 0.024323 -0.006665 0.011828
v 0.006187 0.024148 0.013465
v -0.024672 0.006038 0.012503
v 0.048306 0.005466 0.019782
v 0.028819 0.038573 0.021542
v 0.038563 0.022204 0.017316
v -0.006363 0.047695 0.022026
v -0.022941 0.037325 0.033150
v -0.039519 0.028236 0.020992
v -0.022941 0.038150 0.018163
v -0.048654 -0.006895 0.019125
v -0.029167 -0.040002 0.017366
v -0.038911 -0.023264 0.014900
v 0.006015 -0.049124 0.016881
v 0.022593 -0.040035 0.029039
v 0.039171 -0.029665 0.017915
v 0.022593 -0.039211 0.014052
v 0.009570 -0.018890 0.048065
v -0.009918 0.014217 0.049824
v 0.009570 -0.016838 0.010756
v 0.016404 0.009445 0.012153
v -0.009918 0.016270 0.012515
v -0.016752 -0.010014 0.011119
v 0.044781 -0.012212 0.015952
v 0.044781 -0.012909 0.028624
v 0.036532 0.000483 0.040674
v 0.019746 0.029001 0.042189
v 0.011498 0.043637 0.031629
v 0.011498 0.044334 0.018957
v 0.019746 0.030476 0.015380
v 0.036532 0.001957 0.013865
v -0.002536 0.034778 0.042497
v -0.031096 0.018017 0.041606
v -0.045129 0.010403 0.029863
v -0.045129 0.011100 0.017191
v -0.031096 0.019492 0.014797
v -0.002536 0.036253 0.015687
v -0.036881 -0.004233 0.040424
v -0.020095 -0.032751 0.038908
v -0.011847 -0.046143 0.026858
v -0.011847 -0.045445 0.014186
v -0.020095 -0.031276 0.012099
v -0.036881 -0.002758 0.013614
v 0.002187 -0.038528 0.038601
v 0.030747 -0.021767 0.039492
v 0.030747 -0.020292 0.012682
v 0.002187 -0.037053 0.011792
v 0.039188 0.026233 0.020886
v 0.036543 0.023782 0.032271
v 0.028422 0.018144 0.043011
v 0.014639 0.009957 0.049231
v -0.001857 0.000420 0.050956
v -0.018120 -0.009269 0.048210
v -0.031669 -0.017122 0.041137
v -0.040023 -0.021153 0.029883
v -0.042902 -0.021945 0.018326
v -0.040023 -0.020340 0.015095
v -0.031669 -0.015552 0.012583
v -0.018120 -0.007242 0.011358
v -0.001857 0.002600 0.011322
v 0.014639 0.011984 0.012379
v 0.028422 0.019715 0.014457
v 0.036543 0.024596 0.017483
v 0.039675 0.019275 0.017200
v 0.031321 0.014790 0.014196
v 0.017771 0.006663 0.012097
v 0.001508 -0.003117 0.011018
v -0.014988 -0.012563 0.011075
v -0.028770 -0.020476 0.012322
v -0.036891 -0.025661 0.014813
v -0.039537 -0.027662 0.018022
v -0.036891 -0.026475 0.029600
v -0.028770 -0.022047 0.040875
v -0.014988 -0.014590 0.047927
v 0.001508 -0.005298 0.050652
v 0.017771 0.004636 0.048949
v 0.031321 0.013219 0.042749
v 0.039675 0.018461 0.031988
v 0.042553 0.020516 0.020582
v 0.035665 0.019728 0.031312
v 0.038349 0.021920 0.020184
v 0.034064 0.021625 0.031283
v 0.036496 0.023968 0.020293
v 0.028036 0.014686 0.041345
v 0.026673 0.016422 0.041228
v 0.015319 0.006885 0.047083
v 0.013923 0.008911 0.046902
v -0.000174 -0.002323 0.048690
v -0.001546 0.000025 0.048497
v -0.015667 -0.011301 0.046117
v -0.016747 -0.009089 0.045946
v -0.028385 -0.018427 0.039586
v -0.029230 -0.016387 0.039485
v -0.036888 -0.020015 0.029070
v -0.036013 -0.022339 0.029076
v -0.039587 -0.020684 0.017920
v -0.038697 -0.023297 0.017781
v -0.034412 -0.024222 0.028846
v -0.036844 -0.025344 0.017672
v -0.027021 -0.020140 0.039285
v -0.014271 -0.013296 0.045722
v 0.001198 -0.004636 0.048249
v 0.016399 0.004704 0.046679
v 0.028882 0.012669 0.041029
v 0.036540 0.017419 0.031059
v 0.039239 0.019307 0.020045
vt 0.015921 0.491606
vt 0.013995 0.491809
vt 0.014637 0.487147
vt 0.016837 0.488416
vt 0.012796 0.624835
vt 0.013701 0.624569
vt 0.015906 0.628944
vt 0.015207 0.629564
vt 0.019209 0.631866
vt 0.018644 0.632652
vt 0.016620 0.483622
vt 0.018727 0.485236
vt 0.015722 0.623981
vt 0.017714 0.627471
vt 0.017785 0.623414
vt 0.019646 0.625393
vt 0.021963 0.627108
vt 0.020309 0.629501
vt 0.021075 0.632927
vt 0.022544 0.630772
vt 0.025614 0.631966
vt 0.025273 0.634274
vt 0.023755 0.628129
vt 0.026413 0.629245
vt 0.029064 0.629837
vt 0.029631 0.631900
vt 0.030156 0.633938
vt 0.019688 0.484047
vt 0.017670 0.482324
vt 0.020702 0.479648
vt 0.022404 0.481535
vt 0.020691 0.633814
vt 0.025097 0.635191
vt 0.030389 0.634852
vt 0.025128 0.478046
vt 0.025331 0.479972
vt 0.029791 0.478687
vt 0.028521 0.480888
vt 0.034545 0.631785
vt 0.035159 0.632499
vt 0.037958 0.627940
vt 0.038766 0.628399
vt 0.034050 0.481090
vt 0.032364 0.483175
vt 0.033127 0.629893
vt 0.031038 0.627985
vt 0.033032 0.625140
vt 0.035676 0.626643
vt 0.037169 0.622792
vt 0.039521 0.623043
vt 0.034461 0.621974
vt 0.035047 0.619332
vt 0.037110 0.618763
vt 0.039130 0.618171
vt 0.037290 0.484753
vt 0.035403 0.486454
vt 0.040448 0.623205
vt 0.040035 0.617904
vt 0.038891 0.489179
vt 0.036965 0.489383
vt 0.038249 0.493841
vt 0.036048 0.492572
vt 0.036927 0.613806
vt 0.037625 0.613185
vt 0.033630 0.610888
vt 0.034196 0.610104
vt 0.036266 0.497366
vt 0.034159 0.495753
vt 0.035118 0.615279
vt 0.033185 0.617356
vt 0.030871 0.615642
vt 0.032527 0.613252
vt 0.031768 0.609827
vt 0.030294 0.611979
vt 0.027229 0.610782
vt 0.027578 0.608476
vt 0.029080 0.614621
vt 0.026426 0.613503
vt 0.023777 0.612908
vt 0.023216 0.610843
vt 0.022697 0.608804
vt 0.033197 0.496941
vt 0.035215 0.498664
vt 0.032183 0.501340
vt 0.030482 0.499453
vt 0.032155 0.608940
vt 0.027756 0.607559
vt 0.022467 0.607889
vt 0.027758 0.502942
vt 0.027554 0.501016
vt 0.023095 0.502302
vt 0.024365 0.500100
vt 0.018304 0.610950
vt 0.017692 0.610234
vt 0.014885 0.614793
vt 0.014078 0.614331
vt 0.018836 0.499898
vt 0.020522 0.497814
vt 0.019717 0.612846
vt 0.021801 0.614759
vt 0.019804 0.617603
vt 0.017163 0.616095
vt 0.015665 0.619947
vt 0.013315 0.619692
vt 0.018372 0.620770
vt 0.015596 0.496236
vt 0.017483 0.494534
vt 0.012388 0.619527
vt 0.021159 0.622520
vt 0.022768 0.619295
vt 0.025522 0.620865
vt 0.023660 0.624186
vt 0.024723 0.616268
vt 0.027430 0.617572
vt 0.027310 0.621884
vt 0.029172 0.618564
vt 0.031673 0.620228
vt 0.030065 0.623452
vt 0.025403 0.625178
vt 0.028112 0.626480
vt 0.027151 0.497201
vt 0.023223 0.494475
vt 0.025887 0.491182
vt 0.029859 0.494317
vt 0.019736 0.491203
vt 0.021991 0.487952
vt 0.026999 0.489807
vt 0.023027 0.486671
vt 0.025734 0.483787
vt 0.029663 0.486513
vt 0.030895 0.493036
vt 0.033150 0.489785
vt 0.020353 0.632026
vt 0.021513 0.629985
vt 0.021996 0.630256
vt 0.020863 0.632192
vt 0.022937 0.627482
vt 0.023347 0.627684
vt 0.024579 0.624598
vt 0.025016 0.624820
vt 0.026416 0.621375
vt 0.026881 0.621640
vt 0.028253 0.618151
vt 0.028667 0.618414
vt 0.029898 0.615268
vt 0.030280 0.615518
vt 0.031803 0.613044
vt 0.031324 0.612767
vt 0.032890 0.611082
vt 0.032487 0.610728
vt 0.032750 0.610268
vt 0.033206 0.609469
vt 0.035844 0.498098
vt 0.033761 0.496414
vt 0.030424 0.493714
vt 0.026443 0.490494
vt 0.022462 0.487274
vt 0.019125 0.484575
vt 0.017042 0.482890
vt 0.019638 0.633286
vt 0.020091 0.632487
vt 0.030842 0.612496
vt 0.031978 0.610561
vt 0.029488 0.615066
vt 0.027816 0.617930
vt 0.025951 0.621110
vt 0.024165 0.624335
vt 0.022554 0.627232
vt 0.021033 0.629708
vt 0.019948 0.631673
vn 0.226043 -0.007006 -0.974092
vn 0.193339 0.066262 -0.978892
vn 0.451963 0.121288 -0.883753
vn 0.458871 -0.072224 -0.885562
vn 0.987332 0.157227 0.021357
vn 0.967789 -0.251720 0.004716
vn 0.419750 0.194570 -0.886540
vn 0.868449 0.494471 0.035977
vn 0.176235 0.099324 -0.979324
vn 0.867475 0.111846 0.484746
vn 0.858151 -0.247134 0.450002
vn 0.612924 0.004515 0.790129
vn 0.674628 -0.213030 0.706750
vn 0.740661 0.432559 0.514114
vn 0.493031 0.261274 0.829853
vn 0.855413 0.516560 0.037866
vn 0.618298 0.783956 0.055869
vn 0.541853 0.664321 0.514853
vn 0.761413 0.396982 0.512499
vn 0.338585 0.469976 0.815158
vn 0.506142 0.238630 0.828780
vn 0.222630 0.831570 0.508849
vn 0.174992 0.634870 0.752541
vn 0.251220 0.965282 0.071554
vn 0.127033 0.183038 -0.974864
vn 0.106501 0.213888 -0.971035
vn 0.284811 0.405635 -0.868529
vn 0.333050 0.342377 -0.878553
vn 0.119242 0.505390 -0.854613
vn 0.058714 0.277441 -0.958947
vn -0.017614 0.242202 -0.970066
vn -0.082349 0.496445 -0.864153
vn -0.176466 0.982024 0.067001
vn -0.227010 0.433189 -0.872246
vn -0.506596 0.860235 0.057929
vn -0.090628 0.206207 -0.974302
vn -0.153505 0.837702 0.524111
vn -0.057918 0.564078 0.823688
vn -0.441237 0.723605 0.530760
vn -0.292560 0.453718 0.841753
vn -0.773926 0.631473 0.047740
vn -0.680641 0.528573 0.507285
vn -0.502315 0.303458 0.809687
vn -0.857869 0.197793 0.474277
vn -0.674342 0.136732 0.725650
vn -0.967689 0.250075 0.032275
vn -0.157729 0.159933 -0.974445
vn -0.352880 0.337569 -0.872653
vn -0.459050 0.165787 -0.872805
vn -0.226076 0.110220 -0.967854
vn -0.193322 0.037877 -0.980404
vn -0.451866 -0.026857 -0.891682
vn -0.987379 -0.158320 0.004110
vn -0.419682 -0.099492 -0.902202
vn -0.868512 -0.495351 -0.017747
vn -0.176214 0.005036 -0.984339
vn -0.867683 -0.162684 0.469746
vn -0.613033 -0.088315 0.785106
vn -0.741120 -0.484821 0.464424
vn -0.493310 -0.347929 0.797239
vn -0.855639 -0.517202 -0.019609
vn -0.618457 -0.785230 -0.030411
vn -0.542476 -0.715891 0.439568
vn -0.762115 -0.449451 0.466019
vn -0.339048 -0.554443 0.760026
vn -0.506702 -0.325533 0.798299
vn -0.222921 -0.881934 0.415330
vn -0.175264 -0.712164 0.679783
vn -0.251314 -0.967287 -0.034595
vn -0.126949 -0.078601 -0.988790
vn -0.106447 -0.109663 -0.988253
vn -0.284511 -0.310847 -0.906878
vn -0.332618 -0.246945 -0.910156
vn -0.119088 -0.411260 -0.903705
vn -0.058673 -0.174059 -0.982986
vn 0.017607 -0.137893 -0.990291
vn 0.082242 -0.401390 -0.912207
vn 0.176524 -0.983442 -0.040993
vn 0.226744 -0.337781 -0.913505
vn 0.506723 -0.861329 -0.036673
vn 0.090585 -0.101691 -0.990683
vn 0.153741 -0.889696 0.429890
vn 0.058021 -0.649204 0.758399
vn 0.441822 -0.776685 0.448947
vn 0.292976 -0.541126 0.788256
vn 0.774085 -0.632709 -0.021719
vn 0.681280 -0.579872 0.446772
vn 0.502804 -0.387967 0.772444
vn 0.157673 -0.055713 -0.985918
vn 0.352557 -0.242830 -0.903735
vn 0.342986 -0.146974 0.927771
vn 0.133785 -0.278530 0.951064
vn 0.206633 0.092589 0.974028
vn -0.011677 -0.033247 0.999379
vn -0.081705 -0.396357 0.914454
vn -0.226577 -0.161698 0.960477
vn 0.011680 -0.072912 0.997270
vn -0.133687 0.175932 0.975282
vn -0.342877 0.047740 0.938167
vn -0.206697 -0.195361 0.958703
vn 0.081616 0.296763 0.951457
vn 0.226447 0.058838 0.972245
vn -0.022158 -0.040712 -0.998925
vn 0.035029 -0.006575 -0.999365
vn -0.038553 -0.009609 -0.999210
vn 0.015483 0.026734 -0.999523
vn 0.092625 0.026650 -0.995344
vn 0.073475 0.056140 -0.995716
vn -0.015492 0.079353 -0.996726
vn -0.035039 0.112472 -0.993037
vn 0.022165 0.146396 -0.988978
vn 0.038565 0.115475 -0.992561
vn -0.092633 0.078996 -0.992562
vn -0.073477 0.049711 -0.996057
vn 0.688426 0.372367 0.622424
vn 0.897990 -0.280602 0.338935
vn 0.894448 -0.326229 0.305839
vn 0.760469 0.421332 0.494132
vn 0.696173 -0.412499 0.587527
vn 0.498197 0.249087 0.830515
vn 0.459737 -0.477192 0.748953
vn 0.207700 0.070424 0.975654
vn 0.296533 -0.546836 0.782967
vn -0.000002 -0.053069 0.998591
vn 0.158041 -0.654535 0.739329
vn -0.207797 -0.173501 0.962662
vn -0.006017 -0.825049 0.565030
vn -0.498618 -0.335993 0.799055
vn -0.164723 -0.948194 0.271651
vn -0.761025 -0.471634 0.445423
vn -0.208202 -0.929785 0.303565
vn -0.689243 -0.436231 0.578486
vn -0.392184 -0.182945 -0.901511
vn -0.861971 -0.505667 -0.036168
vn -0.154317 -0.038368 -0.987276
vn -0.055328 0.020502 -0.998258
vn 0.000000 0.053063 -0.998591
vn 0.055343 0.085409 -0.994808
vn 0.154372 0.142807 -0.977638
vn 0.392485 0.277645 -0.876852
vn 0.862150 0.506277 0.019537
vn -0.897932 0.241590 0.367903
vn -0.894030 0.291966 0.339804
vn -0.695503 0.347734 0.628774
vn -0.459148 0.394702 0.795860
vn -0.296107 0.460074 0.837050
vn -0.157791 0.571378 0.805376
vn 0.005888 0.758933 0.651142
vn 0.164458 0.912774 0.373894
vn 0.208601 0.890978 0.403291
s 1
g leg_up_right leg_screw_front_right pivot
usemtl head_plateSG
f 743/820/743 817/823/744 766/822/745 810/821/746
f 810/824/746 766/827/745 790/826/747 756/825/748
f 766/827/745 850/829/749 865/828/750 790/826/747
f 817/823/744 851/831/751 850/830/749 766/822/745
f 756/825/748 790/826/747 767/833/752 811/832/753
f 811/832/753 767/833/752 812/835/754 744/834/755
f 767/833/752 864/837/756 863/836/757 812/835/754
f 790/826/747 865/828/750 864/837/756 767/833/752
f 834/838/758 791/841/759 768/840/760 835/839/761
f 835/839/761 768/840/760 813/843/762 836/842/763
f 768/840/760 814/845/764 746/844/765 813/843/762
f 791/841/759 757/846/766 814/845/764 768/840/760
f 848/847/767 816/850/768 769/849/769 849/848/770
f 849/851/770 769/852/769 791/841/759 834/838/758
f 769/852/769 815/853/771 757/846/766 791/841/759
f 816/850/768 745/855/772 815/854/771 769/849/769
f 745/855/772 823/857/773 770/856/774 815/854/771
f 815/853/771 770/859/774 793/858/775 757/846/766
f 770/859/774 796/861/776 762/860/777 793/858/775
f 823/857/773 751/863/778 796/862/776 770/856/774
f 757/846/766 793/858/775 771/864/779 814/845/764
f 814/845/764 771/864/779 818/865/780 746/844/765
f 771/864/779 794/867/781 759/866/782 818/865/780
f 793/858/775 762/860/777 794/867/781 771/864/779
f 762/860/777 795/869/783 772/868/784 794/867/781
f 794/867/781 772/868/784 819/870/785 759/866/782
f 772/868/784 820/872/786 748/871/787 819/870/785
f 795/869/783 760/873/788 820/872/786 772/868/784
f 751/863/778 822/875/789 773/874/790 796/862/776
f 796/861/776 773/876/790 795/869/783 762/860/777
f 773/876/790 821/877/791 760/873/788 795/869/783
f 822/875/789 747/879/792 821/878/791 773/874/790
f 747/879/792 829/881/793 774/880/794 821/878/791
f 821/877/791 774/883/794 797/882/795 760/873/788
f 774/883/794 843/885/796 842/884/797 797/882/795
f 829/881/793 844/887/798 843/886/796 774/880/794
f 760/873/788 797/882/795 775/888/799 820/872/786
f 820/872/786 775/888/799 824/889/800 748/871/787
f 775/888/799 841/891/801 840/890/802 824/889/800
f 797/882/795 842/884/797 841/891/801 775/888/799
f 857/892/803 798/895/804 776/894/805 858/893/806
f 858/893/806 776/894/805 825/897/807 859/896/808
f 776/894/805 826/899/809 750/898/810 825/897/807
f 798/895/804 752/900/811 826/899/809 776/894/805
f 855/901/812 828/904/813 777/903/814 856/902/815
f 856/905/815 777/906/814 798/895/804 857/892/803
f 777/906/814 827/907/816 752/900/811 798/895/804
f 828/904/813 749/909/817 827/908/816 777/903/814
f 749/909/817 833/911/818 778/910/819 827/908/816
f 827/907/816 778/913/819 800/912/820 752/900/811
f 778/913/819 803/915/821 764/914/822 800/912/820
f 833/911/818 755/917/823 803/916/821 778/910/819
f 752/900/811 800/912/820 779/918/824 826/899/809
f 826/899/809 779/918/824 830/919/825 750/898/810
f 779/918/824 801/921/826 754/920/827 830/919/825
f 800/912/820 764/914/822 801/921/826 779/918/824
f 764/914/822 802/923/828 780/922/829 801/921/826
f 801/921/826 780/922/829 831/924/830 754/920/827
f 780/922/829 811/832/753 744/834/755 831/924/830
f 802/923/828 756/825/748 811/832/753 780/922/829
f 755/917/823 832/926/831 781/925/832 803/916/821
f 803/915/821 781/927/832 802/923/828 764/914/822
f 781/927/832 810/824/746 756/825/748 802/923/828
f 832/926/831 743/820/743 810/821/746 781/925/832
f 744/834/755 812/835/754 782/928/833 831/924/830
f 831/924/830 782/928/833 804/929/834 754/920/827
f 782/928/833 862/931/835 861/930/836 804/929/834
f 812/835/754 863/836/757 862/931/835 782/928/833
f 754/920/827 804/929/834 783/932/837 830/919/825
f 830/919/825 783/932/837 825/897/807 750/898/810
f 783/932/837 860/933/838 859/896/808 825/897/807
f 804/929/834 861/930/836 860/933/838 783/932/837
f 838/934/839 805/937/840 784/936/841 839/935/842
f 839/935/842 784/936/841 824/889/800 840/890/802
f 784/936/841 819/870/785 748/871/787 824/889/800
f 805/937/840 759/866/782 819/870/785 784/936/841
f 836/842/763 813/843/762 785/939/843 837/938/844
f 837/938/844 785/939/843 805/937/840 838/934/839
f 785/939/843 818/865/780 759/866/782 805/937/840
f 813/843/762 746/844/765 818/865/780 785/939/843
f 749/909/817 828/904/813 786/940/845 833/911/818
f 833/911/818 786/940/845 806/941/846 755/917/823
f 786/940/845 854/943/847 853/942/848 806/941/846
f 828/904/813 855/901/812 854/943/847 786/940/845
f 755/917/823 806/941/846 787/944/849 832/926/831
f 832/926/831 787/944/849 817/823/744 743/820/743
f 787/944/849 852/945/850 851/831/751 817/823/744
f 806/941/846 853/942/848 852/945/850 787/944/849
f 846/946/851 808/949/852 788/948/853 847/947/854
f 847/947/854 788/948/853 816/850/768 848/847/767
f 788/948/853 823/857/773 745/855/772 816/850/768
f 808/949/852 751/863/778 823/857/773 788/948/853
f 844/887/798 829/881/793 789/951/855 845/950/856
f 845/950/856 789/951/855 808/949/852 846/946/851
f 789/951/855 822/875/789 751/863/778 808/949/852
f 829/881/793 747/879/792 822/875/789 789/951/855
f 867/952/857 869/955/858 868/954/859 866/953/860
f 866/953/860 868/954/859 871/957/861 870/956/862
f 870/956/862 871/957/861 873/959/863 872/958/864
f 872/958/864 873/959/863 875/961/865 874/960/866
f 874/960/866 875/961/865 877/963/867 876/962/868
f 876/962/868 877/963/867 879/965/869 878/964/870
f 880/966/871 881/967/872 878/964/870 879/965/869
f 882/968/873 883/969/874 881/967/872 880/966/871
f 843/885/796 799/971/875 763/970/876 842/884/797
f 844/887/798 753/973/877 799/972/875 843/886/796
f 753/973/877 844/887/798 845/950/856 809/974/878
f 809/974/878 845/950/856 846/946/851 765/975/879
f 765/975/879 846/946/851 847/947/854 807/976/880
f 807/976/880 847/947/854 848/847/767 758/977/881
f 758/977/881 848/847/767 849/848/770 792/978/882
f 792/979/882 849/851/770 834/838/758 761/980/883
f 851/831/751 758/977/881 792/978/882 850/830/749
f 852/945/850 807/976/880 758/977/881 851/831/751
f 853/942/848 765/975/879 807/976/880 852/945/850
f 854/943/847 809/974/878 765/975/879 853/942/848
f 855/901/812 753/973/877 809/974/878 854/943/847
f 753/973/877 855/901/812 856/902/815 799/972/875
f 799/971/875 856/905/815 857/892/803 763/970/876
f 883/969/874 885/982/884 884/981/885 881/967/872
f 881/967/872 884/981/885 886/983/886 878/964/870
f 887/984/887 876/962/868 878/964/870 886/983/886
f 888/985/888 874/960/866 876/962/868 887/984/887
f 889/986/889 872/958/864 874/960/866 888/985/888
f 890/987/890 870/956/862 872/958/864 889/986/889
f 891/988/891 866/953/860 870/956/862 890/987/890
f 892/989/892 867/952/857 866/953/860 891/988/891
f 850/829/749 792/979/882 761/980/883 865/828/750
f 835/839/761 868/954/859 869/955/858 834/838/758
f 834/838/758 869/955/858 867/952/857 761/980/883
f 836/842/763 871/957/861 868/954/859 835/839/761
f 837/938/844 873/959/863 871/957/861 836/842/763
f 838/934/839 875/961/865 873/959/863 837/938/844
f 839/935/842 877/963/867 875/961/865 838/934/839
f 840/890/802 879/965/869 877/963/867 839/935/842
f 841/891/801 880/966/871 879/965/869 840/890/802
f 842/884/797 882/968/873 880/966/871 841/891/801
f 763/970/876 883/969/874 882/968/873 842/884/797
f 858/893/806 884/981/885 885/982/884 857/892/803
f 857/892/803 885/982/884 883/969/874 763/970/876
f 859/896/808 886/983/886 884/981/885 858/893/806
f 860/933/838 887/984/887 886/983/886 859/896/808
f 861/930/836 888/985/888 887/984/887 860/933/838
f 862/931/835 889/986/889 888/985/888 861/930/836
f 863/836/757 890/987/890 889/986/889 862/931/835
f 864/837/756 891/988/891 890/987/890 863/836/757
f 865/828/750 892/989/892 891/988/891 864/837/756
f 761/980/883 867/952/857 892/989/892 865/828/750
g default
v 0.010099 0.038614 -0.020759
v 0.010099 0.039854 -0.038487
v 0.038397 -0.009463 -0.022769
v 0.038397 -0.008223 -0.040497
v -0.009751 -0.037720 -0.023950
v -0.009751 -0.036480 -0.041678
v -0.038049 0.010357 -0.021940
v -0.038049 0.011597 -0.039668
v 0.018045 -0.029985 -0.022618
v -0.048104 0.013231 -0.025653
v -0.030233 -0.017468 -0.022095
v -0.017697 0.032330 -0.042826
v -0.017697 0.030739 -0.020080
v 0.012709 0.048922 -0.024161
v 0.048452 -0.011803 -0.026699
v 0.030581 0.018222 -0.020603
v 0.018045 -0.028394 -0.045365
v -0.012362 -0.047493 -0.028191
v 0.041701 0.025086 -0.025158
v 0.024581 -0.040752 -0.027910
v -0.041353 -0.023657 -0.027195
v -0.024233 0.042181 -0.024443
v 0.000174 0.000253 -0.019584
v 0.027216 0.037142 -0.022197
v 0.027216 0.037903 -0.033076
v 0.045353 0.007090 -0.034364
v 0.045353 0.006330 -0.023485
v 0.036827 -0.026459 -0.024856
v 0.036827 -0.025699 -0.035734
v 0.005969 -0.043809 -0.036491
v 0.005969 -0.044570 -0.025613
v -0.026868 -0.036056 -0.025257
v -0.026868 -0.035295 -0.036136
v -0.045005 -0.004482 -0.034847
v -0.045005 -0.005243 -0.023969
v -0.036479 0.027546 -0.022598
v -0.036479 0.028307 -0.033477
v -0.005621 0.046417 -0.032720
v -0.005621 0.045656 -0.021841
v 0.006535 0.026682 -0.046687
v -0.024323 0.008572 -0.047444
v -0.006187 -0.022241 -0.048732
v 0.024672 -0.004131 -0.047975
v -0.024323 0.006665 -0.020178
v 0.006535 0.024775 -0.019421
v 0.024672 -0.006038 -0.020709
v -0.006187 -0.024148 -0.021466
v 0.029167 0.040002 -0.024534
v 0.048654 0.006895 -0.025918
v 0.038911 0.023265 -0.022594
v 0.039519 -0.028236 -0.027387
v 0.022941 -0.037325 -0.036950
v 0.006363 -0.047695 -0.028200
v 0.022941 -0.038150 -0.025161
v -0.028819 -0.038573 -0.027818
v -0.048306 -0.005466 -0.026435
v -0.038563 -0.022204 -0.024495
v -0.039171 0.029665 -0.024966
v -0.022593 0.040035 -0.033716
v -0.006015 0.049124 -0.024152
v -0.022593 0.039211 -0.021927
v -0.009570 0.018891 -0.048682
v 0.009918 -0.014217 -0.050066
v -0.009570 0.016838 -0.019334
v 0.016752 0.010014 -0.019620
v 0.009918 -0.016269 -0.020719
v -0.016404 -0.009445 -0.020433
v 0.011846 0.045445 -0.022033
v 0.011846 0.046142 -0.032001
v 0.020095 0.032751 -0.041479
v 0.036881 0.004233 -0.042671
v 0.045129 -0.010403 -0.034364
v 0.045129 -0.011100 -0.024396
v 0.036881 0.002758 -0.021583
v 0.020095 0.031276 -0.020391
v 0.031095 -0.018017 -0.043601
v 0.002535 -0.034778 -0.044302
v -0.011498 -0.043637 -0.035754
v -0.011498 -0.044334 -0.025786
v 0.002535 -0.036253 -0.023214
v 0.031095 -0.019492 -0.022513
v -0.019747 -0.029001 -0.044060
v -0.036533 -0.000483 -0.042868
v -0.044781 0.012909 -0.033390
v -0.044781 0.012211 -0.023422
v -0.036533 -0.001958 -0.021780
v -0.019747 -0.030476 -0.022972
v -0.030747 0.021767 -0.041938
v -0.002188 0.038528 -0.041237
v -0.002188 0.037053 -0.020149
v -0.030747 0.020292 -0.020850
v 0.042901 0.021944 -0.025289
v 0.040023 0.021153 -0.034380
v 0.031669 0.017123 -0.043232
v 0.018120 0.009269 -0.048796
v 0.001857 -0.000420 -0.050956
v -0.014639 -0.009957 -0.049599
v -0.028422 -0.018144 -0.044706
v -0.036543 -0.023782 -0.036258
v -0.039188 -0.026233 -0.027303
v -0.036543 -0.024596 -0.024626
v -0.028422 -0.019715 -0.022246
v -0.014639 -0.011984 -0.020611
v 0.001857 -0.002600 -0.019780
v 0.018120 0.007242 -0.019808
v 0.031669 0.015552 -0.020772
v 0.040023 0.020340 -0.022748
v 0.036891 0.025661 -0.022525
v 0.028770 0.020477 -0.020566
v 0.014987 0.012563 -0.019585
v -0.001508 0.003117 -0.019541
v -0.017771 -0.006663 -0.020389
v -0.031320 -0.014790 -0.022040
v -0.039675 -0.019275 -0.024404
v -0.042554 -0.020516 -0.027064
v -0.039675 -0.018461 -0.036036
v -0.031320 -0.013219 -0.044501
v -0.017771 -0.004636 -0.049377
v -0.001508 0.005298 -0.050717
v 0.014987 0.014590 -0.048573
v 0.028770 0.022047 -0.043027
v 0.036891 0.026475 -0.034157
v 0.039536 0.027662 -0.025050
v 0.036014 0.022339 -0.033745
v 0.038697 0.023297 -0.024861
v 0.036888 0.020015 -0.033740
v 0.039587 0.020685 -0.024970
v 0.028385 0.018427 -0.042012
v 0.029230 0.016387 -0.041933
v 0.015668 0.011301 -0.047150
v 0.016747 0.009089 -0.047015
v 0.000174 0.002323 -0.049174
v 0.001546 -0.000025 -0.049022
v -0.015319 -0.006885 -0.047910
v -0.013923 -0.008911 -0.047768
v -0.028037 -0.014686 -0.043396
v -0.026673 -0.016422 -0.043304
v -0.034064 -0.021626 -0.035481
v -0.035665 -0.019728 -0.035504
v -0.036496 -0.023967 -0.026836
v -0.038349 -0.021920 -0.026751
v -0.036540 -0.017419 -0.035305
v -0.039239 -0.019307 -0.026642
v -0.028882 -0.012669 -0.043147
v -0.016399 -0.004705 -0.047592
v -0.001198 0.004636 -0.048827
v 0.014271 0.013295 -0.046839
v 0.027021 0.020140 -0.041776
v 0.034412 0.024222 -0.033564
v 0.036844 0.025345 -0.024775
vt 0.024533 0.402728
vt 0.024041 0.404611
vt 0.019885 0.402354
vt 0.021859 0.400735
vt 0.022292 0.682927
vt 0.022530 0.683845
vt 0.018066 0.685920
vt 0.017466 0.685199
vt 0.015026 0.689146
vt 0.014255 0.688554
vt 0.017274 0.399238
vt 0.019539 0.397830
vt 0.023058 0.685893
vt 0.019489 0.687784
vt 0.023561 0.687983
vt 0.021514 0.689790
vt 0.019718 0.692062
vt 0.017368 0.690325
vt 0.013902 0.690987
vt 0.016019 0.692531
vt 0.014723 0.695577
vt 0.012416 0.695161
vt 0.018636 0.693831
vt 0.017431 0.696465
vt 0.016753 0.699110
vt 0.014662 0.699613
vt 0.012599 0.700076
vt 0.018762 0.396504
vt 0.016426 0.397790
vt 0.014985 0.393990
vt 0.017363 0.393060
vt 0.013022 0.690573
vt 0.011501 0.694955
vt 0.011673 0.700282
vt 0.015049 0.389261
vt 0.016932 0.389752
vt 0.017305 0.385103
vt 0.018925 0.387078
vt 0.014622 0.704554
vt 0.013886 0.705148
vt 0.018377 0.708103
vt 0.017890 0.708901
vt 0.021076 0.381951
vt 0.022438 0.384276
vt 0.016567 0.703189
vt 0.018551 0.701151
vt 0.021345 0.703244
vt 0.019752 0.705853
vt 0.023573 0.707474
vt 0.023247 0.709828
vt 0.024481 0.704780
vt 0.027116 0.705452
vt 0.027622 0.707542
vt 0.028152 0.709590
vt 0.025670 0.380203
vt 0.026600 0.382581
vt 0.023054 0.710755
vt 0.028392 0.710507
vt 0.030400 0.380268
vt 0.029908 0.382152
vt 0.034556 0.382525
vt 0.032582 0.384145
vt 0.032607 0.707515
vt 0.033209 0.708236
vt 0.035642 0.704296
vt 0.036413 0.704889
vt 0.037166 0.385641
vt 0.034902 0.387050
vt 0.031184 0.705651
vt 0.029160 0.703645
vt 0.030955 0.701374
vt 0.033303 0.703113
vt 0.036768 0.702459
vt 0.034652 0.700911
vt 0.035951 0.697870
vt 0.038257 0.698292
vt 0.032037 0.699607
vt 0.033244 0.696976
vt 0.033925 0.694335
vt 0.036017 0.693836
vt 0.038082 0.693380
vt 0.035678 0.388375
vt 0.038015 0.387089
vt 0.039456 0.390890
vt 0.037078 0.391820
vt 0.037646 0.702876
vt 0.039173 0.698501
vt 0.039009 0.693177
vt 0.039392 0.395619
vt 0.037508 0.395127
vt 0.037135 0.399777
vt 0.035516 0.397802
vt 0.036065 0.688899
vt 0.036804 0.688307
vt 0.032314 0.685343
vt 0.032803 0.684547
vt 0.033365 0.402929
vt 0.032003 0.400604
vt 0.034116 0.690259
vt 0.032129 0.692291
vt 0.029335 0.690195
vt 0.030933 0.687590
vt 0.027111 0.685964
vt 0.027442 0.683611
vt 0.026198 0.688656
vt 0.028771 0.404676
vt 0.027841 0.402298
vt 0.027637 0.682685
vt 0.024353 0.691400
vt 0.027541 0.693118
vt 0.025877 0.695835
vt 0.022601 0.693860
vt 0.030520 0.695179
vt 0.029125 0.697857
vt 0.024797 0.697599
vt 0.028073 0.699575
vt 0.026322 0.702034
vt 0.023134 0.700318
vt 0.021549 0.695579
vt 0.020155 0.698259
vt 0.033779 0.394153
vt 0.029822 0.396880
vt 0.027669 0.393206
vt 0.032027 0.390583
vt 0.025507 0.398998
vt 0.023250 0.395725
vt 0.026771 0.391673
vt 0.022414 0.394296
vt 0.020662 0.390727
vt 0.024619 0.387999
vt 0.031190 0.389155
vt 0.028933 0.385881
vt 0.014830 0.690290
vt 0.016843 0.691519
vt 0.016555 0.691996
vt 0.014647 0.690797
vt 0.019312 0.693029
vt 0.019096 0.693435
vt 0.022157 0.694770
vt 0.021921 0.695202
vt 0.025337 0.696717
vt 0.025056 0.697176
vt 0.028517 0.698665
vt 0.028239 0.699072
vt 0.031361 0.700408
vt 0.031098 0.700784
vt 0.033535 0.702393
vt 0.033828 0.701920
vt 0.035472 0.703546
vt 0.035839 0.703153
vt 0.036293 0.703431
vt 0.037081 0.703915
vt 0.037706 0.386298
vt 0.035382 0.387659
vt 0.031660 0.389839
vt 0.027220 0.392440
vt 0.022780 0.395041
vt 0.019058 0.397221
vt 0.016735 0.398582
vt 0.013586 0.689531
vt 0.014375 0.690012
vt 0.034116 0.701444
vt 0.036023 0.702647
vt 0.031577 0.700003
vt 0.028753 0.698233
vt 0.025618 0.696259
vt 0.022434 0.694363
vt 0.019575 0.692652
vt 0.017136 0.691046
vt 0.015197 0.689895
vn 0.046459 0.137780 0.989373
vn 0.084152 0.086722 0.992672
vn 0.232607 0.253846 0.938859
vn 0.097439 0.336245 0.936720
vn 0.618844 0.784597 0.037939
vn 0.251844 0.966822 0.042786
vn 0.270549 0.200859 0.941519
vn 0.851767 0.523015 0.030808
vn 0.100282 0.062090 0.993020
vn 0.513969 0.676835 -0.527001
vn 0.211764 0.838838 -0.501504
vn 0.291481 0.477267 -0.829008
vn 0.153906 0.626190 -0.764329
vn 0.717404 0.426888 -0.550544
vn 0.434768 0.277403 -0.856752
vn 0.873659 0.486269 0.016232
vn 0.987745 0.155934 -0.006653
vn 0.815044 0.154365 -0.558458
vn 0.698454 0.453097 -0.553953
vn 0.523334 0.075545 -0.848773
vn 0.419816 0.298114 -0.857253
vn 0.804835 -0.184645 -0.564046
vn 0.584289 -0.117769 -0.802955
vn 0.966799 -0.252259 -0.040812
vn 0.139576 -0.003929 0.990203
vn 0.153277 -0.030080 0.987725
vn 0.371089 0.021992 0.928337
vn 0.343626 0.081675 0.935548
vn 0.379371 -0.137347 0.914994
vn 0.179940 -0.087811 0.979751
vn 0.125349 -0.127083 0.983940
vn 0.291667 -0.279420 0.914798
vn 0.772819 -0.631739 -0.060465
vn 0.187801 -0.358481 0.914452
vn 0.505322 -0.859800 -0.073449
vn 0.072038 -0.163917 0.983840
vn 0.632719 -0.492093 -0.597922
vn 0.424936 -0.256099 -0.868241
vn 0.408635 -0.670117 -0.619645
vn 0.245739 -0.381030 -0.891307
vn 0.175361 -0.980874 -0.084468
vn 0.143191 -0.775816 -0.614496
vn 0.048540 -0.474804 -0.878752
vn -0.207188 -0.773020 -0.599594
vn -0.150370 -0.544944 -0.824879
vn -0.250277 -0.964023 -0.089566
vn 0.013972 -0.192729 0.981153
vn 0.068406 -0.411588 0.908799
vn -0.099105 -0.420421 0.901900
vn -0.046865 -0.221546 0.974023
vn -0.084682 -0.170189 0.981766
vn -0.235820 -0.335816 0.911930
vn -0.616337 -0.784268 -0.071077
vn -0.275159 -0.282626 0.918918
vn -0.848149 -0.527034 -0.053646
vn -0.101020 -0.145473 0.984191
vn -0.504286 -0.616249 -0.604924
vn -0.286081 -0.397073 -0.872061
vn -0.706010 -0.371022 -0.603235
vn -0.428047 -0.199653 -0.881427
vn -0.872949 -0.486286 -0.038567
vn -0.986988 -0.158558 -0.026711
vn -0.811709 -0.105274 -0.574495
vn -0.691936 -0.400984 -0.600363
vn -0.522095 -0.003409 -0.852881
vn -0.416780 -0.223073 -0.881211
vn -0.809423 0.234054 -0.538566
vn -0.587822 0.186369 -0.787231
vn -0.968372 0.249429 -0.006426
vn -0.139699 -0.078732 0.987059
vn -0.153396 -0.052563 0.986766
vn -0.372255 -0.100227 0.922703
vn -0.344309 -0.159615 0.925189
vn -0.377710 0.059150 0.924033
vn -0.179520 0.005498 0.983739
vn -0.124765 0.044031 0.991209
vn -0.288252 0.198492 0.936756
vn -0.775295 0.631042 0.026517
vn -0.184976 0.275483 0.943341
vn -0.507330 0.860565 0.045209
vn -0.071577 0.080348 0.994194
vn -0.642730 0.548994 -0.534326
vn -0.430752 0.332430 -0.839013
vn -0.417666 0.734243 -0.535203
vn -0.250568 0.462921 -0.850247
vn -0.176244 0.983037 0.050758
vn -0.146813 0.843417 -0.516811
vn -0.049640 0.558559 -0.827978
vn -0.013888 0.108939 0.993951
vn -0.067172 0.327277 0.942538
vn 0.066770 0.323125 -0.943998
vn -0.107611 0.224101 -0.968607
vn 0.182946 0.128948 -0.974630
vn 0.009958 0.025063 -0.999636
vn -0.278334 0.119141 -0.953066
vn -0.164706 -0.075353 -0.983460
vn -0.009987 0.058877 -0.998215
vn 0.106607 -0.140257 -0.984359
vn -0.065756 -0.238708 -0.968863
vn -0.181576 -0.045833 -0.982308
vn 0.277205 -0.038456 -0.960041
vn 0.165267 0.157914 -0.973525
vn -0.073012 -0.021007 0.997110
vn -0.027574 0.005172 0.999606
vn -0.057893 -0.044217 0.997343
vn -0.012190 -0.021025 0.999705
vn 0.017444 0.032051 0.999334
vn 0.030332 0.007562 0.999511
vn 0.012203 -0.062516 0.997969
vn 0.027639 -0.088729 0.995672
vn 0.073092 -0.062331 0.995376
vn 0.057903 -0.039167 0.997554
vn -0.017516 -0.115667 0.993134
vn -0.030440 -0.091124 0.995374
vn 0.627096 0.394563 -0.671618
vn 0.179252 0.914635 -0.362370
vn 0.155779 0.927896 -0.338736
vn 0.720039 0.446527 -0.531185
vn 0.005039 0.747321 -0.664444
vn 0.424922 0.286417 -0.858724
vn -0.136397 0.561910 -0.815876
vn 0.166521 0.138987 -0.976193
vn -0.250445 0.462088 -0.850736
vn 0.000008 0.041915 -0.999121
vn -0.392855 0.408819 -0.823731
vn -0.165621 -0.056152 -0.984590
vn -0.625541 0.371132 -0.686265
vn -0.420059 -0.209926 -0.882883
vn -0.867472 0.321239 -0.379866
vn -0.711251 -0.393784 -0.582286
vn -0.866320 0.299901 -0.399436
vn -0.615320 -0.334897 -0.713600
vn -0.324225 -0.229467 0.917727
vn -0.862963 -0.503942 -0.036559
vn -0.122577 -0.113392 0.985960
vn -0.043629 -0.067345 0.996775
vn 0.000008 -0.041785 0.999127
vn 0.043576 -0.016155 0.998920
vn 0.122103 0.030329 0.992054
vn 0.321332 0.149772 0.935048
vn 0.860904 0.507708 0.032831
vn -0.184717 -0.859061 -0.477383
vn -0.150860 -0.875107 -0.459814
vn -0.003315 -0.668144 -0.744024
vn 0.133457 -0.479140 -0.867533
vn 0.245673 -0.381637 -0.891065
vn 0.385893 -0.333317 -0.860225
vn 0.616309 -0.310338 -0.723778
vn 0.860038 -0.288601 -0.420767
vn 0.863577 -0.245062 -0.440659
s 1
g leg_up_right pivot leg_screw_back_right
usemtl head_plateSG
f 893/990/893 967/993/894 916/992/895 960/991/896
f 960/994/896 916/997/895 940/996/897 906/995/898
f 916/997/895 1000/999/899 1015/998/900 940/996/897
f 967/993/894 1001/1001/901 1000/1000/899 916/992/895
f 906/995/898 940/996/897 917/1003/902 961/1002/903
f 961/1002/903 917/1003/902 962/1005/904 894/1004/905
f 917/1003/902 1014/1007/906 1013/1006/907 962/1005/904
f 940/996/897 1015/998/900 1014/1007/906 917/1003/902
f 984/1008/908 941/1011/909 918/1010/910 985/1009/911
f 985/1009/911 918/1010/910 963/1013/912 986/1012/913
f 918/1010/910 964/1015/914 896/1014/915 963/1013/912
f 941/1011/909 907/1016/916 964/1015/914 918/1010/910
f 998/1017/917 966/1020/918 919/1019/919 999/1018/920
f 999/1021/920 919/1022/919 941/1011/909 984/1008/908
f 919/1022/919 965/1023/921 907/1016/916 941/1011/909
f 966/1020/918 895/1025/922 965/1024/921 919/1019/919
f 895/1025/922 973/1027/923 920/1026/924 965/1024/921
f 965/1023/921 920/1029/924 943/1028/925 907/1016/916
f 920/1029/924 946/1031/926 912/1030/927 943/1028/925
f 973/1027/923 901/1033/928 946/1032/926 920/1026/924
f 907/1016/916 943/1028/925 921/1034/929 964/1015/914
f 964/1015/914 921/1034/929 968/1035/930 896/1014/915
f 921/1034/929 944/1037/931 909/1036/932 968/1035/930
f 943/1028/925 912/1030/927 944/1037/931 921/1034/929
f 912/1030/927 945/1039/933 922/1038/934 944/1037/931
f 944/1037/931 922/1038/934 969/1040/935 909/1036/932
f 922/1038/934 970/1042/936 898/1041/937 969/1040/935
f 945/1039/933 910/1043/938 970/1042/936 922/1038/934
f 901/1033/928 972/1045/939 923/1044/940 946/1032/926
f 946/1031/926 923/1046/940 945/1039/933 912/1030/927
f 923/1046/940 971/1047/941 910/1043/938 945/1039/933
f 972/1045/939 897/1049/942 971/1048/941 923/1044/940
f 897/1049/942 979/1051/943 924/1050/944 971/1048/941
f 971/1047/941 924/1053/944 947/1052/945 910/1043/938
f 924/1053/944 993/1055/946 992/1054/947 947/1052/945
f 979/1051/943 994/1057/948 993/1056/946 924/1050/944
f 910/1043/938 947/1052/945 925/1058/949 970/1042/936
f 970/1042/936 925/1058/949 974/1059/950 898/1041/937
f 925/1058/949 991/1061/951 990/1060/952 974/1059/950
f 947/1052/945 992/1054/947 991/1061/951 925/1058/949
f 1007/1062/953 948/1065/954 926/1064/955 1008/1063/956
f 1008/1063/956 926/1064/955 975/1067/957 1009/1066/958
f 926/1064/955 976/1069/959 900/1068/960 975/1067/957
f 948/1065/954 902/1070/961 976/1069/959 926/1064/955
f 1005/1071/962 978/1074/963 927/1073/964 1006/1072/965
f 1006/1075/965 927/1076/964 948/1065/954 1007/1062/953
f 927/1076/964 977/1077/966 902/1070/961 948/1065/954
f 978/1074/963 899/1079/967 977/1078/966 927/1073/964
f 899/1079/967 983/1081/968 928/1080/969 977/1078/966
f 977/1077/966 928/1083/969 950/1082/970 902/1070/961
f 928/1083/969 953/1085/971 914/1084/972 950/1082/970
f 983/1081/968 905/1087/973 953/1086/971 928/1080/969
f 902/1070/961 950/1082/970 929/1088/974 976/1069/959
f 976/1069/959 929/1088/974 980/1089/975 900/1068/960
f 929/1088/974 951/1091/976 904/1090/977 980/1089/975
f 950/1082/970 914/1084/972 951/1091/976 929/1088/974
f 914/1084/972 952/1093/978 930/1092/979 951/1091/976
f 951/1091/976 930/1092/979 981/1094/980 904/1090/977
f 930/1092/979 961/1002/903 894/1004/905 981/1094/980
f 952/1093/978 906/995/898 961/1002/903 930/1092/979
f 905/1087/973 982/1096/981 931/1095/982 953/1086/971
f 953/1085/971 931/1097/982 952/1093/978 914/1084/972
f 931/1097/982 960/994/896 906/995/898 952/1093/978
f 982/1096/981 893/990/893 960/991/896 931/1095/982
f 894/1004/905 962/1005/904 932/1098/983 981/1094/980
f 981/1094/980 932/1098/983 954/1099/984 904/1090/977
f 932/1098/983 1012/1101/985 1011/1100/986 954/1099/984
f 962/1005/904 1013/1006/907 1012/1101/985 932/1098/983
f 904/1090/977 954/1099/984 933/1102/987 980/1089/975
f 980/1089/975 933/1102/987 975/1067/957 900/1068/960
f 933/1102/987 1010/1103/988 1009/1066/958 975/1067/957
f 954/1099/984 1011/1100/986 1010/1103/988 933/1102/987
f 988/1104/989 955/1107/990 934/1106/991 989/1105/992
f 989/1105/992 934/1106/991 974/1059/950 990/1060/952
f 934/1106/991 969/1040/935 898/1041/937 974/1059/950
f 955/1107/990 909/1036/932 969/1040/935 934/1106/991
f 986/1012/913 963/1013/912 935/1109/993 987/1108/994
f 987/1108/994 935/1109/993 955/1107/990 988/1104/989
f 935/1109/993 968/1035/930 909/1036/932 955/1107/990
f 963/1013/912 896/1014/915 968/1035/930 935/1109/993
f 899/1079/967 978/1074/963 936/1110/995 983/1081/968
f 983/1081/968 936/1110/995 956/1111/996 905/1087/973
f 936/1110/995 1004/1113/997 1003/1112/998 956/1111/996
f 978/1074/963 1005/1071/962 1004/1113/997 936/1110/995
f 905/1087/973 956/1111/996 937/1114/999 982/1096/981
f 982/1096/981 937/1114/999 967/993/894 893/990/893
f 937/1114/999 1002/1115/1000 1001/1001/901 967/993/894
f 956/1111/996 1003/1112/998 1002/1115/1000 937/1114/999
f 996/1116/1001 958/1119/1002 938/1118/1003 997/1117/1004
f 997/1117/1004 938/1118/1003 966/1020/918 998/1017/917
f 938/1118/1003 973/1027/923 895/1025/922 966/1020/918
f 958/1119/1002 901/1033/928 973/1027/923 938/1118/1003
f 994/1057/948 979/1051/943 939/1121/1005 995/1120/1006
f 995/1120/1006 939/1121/1005 958/1119/1002 996/1116/1001
f 939/1121/1005 972/1045/939 901/1033/928 958/1119/1002
f 979/1051/943 897/1049/942 972/1045/939 939/1121/1005
f 1017/1122/1007 1019/1125/1008 1018/1124/1009 1016/1123/1010
f 1016/1123/1010 1018/1124/1009 1021/1127/1011 1020/1126/1012
f 1020/1126/1012 1021/1127/1011 1023/1129/1013 1022/1128/1014
f 1022/1128/1014 1023/1129/1013 1025/1131/1015 1024/1130/1016
f 1024/1130/1016 1025/1131/1015 1027/1133/1017 1026/1132/1018
f 1026/1132/1018 1027/1133/1017 1029/1135/1019 1028/1134/1020
f 1030/1136/1021 1031/1137/1022 1028/1134/1020 1029/1135/1019
f 1032/1138/1023 1033/1139/1024 1031/1137/1022 1030/1136/1021
f 993/1055/946 949/1141/1025 913/1140/1026 992/1054/947
f 994/1057/948 903/1143/1027 949/1142/1025 993/1056/946
f 903/1143/1027 994/1057/948 995/1120/1006 959/1144/1028
f 959/1144/1028 995/1120/1006 996/1116/1001 915/1145/1029
f 915/1145/1029 996/1116/1001 997/1117/1004 957/1146/1030
f 957/1146/1030 997/1117/1004 998/1017/917 908/1147/1031
f 908/1147/1031 998/1017/917 999/1018/920 942/1148/1032
f 942/1149/1032 999/1021/920 984/1008/908 911/1150/1033
f 1001/1001/901 908/1147/1031 942/1148/1032 1000/1000/899
f 1002/1115/1000 957/1146/1030 908/1147/1031 1001/1001/901
f 1003/1112/998 915/1145/1029 957/1146/1030 1002/1115/1000
f 1004/1113/997 959/1144/1028 915/1145/1029 1003/1112/998
f 1005/1071/962 903/1143/1027 959/1144/1028 1004/1113/997
f 903/1143/1027 1005/1071/962 1006/1072/965 949/1142/1025
f 949/1141/1025 1006/1075/965 1007/1062/953 913/1140/1026
f 1033/1139/1024 1035/1152/1034 1034/1151/1035 1031/1137/1022
f 1031/1137/1022 1034/1151/1035 1036/1153/1036 1028/1134/1020
f 1037/1154/1037 1026/1132/1018 1028/1134/1020 1036/1153/1036
f 1038/1155/1038 1024/1130/1016 1026/1132/1018 1037/1154/1037
f 1039/1156/1039 1022/1128/1014 1024/1130/1016 1038/1155/1038
f 1040/1157/1040 1020/1126/1012 1022/1128/1014 1039/1156/1039
f 1041/1158/1041 1016/1123/1010 1020/1126/1012 1040/1157/1040
f 1042/1159/1042 1017/1122/1007 1016/1123/1010 1041/1158/1041
f 1000/999/899 942/1149/1032 911/1150/1033 1015/998/900
f 985/1009/911 1018/1124/1009 1019/1125/1008 984/1008/908
f 984/1008/908 1019/1125/1008 1017/1122/1007 911/1150/1033
f 986/1012/913 1021/1127/1011 1018/1124/1009 985/1009/911
f 987/1108/994 1023/1129/1013 1021/1127/1011 986/1012/913
f 988/1104/989 1025/1131/1015 1023/1129/1013 987/1108/994
f 989/1105/992 1027/1133/1017 1025/1131/1015 988/1104/989
f 990/1060/952 1029/1135/1019 1027/1133/1017 989/1105/992
f 991/1061/951 1030/1136/1021 1029/1135/1019 990/1060/952
f 992/1054/947 1032/1138/1023 1030/1136/1021 991/1061/951
f 913/1140/1026 1033/1139/1024 1032/1138/1023 992/1054/947
f 1008/1063/956 1034/1151/1035 1035/1152/1034 1007/1062/953
f 1007/1062/953 1035/1152/1034 1033/1139/1024 913/1140/1026
f 1009/1066/958 1036/1153/1036 1034/1151/1035 1008/1063/956
f 1010/1103/988 1037/1154/1037 1036/1153/1036 1009/1066/958
f 1011/1100/986 1038/1155/1038 1037/1154/1037 1010/1103/988
f 1012/1101/985 1039/1156/1039 1038/1155/1038 1011/1100/986
f 1013/1006/907 1040/1157/1040 1039/1156/1039 1012/1101/985
f 1014/1007/906 1041/1158/1041 1040/1157/1040 1013/1006/907
f 1015/998/900 1042/1159/1042 1041/1158/1041 1014/1007/906
f 911/1150/1033 1017/1122/1007 1042/1159/1042 1015/998/900
